  0
SECTION
  2
HEADER
  9
$ANGBASE
  50
0.0
  9
$ANGDIR
  70
1
  9
$MEASUREMENT
  70
0
  0
ENDSEC
  0
SECTION
  2
TABLES
  0
TABLE
  2
LTYPE
  70
4
  0
LTYPE
  5
40F
  2
CONTINUOUS
  70
0
  3
Solid line
  72
65
  73
0
  40
0.0
  0
LTYPE
  5
410
  2
DASHDOT
 70
0
  3
Dash Dot ____ _ ____ _
 72
65
 73
4
 40
2.0
 49
1.25
 49
-0.25
 49
0.25
 49
-0.25
  0
LTYPE
  5
411
  2
DASHED
 70
0
  3
Dashed __ __ __ __ __
 72
65
 73
2
 40
0.75
 49
0.5
 49
-0.25
  0
LTYPE
  5
43B
  2
DOTTED
 70
0
  3
Dotted .  .  .  .
 72
65
 73
2
 40
0.2
 49
0.0
 49
-0.2
  0
ENDTAB
  0
TABLE
  2
STYLE
  70
4
  0
STYLE
  2
KICAD
  70
0
  40
0
  41
1
  42
1
  50
0
  71
0
  3
isocp.shx
  0
STYLE
  2
KICADB
  70
0
  40
0
  41
1
  42
1
  50
0
  71
0
  3
isocp.shx
  0
STYLE
  2
KICADI
  70
0
  40
0
  41
1
  42
1
  50
15
  71
0
  3
isocp.shx
  0
STYLE
  2
KICADBI
  70
0
  40
0
  41
1
  42
1
  50
15
  71
0
  3
isocp.shx
  0
ENDTAB
  0
TABLE
  2
LAYER
  70
1
  0
LAYER
  2
BLACK
  70
0
  62
7
  6
CONTINUOUS
  0
ENDTAB
  0
ENDSEC
  0
SECTION
  2
ENTITIES
0
LINE
8
BLACK
6
CONTINUOUS
10
0.4197842125984252
20
0.5164414566929134
11
0.432697125984252
21
0.5134941732283465
0
LINE
8
BLACK
6
CONTINUOUS
10
0.432697125984252
20
0.5134941732283465
11
0.4451988188976378
21
0.5091196456692914
0
LINE
8
BLACK
6
CONTINUOUS
10
0.4451988188976378
20
0.5091196456692914
11
0.4571321653543307
21
0.5033728346456693
0
LINE
8
BLACK
6
CONTINUOUS
10
0.4571321653543307
20
0.5033728346456693
11
0.4683470078740157
21
0.4963261023622047
0
LINE
8
BLACK
6
CONTINUOUS
10
0.4683470078740157
20
0.4963261023622047
11
0.4787023622047244
21
0.4880679527559055
0
LINE
8
BLACK
6
CONTINUOUS
10
0.4787023622047244
20
0.4880679527559055
11
0.4880679527559055
21
0.4787023622047244
0
LINE
8
BLACK
6
CONTINUOUS
10
0.4880679527559055
20
0.4787023622047244
11
0.4963261023622047
21
0.4683470078740157
0
LINE
8
BLACK
6
CONTINUOUS
10
0.4963261023622047
20
0.4683470078740157
11
0.5033728346456693
21
0.4571321653543307
0
LINE
8
BLACK
6
CONTINUOUS
10
0.5033728346456693
20
0.4571321653543307
11
0.5091196456692914
21
0.4451988188976378
0
LINE
8
BLACK
6
CONTINUOUS
10
0.5091196456692914
20
0.4451988188976378
11
0.5134941732283465
21
0.432697125984252
0
LINE
8
BLACK
6
CONTINUOUS
10
0.5134941732283465
20
0.432697125984252
11
0.5164414566929134
21
0.4197842125984252
0
LINE
8
BLACK
6
CONTINUOUS
10
0.5164414566929134
20
0.4197842125984252
11
0.5179244094488189
21
0.4066224803149606
0
LINE
8
BLACK
6
CONTINUOUS
10
0.5179244094488189
20
0.4066224803149606
11
0.5179244094488189
21
0.3933775196850394
0
LINE
8
BLACK
6
CONTINUOUS
10
0.5179244094488189
20
0.3933775196850394
11
0.5164414566929134
21
0.3802157874015748
0
LINE
8
BLACK
6
CONTINUOUS
10
0.5164414566929134
20
0.3802157874015748
11
0.5134941732283465
21
0.367302874015748
0
LINE
8
BLACK
6
CONTINUOUS
10
0.5134941732283465
20
0.367302874015748
11
0.5091196456692914
21
0.3548011811023622
0
LINE
8
BLACK
6
CONTINUOUS
10
0.5091196456692914
20
0.3548011811023622
11
0.5033728346456693
21
0.3428678346456693
0
LINE
8
BLACK
6
CONTINUOUS
10
0.5033728346456693
20
0.3428678346456693
11
0.4963261023622047
21
0.3316529921259843
0
LINE
8
BLACK
6
CONTINUOUS
10
0.4963261023622047
20
0.3316529921259843
11
0.4880679527559055
21
0.3212976377952756
0
LINE
8
BLACK
6
CONTINUOUS
10
0.4880679527559055
20
0.3212976377952756
11
0.4787023622047244
21
0.3119320472440945
0
LINE
8
BLACK
6
CONTINUOUS
10
0.4787023622047244
20
0.3119320472440945
11
0.4683470078740157
21
0.3036738976377953
0
LINE
8
BLACK
6
CONTINUOUS
10
0.4683470078740157
20
0.3036738976377953
11
0.4571321653543307
21
0.2966271653543307
0
LINE
8
BLACK
6
CONTINUOUS
10
0.4571321653543307
20
0.2966271653543307
11
0.4451988188976378
21
0.2908803543307086
0
LINE
8
BLACK
6
CONTINUOUS
10
0.4451988188976378
20
0.2908803543307086
11
0.432697125984252
21
0.2865058267716535
0
LINE
8
BLACK
6
CONTINUOUS
10
0.432697125984252
20
0.2865058267716535
11
0.4197842125984252
21
0.2835585433070866
0
LINE
8
BLACK
6
CONTINUOUS
10
0.4197842125984252
20
0.2835585433070866
11
0.4066224803149606
21
0.2820755905511811
0
LINE
8
BLACK
6
CONTINUOUS
10
0.4066224803149606
20
0.2820755905511811
11
0.3933775196850394
21
0.2820755905511811
0
LINE
8
BLACK
6
CONTINUOUS
10
0.3933775196850394
20
0.2820755905511811
11
0.3802157874015748
21
0.2835585433070866
0
LINE
8
BLACK
6
CONTINUOUS
10
0.3802157874015748
20
0.2835585433070866
11
0.367302874015748
21
0.2865058267716535
0
LINE
8
BLACK
6
CONTINUOUS
10
0.367302874015748
20
0.2865058267716535
11
0.3548011811023622
21
0.2908803543307086
0
LINE
8
BLACK
6
CONTINUOUS
10
0.3548011811023622
20
0.2908803543307086
11
0.3428678346456693
21
0.2966271653543307
0
LINE
8
BLACK
6
CONTINUOUS
10
0.3428678346456693
20
0.2966271653543307
11
0.3316529921259843
21
0.3036738976377953
0
LINE
8
BLACK
6
CONTINUOUS
10
0.3316529921259843
20
0.3036738976377953
11
0.3212976377952756
21
0.3119320472440945
0
LINE
8
BLACK
6
CONTINUOUS
10
0.3212976377952756
20
0.3119320472440945
11
0.3119320472440945
21
0.3212976377952756
0
LINE
8
BLACK
6
CONTINUOUS
10
0.3119320472440945
20
0.3212976377952756
11
0.3036738976377953
21
0.3316529921259843
0
LINE
8
BLACK
6
CONTINUOUS
10
0.3036738976377953
20
0.3316529921259843
11
0.2966271653543307
21
0.3428678346456693
0
LINE
8
BLACK
6
CONTINUOUS
10
0.2966271653543307
20
0.3428678346456693
11
0.2908803543307086
21
0.3548011811023622
0
LINE
8
BLACK
6
CONTINUOUS
10
0.2908803543307086
20
0.3548011811023622
11
0.2865058267716535
21
0.367302874015748
0
LINE
8
BLACK
6
CONTINUOUS
10
0.2865058267716535
20
0.367302874015748
11
0.2835585433070866
21
0.3802157874015748
0
LINE
8
BLACK
6
CONTINUOUS
10
0.2835585433070866
20
0.3802157874015748
11
0.2820755905511811
21
0.3933775196850394
0
LINE
8
BLACK
6
CONTINUOUS
10
0.2820755905511811
20
0.3933775196850394
11
0.2820755905511811
21
0.4066224803149606
0
LINE
8
BLACK
6
CONTINUOUS
10
0.2820755905511811
20
0.4066224803149606
11
0.2835585433070866
21
0.4197842125984252
0
LINE
8
BLACK
6
CONTINUOUS
10
0.2835585433070866
20
0.4197842125984252
11
0.2865058267716535
21
0.432697125984252
0
LINE
8
BLACK
6
CONTINUOUS
10
0.2865058267716535
20
0.432697125984252
11
0.2908803543307086
21
0.4451988188976378
0
LINE
8
BLACK
6
CONTINUOUS
10
0.2908803543307086
20
0.4451988188976378
11
0.2966271653543307
21
0.4571321653543307
0
LINE
8
BLACK
6
CONTINUOUS
10
0.2966271653543307
20
0.4571321653543307
11
0.3036738976377953
21
0.4683470078740157
0
LINE
8
BLACK
6
CONTINUOUS
10
0.3036738976377953
20
0.4683470078740157
11
0.3119320472440945
21
0.4787023622047244
0
LINE
8
BLACK
6
CONTINUOUS
10
0.3119320472440945
20
0.4787023622047244
11
0.3212976377952756
21
0.4880679527559055
0
LINE
8
BLACK
6
CONTINUOUS
10
0.3212976377952756
20
0.4880679527559055
11
0.3316529921259843
21
0.4963261023622047
0
LINE
8
BLACK
6
CONTINUOUS
10
0.3316529921259843
20
0.4963261023622047
11
0.3428678346456693
21
0.5033728346456693
0
LINE
8
BLACK
6
CONTINUOUS
10
0.3428678346456693
20
0.5033728346456693
11
0.3548011811023622
21
0.5091196456692914
0
LINE
8
BLACK
6
CONTINUOUS
10
0.3548011811023622
20
0.5091196456692914
11
0.367302874015748
21
0.5134941732283465
0
LINE
8
BLACK
6
CONTINUOUS
10
0.367302874015748
20
0.5134941732283465
11
0.3802157874015748
21
0.5164414566929134
0
LINE
8
BLACK
6
CONTINUOUS
10
0.3802157874015748
20
0.5164414566929134
11
0.3933775196850394
21
0.5179244094488189
0
LINE
8
BLACK
6
CONTINUOUS
10
0.3933775196850394
20
0.5179244094488189
11
0.4066224803149606
21
0.5179244094488189
0
LINE
8
BLACK
6
CONTINUOUS
10
0.4066224803149606
20
0.5179244094488189
11
0.4197842125984252
21
0.5164414566929134
0
LINE
8
BLACK
6
CONTINUOUS
10
2.8197842125984249
20
0.5164414566929134
11
2.8326971259842519
21
0.5134941732283465
0
LINE
8
BLACK
6
CONTINUOUS
10
2.8326971259842519
20
0.5134941732283465
11
2.8451988188976376
21
0.5091196456692914
0
LINE
8
BLACK
6
CONTINUOUS
10
2.8451988188976376
20
0.5091196456692914
11
2.8571321653543307
21
0.5033728346456693
0
LINE
8
BLACK
6
CONTINUOUS
10
2.8571321653543307
20
0.5033728346456693
11
2.8683470078740156
21
0.4963261023622047
0
LINE
8
BLACK
6
CONTINUOUS
10
2.8683470078740156
20
0.4963261023622047
11
2.8787023622047245
21
0.4880679527559055
0
LINE
8
BLACK
6
CONTINUOUS
10
2.8787023622047245
20
0.4880679527559055
11
2.8880679527559057
21
0.4787023622047244
0
LINE
8
BLACK
6
CONTINUOUS
10
2.8880679527559057
20
0.4787023622047244
11
2.8963261023622047
21
0.4683470078740157
0
LINE
8
BLACK
6
CONTINUOUS
10
2.8963261023622047
20
0.4683470078740157
11
2.9033728346456691
21
0.4571321653543307
0
LINE
8
BLACK
6
CONTINUOUS
10
2.9033728346456691
20
0.4571321653543307
11
2.9091196456692914
21
0.4451988188976378
0
LINE
8
BLACK
6
CONTINUOUS
10
2.9091196456692914
20
0.4451988188976378
11
2.9134941732283464
21
0.432697125984252
0
LINE
8
BLACK
6
CONTINUOUS
10
2.9134941732283464
20
0.432697125984252
11
2.9164414566929131
21
0.4197842125984252
0
LINE
8
BLACK
6
CONTINUOUS
10
2.9164414566929131
20
0.4197842125984252
11
2.917924409448819
21
0.4066224803149606
0
LINE
8
BLACK
6
CONTINUOUS
10
2.917924409448819
20
0.4066224803149606
11
2.917924409448819
21
0.3933775196850394
0
LINE
8
BLACK
6
CONTINUOUS
10
2.917924409448819
20
0.3933775196850394
11
2.9164414566929131
21
0.3802157874015748
0
LINE
8
BLACK
6
CONTINUOUS
10
2.9164414566929131
20
0.3802157874015748
11
2.9134941732283464
21
0.367302874015748
0
LINE
8
BLACK
6
CONTINUOUS
10
2.9134941732283464
20
0.367302874015748
11
2.9091196456692914
21
0.3548011811023622
0
LINE
8
BLACK
6
CONTINUOUS
10
2.9091196456692914
20
0.3548011811023622
11
2.9033728346456691
21
0.3428678346456693
0
LINE
8
BLACK
6
CONTINUOUS
10
2.9033728346456691
20
0.3428678346456693
11
2.8963261023622047
21
0.3316529921259843
0
LINE
8
BLACK
6
CONTINUOUS
10
2.8963261023622047
20
0.3316529921259843
11
2.8880679527559057
21
0.3212976377952756
0
LINE
8
BLACK
6
CONTINUOUS
10
2.8880679527559057
20
0.3212976377952756
11
2.8787023622047245
21
0.3119320472440945
0
LINE
8
BLACK
6
CONTINUOUS
10
2.8787023622047245
20
0.3119320472440945
11
2.8683470078740156
21
0.3036738976377953
0
LINE
8
BLACK
6
CONTINUOUS
10
2.8683470078740156
20
0.3036738976377953
11
2.8571321653543307
21
0.2966271653543307
0
LINE
8
BLACK
6
CONTINUOUS
10
2.8571321653543307
20
0.2966271653543307
11
2.8451988188976376
21
0.2908803543307086
0
LINE
8
BLACK
6
CONTINUOUS
10
2.8451988188976376
20
0.2908803543307086
11
2.8326971259842519
21
0.2865058267716535
0
LINE
8
BLACK
6
CONTINUOUS
10
2.8326971259842519
20
0.2865058267716535
11
2.8197842125984249
21
0.2835585433070866
0
LINE
8
BLACK
6
CONTINUOUS
10
2.8197842125984249
20
0.2835585433070866
11
2.8066224803149606
21
0.2820755905511811
0
LINE
8
BLACK
6
CONTINUOUS
10
2.8066224803149606
20
0.2820755905511811
11
2.7933775196850394
21
0.2820755905511811
0
LINE
8
BLACK
6
CONTINUOUS
10
2.7933775196850394
20
0.2820755905511811
11
2.7802157874015747
21
0.2835585433070866
0
LINE
8
BLACK
6
CONTINUOUS
10
2.7802157874015747
20
0.2835585433070866
11
2.7673028740157481
21
0.2865058267716535
0
LINE
8
BLACK
6
CONTINUOUS
10
2.7673028740157481
20
0.2865058267716535
11
2.7548011811023621
21
0.2908803543307086
0
LINE
8
BLACK
6
CONTINUOUS
10
2.7548011811023621
20
0.2908803543307086
11
2.7428678346456694
21
0.2966271653543307
0
LINE
8
BLACK
6
CONTINUOUS
10
2.7428678346456694
20
0.2966271653543307
11
2.731652992125984
21
0.3036738976377953
0
LINE
8
BLACK
6
CONTINUOUS
10
2.731652992125984
20
0.3036738976377953
11
2.7212976377952756
21
0.3119320472440945
0
LINE
8
BLACK
6
CONTINUOUS
10
2.7212976377952756
20
0.3119320472440945
11
2.7119320472440944
21
0.3212976377952756
0
LINE
8
BLACK
6
CONTINUOUS
10
2.7119320472440944
20
0.3212976377952756
11
2.7036738976377954
21
0.3316529921259843
0
LINE
8
BLACK
6
CONTINUOUS
10
2.7036738976377954
20
0.3316529921259843
11
2.6966271653543306
21
0.3428678346456693
0
LINE
8
BLACK
6
CONTINUOUS
10
2.6966271653543306
20
0.3428678346456693
11
2.6908803543307087
21
0.3548011811023622
0
LINE
8
BLACK
6
CONTINUOUS
10
2.6908803543307087
20
0.3548011811023622
11
2.6865058267716533
21
0.367302874015748
0
LINE
8
BLACK
6
CONTINUOUS
10
2.6865058267716533
20
0.367302874015748
11
2.6835585433070865
21
0.3802157874015748
0
LINE
8
BLACK
6
CONTINUOUS
10
2.6835585433070865
20
0.3802157874015748
11
2.6820755905511811
21
0.3933775196850394
0
LINE
8
BLACK
6
CONTINUOUS
10
2.6820755905511811
20
0.3933775196850394
11
2.6820755905511811
21
0.4066224803149606
0
LINE
8
BLACK
6
CONTINUOUS
10
2.6820755905511811
20
0.4066224803149606
11
2.6835585433070865
21
0.4197842125984252
0
LINE
8
BLACK
6
CONTINUOUS
10
2.6835585433070865
20
0.4197842125984252
11
2.6865058267716533
21
0.432697125984252
0
LINE
8
BLACK
6
CONTINUOUS
10
2.6865058267716533
20
0.432697125984252
11
2.6908803543307087
21
0.4451988188976378
0
LINE
8
BLACK
6
CONTINUOUS
10
2.6908803543307087
20
0.4451988188976378
11
2.6966271653543306
21
0.4571321653543307
0
LINE
8
BLACK
6
CONTINUOUS
10
2.6966271653543306
20
0.4571321653543307
11
2.7036738976377954
21
0.4683470078740157
0
LINE
8
BLACK
6
CONTINUOUS
10
2.7036738976377954
20
0.4683470078740157
11
2.7119320472440944
21
0.4787023622047244
0
LINE
8
BLACK
6
CONTINUOUS
10
2.7119320472440944
20
0.4787023622047244
11
2.7212976377952756
21
0.4880679527559055
0
LINE
8
BLACK
6
CONTINUOUS
10
2.7212976377952756
20
0.4880679527559055
11
2.731652992125984
21
0.4963261023622047
0
LINE
8
BLACK
6
CONTINUOUS
10
2.731652992125984
20
0.4963261023622047
11
2.7428678346456694
21
0.5033728346456693
0
LINE
8
BLACK
6
CONTINUOUS
10
2.7428678346456694
20
0.5033728346456693
11
2.7548011811023621
21
0.5091196456692914
0
LINE
8
BLACK
6
CONTINUOUS
10
2.7548011811023621
20
0.5091196456692914
11
2.7673028740157481
21
0.5134941732283465
0
LINE
8
BLACK
6
CONTINUOUS
10
2.7673028740157481
20
0.5134941732283465
11
2.7802157874015747
21
0.5164414566929134
0
LINE
8
BLACK
6
CONTINUOUS
10
2.7802157874015747
20
0.5164414566929134
11
2.7933775196850394
21
0.5179244094488189
0
LINE
8
BLACK
6
CONTINUOUS
10
2.7933775196850394
20
0.5179244094488189
11
2.8066224803149606
21
0.5179244094488189
0
LINE
8
BLACK
6
CONTINUOUS
10
2.8066224803149606
20
0.5179244094488189
11
2.8197842125984249
21
0.5164414566929134
0
LINE
8
BLACK
6
CONTINUOUS
10
0.8904454724409449
20
0.5537948818897638
11
0.8982305511811023
21
0.5512653543307087
0
LINE
8
BLACK
6
CONTINUOUS
10
0.8982305511811023
20
0.5512653543307087
11
0.9055240551181102
21
0.5475491338582678
0
LINE
8
BLACK
6
CONTINUOUS
10
0.9055240551181102
20
0.5475491338582678
11
0.9121464173228346
21
0.542737716535433
0
LINE
8
BLACK
6
CONTINUOUS
10
0.9121464173228346
20
0.542737716535433
11
0.9179345669291339
21
0.5369495669291339
0
LINE
8
BLACK
6
CONTINUOUS
10
0.9179345669291339
20
0.5369495669291339
11
0.9227459842519685
21
0.5303272047244094
0
LINE
8
BLACK
6
CONTINUOUS
10
0.9227459842519685
20
0.5303272047244094
11
0.9264622047244094
21
0.5230337007874015
0
LINE
8
BLACK
6
CONTINUOUS
10
0.9264622047244094
20
0.5230337007874015
11
0.9289917322834645
21
0.5152486220472441
0
LINE
8
BLACK
6
CONTINUOUS
10
0.9289917322834645
20
0.5152486220472441
11
0.9302722440944882
21
0.5071637007874016
0
LINE
8
BLACK
6
CONTINUOUS
10
0.9302722440944882
20
0.5071637007874016
11
0.9302722440944882
21
0.498978031496063
0
LINE
8
BLACK
6
CONTINUOUS
10
0.9302722440944882
20
0.498978031496063
11
0.9289917322834645
21
0.4908931102362205
0
LINE
8
BLACK
6
CONTINUOUS
10
0.9289917322834645
20
0.4908931102362205
11
0.9264622047244094
21
0.483108031496063
0
LINE
8
BLACK
6
CONTINUOUS
10
0.9264622047244094
20
0.483108031496063
11
0.9227459842519685
21
0.4758145275590551
0
LINE
8
BLACK
6
CONTINUOUS
10
0.9227459842519685
20
0.4758145275590551
11
0.9179345669291339
21
0.4691921653543307
0
LINE
8
BLACK
6
CONTINUOUS
10
0.9179345669291339
20
0.4691921653543307
11
0.9121464173228346
21
0.4634040157480315
0
LINE
8
BLACK
6
CONTINUOUS
10
0.9121464173228346
20
0.4634040157480315
11
0.9055240551181102
21
0.4585925984251968
0
LINE
8
BLACK
6
CONTINUOUS
10
0.9055240551181102
20
0.4585925984251968
11
0.8982305511811023
21
0.4548763779527559
0
LINE
8
BLACK
6
CONTINUOUS
10
0.8982305511811023
20
0.4548763779527559
11
0.8904454724409449
21
0.4523468503937008
0
LINE
8
BLACK
6
CONTINUOUS
10
0.8904454724409449
20
0.4523468503937008
11
0.8823605511811023
21
0.4510663385826771
0
LINE
8
BLACK
6
CONTINUOUS
10
0.8823605511811023
20
0.4510663385826771
11
0.8741748818897638
21
0.4510663385826771
0
LINE
8
BLACK
6
CONTINUOUS
10
0.8741748818897638
20
0.4510663385826771
11
0.8660899606299213
21
0.4523468503937008
0
LINE
8
BLACK
6
CONTINUOUS
10
0.8660899606299213
20
0.4523468503937008
11
0.8583048818897637
21
0.4548763779527559
0
LINE
8
BLACK
6
CONTINUOUS
10
0.8583048818897637
20
0.4548763779527559
11
0.8510113779527558
21
0.4585925984251968
0
LINE
8
BLACK
6
CONTINUOUS
10
0.8510113779527558
20
0.4585925984251968
11
0.8443890157480315
21
0.4634040157480315
0
LINE
8
BLACK
6
CONTINUOUS
10
0.8443890157480315
20
0.4634040157480315
11
0.8386008661417322
21
0.4691921653543307
0
LINE
8
BLACK
6
CONTINUOUS
10
0.8386008661417322
20
0.4691921653543307
11
0.8337894488188976
21
0.4758145275590551
0
LINE
8
BLACK
6
CONTINUOUS
10
0.8337894488188976
20
0.4758145275590551
11
0.8300732283464567
21
0.483108031496063
0
LINE
8
BLACK
6
CONTINUOUS
10
0.8300732283464567
20
0.483108031496063
11
0.8275437007874016
21
0.4908931102362205
0
LINE
8
BLACK
6
CONTINUOUS
10
0.8275437007874016
20
0.4908931102362205
11
0.826263188976378
21
0.498978031496063
0
LINE
8
BLACK
6
CONTINUOUS
10
0.826263188976378
20
0.498978031496063
11
0.826263188976378
21
0.5071637007874016
0
LINE
8
BLACK
6
CONTINUOUS
10
0.826263188976378
20
0.5071637007874016
11
0.8275437007874016
21
0.5152486220472441
0
LINE
8
BLACK
6
CONTINUOUS
10
0.8275437007874016
20
0.5152486220472441
11
0.8300732283464567
21
0.5230337007874015
0
LINE
8
BLACK
6
CONTINUOUS
10
0.8300732283464567
20
0.5230337007874015
11
0.8337894488188976
21
0.5303272047244094
0
LINE
8
BLACK
6
CONTINUOUS
10
0.8337894488188976
20
0.5303272047244094
11
0.8386008661417322
21
0.5369495669291339
0
LINE
8
BLACK
6
CONTINUOUS
10
0.8386008661417322
20
0.5369495669291339
11
0.8443890157480315
21
0.542737716535433
0
LINE
8
BLACK
6
CONTINUOUS
10
0.8443890157480315
20
0.542737716535433
11
0.8510113779527558
21
0.5475491338582678
0
LINE
8
BLACK
6
CONTINUOUS
10
0.8510113779527558
20
0.5475491338582678
11
0.8583048818897637
21
0.5512653543307087
0
LINE
8
BLACK
6
CONTINUOUS
10
0.8583048818897637
20
0.5512653543307087
11
0.8660899606299213
21
0.5537948818897638
0
LINE
8
BLACK
6
CONTINUOUS
10
0.8660899606299213
20
0.5537948818897638
11
0.8741748818897638
21
0.5550753937007874
0
LINE
8
BLACK
6
CONTINUOUS
10
0.8741748818897638
20
0.5550753937007874
11
0.8823605511811023
21
0.5550753937007874
0
LINE
8
BLACK
6
CONTINUOUS
10
0.8823605511811023
20
0.5550753937007874
11
0.8904454724409449
21
0.5537948818897638
0
LINE
8
BLACK
6
CONTINUOUS
10
1.2739100393700786
20
0.5537948818897638
11
1.2816951181102363
21
0.5512653543307087
0
LINE
8
BLACK
6
CONTINUOUS
10
1.2816951181102363
20
0.5512653543307087
11
1.288988622047244
21
0.5475491338582678
0
LINE
8
BLACK
6
CONTINUOUS
10
1.288988622047244
20
0.5475491338582678
11
1.2956109842519685
21
0.542737716535433
0
LINE
8
BLACK
6
CONTINUOUS
10
1.2956109842519685
20
0.542737716535433
11
1.3013991338582678
21
0.5369495669291339
0
LINE
8
BLACK
6
CONTINUOUS
10
1.3013991338582678
20
0.5369495669291339
11
1.3062105511811024
21
0.5303272047244094
0
LINE
8
BLACK
6
CONTINUOUS
10
1.3062105511811024
20
0.5303272047244094
11
1.3099267716535432
21
0.5230337007874015
0
LINE
8
BLACK
6
CONTINUOUS
10
1.3099267716535432
20
0.5230337007874015
11
1.3124562992125983
21
0.5152486220472441
0
LINE
8
BLACK
6
CONTINUOUS
10
1.3124562992125983
20
0.5152486220472441
11
1.3137368110236221
21
0.5071637007874016
0
LINE
8
BLACK
6
CONTINUOUS
10
1.3137368110236221
20
0.5071637007874016
11
1.3137368110236221
21
0.498978031496063
0
LINE
8
BLACK
6
CONTINUOUS
10
1.3137368110236221
20
0.498978031496063
11
1.3124562992125983
21
0.4908931102362205
0
LINE
8
BLACK
6
CONTINUOUS
10
1.3124562992125983
20
0.4908931102362205
11
1.3099267716535432
21
0.483108031496063
0
LINE
8
BLACK
6
CONTINUOUS
10
1.3099267716535432
20
0.483108031496063
11
1.3062105511811024
21
0.4758145275590551
0
LINE
8
BLACK
6
CONTINUOUS
10
1.3062105511811024
20
0.4758145275590551
11
1.3013991338582678
21
0.4691921653543307
0
LINE
8
BLACK
6
CONTINUOUS
10
1.3013991338582678
20
0.4691921653543307
11
1.2956109842519685
21
0.4634040157480315
0
LINE
8
BLACK
6
CONTINUOUS
10
1.2956109842519685
20
0.4634040157480315
11
1.288988622047244
21
0.4585925984251968
0
LINE
8
BLACK
6
CONTINUOUS
10
1.288988622047244
20
0.4585925984251968
11
1.2816951181102363
21
0.4548763779527559
0
LINE
8
BLACK
6
CONTINUOUS
10
1.2816951181102363
20
0.4548763779527559
11
1.2739100393700786
21
0.4523468503937008
0
LINE
8
BLACK
6
CONTINUOUS
10
1.2739100393700786
20
0.4523468503937008
11
1.2658251181102362
21
0.4510663385826771
0
LINE
8
BLACK
6
CONTINUOUS
10
1.2658251181102362
20
0.4510663385826771
11
1.2576394488188976
21
0.4510663385826771
0
LINE
8
BLACK
6
CONTINUOUS
10
1.2576394488188976
20
0.4510663385826771
11
1.2495545275590552
21
0.4523468503937008
0
LINE
8
BLACK
6
CONTINUOUS
10
1.2495545275590552
20
0.4523468503937008
11
1.2417694488188975
21
0.4548763779527559
0
LINE
8
BLACK
6
CONTINUOUS
10
1.2417694488188975
20
0.4548763779527559
11
1.2344759448818898
21
0.4585925984251968
0
LINE
8
BLACK
6
CONTINUOUS
10
1.2344759448818898
20
0.4585925984251968
11
1.2278535826771653
21
0.4634040157480315
0
LINE
8
BLACK
6
CONTINUOUS
10
1.2278535826771653
20
0.4634040157480315
11
1.222065433070866
21
0.4691921653543307
0
LINE
8
BLACK
6
CONTINUOUS
10
1.222065433070866
20
0.4691921653543307
11
1.2172540157480314
21
0.4758145275590551
0
LINE
8
BLACK
6
CONTINUOUS
10
1.2172540157480314
20
0.4758145275590551
11
1.2135377952755906
21
0.483108031496063
0
LINE
8
BLACK
6
CONTINUOUS
10
1.2135377952755906
20
0.483108031496063
11
1.2110082677165355
21
0.4908931102362205
0
LINE
8
BLACK
6
CONTINUOUS
10
1.2110082677165355
20
0.4908931102362205
11
1.2097277559055117
21
0.498978031496063
0
LINE
8
BLACK
6
CONTINUOUS
10
1.2097277559055117
20
0.498978031496063
11
1.2097277559055117
21
0.5071637007874016
0
LINE
8
BLACK
6
CONTINUOUS
10
1.2097277559055117
20
0.5071637007874016
11
1.2110082677165355
21
0.5152486220472441
0
LINE
8
BLACK
6
CONTINUOUS
10
1.2110082677165355
20
0.5152486220472441
11
1.2135377952755906
21
0.5230337007874015
0
LINE
8
BLACK
6
CONTINUOUS
10
1.2135377952755906
20
0.5230337007874015
11
1.2172540157480314
21
0.5303272047244094
0
LINE
8
BLACK
6
CONTINUOUS
10
1.2172540157480314
20
0.5303272047244094
11
1.222065433070866
21
0.5369495669291339
0
LINE
8
BLACK
6
CONTINUOUS
10
1.222065433070866
20
0.5369495669291339
11
1.2278535826771653
21
0.542737716535433
0
LINE
8
BLACK
6
CONTINUOUS
10
1.2278535826771653
20
0.542737716535433
11
1.2344759448818898
21
0.5475491338582678
0
LINE
8
BLACK
6
CONTINUOUS
10
1.2344759448818898
20
0.5475491338582678
11
1.2417694488188975
21
0.5512653543307087
0
LINE
8
BLACK
6
CONTINUOUS
10
1.2417694488188975
20
0.5512653543307087
11
1.2495545275590552
21
0.5537948818897638
0
LINE
8
BLACK
6
CONTINUOUS
10
1.2495545275590552
20
0.5537948818897638
11
1.2576394488188976
21
0.5550753937007874
0
LINE
8
BLACK
6
CONTINUOUS
10
1.2576394488188976
20
0.5550753937007874
11
1.2658251181102362
21
0.5550753937007874
0
LINE
8
BLACK
6
CONTINUOUS
10
1.2658251181102362
20
0.5550753937007874
11
1.2739100393700786
21
0.5537948818897638
0
LINE
8
BLACK
6
CONTINUOUS
10
1.6104454724409449
20
0.5537948818897638
11
1.6182305511811024
21
0.5512653543307087
0
LINE
8
BLACK
6
CONTINUOUS
10
1.6182305511811024
20
0.5512653543307087
11
1.6255240551181103
21
0.5475491338582678
0
LINE
8
BLACK
6
CONTINUOUS
10
1.6255240551181103
20
0.5475491338582678
11
1.6321464173228346
21
0.542737716535433
0
LINE
8
BLACK
6
CONTINUOUS
10
1.6321464173228346
20
0.542737716535433
11
1.6379345669291339
21
0.5369495669291339
0
LINE
8
BLACK
6
CONTINUOUS
10
1.6379345669291339
20
0.5369495669291339
11
1.6427459842519685
21
0.5303272047244094
0
LINE
8
BLACK
6
CONTINUOUS
10
1.6427459842519685
20
0.5303272047244094
11
1.6464622047244095
21
0.5230337007874015
0
LINE
8
BLACK
6
CONTINUOUS
10
1.6464622047244095
20
0.5230337007874015
11
1.6489917322834646
21
0.5152486220472441
0
LINE
8
BLACK
6
CONTINUOUS
10
1.6489917322834646
20
0.5152486220472441
11
1.6502722440944881
21
0.5071637007874016
0
LINE
8
BLACK
6
CONTINUOUS
10
1.6502722440944881
20
0.5071637007874016
11
1.6502722440944881
21
0.498978031496063
0
LINE
8
BLACK
6
CONTINUOUS
10
1.6502722440944881
20
0.498978031496063
11
1.6489917322834646
21
0.4908931102362205
0
LINE
8
BLACK
6
CONTINUOUS
10
1.6489917322834646
20
0.4908931102362205
11
1.6464622047244095
21
0.483108031496063
0
LINE
8
BLACK
6
CONTINUOUS
10
1.6464622047244095
20
0.483108031496063
11
1.6427459842519685
21
0.4758145275590551
0
LINE
8
BLACK
6
CONTINUOUS
10
1.6427459842519685
20
0.4758145275590551
11
1.6379345669291339
21
0.4691921653543307
0
LINE
8
BLACK
6
CONTINUOUS
10
1.6379345669291339
20
0.4691921653543307
11
1.6321464173228346
21
0.4634040157480315
0
LINE
8
BLACK
6
CONTINUOUS
10
1.6321464173228346
20
0.4634040157480315
11
1.6255240551181103
21
0.4585925984251968
0
LINE
8
BLACK
6
CONTINUOUS
10
1.6255240551181103
20
0.4585925984251968
11
1.6182305511811024
21
0.4548763779527559
0
LINE
8
BLACK
6
CONTINUOUS
10
1.6182305511811024
20
0.4548763779527559
11
1.6104454724409449
21
0.4523468503937008
0
LINE
8
BLACK
6
CONTINUOUS
10
1.6104454724409449
20
0.4523468503937008
11
1.6023605511811023
21
0.4510663385826771
0
LINE
8
BLACK
6
CONTINUOUS
10
1.6023605511811023
20
0.4510663385826771
11
1.5941748818897636
21
0.4510663385826771
0
LINE
8
BLACK
6
CONTINUOUS
10
1.5941748818897636
20
0.4510663385826771
11
1.5860899606299212
21
0.4523468503937008
0
LINE
8
BLACK
6
CONTINUOUS
10
1.5860899606299212
20
0.4523468503937008
11
1.5783048818897638
21
0.4548763779527559
0
LINE
8
BLACK
6
CONTINUOUS
10
1.5783048818897638
20
0.4548763779527559
11
1.5710113779527559
21
0.4585925984251968
0
LINE
8
BLACK
6
CONTINUOUS
10
1.5710113779527559
20
0.4585925984251968
11
1.5643890157480314
21
0.4634040157480315
0
LINE
8
BLACK
6
CONTINUOUS
10
1.5643890157480314
20
0.4634040157480315
11
1.5586008661417323
21
0.4691921653543307
0
LINE
8
BLACK
6
CONTINUOUS
10
1.5586008661417323
20
0.4691921653543307
11
1.5537894488188977
21
0.4758145275590551
0
LINE
8
BLACK
6
CONTINUOUS
10
1.5537894488188977
20
0.4758145275590551
11
1.5500732283464567
21
0.483108031496063
0
LINE
8
BLACK
6
CONTINUOUS
10
1.5500732283464567
20
0.483108031496063
11
1.5475437007874016
21
0.4908931102362205
0
LINE
8
BLACK
6
CONTINUOUS
10
1.5475437007874016
20
0.4908931102362205
11
1.5462631889763778
21
0.498978031496063
0
LINE
8
BLACK
6
CONTINUOUS
10
1.5462631889763778
20
0.498978031496063
11
1.5462631889763778
21
0.5071637007874016
0
LINE
8
BLACK
6
CONTINUOUS
10
1.5462631889763778
20
0.5071637007874016
11
1.5475437007874016
21
0.5152486220472441
0
LINE
8
BLACK
6
CONTINUOUS
10
1.5475437007874016
20
0.5152486220472441
11
1.5500732283464567
21
0.5230337007874015
0
LINE
8
BLACK
6
CONTINUOUS
10
1.5500732283464567
20
0.5230337007874015
11
1.5537894488188977
21
0.5303272047244094
0
LINE
8
BLACK
6
CONTINUOUS
10
1.5537894488188977
20
0.5303272047244094
11
1.5586008661417323
21
0.5369495669291339
0
LINE
8
BLACK
6
CONTINUOUS
10
1.5586008661417323
20
0.5369495669291339
11
1.5643890157480314
21
0.542737716535433
0
LINE
8
BLACK
6
CONTINUOUS
10
1.5643890157480314
20
0.542737716535433
11
1.5710113779527559
21
0.5475491338582678
0
LINE
8
BLACK
6
CONTINUOUS
10
1.5710113779527559
20
0.5475491338582678
11
1.5783048818897638
21
0.5512653543307087
0
LINE
8
BLACK
6
CONTINUOUS
10
1.5783048818897638
20
0.5512653543307087
11
1.5860899606299212
21
0.5537948818897638
0
LINE
8
BLACK
6
CONTINUOUS
10
1.5860899606299212
20
0.5537948818897638
11
1.5941748818897636
21
0.5550753937007874
0
LINE
8
BLACK
6
CONTINUOUS
10
1.5941748818897636
20
0.5550753937007874
11
1.6023605511811023
21
0.5550753937007874
0
LINE
8
BLACK
6
CONTINUOUS
10
1.6023605511811023
20
0.5550753937007874
11
1.6104454724409449
21
0.5537948818897638
0
LINE
8
BLACK
6
CONTINUOUS
10
1.9939100393700786
20
0.5537948818897638
11
2.001695118110236
21
0.5512653543307087
0
LINE
8
BLACK
6
CONTINUOUS
10
2.001695118110236
20
0.5512653543307087
11
2.0089886220472439
21
0.5475491338582678
0
LINE
8
BLACK
6
CONTINUOUS
10
2.0089886220472439
20
0.5475491338582678
11
2.0156109842519685
21
0.542737716535433
0
LINE
8
BLACK
6
CONTINUOUS
10
2.0156109842519685
20
0.542737716535433
11
2.0213991338582677
21
0.5369495669291339
0
LINE
8
BLACK
6
CONTINUOUS
10
2.0213991338582677
20
0.5369495669291339
11
2.0262105511811024
21
0.5303272047244094
0
LINE
8
BLACK
6
CONTINUOUS
10
2.0262105511811024
20
0.5303272047244094
11
2.0299267716535434
21
0.5230337007874015
0
LINE
8
BLACK
6
CONTINUOUS
10
2.0299267716535434
20
0.5230337007874015
11
2.0324562992125985
21
0.5152486220472441
0
LINE
8
BLACK
6
CONTINUOUS
10
2.0324562992125985
20
0.5152486220472441
11
2.0337368110236218
21
0.5071637007874016
0
LINE
8
BLACK
6
CONTINUOUS
10
2.0337368110236218
20
0.5071637007874016
11
2.0337368110236218
21
0.498978031496063
0
LINE
8
BLACK
6
CONTINUOUS
10
2.0337368110236218
20
0.498978031496063
11
2.0324562992125985
21
0.4908931102362205
0
LINE
8
BLACK
6
CONTINUOUS
10
2.0324562992125985
20
0.4908931102362205
11
2.0299267716535434
21
0.483108031496063
0
LINE
8
BLACK
6
CONTINUOUS
10
2.0299267716535434
20
0.483108031496063
11
2.0262105511811024
21
0.4758145275590551
0
LINE
8
BLACK
6
CONTINUOUS
10
2.0262105511811024
20
0.4758145275590551
11
2.0213991338582677
21
0.4691921653543307
0
LINE
8
BLACK
6
CONTINUOUS
10
2.0213991338582677
20
0.4691921653543307
11
2.0156109842519685
21
0.4634040157480315
0
LINE
8
BLACK
6
CONTINUOUS
10
2.0156109842519685
20
0.4634040157480315
11
2.0089886220472439
21
0.4585925984251968
0
LINE
8
BLACK
6
CONTINUOUS
10
2.0089886220472439
20
0.4585925984251968
11
2.001695118110236
21
0.4548763779527559
0
LINE
8
BLACK
6
CONTINUOUS
10
2.001695118110236
20
0.4548763779527559
11
1.9939100393700786
21
0.4523468503937008
0
LINE
8
BLACK
6
CONTINUOUS
10
1.9939100393700786
20
0.4523468503937008
11
1.9858251181102362
21
0.4510663385826771
0
LINE
8
BLACK
6
CONTINUOUS
10
1.9858251181102362
20
0.4510663385826771
11
1.9776394488188975
21
0.4510663385826771
0
LINE
8
BLACK
6
CONTINUOUS
10
1.9776394488188975
20
0.4510663385826771
11
1.9695545275590551
21
0.4523468503937008
0
LINE
8
BLACK
6
CONTINUOUS
10
1.9695545275590551
20
0.4523468503937008
11
1.9617694488188977
21
0.4548763779527559
0
LINE
8
BLACK
6
CONTINUOUS
10
1.9617694488188977
20
0.4548763779527559
11
1.9544759448818898
21
0.4585925984251968
0
LINE
8
BLACK
6
CONTINUOUS
10
1.9544759448818898
20
0.4585925984251968
11
1.9478535826771652
21
0.4634040157480315
0
LINE
8
BLACK
6
CONTINUOUS
10
1.9478535826771652
20
0.4634040157480315
11
1.942065433070866
21
0.4691921653543307
0
LINE
8
BLACK
6
CONTINUOUS
10
1.942065433070866
20
0.4691921653543307
11
1.9372540157480314
21
0.4758145275590551
0
LINE
8
BLACK
6
CONTINUOUS
10
1.9372540157480314
20
0.4758145275590551
11
1.9335377952755906
21
0.483108031496063
0
LINE
8
BLACK
6
CONTINUOUS
10
1.9335377952755906
20
0.483108031496063
11
1.9310082677165354
21
0.4908931102362205
0
LINE
8
BLACK
6
CONTINUOUS
10
1.9310082677165354
20
0.4908931102362205
11
1.9297277559055117
21
0.498978031496063
0
LINE
8
BLACK
6
CONTINUOUS
10
1.9297277559055117
20
0.498978031496063
11
1.9297277559055117
21
0.5071637007874016
0
LINE
8
BLACK
6
CONTINUOUS
10
1.9297277559055117
20
0.5071637007874016
11
1.9310082677165354
21
0.5152486220472441
0
LINE
8
BLACK
6
CONTINUOUS
10
1.9310082677165354
20
0.5152486220472441
11
1.9335377952755906
21
0.5230337007874015
0
LINE
8
BLACK
6
CONTINUOUS
10
1.9335377952755906
20
0.5230337007874015
11
1.9372540157480314
21
0.5303272047244094
0
LINE
8
BLACK
6
CONTINUOUS
10
1.9372540157480314
20
0.5303272047244094
11
1.942065433070866
21
0.5369495669291339
0
LINE
8
BLACK
6
CONTINUOUS
10
1.942065433070866
20
0.5369495669291339
11
1.9478535826771652
21
0.542737716535433
0
LINE
8
BLACK
6
CONTINUOUS
10
1.9478535826771652
20
0.542737716535433
11
1.9544759448818898
21
0.5475491338582678
0
LINE
8
BLACK
6
CONTINUOUS
10
1.9544759448818898
20
0.5475491338582678
11
1.9617694488188977
21
0.5512653543307087
0
LINE
8
BLACK
6
CONTINUOUS
10
1.9617694488188977
20
0.5512653543307087
11
1.9695545275590551
21
0.5537948818897638
0
LINE
8
BLACK
6
CONTINUOUS
10
1.9695545275590551
20
0.5537948818897638
11
1.9776394488188975
21
0.5550753937007874
0
LINE
8
BLACK
6
CONTINUOUS
10
1.9776394488188975
20
0.5550753937007874
11
1.9858251181102362
21
0.5550753937007874
0
LINE
8
BLACK
6
CONTINUOUS
10
1.9858251181102362
20
0.5550753937007874
11
1.9939100393700786
21
0.5537948818897638
0
LINE
8
BLACK
6
CONTINUOUS
10
0.8904454724409449
20
0.6876531496062992
11
0.8982305511811023
21
0.6851236220472441
0
LINE
8
BLACK
6
CONTINUOUS
10
0.8982305511811023
20
0.6851236220472441
11
0.9055240551181102
21
0.6814074015748032
0
LINE
8
BLACK
6
CONTINUOUS
10
0.9055240551181102
20
0.6814074015748032
11
0.9121464173228346
21
0.6765959842519685
0
LINE
8
BLACK
6
CONTINUOUS
10
0.9121464173228346
20
0.6765959842519685
11
0.9179345669291339
21
0.6708078346456693
0
LINE
8
BLACK
6
CONTINUOUS
10
0.9179345669291339
20
0.6708078346456693
11
0.9227459842519685
21
0.6641854724409448
0
LINE
8
BLACK
6
CONTINUOUS
10
0.9227459842519685
20
0.6641854724409448
11
0.9264622047244094
21
0.6568919685039369
0
LINE
8
BLACK
6
CONTINUOUS
10
0.9264622047244094
20
0.6568919685039369
11
0.9289917322834645
21
0.6491068897637795
0
LINE
8
BLACK
6
CONTINUOUS
10
0.9289917322834645
20
0.6491068897637795
11
0.9302722440944882
21
0.641021968503937
0
LINE
8
BLACK
6
CONTINUOUS
10
0.9302722440944882
20
0.641021968503937
11
0.9302722440944882
21
0.6328362992125984
0
LINE
8
BLACK
6
CONTINUOUS
10
0.9302722440944882
20
0.6328362992125984
11
0.9289917322834645
21
0.6247513779527559
0
LINE
8
BLACK
6
CONTINUOUS
10
0.9289917322834645
20
0.6247513779527559
11
0.9264622047244094
21
0.6169662992125984
0
LINE
8
BLACK
6
CONTINUOUS
10
0.9264622047244094
20
0.6169662992125984
11
0.9227459842519685
21
0.6096727952755905
0
LINE
8
BLACK
6
CONTINUOUS
10
0.9227459842519685
20
0.6096727952755905
11
0.9179345669291339
21
0.6030504330708661
0
LINE
8
BLACK
6
CONTINUOUS
10
0.9179345669291339
20
0.6030504330708661
11
0.9121464173228346
21
0.5972622834645669
0
LINE
8
BLACK
6
CONTINUOUS
10
0.9121464173228346
20
0.5972622834645669
11
0.9055240551181102
21
0.5924508661417323
0
LINE
8
BLACK
6
CONTINUOUS
10
0.9055240551181102
20
0.5924508661417323
11
0.8982305511811023
21
0.5887346456692913
0
LINE
8
BLACK
6
CONTINUOUS
10
0.8982305511811023
20
0.5887346456692913
11
0.8904454724409449
21
0.5862051181102362
0
LINE
8
BLACK
6
CONTINUOUS
10
0.8904454724409449
20
0.5862051181102362
11
0.8823605511811023
21
0.5849246062992126
0
LINE
8
BLACK
6
CONTINUOUS
10
0.8823605511811023
20
0.5849246062992126
11
0.8741748818897638
21
0.5849246062992126
0
LINE
8
BLACK
6
CONTINUOUS
10
0.8741748818897638
20
0.5849246062992126
11
0.8660899606299213
21
0.5862051181102362
0
LINE
8
BLACK
6
CONTINUOUS
10
0.8660899606299213
20
0.5862051181102362
11
0.8583048818897637
21
0.5887346456692913
0
LINE
8
BLACK
6
CONTINUOUS
10
0.8583048818897637
20
0.5887346456692913
11
0.8510113779527558
21
0.5924508661417323
0
LINE
8
BLACK
6
CONTINUOUS
10
0.8510113779527558
20
0.5924508661417323
11
0.8443890157480315
21
0.5972622834645669
0
LINE
8
BLACK
6
CONTINUOUS
10
0.8443890157480315
20
0.5972622834645669
11
0.8386008661417322
21
0.6030504330708661
0
LINE
8
BLACK
6
CONTINUOUS
10
0.8386008661417322
20
0.6030504330708661
11
0.8337894488188976
21
0.6096727952755905
0
LINE
8
BLACK
6
CONTINUOUS
10
0.8337894488188976
20
0.6096727952755905
11
0.8300732283464567
21
0.6169662992125984
0
LINE
8
BLACK
6
CONTINUOUS
10
0.8300732283464567
20
0.6169662992125984
11
0.8275437007874016
21
0.6247513779527559
0
LINE
8
BLACK
6
CONTINUOUS
10
0.8275437007874016
20
0.6247513779527559
11
0.826263188976378
21
0.6328362992125984
0
LINE
8
BLACK
6
CONTINUOUS
10
0.826263188976378
20
0.6328362992125984
11
0.826263188976378
21
0.641021968503937
0
LINE
8
BLACK
6
CONTINUOUS
10
0.826263188976378
20
0.641021968503937
11
0.8275437007874016
21
0.6491068897637795
0
LINE
8
BLACK
6
CONTINUOUS
10
0.8275437007874016
20
0.6491068897637795
11
0.8300732283464567
21
0.6568919685039369
0
LINE
8
BLACK
6
CONTINUOUS
10
0.8300732283464567
20
0.6568919685039369
11
0.8337894488188976
21
0.6641854724409448
0
LINE
8
BLACK
6
CONTINUOUS
10
0.8337894488188976
20
0.6641854724409448
11
0.8386008661417322
21
0.6708078346456693
0
LINE
8
BLACK
6
CONTINUOUS
10
0.8386008661417322
20
0.6708078346456693
11
0.8443890157480315
21
0.6765959842519685
0
LINE
8
BLACK
6
CONTINUOUS
10
0.8443890157480315
20
0.6765959842519685
11
0.8510113779527558
21
0.6814074015748032
0
LINE
8
BLACK
6
CONTINUOUS
10
0.8510113779527558
20
0.6814074015748032
11
0.8583048818897637
21
0.6851236220472441
0
LINE
8
BLACK
6
CONTINUOUS
10
0.8583048818897637
20
0.6851236220472441
11
0.8660899606299213
21
0.6876531496062992
0
LINE
8
BLACK
6
CONTINUOUS
10
0.8660899606299213
20
0.6876531496062992
11
0.8741748818897638
21
0.6889336614173228
0
LINE
8
BLACK
6
CONTINUOUS
10
0.8741748818897638
20
0.6889336614173228
11
0.8823605511811023
21
0.6889336614173228
0
LINE
8
BLACK
6
CONTINUOUS
10
0.8823605511811023
20
0.6889336614173228
11
0.8904454724409449
21
0.6876531496062992
0
LINE
8
BLACK
6
CONTINUOUS
10
1.2739100393700786
20
0.6876531496062992
11
1.2816951181102363
21
0.6851236220472441
0
LINE
8
BLACK
6
CONTINUOUS
10
1.2816951181102363
20
0.6851236220472441
11
1.288988622047244
21
0.6814074015748032
0
LINE
8
BLACK
6
CONTINUOUS
10
1.288988622047244
20
0.6814074015748032
11
1.2956109842519685
21
0.6765959842519685
0
LINE
8
BLACK
6
CONTINUOUS
10
1.2956109842519685
20
0.6765959842519685
11
1.3013991338582678
21
0.6708078346456693
0
LINE
8
BLACK
6
CONTINUOUS
10
1.3013991338582678
20
0.6708078346456693
11
1.3062105511811024
21
0.6641854724409448
0
LINE
8
BLACK
6
CONTINUOUS
10
1.3062105511811024
20
0.6641854724409448
11
1.3099267716535432
21
0.6568919685039369
0
LINE
8
BLACK
6
CONTINUOUS
10
1.3099267716535432
20
0.6568919685039369
11
1.3124562992125983
21
0.6491068897637795
0
LINE
8
BLACK
6
CONTINUOUS
10
1.3124562992125983
20
0.6491068897637795
11
1.3137368110236221
21
0.641021968503937
0
LINE
8
BLACK
6
CONTINUOUS
10
1.3137368110236221
20
0.641021968503937
11
1.3137368110236221
21
0.6328362992125984
0
LINE
8
BLACK
6
CONTINUOUS
10
1.3137368110236221
20
0.6328362992125984
11
1.3124562992125983
21
0.6247513779527559
0
LINE
8
BLACK
6
CONTINUOUS
10
1.3124562992125983
20
0.6247513779527559
11
1.3099267716535432
21
0.6169662992125984
0
LINE
8
BLACK
6
CONTINUOUS
10
1.3099267716535432
20
0.6169662992125984
11
1.3062105511811024
21
0.6096727952755905
0
LINE
8
BLACK
6
CONTINUOUS
10
1.3062105511811024
20
0.6096727952755905
11
1.3013991338582678
21
0.6030504330708661
0
LINE
8
BLACK
6
CONTINUOUS
10
1.3013991338582678
20
0.6030504330708661
11
1.2956109842519685
21
0.5972622834645669
0
LINE
8
BLACK
6
CONTINUOUS
10
1.2956109842519685
20
0.5972622834645669
11
1.288988622047244
21
0.5924508661417323
0
LINE
8
BLACK
6
CONTINUOUS
10
1.288988622047244
20
0.5924508661417323
11
1.2816951181102363
21
0.5887346456692913
0
LINE
8
BLACK
6
CONTINUOUS
10
1.2816951181102363
20
0.5887346456692913
11
1.2739100393700786
21
0.5862051181102362
0
LINE
8
BLACK
6
CONTINUOUS
10
1.2739100393700786
20
0.5862051181102362
11
1.2658251181102362
21
0.5849246062992126
0
LINE
8
BLACK
6
CONTINUOUS
10
1.2658251181102362
20
0.5849246062992126
11
1.2576394488188976
21
0.5849246062992126
0
LINE
8
BLACK
6
CONTINUOUS
10
1.2576394488188976
20
0.5849246062992126
11
1.2495545275590552
21
0.5862051181102362
0
LINE
8
BLACK
6
CONTINUOUS
10
1.2495545275590552
20
0.5862051181102362
11
1.2417694488188975
21
0.5887346456692913
0
LINE
8
BLACK
6
CONTINUOUS
10
1.2417694488188975
20
0.5887346456692913
11
1.2344759448818898
21
0.5924508661417323
0
LINE
8
BLACK
6
CONTINUOUS
10
1.2344759448818898
20
0.5924508661417323
11
1.2278535826771653
21
0.5972622834645669
0
LINE
8
BLACK
6
CONTINUOUS
10
1.2278535826771653
20
0.5972622834645669
11
1.222065433070866
21
0.6030504330708661
0
LINE
8
BLACK
6
CONTINUOUS
10
1.222065433070866
20
0.6030504330708661
11
1.2172540157480314
21
0.6096727952755905
0
LINE
8
BLACK
6
CONTINUOUS
10
1.2172540157480314
20
0.6096727952755905
11
1.2135377952755906
21
0.6169662992125984
0
LINE
8
BLACK
6
CONTINUOUS
10
1.2135377952755906
20
0.6169662992125984
11
1.2110082677165355
21
0.6247513779527559
0
LINE
8
BLACK
6
CONTINUOUS
10
1.2110082677165355
20
0.6247513779527559
11
1.2097277559055117
21
0.6328362992125984
0
LINE
8
BLACK
6
CONTINUOUS
10
1.2097277559055117
20
0.6328362992125984
11
1.2097277559055117
21
0.641021968503937
0
LINE
8
BLACK
6
CONTINUOUS
10
1.2097277559055117
20
0.641021968503937
11
1.2110082677165355
21
0.6491068897637795
0
LINE
8
BLACK
6
CONTINUOUS
10
1.2110082677165355
20
0.6491068897637795
11
1.2135377952755906
21
0.6568919685039369
0
LINE
8
BLACK
6
CONTINUOUS
10
1.2135377952755906
20
0.6568919685039369
11
1.2172540157480314
21
0.6641854724409448
0
LINE
8
BLACK
6
CONTINUOUS
10
1.2172540157480314
20
0.6641854724409448
11
1.222065433070866
21
0.6708078346456693
0
LINE
8
BLACK
6
CONTINUOUS
10
1.222065433070866
20
0.6708078346456693
11
1.2278535826771653
21
0.6765959842519685
0
LINE
8
BLACK
6
CONTINUOUS
10
1.2278535826771653
20
0.6765959842519685
11
1.2344759448818898
21
0.6814074015748032
0
LINE
8
BLACK
6
CONTINUOUS
10
1.2344759448818898
20
0.6814074015748032
11
1.2417694488188975
21
0.6851236220472441
0
LINE
8
BLACK
6
CONTINUOUS
10
1.2417694488188975
20
0.6851236220472441
11
1.2495545275590552
21
0.6876531496062992
0
LINE
8
BLACK
6
CONTINUOUS
10
1.2495545275590552
20
0.6876531496062992
11
1.2576394488188976
21
0.6889336614173228
0
LINE
8
BLACK
6
CONTINUOUS
10
1.2576394488188976
20
0.6889336614173228
11
1.2658251181102362
21
0.6889336614173228
0
LINE
8
BLACK
6
CONTINUOUS
10
1.2658251181102362
20
0.6889336614173228
11
1.2739100393700786
21
0.6876531496062992
0
LINE
8
BLACK
6
CONTINUOUS
10
1.6104454724409449
20
0.6876531496062992
11
1.6182305511811024
21
0.6851236220472441
0
LINE
8
BLACK
6
CONTINUOUS
10
1.6182305511811024
20
0.6851236220472441
11
1.6255240551181103
21
0.6814074015748032
0
LINE
8
BLACK
6
CONTINUOUS
10
1.6255240551181103
20
0.6814074015748032
11
1.6321464173228346
21
0.6765959842519685
0
LINE
8
BLACK
6
CONTINUOUS
10
1.6321464173228346
20
0.6765959842519685
11
1.6379345669291339
21
0.6708078346456693
0
LINE
8
BLACK
6
CONTINUOUS
10
1.6379345669291339
20
0.6708078346456693
11
1.6427459842519685
21
0.6641854724409448
0
LINE
8
BLACK
6
CONTINUOUS
10
1.6427459842519685
20
0.6641854724409448
11
1.6464622047244095
21
0.6568919685039369
0
LINE
8
BLACK
6
CONTINUOUS
10
1.6464622047244095
20
0.6568919685039369
11
1.6489917322834646
21
0.6491068897637795
0
LINE
8
BLACK
6
CONTINUOUS
10
1.6489917322834646
20
0.6491068897637795
11
1.6502722440944881
21
0.641021968503937
0
LINE
8
BLACK
6
CONTINUOUS
10
1.6502722440944881
20
0.641021968503937
11
1.6502722440944881
21
0.6328362992125984
0
LINE
8
BLACK
6
CONTINUOUS
10
1.6502722440944881
20
0.6328362992125984
11
1.6489917322834646
21
0.6247513779527559
0
LINE
8
BLACK
6
CONTINUOUS
10
1.6489917322834646
20
0.6247513779527559
11
1.6464622047244095
21
0.6169662992125984
0
LINE
8
BLACK
6
CONTINUOUS
10
1.6464622047244095
20
0.6169662992125984
11
1.6427459842519685
21
0.6096727952755905
0
LINE
8
BLACK
6
CONTINUOUS
10
1.6427459842519685
20
0.6096727952755905
11
1.6379345669291339
21
0.6030504330708661
0
LINE
8
BLACK
6
CONTINUOUS
10
1.6379345669291339
20
0.6030504330708661
11
1.6321464173228346
21
0.5972622834645669
0
LINE
8
BLACK
6
CONTINUOUS
10
1.6321464173228346
20
0.5972622834645669
11
1.6255240551181103
21
0.5924508661417323
0
LINE
8
BLACK
6
CONTINUOUS
10
1.6255240551181103
20
0.5924508661417323
11
1.6182305511811024
21
0.5887346456692913
0
LINE
8
BLACK
6
CONTINUOUS
10
1.6182305511811024
20
0.5887346456692913
11
1.6104454724409449
21
0.5862051181102362
0
LINE
8
BLACK
6
CONTINUOUS
10
1.6104454724409449
20
0.5862051181102362
11
1.6023605511811023
21
0.5849246062992126
0
LINE
8
BLACK
6
CONTINUOUS
10
1.6023605511811023
20
0.5849246062992126
11
1.5941748818897636
21
0.5849246062992126
0
LINE
8
BLACK
6
CONTINUOUS
10
1.5941748818897636
20
0.5849246062992126
11
1.5860899606299212
21
0.5862051181102362
0
LINE
8
BLACK
6
CONTINUOUS
10
1.5860899606299212
20
0.5862051181102362
11
1.5783048818897638
21
0.5887346456692913
0
LINE
8
BLACK
6
CONTINUOUS
10
1.5783048818897638
20
0.5887346456692913
11
1.5710113779527559
21
0.5924508661417323
0
LINE
8
BLACK
6
CONTINUOUS
10
1.5710113779527559
20
0.5924508661417323
11
1.5643890157480314
21
0.5972622834645669
0
LINE
8
BLACK
6
CONTINUOUS
10
1.5643890157480314
20
0.5972622834645669
11
1.5586008661417323
21
0.6030504330708661
0
LINE
8
BLACK
6
CONTINUOUS
10
1.5586008661417323
20
0.6030504330708661
11
1.5537894488188977
21
0.6096727952755905
0
LINE
8
BLACK
6
CONTINUOUS
10
1.5537894488188977
20
0.6096727952755905
11
1.5500732283464567
21
0.6169662992125984
0
LINE
8
BLACK
6
CONTINUOUS
10
1.5500732283464567
20
0.6169662992125984
11
1.5475437007874016
21
0.6247513779527559
0
LINE
8
BLACK
6
CONTINUOUS
10
1.5475437007874016
20
0.6247513779527559
11
1.5462631889763778
21
0.6328362992125984
0
LINE
8
BLACK
6
CONTINUOUS
10
1.5462631889763778
20
0.6328362992125984
11
1.5462631889763778
21
0.641021968503937
0
LINE
8
BLACK
6
CONTINUOUS
10
1.5462631889763778
20
0.641021968503937
11
1.5475437007874016
21
0.6491068897637795
0
LINE
8
BLACK
6
CONTINUOUS
10
1.5475437007874016
20
0.6491068897637795
11
1.5500732283464567
21
0.6568919685039369
0
LINE
8
BLACK
6
CONTINUOUS
10
1.5500732283464567
20
0.6568919685039369
11
1.5537894488188977
21
0.6641854724409448
0
LINE
8
BLACK
6
CONTINUOUS
10
1.5537894488188977
20
0.6641854724409448
11
1.5586008661417323
21
0.6708078346456693
0
LINE
8
BLACK
6
CONTINUOUS
10
1.5586008661417323
20
0.6708078346456693
11
1.5643890157480314
21
0.6765959842519685
0
LINE
8
BLACK
6
CONTINUOUS
10
1.5643890157480314
20
0.6765959842519685
11
1.5710113779527559
21
0.6814074015748032
0
LINE
8
BLACK
6
CONTINUOUS
10
1.5710113779527559
20
0.6814074015748032
11
1.5783048818897638
21
0.6851236220472441
0
LINE
8
BLACK
6
CONTINUOUS
10
1.5783048818897638
20
0.6851236220472441
11
1.5860899606299212
21
0.6876531496062992
0
LINE
8
BLACK
6
CONTINUOUS
10
1.5860899606299212
20
0.6876531496062992
11
1.5941748818897636
21
0.6889336614173228
0
LINE
8
BLACK
6
CONTINUOUS
10
1.5941748818897636
20
0.6889336614173228
11
1.6023605511811023
21
0.6889336614173228
0
LINE
8
BLACK
6
CONTINUOUS
10
1.6023605511811023
20
0.6889336614173228
11
1.6104454724409449
21
0.6876531496062992
0
LINE
8
BLACK
6
CONTINUOUS
10
1.9939100393700786
20
0.6876531496062992
11
2.001695118110236
21
0.6851236220472441
0
LINE
8
BLACK
6
CONTINUOUS
10
2.001695118110236
20
0.6851236220472441
11
2.0089886220472439
21
0.6814074015748032
0
LINE
8
BLACK
6
CONTINUOUS
10
2.0089886220472439
20
0.6814074015748032
11
2.0156109842519685
21
0.6765959842519685
0
LINE
8
BLACK
6
CONTINUOUS
10
2.0156109842519685
20
0.6765959842519685
11
2.0213991338582677
21
0.6708078346456693
0
LINE
8
BLACK
6
CONTINUOUS
10
2.0213991338582677
20
0.6708078346456693
11
2.0262105511811024
21
0.6641854724409448
0
LINE
8
BLACK
6
CONTINUOUS
10
2.0262105511811024
20
0.6641854724409448
11
2.0299267716535434
21
0.6568919685039369
0
LINE
8
BLACK
6
CONTINUOUS
10
2.0299267716535434
20
0.6568919685039369
11
2.0324562992125985
21
0.6491068897637795
0
LINE
8
BLACK
6
CONTINUOUS
10
2.0324562992125985
20
0.6491068897637795
11
2.0337368110236218
21
0.641021968503937
0
LINE
8
BLACK
6
CONTINUOUS
10
2.0337368110236218
20
0.641021968503937
11
2.0337368110236218
21
0.6328362992125984
0
LINE
8
BLACK
6
CONTINUOUS
10
2.0337368110236218
20
0.6328362992125984
11
2.0324562992125985
21
0.6247513779527559
0
LINE
8
BLACK
6
CONTINUOUS
10
2.0324562992125985
20
0.6247513779527559
11
2.0299267716535434
21
0.6169662992125984
0
LINE
8
BLACK
6
CONTINUOUS
10
2.0299267716535434
20
0.6169662992125984
11
2.0262105511811024
21
0.6096727952755905
0
LINE
8
BLACK
6
CONTINUOUS
10
2.0262105511811024
20
0.6096727952755905
11
2.0213991338582677
21
0.6030504330708661
0
LINE
8
BLACK
6
CONTINUOUS
10
2.0213991338582677
20
0.6030504330708661
11
2.0156109842519685
21
0.5972622834645669
0
LINE
8
BLACK
6
CONTINUOUS
10
2.0156109842519685
20
0.5972622834645669
11
2.0089886220472439
21
0.5924508661417323
0
LINE
8
BLACK
6
CONTINUOUS
10
2.0089886220472439
20
0.5924508661417323
11
2.001695118110236
21
0.5887346456692913
0
LINE
8
BLACK
6
CONTINUOUS
10
2.001695118110236
20
0.5887346456692913
11
1.9939100393700786
21
0.5862051181102362
0
LINE
8
BLACK
6
CONTINUOUS
10
1.9939100393700786
20
0.5862051181102362
11
1.9858251181102362
21
0.5849246062992126
0
LINE
8
BLACK
6
CONTINUOUS
10
1.9858251181102362
20
0.5849246062992126
11
1.9776394488188975
21
0.5849246062992126
0
LINE
8
BLACK
6
CONTINUOUS
10
1.9776394488188975
20
0.5849246062992126
11
1.9695545275590551
21
0.5862051181102362
0
LINE
8
BLACK
6
CONTINUOUS
10
1.9695545275590551
20
0.5862051181102362
11
1.9617694488188977
21
0.5887346456692913
0
LINE
8
BLACK
6
CONTINUOUS
10
1.9617694488188977
20
0.5887346456692913
11
1.9544759448818898
21
0.5924508661417323
0
LINE
8
BLACK
6
CONTINUOUS
10
1.9544759448818898
20
0.5924508661417323
11
1.9478535826771652
21
0.5972622834645669
0
LINE
8
BLACK
6
CONTINUOUS
10
1.9478535826771652
20
0.5972622834645669
11
1.942065433070866
21
0.6030504330708661
0
LINE
8
BLACK
6
CONTINUOUS
10
1.942065433070866
20
0.6030504330708661
11
1.9372540157480314
21
0.6096727952755905
0
LINE
8
BLACK
6
CONTINUOUS
10
1.9372540157480314
20
0.6096727952755905
11
1.9335377952755906
21
0.6169662992125984
0
LINE
8
BLACK
6
CONTINUOUS
10
1.9335377952755906
20
0.6169662992125984
11
1.9310082677165354
21
0.6247513779527559
0
LINE
8
BLACK
6
CONTINUOUS
10
1.9310082677165354
20
0.6247513779527559
11
1.9297277559055117
21
0.6328362992125984
0
LINE
8
BLACK
6
CONTINUOUS
10
1.9297277559055117
20
0.6328362992125984
11
1.9297277559055117
21
0.641021968503937
0
LINE
8
BLACK
6
CONTINUOUS
10
1.9297277559055117
20
0.641021968503937
11
1.9310082677165354
21
0.6491068897637795
0
LINE
8
BLACK
6
CONTINUOUS
10
1.9310082677165354
20
0.6491068897637795
11
1.9335377952755906
21
0.6568919685039369
0
LINE
8
BLACK
6
CONTINUOUS
10
1.9335377952755906
20
0.6568919685039369
11
1.9372540157480314
21
0.6641854724409448
0
LINE
8
BLACK
6
CONTINUOUS
10
1.9372540157480314
20
0.6641854724409448
11
1.942065433070866
21
0.6708078346456693
0
LINE
8
BLACK
6
CONTINUOUS
10
1.942065433070866
20
0.6708078346456693
11
1.9478535826771652
21
0.6765959842519685
0
LINE
8
BLACK
6
CONTINUOUS
10
1.9478535826771652
20
0.6765959842519685
11
1.9544759448818898
21
0.6814074015748032
0
LINE
8
BLACK
6
CONTINUOUS
10
1.9544759448818898
20
0.6814074015748032
11
1.9617694488188977
21
0.6851236220472441
0
LINE
8
BLACK
6
CONTINUOUS
10
1.9617694488188977
20
0.6851236220472441
11
1.9695545275590551
21
0.6876531496062992
0
LINE
8
BLACK
6
CONTINUOUS
10
1.9695545275590551
20
0.6876531496062992
11
1.9776394488188975
21
0.6889336614173228
0
LINE
8
BLACK
6
CONTINUOUS
10
1.9776394488188975
20
0.6889336614173228
11
1.9858251181102362
21
0.6889336614173228
0
LINE
8
BLACK
6
CONTINUOUS
10
1.9858251181102362
20
0.6889336614173228
11
1.9939100393700786
21
0.6876531496062992
0
LINE
8
BLACK
6
CONTINUOUS
10
2.363370118110236
20
0.7879438976377953
11
2.363370118110236
21
0.787943937007874
0
LINE
8
BLACK
6
CONTINUOUS
10
2.363370118110236
20
0.787943937007874
11
2.3670012204724409
21
0.7866139763779527
0
LINE
8
BLACK
6
CONTINUOUS
10
2.3670012204724409
20
0.7866139763779527
11
2.3745634645669291
21
0.7849932677165354
0
LINE
8
BLACK
6
CONTINUOUS
10
2.3745634645669291
20
0.7849932677165354
11
2.382278031496063
21
0.7844461811023622
0
LINE
8
BLACK
6
CONTINUOUS
10
2.382278031496063
20
0.7844461811023622
11
2.3899933070866139
21
0.7849835039370079
0
LINE
8
BLACK
6
CONTINUOUS
10
2.3899933070866139
20
0.7849835039370079
11
2.3975576377952756
21
0.7865946062992126
0
LINE
8
BLACK
6
CONTINUOUS
10
2.3975576377952756
20
0.7865946062992126
11
2.4011903937007872
21
0.7879199606299212
0
LINE
8
BLACK
6
CONTINUOUS
10
2.4011903937007872
20
0.7879199606299212
11
2.4011903937007872
21
0.7879199212598424
0
LINE
8
BLACK
6
CONTINUOUS
10
2.4011903937007872
20
0.7879199212598424
11
2.4042264173228345
21
0.7883906692913386
0
LINE
8
BLACK
6
CONTINUOUS
10
2.4042264173228345
20
0.7883906692913386
11
2.4072114566929135
21
0.7876637401574803
0
LINE
8
BLACK
6
CONTINUOUS
10
2.4072114566929135
20
0.7876637401574803
11
2.4096911023622045
21
0.785849842519685
0
LINE
8
BLACK
6
CONTINUOUS
10
2.4096911023622045
20
0.785849842519685
11
2.4112878346456692
21
0.7832250787401575
0
LINE
8
BLACK
6
CONTINUOUS
10
2.4112878346456692
20
0.7832250787401575
11
2.4117024015748032
21
0.7805511811023622
0
LINE
8
BLACK
6
CONTINUOUS
10
2.4117024015748032
20
0.7805511811023622
11
2.4118405511811023
21
0.7805511811023622
0
LINE
8
BLACK
6
CONTINUOUS
10
2.4118405511811023
20
0.7805511811023622
11
2.4118405511811023
21
0.7392125984251968
0
LINE
8
BLACK
6
CONTINUOUS
10
2.4118405511811023
20
0.7392125984251968
11
2.3527854330708662
21
0.7392125984251968
0
LINE
8
BLACK
6
CONTINUOUS
10
2.3527854330708662
20
0.7392125984251968
11
2.3527854330708662
21
0.7805511811023622
0
LINE
8
BLACK
6
CONTINUOUS
10
2.3527854330708662
20
0.7805511811023622
11
2.3528429133858269
21
0.7805511811023622
0
LINE
8
BLACK
6
CONTINUOUS
10
2.3528429133858269
20
0.7805511811023622
11
2.3532667322834646
21
0.7832618503937008
0
LINE
8
BLACK
6
CONTINUOUS
10
2.3532667322834646
20
0.7832618503937008
11
2.3548667716535432
21
0.7858845669291339
0
LINE
8
BLACK
6
CONTINUOUS
10
2.3548667716535432
20
0.7858845669291339
11
2.3573487401574802
21
0.7876953543307087
0
LINE
8
BLACK
6
CONTINUOUS
10
2.3573487401574802
20
0.7876953543307087
11
2.3603346850393701
21
0.7884185039370079
0
LINE
8
BLACK
6
CONTINUOUS
10
2.3603346850393701
20
0.7884185039370079
11
2.363370118110236
21
0.7879438976377953
0
LINE
8
BLACK
6
CONTINUOUS
10
2.6575885826771652
20
0.7404330708661417
11
2.5075885826771653
21
0.7404330708661417
0
LINE
8
BLACK
6
CONTINUOUS
10
2.5075885826771653
20
0.7404330708661417
11
2.5075885826771653
21
0.8904330708661418
0
LINE
8
BLACK
6
CONTINUOUS
10
2.5075885826771653
20
0.8904330708661418
11
2.6575885826771652
21
0.8904330708661418
0
LINE
8
BLACK
6
CONTINUOUS
10
2.6575885826771652
20
0.8904330708661418
11
2.6575885826771652
21
0.7404330708661417
0
LINE
8
BLACK
6
CONTINUOUS
10
2.8544389763779527
20
0.7404330708661417
11
2.7044389763779528
21
0.7404330708661417
0
LINE
8
BLACK
6
CONTINUOUS
10
2.7044389763779528
20
0.7404330708661417
11
2.7044389763779528
21
0.8904330708661418
0
LINE
8
BLACK
6
CONTINUOUS
10
2.7044389763779528
20
0.8904330708661418
11
2.8544389763779527
21
0.8904330708661418
0
LINE
8
BLACK
6
CONTINUOUS
10
2.8544389763779527
20
0.8904330708661418
11
2.8544389763779527
21
0.7404330708661417
0
LINE
8
BLACK
6
CONTINUOUS
10
2.3947205118110237
20
0.8912873622047244
11
2.4026524803149605
21
0.8887101181102361
0
LINE
8
BLACK
6
CONTINUOUS
10
2.4026524803149605
20
0.8887101181102361
11
2.4100835826771654
21
0.8849237795275591
0
LINE
8
BLACK
6
CONTINUOUS
10
2.4100835826771654
20
0.8849237795275591
11
2.4168309055118109
21
0.8800215748031496
0
LINE
8
BLACK
6
CONTINUOUS
10
2.4168309055118109
20
0.8800215748031496
11
2.4227282677165354
21
0.8741242125984252
0
LINE
8
BLACK
6
CONTINUOUS
10
2.4227282677165354
20
0.8741242125984252
11
2.4276304724409448
21
0.8673768897637795
0
LINE
8
BLACK
6
CONTINUOUS
10
2.4276304724409448
20
0.8673768897637795
11
2.4314168110236221
21
0.8599457874015748
0
LINE
8
BLACK
6
CONTINUOUS
10
2.4314168110236221
20
0.8599457874015748
11
2.4339940551181103
21
0.8520138188976378
0
LINE
8
BLACK
6
CONTINUOUS
10
2.4339940551181103
20
0.8520138188976378
11
2.4352987401574802
21
0.8437763779527558
0
LINE
8
BLACK
6
CONTINUOUS
10
2.4352987401574802
20
0.8437763779527558
11
2.4352987401574802
21
0.8354362204724409
0
LINE
8
BLACK
6
CONTINUOUS
10
2.4352987401574802
20
0.8354362204724409
11
2.4339940551181103
21
0.827198779527559
0
LINE
8
BLACK
6
CONTINUOUS
10
2.4339940551181103
20
0.827198779527559
11
2.4314168110236221
21
0.819266811023622
0
LINE
8
BLACK
6
CONTINUOUS
10
2.4314168110236221
20
0.819266811023622
11
2.4276304724409448
21
0.8118357086614173
0
LINE
8
BLACK
6
CONTINUOUS
10
2.4276304724409448
20
0.8118357086614173
11
2.4227282677165354
21
0.8050883858267717
0
LINE
8
BLACK
6
CONTINUOUS
10
2.4227282677165354
20
0.8050883858267717
11
2.4168309055118109
21
0.7991910236220472
0
LINE
8
BLACK
6
CONTINUOUS
10
2.4168309055118109
20
0.7991910236220472
11
2.4100835826771654
21
0.7942888188976378
0
LINE
8
BLACK
6
CONTINUOUS
10
2.4100835826771654
20
0.7942888188976378
11
2.4026524803149605
21
0.7905024803149606
0
LINE
8
BLACK
6
CONTINUOUS
10
2.4026524803149605
20
0.7905024803149606
11
2.3947205118110237
21
0.7879252362204724
0
LINE
8
BLACK
6
CONTINUOUS
10
2.3947205118110237
20
0.7879252362204724
11
2.3864830708661415
21
0.7866205511811023
0
LINE
8
BLACK
6
CONTINUOUS
10
2.3864830708661415
20
0.7866205511811023
11
2.3781429133858265
21
0.7866205511811023
0
LINE
8
BLACK
6
CONTINUOUS
10
2.3781429133858265
20
0.7866205511811023
11
2.3699054724409447
21
0.7879252362204724
0
LINE
8
BLACK
6
CONTINUOUS
10
2.3699054724409447
20
0.7879252362204724
11
2.361973503937008
21
0.7905024803149606
0
LINE
8
BLACK
6
CONTINUOUS
10
2.361973503937008
20
0.7905024803149606
11
2.3545424015748031
21
0.7942888188976378
0
LINE
8
BLACK
6
CONTINUOUS
10
2.3545424015748031
20
0.7942888188976378
11
2.3477950787401576
21
0.7991910236220472
0
LINE
8
BLACK
6
CONTINUOUS
10
2.3477950787401576
20
0.7991910236220472
11
2.3418977165354331
21
0.8050883858267717
0
LINE
8
BLACK
6
CONTINUOUS
10
2.3418977165354331
20
0.8050883858267717
11
2.3369955118110237
21
0.8118357086614173
0
LINE
8
BLACK
6
CONTINUOUS
10
2.3369955118110237
20
0.8118357086614173
11
2.3332091732283464
21
0.819266811023622
0
LINE
8
BLACK
6
CONTINUOUS
10
2.3332091732283464
20
0.819266811023622
11
2.3306319291338582
21
0.827198779527559
0
LINE
8
BLACK
6
CONTINUOUS
10
2.3306319291338582
20
0.827198779527559
11
2.3293272440944883
21
0.8354362204724409
0
LINE
8
BLACK
6
CONTINUOUS
10
2.3293272440944883
20
0.8354362204724409
11
2.3293272440944883
21
0.8437763779527558
0
LINE
8
BLACK
6
CONTINUOUS
10
2.3293272440944883
20
0.8437763779527558
11
2.3306319291338582
21
0.8520138188976378
0
LINE
8
BLACK
6
CONTINUOUS
10
2.3306319291338582
20
0.8520138188976378
11
2.3332091732283464
21
0.8599457874015748
0
LINE
8
BLACK
6
CONTINUOUS
10
2.3332091732283464
20
0.8599457874015748
11
2.3369955118110237
21
0.8673768897637795
0
LINE
8
BLACK
6
CONTINUOUS
10
2.3369955118110237
20
0.8673768897637795
11
2.3418977165354331
21
0.8741242125984252
0
LINE
8
BLACK
6
CONTINUOUS
10
2.3418977165354331
20
0.8741242125984252
11
2.3477950787401576
21
0.8800215748031496
0
LINE
8
BLACK
6
CONTINUOUS
10
2.3477950787401576
20
0.8800215748031496
11
2.3545424015748031
21
0.8849237795275591
0
LINE
8
BLACK
6
CONTINUOUS
10
2.3545424015748031
20
0.8849237795275591
11
2.361973503937008
21
0.8887101181102361
0
LINE
8
BLACK
6
CONTINUOUS
10
2.361973503937008
20
0.8887101181102361
11
2.3699054724409447
21
0.8912873622047244
0
LINE
8
BLACK
6
CONTINUOUS
10
2.3699054724409447
20
0.8912873622047244
11
2.3781429133858265
21
0.8925920472440945
0
LINE
8
BLACK
6
CONTINUOUS
10
2.3781429133858265
20
0.8925920472440945
11
2.3864830708661415
21
0.8925920472440945
0
LINE
8
BLACK
6
CONTINUOUS
10
2.3864830708661415
20
0.8925920472440945
11
2.3947205118110237
21
0.8912873622047244
0
LINE
8
BLACK
6
CONTINUOUS
10
1.8924075196850394
20
0.961681062992126
11
1.9003394881889764
21
0.9591038188976377
0
LINE
8
BLACK
6
CONTINUOUS
10
1.9003394881889764
20
0.9591038188976377
11
1.907770590551181
21
0.9553174803149606
0
LINE
8
BLACK
6
CONTINUOUS
10
1.907770590551181
20
0.9553174803149606
11
1.9145179133858268
21
0.9504152755905512
0
LINE
8
BLACK
6
CONTINUOUS
10
1.9145179133858268
20
0.9504152755905512
11
1.920415275590551
21
0.9445179133858268
0
LINE
8
BLACK
6
CONTINUOUS
10
1.920415275590551
20
0.9445179133858268
11
1.9253174803149606
21
0.9377705905511811
0
LINE
8
BLACK
6
CONTINUOUS
10
1.9253174803149606
20
0.9377705905511811
11
1.9291038188976377
21
0.9303394881889764
0
LINE
8
BLACK
6
CONTINUOUS
10
1.9291038188976377
20
0.9303394881889764
11
1.9316810629921259
21
0.9224075196850393
0
LINE
8
BLACK
6
CONTINUOUS
10
1.9316810629921259
20
0.9224075196850393
11
1.932985748031496
21
0.9141700787401574
0
LINE
8
BLACK
6
CONTINUOUS
10
1.932985748031496
20
0.9141700787401574
11
1.932985748031496
21
0.9058299212598425
0
LINE
8
BLACK
6
CONTINUOUS
10
1.932985748031496
20
0.9058299212598425
11
1.9316810629921259
21
0.8975924803149606
0
LINE
8
BLACK
6
CONTINUOUS
10
1.9316810629921259
20
0.8975924803149606
11
1.9291038188976377
21
0.8896605118110236
0
LINE
8
BLACK
6
CONTINUOUS
10
1.9291038188976377
20
0.8896605118110236
11
1.9253174803149606
21
0.8822294094488189
0
LINE
8
BLACK
6
CONTINUOUS
10
1.9253174803149606
20
0.8822294094488189
11
1.920415275590551
21
0.8754820866141733
0
LINE
8
BLACK
6
CONTINUOUS
10
1.920415275590551
20
0.8754820866141733
11
1.9145179133858268
21
0.8695847244094488
0
LINE
8
BLACK
6
CONTINUOUS
10
1.9145179133858268
20
0.8695847244094488
11
1.907770590551181
21
0.8646825196850394
0
LINE
8
BLACK
6
CONTINUOUS
10
1.907770590551181
20
0.8646825196850394
11
1.9003394881889764
21
0.8608961811023622
0
LINE
8
BLACK
6
CONTINUOUS
10
1.9003394881889764
20
0.8608961811023622
11
1.8924075196850394
21
0.858318937007874
0
LINE
8
BLACK
6
CONTINUOUS
10
1.8924075196850394
20
0.858318937007874
11
1.8841700787401574
21
0.8570142519685039
0
LINE
8
BLACK
6
CONTINUOUS
10
1.8841700787401574
20
0.8570142519685039
11
1.8758299212598424
21
0.8570142519685039
0
LINE
8
BLACK
6
CONTINUOUS
10
1.8758299212598424
20
0.8570142519685039
11
1.8675924803149606
21
0.858318937007874
0
LINE
8
BLACK
6
CONTINUOUS
10
1.8675924803149606
20
0.858318937007874
11
1.8596605118110237
21
0.8608961811023622
0
LINE
8
BLACK
6
CONTINUOUS
10
1.8596605118110237
20
0.8608961811023622
11
1.8522294094488188
21
0.8646825196850394
0
LINE
8
BLACK
6
CONTINUOUS
10
1.8522294094488188
20
0.8646825196850394
11
1.8454820866141732
21
0.8695847244094488
0
LINE
8
BLACK
6
CONTINUOUS
10
1.8454820866141732
20
0.8695847244094488
11
1.8395847244094488
21
0.8754820866141733
0
LINE
8
BLACK
6
CONTINUOUS
10
1.8395847244094488
20
0.8754820866141733
11
1.8346825196850394
21
0.8822294094488189
0
LINE
8
BLACK
6
CONTINUOUS
10
1.8346825196850394
20
0.8822294094488189
11
1.8308961811023621
21
0.8896605118110236
0
LINE
8
BLACK
6
CONTINUOUS
10
1.8308961811023621
20
0.8896605118110236
11
1.8283189370078741
21
0.8975924803149606
0
LINE
8
BLACK
6
CONTINUOUS
10
1.8283189370078741
20
0.8975924803149606
11
1.827014251968504
21
0.9058299212598425
0
LINE
8
BLACK
6
CONTINUOUS
10
1.827014251968504
20
0.9058299212598425
11
1.827014251968504
21
0.9141700787401574
0
LINE
8
BLACK
6
CONTINUOUS
10
1.827014251968504
20
0.9141700787401574
11
1.8283189370078741
21
0.9224075196850393
0
LINE
8
BLACK
6
CONTINUOUS
10
1.8283189370078741
20
0.9224075196850393
11
1.8308961811023621
21
0.9303394881889764
0
LINE
8
BLACK
6
CONTINUOUS
10
1.8308961811023621
20
0.9303394881889764
11
1.8346825196850394
21
0.9377705905511811
0
LINE
8
BLACK
6
CONTINUOUS
10
1.8346825196850394
20
0.9377705905511811
11
1.8395847244094488
21
0.9445179133858268
0
LINE
8
BLACK
6
CONTINUOUS
10
1.8395847244094488
20
0.9445179133858268
11
1.8454820866141732
21
0.9504152755905512
0
LINE
8
BLACK
6
CONTINUOUS
10
1.8454820866141732
20
0.9504152755905512
11
1.8522294094488188
21
0.9553174803149606
0
LINE
8
BLACK
6
CONTINUOUS
10
1.8522294094488188
20
0.9553174803149606
11
1.8596605118110237
21
0.9591038188976377
0
LINE
8
BLACK
6
CONTINUOUS
10
1.8596605118110237
20
0.9591038188976377
11
1.8675924803149606
21
0.961681062992126
0
LINE
8
BLACK
6
CONTINUOUS
10
1.8675924803149606
20
0.961681062992126
11
1.8758299212598424
21
0.9629857480314961
0
LINE
8
BLACK
6
CONTINUOUS
10
1.8758299212598424
20
0.9629857480314961
11
1.8841700787401574
21
0.9629857480314961
0
LINE
8
BLACK
6
CONTINUOUS
10
1.8841700787401574
20
0.9629857480314961
11
1.8924075196850394
21
0.961681062992126
0
LINE
8
BLACK
6
CONTINUOUS
10
1.8209448818897638
20
0.9394700787401574
11
1.8236555511811023
21
0.9390462598425197
0
LINE
8
BLACK
6
CONTINUOUS
10
1.8236555511811023
20
0.9390462598425197
11
1.8262782677165355
21
0.937446220472441
0
LINE
8
BLACK
6
CONTINUOUS
10
1.8262782677165355
20
0.937446220472441
11
1.8280890551181102
21
0.934964251968504
0
LINE
8
BLACK
6
CONTINUOUS
10
1.8280890551181102
20
0.934964251968504
11
1.8288122047244093
21
0.9319783070866141
0
LINE
8
BLACK
6
CONTINUOUS
10
1.8288122047244093
20
0.9319783070866141
11
1.8283375984251968
21
0.928942874015748
0
LINE
8
BLACK
6
CONTINUOUS
10
1.8283375984251968
20
0.928942874015748
11
1.8283376377952756
21
0.928942874015748
0
LINE
8
BLACK
6
CONTINUOUS
10
1.8283376377952756
20
0.928942874015748
11
1.8270076771653543
21
0.9253117716535433
0
LINE
8
BLACK
6
CONTINUOUS
10
1.8270076771653543
20
0.9253117716535433
11
1.825386968503937
21
0.9177495275590551
0
LINE
8
BLACK
6
CONTINUOUS
10
1.825386968503937
20
0.9177495275590551
11
1.8248398818897638
21
0.9100349606299213
0
LINE
8
BLACK
6
CONTINUOUS
10
1.8248398818897638
20
0.9100349606299213
11
1.8253772047244095
21
0.9023196850393701
0
LINE
8
BLACK
6
CONTINUOUS
10
1.8253772047244095
20
0.9023196850393701
11
1.8269883070866142
21
0.8947553543307086
0
LINE
8
BLACK
6
CONTINUOUS
10
1.8269883070866142
20
0.8947553543307086
11
1.8283136614173228
21
0.8911225984251968
0
LINE
8
BLACK
6
CONTINUOUS
10
1.8283136614173228
20
0.8911225984251968
11
1.828313622047244
21
0.8911225984251968
0
LINE
8
BLACK
6
CONTINUOUS
10
1.828313622047244
20
0.8911225984251968
11
1.8287843700787401
21
0.8880865748031496
0
LINE
8
BLACK
6
CONTINUOUS
10
1.8287843700787401
20
0.8880865748031496
11
1.8280574409448818
21
0.8851015354330708
0
LINE
8
BLACK
6
CONTINUOUS
10
1.8280574409448818
20
0.8851015354330708
11
1.8262435433070865
21
0.8826218897637795
0
LINE
8
BLACK
6
CONTINUOUS
10
1.8262435433070865
20
0.8826218897637795
11
1.8236187795275589
21
0.881025157480315
0
LINE
8
BLACK
6
CONTINUOUS
10
1.8236187795275589
20
0.881025157480315
11
1.8209448818897638
21
0.8806105905511811
0
LINE
8
BLACK
6
CONTINUOUS
10
1.8209448818897638
20
0.8806105905511811
11
1.8209448818897638
21
0.8804724409448819
0
LINE
8
BLACK
6
CONTINUOUS
10
1.8209448818897638
20
0.8804724409448819
11
1.7796062992125983
21
0.8804724409448819
0
LINE
8
BLACK
6
CONTINUOUS
10
1.7796062992125983
20
0.8804724409448819
11
1.7796062992125983
21
0.9395275590551181
0
LINE
8
BLACK
6
CONTINUOUS
10
1.7796062992125983
20
0.9395275590551181
11
1.8209448818897638
21
0.9395275590551181
0
LINE
8
BLACK
6
CONTINUOUS
10
1.8209448818897638
20
0.9395275590551181
11
1.8209448818897638
21
0.9394700787401574
0
LINE
8
BLACK
6
CONTINUOUS
10
1.9803937007874015
20
0.8804724409448819
11
1.9390551181102362
21
0.8804724409448819
0
LINE
8
BLACK
6
CONTINUOUS
10
1.9390551181102362
20
0.8804724409448819
11
1.9390551181102362
21
0.8805299212598425
0
LINE
8
BLACK
6
CONTINUOUS
10
1.9390551181102362
20
0.8805299212598425
11
1.9363444488188977
21
0.8809537401574803
0
LINE
8
BLACK
6
CONTINUOUS
10
1.9363444488188977
20
0.8809537401574803
11
1.9337217322834646
21
0.8825537795275591
0
LINE
8
BLACK
6
CONTINUOUS
10
1.9337217322834646
20
0.8825537795275591
11
1.9319109448818896
21
0.8850357480314961
0
LINE
8
BLACK
6
CONTINUOUS
10
1.9319109448818896
20
0.8850357480314961
11
1.9311877952755905
21
0.8880216929133858
0
LINE
8
BLACK
6
CONTINUOUS
10
1.9311877952755905
20
0.8880216929133858
11
1.9316624015748032
21
0.8910571259842519
0
LINE
8
BLACK
6
CONTINUOUS
10
1.9316624015748032
20
0.8910571259842519
11
1.9316623622047244
21
0.8910571259842519
0
LINE
8
BLACK
6
CONTINUOUS
10
1.9316623622047244
20
0.8910571259842519
11
1.9329923228346457
21
0.8946882283464567
0
LINE
8
BLACK
6
CONTINUOUS
10
1.9329923228346457
20
0.8946882283464567
11
1.934613031496063
21
0.9022504724409448
0
LINE
8
BLACK
6
CONTINUOUS
10
1.934613031496063
20
0.9022504724409448
11
1.9351601181102362
21
0.9099650393700787
0
LINE
8
BLACK
6
CONTINUOUS
10
1.9351601181102362
20
0.9099650393700787
11
1.9346227952755906
21
0.9176803149606299
0
LINE
8
BLACK
6
CONTINUOUS
10
1.9346227952755906
20
0.9176803149606299
11
1.9330116929133858
21
0.9252446456692913
0
LINE
8
BLACK
6
CONTINUOUS
10
1.9330116929133858
20
0.9252446456692913
11
1.931686338582677
21
0.9288774015748031
0
LINE
8
BLACK
6
CONTINUOUS
10
1.931686338582677
20
0.9288774015748031
11
1.9316863779527558
21
0.9288774015748031
0
LINE
8
BLACK
6
CONTINUOUS
10
1.9316863779527558
20
0.9288774015748031
11
1.9312156299212597
21
0.9319134251968504
0
LINE
8
BLACK
6
CONTINUOUS
10
1.9312156299212597
20
0.9319134251968504
11
1.931942559055118
21
0.9348984645669292
0
LINE
8
BLACK
6
CONTINUOUS
10
1.931942559055118
20
0.9348984645669292
11
1.9337564566929133
21
0.9373781102362204
0
LINE
8
BLACK
6
CONTINUOUS
10
1.9337564566929133
20
0.9373781102362204
11
1.9363812204724409
21
0.938974842519685
0
LINE
8
BLACK
6
CONTINUOUS
10
1.9363812204724409
20
0.938974842519685
11
1.9390551181102362
21
0.9393894094488189
0
LINE
8
BLACK
6
CONTINUOUS
10
1.9390551181102362
20
0.9393894094488189
11
1.9390551181102362
21
0.9395275590551181
0
LINE
8
BLACK
6
CONTINUOUS
10
1.9390551181102362
20
0.9395275590551181
11
1.9803937007874015
21
0.9395275590551181
0
LINE
8
BLACK
6
CONTINUOUS
10
1.9803937007874015
20
0.9395275590551181
11
1.9803937007874015
21
0.8804724409448819
0
LINE
8
BLACK
6
CONTINUOUS
10
2.0674999999999999
20
0.8825
11
2.0124999999999997
21
0.8825
0
LINE
8
BLACK
6
CONTINUOUS
10
2.0124999999999997
20
0.8825
11
2.0124999999999997
21
0.9175
0
LINE
8
BLACK
6
CONTINUOUS
10
2.0124999999999997
20
0.9175
11
2.0674999999999999
21
0.9175
0
LINE
8
BLACK
6
CONTINUOUS
10
2.0674999999999999
20
0.9175
11
2.0674999999999999
21
0.8825
0
LINE
8
BLACK
6
CONTINUOUS
10
2.4118405511811023
20
0.8986614173228347
11
2.4117830708661416
21
0.8986614173228347
0
LINE
8
BLACK
6
CONTINUOUS
10
2.4117830708661416
20
0.8986614173228347
11
2.4113592519685039
21
0.895950748031496
0
LINE
8
BLACK
6
CONTINUOUS
10
2.4113592519685039
20
0.895950748031496
11
2.4097592125984253
21
0.893328031496063
0
LINE
8
BLACK
6
CONTINUOUS
10
2.4097592125984253
20
0.893328031496063
11
2.4072772440944883
21
0.8915172440944882
0
LINE
8
BLACK
6
CONTINUOUS
10
2.4072772440944883
20
0.8915172440944882
11
2.4042912992125984
21
0.8907940944881889
0
LINE
8
BLACK
6
CONTINUOUS
10
2.4042912992125984
20
0.8907940944881889
11
2.401255866141732
21
0.8912687007874015
0
LINE
8
BLACK
6
CONTINUOUS
10
2.401255866141732
20
0.8912687007874015
11
2.401255866141732
21
0.8912686614173229
0
LINE
8
BLACK
6
CONTINUOUS
10
2.401255866141732
20
0.8912686614173229
11
2.3976247637795276
21
0.8925986220472441
0
LINE
8
BLACK
6
CONTINUOUS
10
2.3976247637795276
20
0.8925986220472441
11
2.3900625196850394
21
0.8942193307086614
0
LINE
8
BLACK
6
CONTINUOUS
10
2.3900625196850394
20
0.8942193307086614
11
2.3823479527559055
21
0.8947664173228346
0
LINE
8
BLACK
6
CONTINUOUS
10
2.3823479527559055
20
0.8947664173228346
11
2.3746326771653541
21
0.894229094488189
0
LINE
8
BLACK
6
CONTINUOUS
10
2.3746326771653541
20
0.894229094488189
11
2.3670683464566928
21
0.8926179921259842
0
LINE
8
BLACK
6
CONTINUOUS
10
2.3670683464566928
20
0.8926179921259842
11
2.3634355905511812
21
0.8912926377952756
0
LINE
8
BLACK
6
CONTINUOUS
10
2.3634355905511812
20
0.8912926377952756
11
2.3634355905511812
21
0.8912926771653543
0
LINE
8
BLACK
6
CONTINUOUS
10
2.3634355905511812
20
0.8912926771653543
11
2.360399566929134
21
0.8908219291338583
0
LINE
8
BLACK
6
CONTINUOUS
10
2.360399566929134
20
0.8908219291338583
11
2.357414527559055
21
0.8915488582677165
0
LINE
8
BLACK
6
CONTINUOUS
10
2.357414527559055
20
0.8915488582677165
11
2.3549348818897635
21
0.8933627559055118
0
LINE
8
BLACK
6
CONTINUOUS
10
2.3549348818897635
20
0.8933627559055118
11
2.3533381496062993
21
0.8959875196850393
0
LINE
8
BLACK
6
CONTINUOUS
10
2.3533381496062993
20
0.8959875196850393
11
2.3529235826771653
21
0.8986614173228347
0
LINE
8
BLACK
6
CONTINUOUS
10
2.3529235826771653
20
0.8986614173228347
11
2.3527854330708662
21
0.8986614173228347
0
LINE
8
BLACK
6
CONTINUOUS
10
2.3527854330708662
20
0.8986614173228347
11
2.3527854330708662
21
0.9399999999999999
0
LINE
8
BLACK
6
CONTINUOUS
10
2.3527854330708662
20
0.9399999999999999
11
2.4118405511811023
21
0.9399999999999999
0
LINE
8
BLACK
6
CONTINUOUS
10
2.4118405511811023
20
0.9399999999999999
11
2.4118405511811023
21
0.8986614173228347
0
LINE
8
BLACK
6
CONTINUOUS
10
2.6575885826771652
20
0.9372834645669291
11
2.5075885826771653
21
0.9372834645669291
0
LINE
8
BLACK
6
CONTINUOUS
10
2.5075885826771653
20
0.9372834645669291
11
2.5075885826771653
21
1.0872834645669291
0
LINE
8
BLACK
6
CONTINUOUS
10
2.5075885826771653
20
1.0872834645669291
11
2.6575885826771652
21
1.0872834645669291
0
LINE
8
BLACK
6
CONTINUOUS
10
2.6575885826771652
20
1.0872834645669291
11
2.6575885826771652
21
0.9372834645669291
0
LINE
8
BLACK
6
CONTINUOUS
10
2.8544389763779527
20
0.9372834645669291
11
2.7044389763779528
21
0.9372834645669291
0
LINE
8
BLACK
6
CONTINUOUS
10
2.7044389763779528
20
0.9372834645669291
11
2.7044389763779528
21
1.0872834645669291
0
LINE
8
BLACK
6
CONTINUOUS
10
2.7044389763779528
20
1.0872834645669291
11
2.8544389763779527
21
1.0872834645669291
0
LINE
8
BLACK
6
CONTINUOUS
10
2.8544389763779527
20
1.0872834645669291
11
2.8544389763779527
21
0.9372834645669291
0
LINE
8
BLACK
6
CONTINUOUS
10
2.0674999999999999
20
0.9575
11
2.0124999999999997
21
0.9575
0
LINE
8
BLACK
6
CONTINUOUS
10
2.0124999999999997
20
0.9575
11
2.0124999999999997
21
0.9924999999999999
0
LINE
8
BLACK
6
CONTINUOUS
10
2.0124999999999997
20
0.9924999999999999
11
2.0674999999999999
21
0.9924999999999999
0
LINE
8
BLACK
6
CONTINUOUS
10
2.0674999999999999
20
0.9924999999999999
11
2.0674999999999999
21
0.9575
0
LINE
8
BLACK
6
CONTINUOUS
10
2.4098129921259841
20
0.9721062992125984
11
2.3548129921259844
21
0.9721062992125984
0
LINE
8
BLACK
6
CONTINUOUS
10
2.3548129921259844
20
0.9721062992125984
11
2.3548129921259844
21
1.0071062992125983
0
LINE
8
BLACK
6
CONTINUOUS
10
2.3548129921259844
20
1.0071062992125983
11
2.4098129921259841
21
1.0071062992125983
0
LINE
8
BLACK
6
CONTINUOUS
10
2.4098129921259841
20
1.0071062992125983
11
2.4098129921259841
21
0.9721062992125984
0
LINE
8
BLACK
6
CONTINUOUS
10
1.3496115748031496
20
1.0820187401574803
11
1.3566622047244095
21
1.0797278346456693
0
LINE
8
BLACK
6
CONTINUOUS
10
1.3566622047244095
20
1.0797278346456693
11
1.3632676377952755
21
1.0763622047244095
0
LINE
8
BLACK
6
CONTINUOUS
10
1.3632676377952755
20
1.0763622047244095
11
1.3692652755905512
21
1.0720046850393701
0
LINE
8
BLACK
6
CONTINUOUS
10
1.3692652755905512
20
1.0720046850393701
11
1.3745073622047244
21
1.0667625984251967
0
LINE
8
BLACK
6
CONTINUOUS
10
1.3745073622047244
20
1.0667625984251967
11
1.3788648818897637
21
1.0607649606299212
0
LINE
8
BLACK
6
CONTINUOUS
10
1.3788648818897637
20
1.0607649606299212
11
1.3822305118110236
21
1.0541595275590552
0
LINE
8
BLACK
6
CONTINUOUS
10
1.3822305118110236
20
1.0541595275590552
11
1.3845214173228346
21
1.0471088976377954
0
LINE
8
BLACK
6
CONTINUOUS
10
1.3845214173228346
20
1.0471088976377954
11
1.3856811417322834
21
1.0397867322834646
0
LINE
8
BLACK
6
CONTINUOUS
10
1.3856811417322834
20
1.0397867322834646
11
1.3856811417322834
21
1.0323732677165354
0
LINE
8
BLACK
6
CONTINUOUS
10
1.3856811417322834
20
1.0323732677165354
11
1.3845214173228346
21
1.0250511023622046
0
LINE
8
BLACK
6
CONTINUOUS
10
1.3845214173228346
20
1.0250511023622046
11
1.3822305118110236
21
1.0180004724409448
0
LINE
8
BLACK
6
CONTINUOUS
10
1.3822305118110236
20
1.0180004724409448
11
1.3788648818897637
21
1.0113950393700788
0
LINE
8
BLACK
6
CONTINUOUS
10
1.3788648818897637
20
1.0113950393700788
11
1.3745073622047244
21
1.0053974015748031
0
LINE
8
BLACK
6
CONTINUOUS
10
1.3745073622047244
20
1.0053974015748031
11
1.3692652755905512
21
1.0001553149606299
0
LINE
8
BLACK
6
CONTINUOUS
10
1.3692652755905512
20
1.0001553149606299
11
1.3632676377952755
21
0.9957977952755905
0
LINE
8
BLACK
6
CONTINUOUS
10
1.3632676377952755
20
0.9957977952755905
11
1.3566622047244095
21
0.9924321653543307
0
LINE
8
BLACK
6
CONTINUOUS
10
1.3566622047244095
20
0.9924321653543307
11
1.3496115748031496
21
0.9901412598425197
0
LINE
8
BLACK
6
CONTINUOUS
10
1.3496115748031496
20
0.9901412598425197
11
1.3422894094488189
21
0.9889815354330709
0
LINE
8
BLACK
6
CONTINUOUS
10
1.3422894094488189
20
0.9889815354330709
11
1.3348759448818897
21
0.9889815354330709
0
LINE
8
BLACK
6
CONTINUOUS
10
1.3348759448818897
20
0.9889815354330709
11
1.3275537795275589
21
0.9901412598425197
0
LINE
8
BLACK
6
CONTINUOUS
10
1.3275537795275589
20
0.9901412598425197
11
1.3205031496062991
21
0.9924321653543307
0
LINE
8
BLACK
6
CONTINUOUS
10
1.3205031496062991
20
0.9924321653543307
11
1.3138977165354331
21
0.9957977952755905
0
LINE
8
BLACK
6
CONTINUOUS
10
1.3138977165354331
20
0.9957977952755905
11
1.3079000787401573
21
1.0001553149606299
0
LINE
8
BLACK
6
CONTINUOUS
10
1.3079000787401573
20
1.0001553149606299
11
1.3026579921259842
21
1.0053974015748031
0
LINE
8
BLACK
6
CONTINUOUS
10
1.3026579921259842
20
1.0053974015748031
11
1.2983004724409448
21
1.0113950393700788
0
LINE
8
BLACK
6
CONTINUOUS
10
1.2983004724409448
20
1.0113950393700788
11
1.2949348425196849
21
1.0180004724409448
0
LINE
8
BLACK
6
CONTINUOUS
10
1.2949348425196849
20
1.0180004724409448
11
1.2926439370078739
21
1.0250511023622046
0
LINE
8
BLACK
6
CONTINUOUS
10
1.2926439370078739
20
1.0250511023622046
11
1.2914842125984252
21
1.0323732677165354
0
LINE
8
BLACK
6
CONTINUOUS
10
1.2914842125984252
20
1.0323732677165354
11
1.2914842125984252
21
1.0397867322834646
0
LINE
8
BLACK
6
CONTINUOUS
10
1.2914842125984252
20
1.0397867322834646
11
1.2926439370078739
21
1.0471088976377954
0
LINE
8
BLACK
6
CONTINUOUS
10
1.2926439370078739
20
1.0471088976377954
11
1.2949348425196849
21
1.0541595275590552
0
LINE
8
BLACK
6
CONTINUOUS
10
1.2949348425196849
20
1.0541595275590552
11
1.2983004724409448
21
1.0607649606299212
0
LINE
8
BLACK
6
CONTINUOUS
10
1.2983004724409448
20
1.0607649606299212
11
1.3026579921259842
21
1.0667625984251967
0
LINE
8
BLACK
6
CONTINUOUS
10
1.3026579921259842
20
1.0667625984251967
11
1.3079000787401573
21
1.0720046850393701
0
LINE
8
BLACK
6
CONTINUOUS
10
1.3079000787401573
20
1.0720046850393701
11
1.3138977165354331
21
1.0763622047244095
0
LINE
8
BLACK
6
CONTINUOUS
10
1.3138977165354331
20
1.0763622047244095
11
1.3205031496062991
21
1.0797278346456693
0
LINE
8
BLACK
6
CONTINUOUS
10
1.3205031496062991
20
1.0797278346456693
11
1.3275537795275589
21
1.0820187401574803
0
LINE
8
BLACK
6
CONTINUOUS
10
1.3275537795275589
20
1.0820187401574803
11
1.3348759448818897
21
1.0831784645669291
0
LINE
8
BLACK
6
CONTINUOUS
10
1.3348759448818897
20
1.0831784645669291
11
1.3422894094488189
21
1.0831784645669291
0
LINE
8
BLACK
6
CONTINUOUS
10
1.3422894094488189
20
1.0831784645669291
11
1.3496115748031496
21
1.0820187401574803
0
LINE
8
BLACK
6
CONTINUOUS
10
1.5464619685039369
20
1.0820187401574803
11
1.5535125984251967
21
1.0797278346456693
0
LINE
8
BLACK
6
CONTINUOUS
10
1.5535125984251967
20
1.0797278346456693
11
1.560118031496063
21
1.0763622047244095
0
LINE
8
BLACK
6
CONTINUOUS
10
1.560118031496063
20
1.0763622047244095
11
1.5661156692913385
21
1.0720046850393701
0
LINE
8
BLACK
6
CONTINUOUS
10
1.5661156692913385
20
1.0720046850393701
11
1.5713577559055119
21
1.0667625984251967
0
LINE
8
BLACK
6
CONTINUOUS
10
1.5713577559055119
20
1.0667625984251967
11
1.5757152755905512
21
1.0607649606299212
0
LINE
8
BLACK
6
CONTINUOUS
10
1.5757152755905512
20
1.0607649606299212
11
1.5790809055118109
21
1.0541595275590552
0
LINE
8
BLACK
6
CONTINUOUS
10
1.5790809055118109
20
1.0541595275590552
11
1.5813718110236221
21
1.0471088976377954
0
LINE
8
BLACK
6
CONTINUOUS
10
1.5813718110236221
20
1.0471088976377954
11
1.5825315354330709
21
1.0397867322834646
0
LINE
8
BLACK
6
CONTINUOUS
10
1.5825315354330709
20
1.0397867322834646
11
1.5825315354330709
21
1.0323732677165354
0
LINE
8
BLACK
6
CONTINUOUS
10
1.5825315354330709
20
1.0323732677165354
11
1.5813718110236221
21
1.0250511023622046
0
LINE
8
BLACK
6
CONTINUOUS
10
1.5813718110236221
20
1.0250511023622046
11
1.5790809055118109
21
1.0180004724409448
0
LINE
8
BLACK
6
CONTINUOUS
10
1.5790809055118109
20
1.0180004724409448
11
1.5757152755905512
21
1.0113950393700788
0
LINE
8
BLACK
6
CONTINUOUS
10
1.5757152755905512
20
1.0113950393700788
11
1.5713577559055119
21
1.0053974015748031
0
LINE
8
BLACK
6
CONTINUOUS
10
1.5713577559055119
20
1.0053974015748031
11
1.5661156692913385
21
1.0001553149606299
0
LINE
8
BLACK
6
CONTINUOUS
10
1.5661156692913385
20
1.0001553149606299
11
1.560118031496063
21
0.9957977952755905
0
LINE
8
BLACK
6
CONTINUOUS
10
1.560118031496063
20
0.9957977952755905
11
1.5535125984251967
21
0.9924321653543307
0
LINE
8
BLACK
6
CONTINUOUS
10
1.5535125984251967
20
0.9924321653543307
11
1.5464619685039369
21
0.9901412598425197
0
LINE
8
BLACK
6
CONTINUOUS
10
1.5464619685039369
20
0.9901412598425197
11
1.5391398031496062
21
0.9889815354330709
0
LINE
8
BLACK
6
CONTINUOUS
10
1.5391398031496062
20
0.9889815354330709
11
1.5317263385826771
21
0.9889815354330709
0
LINE
8
BLACK
6
CONTINUOUS
10
1.5317263385826771
20
0.9889815354330709
11
1.5244041732283464
21
0.9901412598425197
0
LINE
8
BLACK
6
CONTINUOUS
10
1.5244041732283464
20
0.9901412598425197
11
1.5173535433070866
21
0.9924321653543307
0
LINE
8
BLACK
6
CONTINUOUS
10
1.5173535433070866
20
0.9924321653543307
11
1.5107481102362204
21
0.9957977952755905
0
LINE
8
BLACK
6
CONTINUOUS
10
1.5107481102362204
20
0.9957977952755905
11
1.5047504724409448
21
1.0001553149606299
0
LINE
8
BLACK
6
CONTINUOUS
10
1.5047504724409448
20
1.0001553149606299
11
1.4995083858267717
21
1.0053974015748031
0
LINE
8
BLACK
6
CONTINUOUS
10
1.4995083858267717
20
1.0053974015748031
11
1.4951508661417323
21
1.0113950393700788
0
LINE
8
BLACK
6
CONTINUOUS
10
1.4951508661417323
20
1.0113950393700788
11
1.4917852362204724
21
1.0180004724409448
0
LINE
8
BLACK
6
CONTINUOUS
10
1.4917852362204724
20
1.0180004724409448
11
1.4894943307086614
21
1.0250511023622046
0
LINE
8
BLACK
6
CONTINUOUS
10
1.4894943307086614
20
1.0250511023622046
11
1.4883346062992127
21
1.0323732677165354
0
LINE
8
BLACK
6
CONTINUOUS
10
1.4883346062992127
20
1.0323732677165354
11
1.4883346062992127
21
1.0397867322834646
0
LINE
8
BLACK
6
CONTINUOUS
10
1.4883346062992127
20
1.0397867322834646
11
1.4894943307086614
21
1.0471088976377954
0
LINE
8
BLACK
6
CONTINUOUS
10
1.4894943307086614
20
1.0471088976377954
11
1.4917852362204724
21
1.0541595275590552
0
LINE
8
BLACK
6
CONTINUOUS
10
1.4917852362204724
20
1.0541595275590552
11
1.4951508661417323
21
1.0607649606299212
0
LINE
8
BLACK
6
CONTINUOUS
10
1.4951508661417323
20
1.0607649606299212
11
1.4995083858267717
21
1.0667625984251967
0
LINE
8
BLACK
6
CONTINUOUS
10
1.4995083858267717
20
1.0667625984251967
11
1.5047504724409448
21
1.0720046850393701
0
LINE
8
BLACK
6
CONTINUOUS
10
1.5047504724409448
20
1.0720046850393701
11
1.5107481102362204
21
1.0763622047244095
0
LINE
8
BLACK
6
CONTINUOUS
10
1.5107481102362204
20
1.0763622047244095
11
1.5173535433070866
21
1.0797278346456693
0
LINE
8
BLACK
6
CONTINUOUS
10
1.5173535433070866
20
1.0797278346456693
11
1.5244041732283464
21
1.0820187401574803
0
LINE
8
BLACK
6
CONTINUOUS
10
1.5244041732283464
20
1.0820187401574803
11
1.5317263385826771
21
1.0831784645669291
0
LINE
8
BLACK
6
CONTINUOUS
10
1.5317263385826771
20
1.0831784645669291
11
1.5391398031496062
21
1.0831784645669291
0
LINE
8
BLACK
6
CONTINUOUS
10
1.5391398031496062
20
1.0831784645669291
11
1.5464619685039369
21
1.0820187401574803
0
LINE
8
BLACK
6
CONTINUOUS
10
1.8653543307086613
20
1.0374015748031495
11
1.7866141732283465
21
1.0374015748031495
0
LINE
8
BLACK
6
CONTINUOUS
10
1.7866141732283465
20
1.0374015748031495
11
1.7866141732283465
21
1.0625984251968503
0
LINE
8
BLACK
6
CONTINUOUS
10
1.7866141732283465
20
1.0625984251968503
11
1.8653543307086613
21
1.0625984251968503
0
LINE
8
BLACK
6
CONTINUOUS
10
1.8653543307086613
20
1.0625984251968503
11
1.8653543307086613
21
1.0374015748031495
0
LINE
8
BLACK
6
CONTINUOUS
10
2.1133858267716534
20
1.0374015748031495
11
2.0346456692913386
21
1.0374015748031495
0
LINE
8
BLACK
6
CONTINUOUS
10
2.0346456692913386
20
1.0374015748031495
11
2.0346456692913386
21
1.0625984251968503
0
LINE
8
BLACK
6
CONTINUOUS
10
2.0346456692913386
20
1.0625984251968503
11
2.1133858267716534
21
1.0625984251968503
0
LINE
8
BLACK
6
CONTINUOUS
10
2.1133858267716534
20
1.0625984251968503
11
2.1133858267716534
21
1.0374015748031495
0
LINE
8
BLACK
6
CONTINUOUS
10
2.4098129921259841
20
1.0471062992125983
11
2.3548129921259844
21
1.0471062992125983
0
LINE
8
BLACK
6
CONTINUOUS
10
2.3548129921259844
20
1.0471062992125983
11
2.3548129921259844
21
1.0821062992125985
0
LINE
8
BLACK
6
CONTINUOUS
10
2.3548129921259844
20
1.0821062992125985
11
2.4098129921259841
21
1.0821062992125985
0
LINE
8
BLACK
6
CONTINUOUS
10
2.4098129921259841
20
1.0821062992125985
11
2.4098129921259841
21
1.0471062992125983
0
LINE
8
BLACK
6
CONTINUOUS
10
0.5052401574803149
20
1.048779527559055
11
0.355240157480315
21
1.048779527559055
0
LINE
8
BLACK
6
CONTINUOUS
10
0.355240157480315
20
1.048779527559055
11
0.355240157480315
21
1.1987795275590551
0
LINE
8
BLACK
6
CONTINUOUS
10
0.355240157480315
20
1.1987795275590551
11
0.5052401574803149
21
1.1987795275590551
0
LINE
8
BLACK
6
CONTINUOUS
10
0.5052401574803149
20
1.1987795275590551
11
0.5052401574803149
21
1.048779527559055
0
LINE
8
BLACK
6
CONTINUOUS
10
0.7020905511811023
20
1.048779527559055
11
0.5520905511811024
21
1.048779527559055
0
LINE
8
BLACK
6
CONTINUOUS
10
0.5520905511811024
20
1.048779527559055
11
0.5520905511811024
21
1.1987795275590551
0
LINE
8
BLACK
6
CONTINUOUS
10
0.5520905511811024
20
1.1987795275590551
11
0.7020905511811023
21
1.1987795275590551
0
LINE
8
BLACK
6
CONTINUOUS
10
0.7020905511811023
20
1.1987795275590551
11
0.7020905511811023
21
1.048779527559055
0
LINE
8
BLACK
6
CONTINUOUS
10
2.3959587007874017
20
1.1751879921259842
11
2.3959587007874017
21
1.175188031496063
0
LINE
8
BLACK
6
CONTINUOUS
10
2.3959587007874017
20
1.175188031496063
11
2.3995898031496061
21
1.1738580708661417
0
LINE
8
BLACK
6
CONTINUOUS
10
2.3995898031496061
20
1.1738580708661417
11
2.4071520472440944
21
1.1722373622047244
0
LINE
8
BLACK
6
CONTINUOUS
10
2.4071520472440944
20
1.1722373622047244
11
2.4148666141732282
21
1.1716902755905512
0
LINE
8
BLACK
6
CONTINUOUS
10
2.4148666141732282
20
1.1716902755905512
11
2.4225818897637796
21
1.1722275984251969
0
LINE
8
BLACK
6
CONTINUOUS
10
2.4225818897637796
20
1.1722275984251969
11
2.4301462204724409
21
1.1738387007874016
0
LINE
8
BLACK
6
CONTINUOUS
10
2.4301462204724409
20
1.1738387007874016
11
2.4337789763779525
21
1.1751640551181102
0
LINE
8
BLACK
6
CONTINUOUS
10
2.4337789763779525
20
1.1751640551181102
11
2.4337789763779525
21
1.1751640157480314
0
LINE
8
BLACK
6
CONTINUOUS
10
2.4337789763779525
20
1.1751640157480314
11
2.4368149999999997
21
1.1756347637795275
0
LINE
8
BLACK
6
CONTINUOUS
10
2.4368149999999997
20
1.1756347637795275
11
2.4398000393700787
21
1.1749078346456692
0
LINE
8
BLACK
6
CONTINUOUS
10
2.4398000393700787
20
1.1749078346456692
11
2.4422796850393702
21
1.1730939370078739
0
LINE
8
BLACK
6
CONTINUOUS
10
2.4422796850393702
20
1.1730939370078739
11
2.4438764173228344
21
1.1704691732283465
0
LINE
8
BLACK
6
CONTINUOUS
10
2.4438764173228344
20
1.1704691732283465
11
2.4442909842519684
21
1.1677952755905512
0
LINE
8
BLACK
6
CONTINUOUS
10
2.4442909842519684
20
1.1677952755905512
11
2.4444291338582675
21
1.1677952755905512
0
LINE
8
BLACK
6
CONTINUOUS
10
2.4444291338582675
20
1.1677952755905512
11
2.4444291338582675
21
1.1264566929133859
0
LINE
8
BLACK
6
CONTINUOUS
10
2.4444291338582675
20
1.1264566929133859
11
2.3853740157480314
21
1.1264566929133859
0
LINE
8
BLACK
6
CONTINUOUS
10
2.3853740157480314
20
1.1264566929133859
11
2.3853740157480314
21
1.1677952755905512
0
LINE
8
BLACK
6
CONTINUOUS
10
2.3853740157480314
20
1.1677952755905512
11
2.3854314960629921
21
1.1677952755905512
0
LINE
8
BLACK
6
CONTINUOUS
10
2.3854314960629921
20
1.1677952755905512
11
2.3858553149606299
21
1.1705059448818897
0
LINE
8
BLACK
6
CONTINUOUS
10
2.3858553149606299
20
1.1705059448818897
11
2.3874553543307084
21
1.1731286614173229
0
LINE
8
BLACK
6
CONTINUOUS
10
2.3874553543307084
20
1.1731286614173229
11
2.3899373228346454
21
1.1749394488188976
0
LINE
8
BLACK
6
CONTINUOUS
10
2.3899373228346454
20
1.1749394488188976
11
2.3929232677165353
21
1.1756625984251967
0
LINE
8
BLACK
6
CONTINUOUS
10
2.3929232677165353
20
1.1756625984251967
11
2.3959587007874017
21
1.1751879921259842
0
LINE
8
BLACK
6
CONTINUOUS
10
1.8653543307086613
20
1.1374015748031496
11
1.7866141732283465
21
1.1374015748031496
0
LINE
8
BLACK
6
CONTINUOUS
10
1.7866141732283465
20
1.1374015748031496
11
1.7866141732283465
21
1.1625984251968504
0
LINE
8
BLACK
6
CONTINUOUS
10
1.7866141732283465
20
1.1625984251968504
11
1.8653543307086613
21
1.1625984251968504
0
LINE
8
BLACK
6
CONTINUOUS
10
1.8653543307086613
20
1.1625984251968504
11
1.8653543307086613
21
1.1374015748031496
0
LINE
8
BLACK
6
CONTINUOUS
10
2.1133858267716534
20
1.1374015748031496
11
2.0346456692913386
21
1.1374015748031496
0
LINE
8
BLACK
6
CONTINUOUS
10
2.0346456692913386
20
1.1374015748031496
11
2.0346456692913386
21
1.1625984251968504
0
LINE
8
BLACK
6
CONTINUOUS
10
2.0346456692913386
20
1.1625984251968504
11
2.1133858267716534
21
1.1625984251968504
0
LINE
8
BLACK
6
CONTINUOUS
10
2.1133858267716534
20
1.1625984251968504
11
2.1133858267716534
21
1.1374015748031496
0
LINE
8
BLACK
6
CONTINUOUS
10
2.6607086614173228
20
1.1380708661417323
11
2.5107086614173229
21
1.1380708661417323
0
LINE
8
BLACK
6
CONTINUOUS
10
2.5107086614173229
20
1.1380708661417323
11
2.5107086614173229
21
1.2880708661417322
0
LINE
8
BLACK
6
CONTINUOUS
10
2.5107086614173229
20
1.2880708661417322
11
2.6607086614173228
21
1.2880708661417322
0
LINE
8
BLACK
6
CONTINUOUS
10
2.6607086614173228
20
1.2880708661417322
11
2.6607086614173228
21
1.1380708661417323
0
LINE
8
BLACK
6
CONTINUOUS
10
2.8575590551181103
20
1.1380708661417323
11
2.7075590551181103
21
1.1380708661417323
0
LINE
8
BLACK
6
CONTINUOUS
10
2.7075590551181103
20
1.1380708661417323
11
2.7075590551181103
21
1.2880708661417322
0
LINE
8
BLACK
6
CONTINUOUS
10
2.7075590551181103
20
1.2880708661417322
11
2.8575590551181103
21
1.2880708661417322
0
LINE
8
BLACK
6
CONTINUOUS
10
2.8575590551181103
20
1.2880708661417322
11
2.8575590551181103
21
1.1380708661417323
0
LINE
8
BLACK
6
CONTINUOUS
10
2.427309094488189
20
1.2785314566929133
11
2.4352410629921257
21
1.2759542125984251
0
LINE
8
BLACK
6
CONTINUOUS
10
2.4352410629921257
20
1.2759542125984251
11
2.4426721653543306
21
1.272167874015748
0
LINE
8
BLACK
6
CONTINUOUS
10
2.4426721653543306
20
1.272167874015748
11
2.4494194881889761
21
1.2672656692913387
0
LINE
8
BLACK
6
CONTINUOUS
10
2.4494194881889761
20
1.2672656692913387
11
2.4553168503937006
21
1.2613683070866142
0
LINE
8
BLACK
6
CONTINUOUS
10
2.4553168503937006
20
1.2613683070866142
11
2.46021905511811
21
1.2546209842519684
0
LINE
8
BLACK
6
CONTINUOUS
10
2.46021905511811
20
1.2546209842519684
11
2.4640053937007873
21
1.2471898818897638
0
LINE
8
BLACK
6
CONTINUOUS
10
2.4640053937007873
20
1.2471898818897638
11
2.4665826377952755
21
1.2392579133858268
0
LINE
8
BLACK
6
CONTINUOUS
10
2.4665826377952755
20
1.2392579133858268
11
2.4678873228346454
21
1.2310204724409448
0
LINE
8
BLACK
6
CONTINUOUS
10
2.4678873228346454
20
1.2310204724409448
11
2.4678873228346454
21
1.2226803149606298
0
LINE
8
BLACK
6
CONTINUOUS
10
2.4678873228346454
20
1.2226803149606298
11
2.4665826377952755
21
1.214442874015748
0
LINE
8
BLACK
6
CONTINUOUS
10
2.4665826377952755
20
1.214442874015748
11
2.4640053937007873
21
1.2065109055118111
0
LINE
8
BLACK
6
CONTINUOUS
10
2.4640053937007873
20
1.2065109055118111
11
2.46021905511811
21
1.1990798031496064
0
LINE
8
BLACK
6
CONTINUOUS
10
2.46021905511811
20
1.1990798031496064
11
2.4553168503937006
21
1.1923324803149606
0
LINE
8
BLACK
6
CONTINUOUS
10
2.4553168503937006
20
1.1923324803149606
11
2.4494194881889761
21
1.1864351181102362
0
LINE
8
BLACK
6
CONTINUOUS
10
2.4494194881889761
20
1.1864351181102362
11
2.4426721653543306
21
1.1815329133858268
0
LINE
8
BLACK
6
CONTINUOUS
10
2.4426721653543306
20
1.1815329133858268
11
2.4352410629921257
21
1.1777465748031495
0
LINE
8
BLACK
6
CONTINUOUS
10
2.4352410629921257
20
1.1777465748031495
11
2.427309094488189
21
1.1751693307086615
0
LINE
8
BLACK
6
CONTINUOUS
10
2.427309094488189
20
1.1751693307086615
11
2.4190716535433072
21
1.1738646456692914
0
LINE
8
BLACK
6
CONTINUOUS
10
2.4190716535433072
20
1.1738646456692914
11
2.4107314960629922
21
1.1738646456692914
0
LINE
8
BLACK
6
CONTINUOUS
10
2.4107314960629922
20
1.1738646456692914
11
2.40249405511811
21
1.1751693307086615
0
LINE
8
BLACK
6
CONTINUOUS
10
2.40249405511811
20
1.1751693307086615
11
2.3945620866141732
21
1.1777465748031495
0
LINE
8
BLACK
6
CONTINUOUS
10
2.3945620866141732
20
1.1777465748031495
11
2.3871309842519683
21
1.1815329133858268
0
LINE
8
BLACK
6
CONTINUOUS
10
2.3871309842519683
20
1.1815329133858268
11
2.3803836614173228
21
1.1864351181102362
0
LINE
8
BLACK
6
CONTINUOUS
10
2.3803836614173228
20
1.1864351181102362
11
2.3744862992125984
21
1.1923324803149606
0
LINE
8
BLACK
6
CONTINUOUS
10
2.3744862992125984
20
1.1923324803149606
11
2.369584094488189
21
1.1990798031496064
0
LINE
8
BLACK
6
CONTINUOUS
10
2.369584094488189
20
1.1990798031496064
11
2.3657977559055117
21
1.2065109055118111
0
LINE
8
BLACK
6
CONTINUOUS
10
2.3657977559055117
20
1.2065109055118111
11
2.3632205118110234
21
1.214442874015748
0
LINE
8
BLACK
6
CONTINUOUS
10
2.3632205118110234
20
1.214442874015748
11
2.3619158267716536
21
1.2226803149606298
0
LINE
8
BLACK
6
CONTINUOUS
10
2.3619158267716536
20
1.2226803149606298
11
2.3619158267716536
21
1.2310204724409448
0
LINE
8
BLACK
6
CONTINUOUS
10
2.3619158267716536
20
1.2310204724409448
11
2.3632205118110234
21
1.2392579133858268
0
LINE
8
BLACK
6
CONTINUOUS
10
2.3632205118110234
20
1.2392579133858268
11
2.3657977559055117
21
1.2471898818897638
0
LINE
8
BLACK
6
CONTINUOUS
10
2.3657977559055117
20
1.2471898818897638
11
2.369584094488189
21
1.2546209842519684
0
LINE
8
BLACK
6
CONTINUOUS
10
2.369584094488189
20
1.2546209842519684
11
2.3744862992125984
21
1.2613683070866142
0
LINE
8
BLACK
6
CONTINUOUS
10
2.3744862992125984
20
1.2613683070866142
11
2.3803836614173228
21
1.2672656692913387
0
LINE
8
BLACK
6
CONTINUOUS
10
2.3803836614173228
20
1.2672656692913387
11
2.3871309842519683
21
1.272167874015748
0
LINE
8
BLACK
6
CONTINUOUS
10
2.3871309842519683
20
1.272167874015748
11
2.3945620866141732
21
1.2759542125984251
0
LINE
8
BLACK
6
CONTINUOUS
10
2.3945620866141732
20
1.2759542125984251
11
2.40249405511811
21
1.2785314566929133
0
LINE
8
BLACK
6
CONTINUOUS
10
2.40249405511811
20
1.2785314566929133
11
2.4107314960629922
21
1.2798361417322834
0
LINE
8
BLACK
6
CONTINUOUS
10
2.4107314960629922
20
1.2798361417322834
11
2.4190716535433072
21
1.2798361417322834
0
LINE
8
BLACK
6
CONTINUOUS
10
2.4190716535433072
20
1.2798361417322834
11
2.427309094488189
21
1.2785314566929133
0
LINE
8
BLACK
6
CONTINUOUS
10
0.5052401574803149
20
1.2456299212598425
11
0.355240157480315
21
1.2456299212598425
0
LINE
8
BLACK
6
CONTINUOUS
10
0.355240157480315
20
1.2456299212598425
11
0.355240157480315
21
1.3956299212598424
0
LINE
8
BLACK
6
CONTINUOUS
10
0.355240157480315
20
1.3956299212598424
11
0.5052401574803149
21
1.3956299212598424
0
LINE
8
BLACK
6
CONTINUOUS
10
0.5052401574803149
20
1.3956299212598424
11
0.5052401574803149
21
1.2456299212598425
0
LINE
8
BLACK
6
CONTINUOUS
10
0.7020905511811023
20
1.2456299212598425
11
0.5520905511811024
21
1.2456299212598425
0
LINE
8
BLACK
6
CONTINUOUS
10
0.5520905511811024
20
1.2456299212598425
11
0.5520905511811024
21
1.3956299212598424
0
LINE
8
BLACK
6
CONTINUOUS
10
0.5520905511811024
20
1.3956299212598424
11
0.7020905511811023
21
1.3956299212598424
0
LINE
8
BLACK
6
CONTINUOUS
10
0.7020905511811023
20
1.3956299212598424
11
0.7020905511811023
21
1.2456299212598425
0
LINE
8
BLACK
6
CONTINUOUS
10
1.8924075196850394
20
1.3816810629921259
11
1.9003394881889764
21
1.3791038188976377
0
LINE
8
BLACK
6
CONTINUOUS
10
1.9003394881889764
20
1.3791038188976377
11
1.907770590551181
21
1.3753174803149606
0
LINE
8
BLACK
6
CONTINUOUS
10
1.907770590551181
20
1.3753174803149606
11
1.9145179133858268
21
1.3704152755905512
0
LINE
8
BLACK
6
CONTINUOUS
10
1.9145179133858268
20
1.3704152755905512
11
1.920415275590551
21
1.3645179133858267
0
LINE
8
BLACK
6
CONTINUOUS
10
1.920415275590551
20
1.3645179133858267
11
1.9253174803149606
21
1.357770590551181
0
LINE
8
BLACK
6
CONTINUOUS
10
1.9253174803149606
20
1.357770590551181
11
1.9291038188976377
21
1.3503394881889763
0
LINE
8
BLACK
6
CONTINUOUS
10
1.9291038188976377
20
1.3503394881889763
11
1.9316810629921259
21
1.3424075196850394
0
LINE
8
BLACK
6
CONTINUOUS
10
1.9316810629921259
20
1.3424075196850394
11
1.932985748031496
21
1.3341700787401574
0
LINE
8
BLACK
6
CONTINUOUS
10
1.932985748031496
20
1.3341700787401574
11
1.932985748031496
21
1.3258299212598426
0
LINE
8
BLACK
6
CONTINUOUS
10
1.932985748031496
20
1.3258299212598426
11
1.9316810629921259
21
1.3175924803149606
0
LINE
8
BLACK
6
CONTINUOUS
10
1.9316810629921259
20
1.3175924803149606
11
1.9291038188976377
21
1.3096605118110236
0
LINE
8
BLACK
6
CONTINUOUS
10
1.9291038188976377
20
1.3096605118110236
11
1.9253174803149606
21
1.3022294094488189
0
LINE
8
BLACK
6
CONTINUOUS
10
1.9253174803149606
20
1.3022294094488189
11
1.920415275590551
21
1.2954820866141732
0
LINE
8
BLACK
6
CONTINUOUS
10
1.920415275590551
20
1.2954820866141732
11
1.9145179133858268
21
1.2895847244094487
0
LINE
8
BLACK
6
CONTINUOUS
10
1.9145179133858268
20
1.2895847244094487
11
1.907770590551181
21
1.2846825196850393
0
LINE
8
BLACK
6
CONTINUOUS
10
1.907770590551181
20
1.2846825196850393
11
1.9003394881889764
21
1.2808961811023623
0
LINE
8
BLACK
6
CONTINUOUS
10
1.9003394881889764
20
1.2808961811023623
11
1.8924075196850394
21
1.278318937007874
0
LINE
8
BLACK
6
CONTINUOUS
10
1.8924075196850394
20
1.278318937007874
11
1.8841700787401574
21
1.2770142519685039
0
LINE
8
BLACK
6
CONTINUOUS
10
1.8841700787401574
20
1.2770142519685039
11
1.8758299212598424
21
1.2770142519685039
0
LINE
8
BLACK
6
CONTINUOUS
10
1.8758299212598424
20
1.2770142519685039
11
1.8675924803149606
21
1.278318937007874
0
LINE
8
BLACK
6
CONTINUOUS
10
1.8675924803149606
20
1.278318937007874
11
1.8596605118110237
21
1.2808961811023623
0
LINE
8
BLACK
6
CONTINUOUS
10
1.8596605118110237
20
1.2808961811023623
11
1.8522294094488188
21
1.2846825196850393
0
LINE
8
BLACK
6
CONTINUOUS
10
1.8522294094488188
20
1.2846825196850393
11
1.8454820866141732
21
1.2895847244094487
0
LINE
8
BLACK
6
CONTINUOUS
10
1.8454820866141732
20
1.2895847244094487
11
1.8395847244094488
21
1.2954820866141732
0
LINE
8
BLACK
6
CONTINUOUS
10
1.8395847244094488
20
1.2954820866141732
11
1.8346825196850394
21
1.3022294094488189
0
LINE
8
BLACK
6
CONTINUOUS
10
1.8346825196850394
20
1.3022294094488189
11
1.8308961811023621
21
1.3096605118110236
0
LINE
8
BLACK
6
CONTINUOUS
10
1.8308961811023621
20
1.3096605118110236
11
1.8283189370078741
21
1.3175924803149606
0
LINE
8
BLACK
6
CONTINUOUS
10
1.8283189370078741
20
1.3175924803149606
11
1.827014251968504
21
1.3258299212598426
0
LINE
8
BLACK
6
CONTINUOUS
10
1.827014251968504
20
1.3258299212598426
11
1.827014251968504
21
1.3341700787401574
0
LINE
8
BLACK
6
CONTINUOUS
10
1.827014251968504
20
1.3341700787401574
11
1.8283189370078741
21
1.3424075196850394
0
LINE
8
BLACK
6
CONTINUOUS
10
1.8283189370078741
20
1.3424075196850394
11
1.8308961811023621
21
1.3503394881889763
0
LINE
8
BLACK
6
CONTINUOUS
10
1.8308961811023621
20
1.3503394881889763
11
1.8346825196850394
21
1.357770590551181
0
LINE
8
BLACK
6
CONTINUOUS
10
1.8346825196850394
20
1.357770590551181
11
1.8395847244094488
21
1.3645179133858267
0
LINE
8
BLACK
6
CONTINUOUS
10
1.8395847244094488
20
1.3645179133858267
11
1.8454820866141732
21
1.3704152755905512
0
LINE
8
BLACK
6
CONTINUOUS
10
1.8454820866141732
20
1.3704152755905512
11
1.8522294094488188
21
1.3753174803149606
0
LINE
8
BLACK
6
CONTINUOUS
10
1.8522294094488188
20
1.3753174803149606
11
1.8596605118110237
21
1.3791038188976377
0
LINE
8
BLACK
6
CONTINUOUS
10
1.8596605118110237
20
1.3791038188976377
11
1.8675924803149606
21
1.3816810629921259
0
LINE
8
BLACK
6
CONTINUOUS
10
1.8675924803149606
20
1.3816810629921259
11
1.8758299212598424
21
1.382985748031496
0
LINE
8
BLACK
6
CONTINUOUS
10
1.8758299212598424
20
1.382985748031496
11
1.8841700787401574
21
1.382985748031496
0
LINE
8
BLACK
6
CONTINUOUS
10
1.8841700787401574
20
1.382985748031496
11
1.8924075196850394
21
1.3816810629921259
0
LINE
8
BLACK
6
CONTINUOUS
10
2.4444291338582675
20
1.2859055118110236
11
2.4443716535433069
21
1.2859055118110236
0
LINE
8
BLACK
6
CONTINUOUS
10
2.4443716535433069
20
1.2859055118110236
11
2.4439478346456691
21
1.2831948425196851
0
LINE
8
BLACK
6
CONTINUOUS
10
2.4439478346456691
20
1.2831948425196851
11
2.4423477952755905
21
1.280572125984252
0
LINE
8
BLACK
6
CONTINUOUS
10
2.4423477952755905
20
1.280572125984252
11
2.4398658267716535
21
1.278761338582677
0
LINE
8
BLACK
6
CONTINUOUS
10
2.4398658267716535
20
1.278761338582677
11
2.4368798818897637
21
1.2780381889763779
0
LINE
8
BLACK
6
CONTINUOUS
10
2.4368798818897637
20
1.2780381889763779
11
2.4338444488188977
21
1.2785127952755906
0
LINE
8
BLACK
6
CONTINUOUS
10
2.4338444488188977
20
1.2785127952755906
11
2.4338444488188977
21
1.2785127559055118
0
LINE
8
BLACK
6
CONTINUOUS
10
2.4338444488188977
20
1.2785127559055118
11
2.4302133464566928
21
1.2798427165354331
0
LINE
8
BLACK
6
CONTINUOUS
10
2.4302133464566928
20
1.2798427165354331
11
2.4226511023622046
21
1.2814634251968504
0
LINE
8
BLACK
6
CONTINUOUS
10
2.4226511023622046
20
1.2814634251968504
11
2.4149365354330707
21
1.2820105118110237
0
LINE
8
BLACK
6
CONTINUOUS
10
2.4149365354330707
20
1.2820105118110237
11
2.4072212598425198
21
1.281473188976378
0
LINE
8
BLACK
6
CONTINUOUS
10
2.4072212598425198
20
1.281473188976378
11
2.3996569291338581
21
1.2798620866141732
0
LINE
8
BLACK
6
CONTINUOUS
10
2.3996569291338581
20
1.2798620866141732
11
2.3960241732283465
21
1.2785367322834644
0
LINE
8
BLACK
6
CONTINUOUS
10
2.3960241732283465
20
1.2785367322834644
11
2.3960241732283465
21
1.2785367716535432
0
LINE
8
BLACK
6
CONTINUOUS
10
2.3960241732283465
20
1.2785367716535432
11
2.3929881496062992
21
1.2780660236220471
0
LINE
8
BLACK
6
CONTINUOUS
10
2.3929881496062992
20
1.2780660236220471
11
2.3900031102362203
21
1.2787929527559054
0
LINE
8
BLACK
6
CONTINUOUS
10
2.3900031102362203
20
1.2787929527559054
11
2.3875234645669292
21
1.2806068503937007
0
LINE
8
BLACK
6
CONTINUOUS
10
2.3875234645669292
20
1.2806068503937007
11
2.3859267322834645
21
1.2832316141732283
0
LINE
8
BLACK
6
CONTINUOUS
10
2.3859267322834645
20
1.2832316141732283
11
2.3855121653543305
21
1.2859055118110236
0
LINE
8
BLACK
6
CONTINUOUS
10
2.3855121653543305
20
1.2859055118110236
11
2.3853740157480314
21
1.2859055118110236
0
LINE
8
BLACK
6
CONTINUOUS
10
2.3853740157480314
20
1.2859055118110236
11
2.3853740157480314
21
1.3272440944881889
0
LINE
8
BLACK
6
CONTINUOUS
10
2.3853740157480314
20
1.3272440944881889
11
2.4444291338582675
21
1.3272440944881889
0
LINE
8
BLACK
6
CONTINUOUS
10
2.4444291338582675
20
1.3272440944881889
11
2.4444291338582675
21
1.2859055118110236
0
LINE
8
BLACK
6
CONTINUOUS
10
1.8209448818897638
20
1.3594700787401575
11
1.8236555511811023
21
1.3590462598425197
0
LINE
8
BLACK
6
CONTINUOUS
10
1.8236555511811023
20
1.3590462598425197
11
1.8262782677165355
21
1.3574462204724409
0
LINE
8
BLACK
6
CONTINUOUS
10
1.8262782677165355
20
1.3574462204724409
11
1.8280890551181102
21
1.3549642519685039
0
LINE
8
BLACK
6
CONTINUOUS
10
1.8280890551181102
20
1.3549642519685039
11
1.8288122047244093
21
1.351978307086614
0
LINE
8
BLACK
6
CONTINUOUS
10
1.8288122047244093
20
1.351978307086614
11
1.8283375984251968
21
1.3489428740157481
0
LINE
8
BLACK
6
CONTINUOUS
10
1.8283375984251968
20
1.3489428740157481
11
1.8283376377952756
21
1.3489428740157481
0
LINE
8
BLACK
6
CONTINUOUS
10
1.8283376377952756
20
1.3489428740157481
11
1.8270076771653543
21
1.3453117716535432
0
LINE
8
BLACK
6
CONTINUOUS
10
1.8270076771653543
20
1.3453117716535432
11
1.825386968503937
21
1.3377495275590552
0
LINE
8
BLACK
6
CONTINUOUS
10
1.825386968503937
20
1.3377495275590552
11
1.8248398818897638
21
1.3300349606299213
0
LINE
8
BLACK
6
CONTINUOUS
10
1.8248398818897638
20
1.3300349606299213
11
1.8253772047244095
21
1.3223196850393701
0
LINE
8
BLACK
6
CONTINUOUS
10
1.8253772047244095
20
1.3223196850393701
11
1.8269883070866142
21
1.3147553543307087
0
LINE
8
BLACK
6
CONTINUOUS
10
1.8269883070866142
20
1.3147553543307087
11
1.8283136614173228
21
1.3111225984251969
0
LINE
8
BLACK
6
CONTINUOUS
10
1.8283136614173228
20
1.3111225984251969
11
1.828313622047244
21
1.3111225984251969
0
LINE
8
BLACK
6
CONTINUOUS
10
1.828313622047244
20
1.3111225984251969
11
1.8287843700787401
21
1.3080865748031496
0
LINE
8
BLACK
6
CONTINUOUS
10
1.8287843700787401
20
1.3080865748031496
11
1.8280574409448818
21
1.3051015354330708
0
LINE
8
BLACK
6
CONTINUOUS
10
1.8280574409448818
20
1.3051015354330708
11
1.8262435433070865
21
1.3026218897637796
0
LINE
8
BLACK
6
CONTINUOUS
10
1.8262435433070865
20
1.3026218897637796
11
1.8236187795275589
21
1.3010251574803149
0
LINE
8
BLACK
6
CONTINUOUS
10
1.8236187795275589
20
1.3010251574803149
11
1.8209448818897638
21
1.3006105905511811
0
LINE
8
BLACK
6
CONTINUOUS
10
1.8209448818897638
20
1.3006105905511811
11
1.8209448818897638
21
1.3004724409448818
0
LINE
8
BLACK
6
CONTINUOUS
10
1.8209448818897638
20
1.3004724409448818
11
1.7796062992125983
21
1.3004724409448818
0
LINE
8
BLACK
6
CONTINUOUS
10
1.7796062992125983
20
1.3004724409448818
11
1.7796062992125983
21
1.3595275590551181
0
LINE
8
BLACK
6
CONTINUOUS
10
1.7796062992125983
20
1.3595275590551181
11
1.8209448818897638
21
1.3595275590551181
0
LINE
8
BLACK
6
CONTINUOUS
10
1.8209448818897638
20
1.3595275590551181
11
1.8209448818897638
21
1.3594700787401575
0
LINE
8
BLACK
6
CONTINUOUS
10
1.9803937007874015
20
1.3004724409448818
11
1.9390551181102362
21
1.3004724409448818
0
LINE
8
BLACK
6
CONTINUOUS
10
1.9390551181102362
20
1.3004724409448818
11
1.9390551181102362
21
1.3005299212598425
0
LINE
8
BLACK
6
CONTINUOUS
10
1.9390551181102362
20
1.3005299212598425
11
1.9363444488188977
21
1.3009537401574802
0
LINE
8
BLACK
6
CONTINUOUS
10
1.9363444488188977
20
1.3009537401574802
11
1.9337217322834646
21
1.302553779527559
0
LINE
8
BLACK
6
CONTINUOUS
10
1.9337217322834646
20
1.302553779527559
11
1.9319109448818896
21
1.305035748031496
0
LINE
8
BLACK
6
CONTINUOUS
10
1.9319109448818896
20
1.305035748031496
11
1.9311877952755905
21
1.3080216929133859
0
LINE
8
BLACK
6
CONTINUOUS
10
1.9311877952755905
20
1.3080216929133859
11
1.9316624015748032
21
1.3110571259842518
0
LINE
8
BLACK
6
CONTINUOUS
10
1.9316624015748032
20
1.3110571259842518
11
1.9316623622047244
21
1.3110571259842518
0
LINE
8
BLACK
6
CONTINUOUS
10
1.9316623622047244
20
1.3110571259842518
11
1.9329923228346457
21
1.3146882283464567
0
LINE
8
BLACK
6
CONTINUOUS
10
1.9329923228346457
20
1.3146882283464567
11
1.934613031496063
21
1.322250472440945
0
LINE
8
BLACK
6
CONTINUOUS
10
1.934613031496063
20
1.322250472440945
11
1.9351601181102362
21
1.3299650393700788
0
LINE
8
BLACK
6
CONTINUOUS
10
1.9351601181102362
20
1.3299650393700788
11
1.9346227952755906
21
1.33768031496063
0
LINE
8
BLACK
6
CONTINUOUS
10
1.9346227952755906
20
1.33768031496063
11
1.9330116929133858
21
1.3452446456692913
0
LINE
8
BLACK
6
CONTINUOUS
10
1.9330116929133858
20
1.3452446456692913
11
1.931686338582677
21
1.3488774015748031
0
LINE
8
BLACK
6
CONTINUOUS
10
1.931686338582677
20
1.3488774015748031
11
1.9316863779527558
21
1.3488774015748031
0
LINE
8
BLACK
6
CONTINUOUS
10
1.9316863779527558
20
1.3488774015748031
11
1.9312156299212597
21
1.3519134251968503
0
LINE
8
BLACK
6
CONTINUOUS
10
1.9312156299212597
20
1.3519134251968503
11
1.931942559055118
21
1.3548984645669291
0
LINE
8
BLACK
6
CONTINUOUS
10
1.931942559055118
20
1.3548984645669291
11
1.9337564566929133
21
1.3573781102362203
0
LINE
8
BLACK
6
CONTINUOUS
10
1.9337564566929133
20
1.3573781102362203
11
1.9363812204724409
21
1.358974842519685
0
LINE
8
BLACK
6
CONTINUOUS
10
1.9363812204724409
20
1.358974842519685
11
1.9390551181102362
21
1.3593894094488188
0
LINE
8
BLACK
6
CONTINUOUS
10
1.9390551181102362
20
1.3593894094488188
11
1.9390551181102362
21
1.3595275590551181
0
LINE
8
BLACK
6
CONTINUOUS
10
1.9390551181102362
20
1.3595275590551181
11
1.9803937007874015
21
1.3595275590551181
0
LINE
8
BLACK
6
CONTINUOUS
10
1.9803937007874015
20
1.3595275590551181
11
1.9803937007874015
21
1.3004724409448818
0
LINE
8
BLACK
6
CONTINUOUS
10
2.0674999999999999
20
1.3029167322834645
11
2.0124999999999997
21
1.3029167322834645
0
LINE
8
BLACK
6
CONTINUOUS
10
2.0124999999999997
20
1.3029167322834645
11
2.0124999999999997
21
1.3379167322834646
0
LINE
8
BLACK
6
CONTINUOUS
10
2.0124999999999997
20
1.3379167322834646
11
2.0674999999999999
21
1.3379167322834646
0
LINE
8
BLACK
6
CONTINUOUS
10
2.0674999999999999
20
1.3379167322834646
11
2.0674999999999999
21
1.3029167322834645
0
LINE
8
BLACK
6
CONTINUOUS
10
2.6607086614173228
20
1.3349212598425197
11
2.5107086614173229
21
1.3349212598425197
0
LINE
8
BLACK
6
CONTINUOUS
10
2.5107086614173229
20
1.3349212598425197
11
2.5107086614173229
21
1.4849212598425197
0
LINE
8
BLACK
6
CONTINUOUS
10
2.5107086614173229
20
1.4849212598425197
11
2.6607086614173228
21
1.4849212598425197
0
LINE
8
BLACK
6
CONTINUOUS
10
2.6607086614173228
20
1.4849212598425197
11
2.6607086614173228
21
1.3349212598425197
0
LINE
8
BLACK
6
CONTINUOUS
10
2.8575590551181103
20
1.3349212598425197
11
2.7075590551181103
21
1.3349212598425197
0
LINE
8
BLACK
6
CONTINUOUS
10
2.7075590551181103
20
1.3349212598425197
11
2.7075590551181103
21
1.4849212598425197
0
LINE
8
BLACK
6
CONTINUOUS
10
2.7075590551181103
20
1.4849212598425197
11
2.8575590551181103
21
1.4849212598425197
0
LINE
8
BLACK
6
CONTINUOUS
10
2.8575590551181103
20
1.4849212598425197
11
2.8575590551181103
21
1.3349212598425197
0
LINE
8
BLACK
6
CONTINUOUS
10
2.4424015748031493
20
1.3718503937007873
11
2.3874015748031496
21
1.3718503937007873
0
LINE
8
BLACK
6
CONTINUOUS
10
2.3874015748031496
20
1.3718503937007873
11
2.3874015748031496
21
1.4068503937007875
0
LINE
8
BLACK
6
CONTINUOUS
10
2.3874015748031496
20
1.4068503937007875
11
2.4424015748031493
21
1.4068503937007875
0
LINE
8
BLACK
6
CONTINUOUS
10
2.4424015748031493
20
1.4068503937007875
11
2.4424015748031493
21
1.3718503937007873
0
LINE
8
BLACK
6
CONTINUOUS
10
2.0674999999999999
20
1.3779167322834645
11
2.0124999999999997
21
1.3779167322834645
0
LINE
8
BLACK
6
CONTINUOUS
10
2.0124999999999997
20
1.3779167322834645
11
2.0124999999999997
21
1.4129167322834646
0
LINE
8
BLACK
6
CONTINUOUS
10
2.0124999999999997
20
1.4129167322834646
11
2.0674999999999999
21
1.4129167322834646
0
LINE
8
BLACK
6
CONTINUOUS
10
2.0674999999999999
20
1.4129167322834646
11
2.0674999999999999
21
1.3779167322834645
0
LINE
8
BLACK
6
CONTINUOUS
10
1.3496115748031496
20
1.4998899212598424
11
1.3566622047244095
21
1.4975990157480314
0
LINE
8
BLACK
6
CONTINUOUS
10
1.3566622047244095
20
1.4975990157480314
11
1.3632676377952755
21
1.4942333858267716
0
LINE
8
BLACK
6
CONTINUOUS
10
1.3632676377952755
20
1.4942333858267716
11
1.3692652755905512
21
1.4898758661417322
0
LINE
8
BLACK
6
CONTINUOUS
10
1.3692652755905512
20
1.4898758661417322
11
1.3745073622047244
21
1.484633779527559
0
LINE
8
BLACK
6
CONTINUOUS
10
1.3745073622047244
20
1.484633779527559
11
1.3788648818897637
21
1.4786361417322835
0
LINE
8
BLACK
6
CONTINUOUS
10
1.3788648818897637
20
1.4786361417322835
11
1.3822305118110236
21
1.4720307086614173
0
LINE
8
BLACK
6
CONTINUOUS
10
1.3822305118110236
20
1.4720307086614173
11
1.3845214173228346
21
1.4649800787401575
0
LINE
8
BLACK
6
CONTINUOUS
10
1.3845214173228346
20
1.4649800787401575
11
1.3856811417322834
21
1.4576579133858267
0
LINE
8
BLACK
6
CONTINUOUS
10
1.3856811417322834
20
1.4576579133858267
11
1.3856811417322834
21
1.4502444488188977
0
LINE
8
BLACK
6
CONTINUOUS
10
1.3856811417322834
20
1.4502444488188977
11
1.3845214173228346
21
1.442922283464567
0
LINE
8
BLACK
6
CONTINUOUS
10
1.3845214173228346
20
1.442922283464567
11
1.3822305118110236
21
1.4358716535433071
0
LINE
8
BLACK
6
CONTINUOUS
10
1.3822305118110236
20
1.4358716535433071
11
1.3788648818897637
21
1.4292662204724409
0
LINE
8
BLACK
6
CONTINUOUS
10
1.3788648818897637
20
1.4292662204724409
11
1.3745073622047244
21
1.4232685826771654
0
LINE
8
BLACK
6
CONTINUOUS
10
1.3745073622047244
20
1.4232685826771654
11
1.3692652755905512
21
1.418026496062992
0
LINE
8
BLACK
6
CONTINUOUS
10
1.3692652755905512
20
1.418026496062992
11
1.3632676377952755
21
1.4136689763779526
0
LINE
8
BLACK
6
CONTINUOUS
10
1.3632676377952755
20
1.4136689763779526
11
1.3566622047244095
21
1.410303346456693
0
LINE
8
BLACK
6
CONTINUOUS
10
1.3566622047244095
20
1.410303346456693
11
1.3496115748031496
21
1.4080124409448818
0
LINE
8
BLACK
6
CONTINUOUS
10
1.3496115748031496
20
1.4080124409448818
11
1.3422894094488189
21
1.406852716535433
0
LINE
8
BLACK
6
CONTINUOUS
10
1.3422894094488189
20
1.406852716535433
11
1.3348759448818897
21
1.406852716535433
0
LINE
8
BLACK
6
CONTINUOUS
10
1.3348759448818897
20
1.406852716535433
11
1.3275537795275589
21
1.4080124409448818
0
LINE
8
BLACK
6
CONTINUOUS
10
1.3275537795275589
20
1.4080124409448818
11
1.3205031496062991
21
1.410303346456693
0
LINE
8
BLACK
6
CONTINUOUS
10
1.3205031496062991
20
1.410303346456693
11
1.3138977165354331
21
1.4136689763779526
0
LINE
8
BLACK
6
CONTINUOUS
10
1.3138977165354331
20
1.4136689763779526
11
1.3079000787401573
21
1.418026496062992
0
LINE
8
BLACK
6
CONTINUOUS
10
1.3079000787401573
20
1.418026496062992
11
1.3026579921259842
21
1.4232685826771654
0
LINE
8
BLACK
6
CONTINUOUS
10
1.3026579921259842
20
1.4232685826771654
11
1.2983004724409448
21
1.4292662204724409
0
LINE
8
BLACK
6
CONTINUOUS
10
1.2983004724409448
20
1.4292662204724409
11
1.2949348425196849
21
1.4358716535433071
0
LINE
8
BLACK
6
CONTINUOUS
10
1.2949348425196849
20
1.4358716535433071
11
1.2926439370078739
21
1.442922283464567
0
LINE
8
BLACK
6
CONTINUOUS
10
1.2926439370078739
20
1.442922283464567
11
1.2914842125984252
21
1.4502444488188977
0
LINE
8
BLACK
6
CONTINUOUS
10
1.2914842125984252
20
1.4502444488188977
11
1.2914842125984252
21
1.4576579133858267
0
LINE
8
BLACK
6
CONTINUOUS
10
1.2914842125984252
20
1.4576579133858267
11
1.2926439370078739
21
1.4649800787401575
0
LINE
8
BLACK
6
CONTINUOUS
10
1.2926439370078739
20
1.4649800787401575
11
1.2949348425196849
21
1.4720307086614173
0
LINE
8
BLACK
6
CONTINUOUS
10
1.2949348425196849
20
1.4720307086614173
11
1.2983004724409448
21
1.4786361417322835
0
LINE
8
BLACK
6
CONTINUOUS
10
1.2983004724409448
20
1.4786361417322835
11
1.3026579921259842
21
1.484633779527559
0
LINE
8
BLACK
6
CONTINUOUS
10
1.3026579921259842
20
1.484633779527559
11
1.3079000787401573
21
1.4898758661417322
0
LINE
8
BLACK
6
CONTINUOUS
10
1.3079000787401573
20
1.4898758661417322
11
1.3138977165354331
21
1.4942333858267716
0
LINE
8
BLACK
6
CONTINUOUS
10
1.3138977165354331
20
1.4942333858267716
11
1.3205031496062991
21
1.4975990157480314
0
LINE
8
BLACK
6
CONTINUOUS
10
1.3205031496062991
20
1.4975990157480314
11
1.3275537795275589
21
1.4998899212598424
0
LINE
8
BLACK
6
CONTINUOUS
10
1.3275537795275589
20
1.4998899212598424
11
1.3348759448818897
21
1.5010496456692912
0
LINE
8
BLACK
6
CONTINUOUS
10
1.3348759448818897
20
1.5010496456692912
11
1.3422894094488189
21
1.5010496456692912
0
LINE
8
BLACK
6
CONTINUOUS
10
1.3422894094488189
20
1.5010496456692912
11
1.3496115748031496
21
1.4998899212598424
0
LINE
8
BLACK
6
CONTINUOUS
10
1.5464619685039369
20
1.4998899212598424
11
1.5535125984251967
21
1.4975990157480314
0
LINE
8
BLACK
6
CONTINUOUS
10
1.5535125984251967
20
1.4975990157480314
11
1.560118031496063
21
1.4942333858267716
0
LINE
8
BLACK
6
CONTINUOUS
10
1.560118031496063
20
1.4942333858267716
11
1.5661156692913385
21
1.4898758661417322
0
LINE
8
BLACK
6
CONTINUOUS
10
1.5661156692913385
20
1.4898758661417322
11
1.5713577559055119
21
1.484633779527559
0
LINE
8
BLACK
6
CONTINUOUS
10
1.5713577559055119
20
1.484633779527559
11
1.5757152755905512
21
1.4786361417322835
0
LINE
8
BLACK
6
CONTINUOUS
10
1.5757152755905512
20
1.4786361417322835
11
1.5790809055118109
21
1.4720307086614173
0
LINE
8
BLACK
6
CONTINUOUS
10
1.5790809055118109
20
1.4720307086614173
11
1.5813718110236221
21
1.4649800787401575
0
LINE
8
BLACK
6
CONTINUOUS
10
1.5813718110236221
20
1.4649800787401575
11
1.5825315354330709
21
1.4576579133858267
0
LINE
8
BLACK
6
CONTINUOUS
10
1.5825315354330709
20
1.4576579133858267
11
1.5825315354330709
21
1.4502444488188977
0
LINE
8
BLACK
6
CONTINUOUS
10
1.5825315354330709
20
1.4502444488188977
11
1.5813718110236221
21
1.442922283464567
0
LINE
8
BLACK
6
CONTINUOUS
10
1.5813718110236221
20
1.442922283464567
11
1.5790809055118109
21
1.4358716535433071
0
LINE
8
BLACK
6
CONTINUOUS
10
1.5790809055118109
20
1.4358716535433071
11
1.5757152755905512
21
1.4292662204724409
0
LINE
8
BLACK
6
CONTINUOUS
10
1.5757152755905512
20
1.4292662204724409
11
1.5713577559055119
21
1.4232685826771654
0
LINE
8
BLACK
6
CONTINUOUS
10
1.5713577559055119
20
1.4232685826771654
11
1.5661156692913385
21
1.418026496062992
0
LINE
8
BLACK
6
CONTINUOUS
10
1.5661156692913385
20
1.418026496062992
11
1.560118031496063
21
1.4136689763779526
0
LINE
8
BLACK
6
CONTINUOUS
10
1.560118031496063
20
1.4136689763779526
11
1.5535125984251967
21
1.410303346456693
0
LINE
8
BLACK
6
CONTINUOUS
10
1.5535125984251967
20
1.410303346456693
11
1.5464619685039369
21
1.4080124409448818
0
LINE
8
BLACK
6
CONTINUOUS
10
1.5464619685039369
20
1.4080124409448818
11
1.5391398031496062
21
1.406852716535433
0
LINE
8
BLACK
6
CONTINUOUS
10
1.5391398031496062
20
1.406852716535433
11
1.5317263385826771
21
1.406852716535433
0
LINE
8
BLACK
6
CONTINUOUS
10
1.5317263385826771
20
1.406852716535433
11
1.5244041732283464
21
1.4080124409448818
0
LINE
8
BLACK
6
CONTINUOUS
10
1.5244041732283464
20
1.4080124409448818
11
1.5173535433070866
21
1.410303346456693
0
LINE
8
BLACK
6
CONTINUOUS
10
1.5173535433070866
20
1.410303346456693
11
1.5107481102362204
21
1.4136689763779526
0
LINE
8
BLACK
6
CONTINUOUS
10
1.5107481102362204
20
1.4136689763779526
11
1.5047504724409448
21
1.418026496062992
0
LINE
8
BLACK
6
CONTINUOUS
10
1.5047504724409448
20
1.418026496062992
11
1.4995083858267717
21
1.4232685826771654
0
LINE
8
BLACK
6
CONTINUOUS
10
1.4995083858267717
20
1.4232685826771654
11
1.4951508661417323
21
1.4292662204724409
0
LINE
8
BLACK
6
CONTINUOUS
10
1.4951508661417323
20
1.4292662204724409
11
1.4917852362204724
21
1.4358716535433071
0
LINE
8
BLACK
6
CONTINUOUS
10
1.4917852362204724
20
1.4358716535433071
11
1.4894943307086614
21
1.442922283464567
0
LINE
8
BLACK
6
CONTINUOUS
10
1.4894943307086614
20
1.442922283464567
11
1.4883346062992127
21
1.4502444488188977
0
LINE
8
BLACK
6
CONTINUOUS
10
1.4883346062992127
20
1.4502444488188977
11
1.4883346062992127
21
1.4576579133858267
0
LINE
8
BLACK
6
CONTINUOUS
10
1.4883346062992127
20
1.4576579133858267
11
1.4894943307086614
21
1.4649800787401575
0
LINE
8
BLACK
6
CONTINUOUS
10
1.4894943307086614
20
1.4649800787401575
11
1.4917852362204724
21
1.4720307086614173
0
LINE
8
BLACK
6
CONTINUOUS
10
1.4917852362204724
20
1.4720307086614173
11
1.4951508661417323
21
1.4786361417322835
0
LINE
8
BLACK
6
CONTINUOUS
10
1.4951508661417323
20
1.4786361417322835
11
1.4995083858267717
21
1.484633779527559
0
LINE
8
BLACK
6
CONTINUOUS
10
1.4995083858267717
20
1.484633779527559
11
1.5047504724409448
21
1.4898758661417322
0
LINE
8
BLACK
6
CONTINUOUS
10
1.5047504724409448
20
1.4898758661417322
11
1.5107481102362204
21
1.4942333858267716
0
LINE
8
BLACK
6
CONTINUOUS
10
1.5107481102362204
20
1.4942333858267716
11
1.5173535433070866
21
1.4975990157480314
0
LINE
8
BLACK
6
CONTINUOUS
10
1.5173535433070866
20
1.4975990157480314
11
1.5244041732283464
21
1.4998899212598424
0
LINE
8
BLACK
6
CONTINUOUS
10
1.5244041732283464
20
1.4998899212598424
11
1.5317263385826771
21
1.5010496456692912
0
LINE
8
BLACK
6
CONTINUOUS
10
1.5317263385826771
20
1.5010496456692912
11
1.5391398031496062
21
1.5010496456692912
0
LINE
8
BLACK
6
CONTINUOUS
10
1.5391398031496062
20
1.5010496456692912
11
1.5464619685039369
21
1.4998899212598424
0
LINE
8
BLACK
6
CONTINUOUS
10
0.5052401574803149
20
1.4424803149606298
11
0.355240157480315
21
1.4424803149606298
0
LINE
8
BLACK
6
CONTINUOUS
10
0.355240157480315
20
1.4424803149606298
11
0.355240157480315
21
1.5924803149606299
0
LINE
8
BLACK
6
CONTINUOUS
10
0.355240157480315
20
1.5924803149606299
11
0.5052401574803149
21
1.5924803149606299
0
LINE
8
BLACK
6
CONTINUOUS
10
0.5052401574803149
20
1.5924803149606299
11
0.5052401574803149
21
1.4424803149606298
0
LINE
8
BLACK
6
CONTINUOUS
10
0.7020905511811023
20
1.4424803149606298
11
0.5520905511811024
21
1.4424803149606298
0
LINE
8
BLACK
6
CONTINUOUS
10
0.5520905511811024
20
1.4424803149606298
11
0.5520905511811024
21
1.5924803149606299
0
LINE
8
BLACK
6
CONTINUOUS
10
0.5520905511811024
20
1.5924803149606299
11
0.7020905511811023
21
1.5924803149606299
0
LINE
8
BLACK
6
CONTINUOUS
10
0.7020905511811023
20
1.5924803149606299
11
0.7020905511811023
21
1.4424803149606298
0
LINE
8
BLACK
6
CONTINUOUS
10
2.4424015748031493
20
1.4468503937007873
11
2.3874015748031496
21
1.4468503937007873
0
LINE
8
BLACK
6
CONTINUOUS
10
2.3874015748031496
20
1.4468503937007873
11
2.3874015748031496
21
1.4818503937007874
0
LINE
8
BLACK
6
CONTINUOUS
10
2.3874015748031496
20
1.4818503937007874
11
2.4424015748031493
21
1.4818503937007874
0
LINE
8
BLACK
6
CONTINUOUS
10
2.4424015748031493
20
1.4818503937007874
11
2.4424015748031493
21
1.4468503937007873
0
LINE
8
BLACK
6
CONTINUOUS
10
1.8653543307086613
20
1.4590683070866142
11
1.7866141732283465
21
1.4590683070866142
0
LINE
8
BLACK
6
CONTINUOUS
10
1.7866141732283465
20
1.4590683070866142
11
1.7866141732283465
21
1.484265157480315
0
LINE
8
BLACK
6
CONTINUOUS
10
1.7866141732283465
20
1.484265157480315
11
1.8653543307086613
21
1.484265157480315
0
LINE
8
BLACK
6
CONTINUOUS
10
1.8653543307086613
20
1.484265157480315
11
1.8653543307086613
21
1.4590683070866142
0
LINE
8
BLACK
6
CONTINUOUS
10
2.1133858267716534
20
1.4590683070866142
11
2.0346456692913386
21
1.4590683070866142
0
LINE
8
BLACK
6
CONTINUOUS
10
2.0346456692913386
20
1.4590683070866142
11
2.0346456692913386
21
1.484265157480315
0
LINE
8
BLACK
6
CONTINUOUS
10
2.0346456692913386
20
1.484265157480315
11
2.1133858267716534
21
1.484265157480315
0
LINE
8
BLACK
6
CONTINUOUS
10
2.1133858267716534
20
1.484265157480315
11
2.1133858267716534
21
1.4590683070866142
0
LINE
8
BLACK
6
CONTINUOUS
10
1.8653543307086613
20
1.559068307086614
11
1.7866141732283465
21
1.559068307086614
0
LINE
8
BLACK
6
CONTINUOUS
10
1.7866141732283465
20
1.559068307086614
11
1.7866141732283465
21
1.5842651574803148
0
LINE
8
BLACK
6
CONTINUOUS
10
1.7866141732283465
20
1.5842651574803148
11
1.8653543307086613
21
1.5842651574803148
0
LINE
8
BLACK
6
CONTINUOUS
10
1.8653543307086613
20
1.5842651574803148
11
1.8653543307086613
21
1.559068307086614
0
LINE
8
BLACK
6
CONTINUOUS
10
2.1133858267716534
20
1.559068307086614
11
2.0346456692913386
21
1.559068307086614
0
LINE
8
BLACK
6
CONTINUOUS
10
2.0346456692913386
20
1.559068307086614
11
2.0346456692913386
21
1.5842651574803148
0
LINE
8
BLACK
6
CONTINUOUS
10
2.0346456692913386
20
1.5842651574803148
11
2.1133858267716534
21
1.5842651574803148
0
LINE
8
BLACK
6
CONTINUOUS
10
2.1133858267716534
20
1.5842651574803148
11
2.1133858267716534
21
1.559068307086614
0
LINE
8
BLACK
6
CONTINUOUS
10
0.5052401574803149
20
1.6393307086614173
11
0.355240157480315
21
1.6393307086614173
0
LINE
8
BLACK
6
CONTINUOUS
10
0.355240157480315
20
1.6393307086614173
11
0.355240157480315
21
1.7893307086614172
0
LINE
8
BLACK
6
CONTINUOUS
10
0.355240157480315
20
1.7893307086614172
11
0.5052401574803149
21
1.7893307086614172
0
LINE
8
BLACK
6
CONTINUOUS
10
0.5052401574803149
20
1.7893307086614172
11
0.5052401574803149
21
1.6393307086614173
0
LINE
8
BLACK
6
CONTINUOUS
10
0.7020905511811023
20
1.6393307086614173
11
0.5520905511811024
21
1.6393307086614173
0
LINE
8
BLACK
6
CONTINUOUS
10
0.5520905511811024
20
1.6393307086614173
11
0.5520905511811024
21
1.7893307086614172
0
LINE
8
BLACK
6
CONTINUOUS
10
0.5520905511811024
20
1.7893307086614172
11
0.7020905511811023
21
1.7893307086614172
0
LINE
8
BLACK
6
CONTINUOUS
10
0.7020905511811023
20
1.7893307086614172
11
0.7020905511811023
21
1.6393307086614173
0
LINE
8
BLACK
6
CONTINUOUS
10
2.5866141732283463
20
1.6574803149606299
11
2.4527559055118111
21
1.6574803149606299
0
LINE
8
BLACK
6
CONTINUOUS
10
2.4527559055118111
20
1.6574803149606299
11
2.4527559055118111
21
1.7322834645669292
0
LINE
8
BLACK
6
CONTINUOUS
10
2.4527559055118111
20
1.7322834645669292
11
2.5866141732283463
21
1.7322834645669292
0
LINE
8
BLACK
6
CONTINUOUS
10
2.5866141732283463
20
1.7322834645669292
11
2.5866141732283463
21
1.6574803149606299
0
LINE
8
BLACK
6
CONTINUOUS
10
2.8622047244094486
20
1.6574803149606299
11
2.7283464566929134
21
1.6574803149606299
0
LINE
8
BLACK
6
CONTINUOUS
10
2.7283464566929134
20
1.6574803149606299
11
2.7283464566929134
21
1.7322834645669292
0
LINE
8
BLACK
6
CONTINUOUS
10
2.7283464566929134
20
1.7322834645669292
11
2.8622047244094486
21
1.7322834645669292
0
LINE
8
BLACK
6
CONTINUOUS
10
2.8622047244094486
20
1.7322834645669292
11
2.8622047244094486
21
1.6574803149606299
0
LINE
8
BLACK
6
CONTINUOUS
10
1.8924075196850394
20
1.801681062992126
11
1.9003394881889764
21
1.7991038188976378
0
LINE
8
BLACK
6
CONTINUOUS
10
1.9003394881889764
20
1.7991038188976378
11
1.907770590551181
21
1.7953174803149605
0
LINE
8
BLACK
6
CONTINUOUS
10
1.907770590551181
20
1.7953174803149605
11
1.9145179133858268
21
1.7904152755905511
0
LINE
8
BLACK
6
CONTINUOUS
10
1.9145179133858268
20
1.7904152755905511
11
1.920415275590551
21
1.7845179133858267
0
LINE
8
BLACK
6
CONTINUOUS
10
1.920415275590551
20
1.7845179133858267
11
1.9253174803149606
21
1.7777705905511811
0
LINE
8
BLACK
6
CONTINUOUS
10
1.9253174803149606
20
1.7777705905511811
11
1.9291038188976377
21
1.7703394881889762
0
LINE
8
BLACK
6
CONTINUOUS
10
1.9291038188976377
20
1.7703394881889762
11
1.9316810629921259
21
1.7624075196850393
0
LINE
8
BLACK
6
CONTINUOUS
10
1.9316810629921259
20
1.7624075196850393
11
1.932985748031496
21
1.7541700787401575
0
LINE
8
BLACK
6
CONTINUOUS
10
1.932985748031496
20
1.7541700787401575
11
1.932985748031496
21
1.7458299212598425
0
LINE
8
BLACK
6
CONTINUOUS
10
1.932985748031496
20
1.7458299212598425
11
1.9316810629921259
21
1.7375924803149605
0
LINE
8
BLACK
6
CONTINUOUS
10
1.9316810629921259
20
1.7375924803149605
11
1.9291038188976377
21
1.7296605118110235
0
LINE
8
BLACK
6
CONTINUOUS
10
1.9291038188976377
20
1.7296605118110235
11
1.9253174803149606
21
1.7222294094488189
0
LINE
8
BLACK
6
CONTINUOUS
10
1.9253174803149606
20
1.7222294094488189
11
1.920415275590551
21
1.7154820866141731
0
LINE
8
BLACK
6
CONTINUOUS
10
1.920415275590551
20
1.7154820866141731
11
1.9145179133858268
21
1.7095847244094489
0
LINE
8
BLACK
6
CONTINUOUS
10
1.9145179133858268
20
1.7095847244094489
11
1.907770590551181
21
1.7046825196850393
0
LINE
8
BLACK
6
CONTINUOUS
10
1.907770590551181
20
1.7046825196850393
11
1.9003394881889764
21
1.7008961811023622
0
LINE
8
BLACK
6
CONTINUOUS
10
1.9003394881889764
20
1.7008961811023622
11
1.8924075196850394
21
1.698318937007874
0
LINE
8
BLACK
6
CONTINUOUS
10
1.8924075196850394
20
1.698318937007874
11
1.8841700787401574
21
1.6970142519685039
0
LINE
8
BLACK
6
CONTINUOUS
10
1.8841700787401574
20
1.6970142519685039
11
1.8758299212598424
21
1.6970142519685039
0
LINE
8
BLACK
6
CONTINUOUS
10
1.8758299212598424
20
1.6970142519685039
11
1.8675924803149606
21
1.698318937007874
0
LINE
8
BLACK
6
CONTINUOUS
10
1.8675924803149606
20
1.698318937007874
11
1.8596605118110237
21
1.7008961811023622
0
LINE
8
BLACK
6
CONTINUOUS
10
1.8596605118110237
20
1.7008961811023622
11
1.8522294094488188
21
1.7046825196850393
0
LINE
8
BLACK
6
CONTINUOUS
10
1.8522294094488188
20
1.7046825196850393
11
1.8454820866141732
21
1.7095847244094489
0
LINE
8
BLACK
6
CONTINUOUS
10
1.8454820866141732
20
1.7095847244094489
11
1.8395847244094488
21
1.7154820866141731
0
LINE
8
BLACK
6
CONTINUOUS
10
1.8395847244094488
20
1.7154820866141731
11
1.8346825196850394
21
1.7222294094488189
0
LINE
8
BLACK
6
CONTINUOUS
10
1.8346825196850394
20
1.7222294094488189
11
1.8308961811023621
21
1.7296605118110235
0
LINE
8
BLACK
6
CONTINUOUS
10
1.8308961811023621
20
1.7296605118110235
11
1.8283189370078741
21
1.7375924803149605
0
LINE
8
BLACK
6
CONTINUOUS
10
1.8283189370078741
20
1.7375924803149605
11
1.827014251968504
21
1.7458299212598425
0
LINE
8
BLACK
6
CONTINUOUS
10
1.827014251968504
20
1.7458299212598425
11
1.827014251968504
21
1.7541700787401575
0
LINE
8
BLACK
6
CONTINUOUS
10
1.827014251968504
20
1.7541700787401575
11
1.8283189370078741
21
1.7624075196850393
0
LINE
8
BLACK
6
CONTINUOUS
10
1.8283189370078741
20
1.7624075196850393
11
1.8308961811023621
21
1.7703394881889762
0
LINE
8
BLACK
6
CONTINUOUS
10
1.8308961811023621
20
1.7703394881889762
11
1.8346825196850394
21
1.7777705905511811
0
LINE
8
BLACK
6
CONTINUOUS
10
1.8346825196850394
20
1.7777705905511811
11
1.8395847244094488
21
1.7845179133858267
0
LINE
8
BLACK
6
CONTINUOUS
10
1.8395847244094488
20
1.7845179133858267
11
1.8454820866141732
21
1.7904152755905511
0
LINE
8
BLACK
6
CONTINUOUS
10
1.8454820866141732
20
1.7904152755905511
11
1.8522294094488188
21
1.7953174803149605
0
LINE
8
BLACK
6
CONTINUOUS
10
1.8522294094488188
20
1.7953174803149605
11
1.8596605118110237
21
1.7991038188976378
0
LINE
8
BLACK
6
CONTINUOUS
10
1.8596605118110237
20
1.7991038188976378
11
1.8675924803149606
21
1.801681062992126
0
LINE
8
BLACK
6
CONTINUOUS
10
1.8675924803149606
20
1.801681062992126
11
1.8758299212598424
21
1.8029857480314959
0
LINE
8
BLACK
6
CONTINUOUS
10
1.8758299212598424
20
1.8029857480314959
11
1.8841700787401574
21
1.8029857480314959
0
LINE
8
BLACK
6
CONTINUOUS
10
1.8841700787401574
20
1.8029857480314959
11
1.8924075196850394
21
1.801681062992126
0
LINE
8
BLACK
6
CONTINUOUS
10
1.8209448818897638
20
1.7794700787401574
11
1.8236555511811023
21
1.7790462598425196
0
LINE
8
BLACK
6
CONTINUOUS
10
1.8236555511811023
20
1.7790462598425196
11
1.8262782677165355
21
1.7774462204724408
0
LINE
8
BLACK
6
CONTINUOUS
10
1.8262782677165355
20
1.7774462204724408
11
1.8280890551181102
21
1.7749642519685038
0
LINE
8
BLACK
6
CONTINUOUS
10
1.8280890551181102
20
1.7749642519685038
11
1.8288122047244093
21
1.7719783070866142
0
LINE
8
BLACK
6
CONTINUOUS
10
1.8288122047244093
20
1.7719783070866142
11
1.8283375984251968
21
1.768942874015748
0
LINE
8
BLACK
6
CONTINUOUS
10
1.8283375984251968
20
1.768942874015748
11
1.8283376377952756
21
1.768942874015748
0
LINE
8
BLACK
6
CONTINUOUS
10
1.8283376377952756
20
1.768942874015748
11
1.8270076771653543
21
1.7653117716535434
0
LINE
8
BLACK
6
CONTINUOUS
10
1.8270076771653543
20
1.7653117716535434
11
1.825386968503937
21
1.7577495275590551
0
LINE
8
BLACK
6
CONTINUOUS
10
1.825386968503937
20
1.7577495275590551
11
1.8248398818897638
21
1.7500349606299213
0
LINE
8
BLACK
6
CONTINUOUS
10
1.8248398818897638
20
1.7500349606299213
11
1.8253772047244095
21
1.7423196850393701
0
LINE
8
BLACK
6
CONTINUOUS
10
1.8253772047244095
20
1.7423196850393701
11
1.8269883070866142
21
1.7347553543307086
0
LINE
8
BLACK
6
CONTINUOUS
10
1.8269883070866142
20
1.7347553543307086
11
1.8283136614173228
21
1.7311225984251968
0
LINE
8
BLACK
6
CONTINUOUS
10
1.8283136614173228
20
1.7311225984251968
11
1.828313622047244
21
1.7311225984251968
0
LINE
8
BLACK
6
CONTINUOUS
10
1.828313622047244
20
1.7311225984251968
11
1.8287843700787401
21
1.7280865748031495
0
LINE
8
BLACK
6
CONTINUOUS
10
1.8287843700787401
20
1.7280865748031495
11
1.8280574409448818
21
1.7251015354330708
0
LINE
8
BLACK
6
CONTINUOUS
10
1.8280574409448818
20
1.7251015354330708
11
1.8262435433070865
21
1.7226218897637795
0
LINE
8
BLACK
6
CONTINUOUS
10
1.8262435433070865
20
1.7226218897637795
11
1.8236187795275589
21
1.7210251574803148
0
LINE
8
BLACK
6
CONTINUOUS
10
1.8236187795275589
20
1.7210251574803148
11
1.8209448818897638
21
1.720610590551181
0
LINE
8
BLACK
6
CONTINUOUS
10
1.8209448818897638
20
1.720610590551181
11
1.8209448818897638
21
1.7204724409448819
0
LINE
8
BLACK
6
CONTINUOUS
10
1.8209448818897638
20
1.7204724409448819
11
1.7796062992125983
21
1.7204724409448819
0
LINE
8
BLACK
6
CONTINUOUS
10
1.7796062992125983
20
1.7204724409448819
11
1.7796062992125983
21
1.7795275590551181
0
LINE
8
BLACK
6
CONTINUOUS
10
1.7796062992125983
20
1.7795275590551181
11
1.8209448818897638
21
1.7795275590551181
0
LINE
8
BLACK
6
CONTINUOUS
10
1.8209448818897638
20
1.7795275590551181
11
1.8209448818897638
21
1.7794700787401574
0
LINE
8
BLACK
6
CONTINUOUS
10
1.9803937007874015
20
1.7204724409448819
11
1.9390551181102362
21
1.7204724409448819
0
LINE
8
BLACK
6
CONTINUOUS
10
1.9390551181102362
20
1.7204724409448819
11
1.9390551181102362
21
1.7205299212598424
0
LINE
8
BLACK
6
CONTINUOUS
10
1.9390551181102362
20
1.7205299212598424
11
1.9363444488188977
21
1.7209537401574804
0
LINE
8
BLACK
6
CONTINUOUS
10
1.9363444488188977
20
1.7209537401574804
11
1.9337217322834646
21
1.7225537795275589
0
LINE
8
BLACK
6
CONTINUOUS
10
1.9337217322834646
20
1.7225537795275589
11
1.9319109448818896
21
1.725035748031496
0
LINE
8
BLACK
6
CONTINUOUS
10
1.9319109448818896
20
1.725035748031496
11
1.9311877952755905
21
1.7280216929133858
0
LINE
8
BLACK
6
CONTINUOUS
10
1.9311877952755905
20
1.7280216929133858
11
1.9316624015748032
21
1.731057125984252
0
LINE
8
BLACK
6
CONTINUOUS
10
1.9316624015748032
20
1.731057125984252
11
1.9316623622047244
21
1.731057125984252
0
LINE
8
BLACK
6
CONTINUOUS
10
1.9316623622047244
20
1.731057125984252
11
1.9329923228346457
21
1.7346882283464566
0
LINE
8
BLACK
6
CONTINUOUS
10
1.9329923228346457
20
1.7346882283464566
11
1.934613031496063
21
1.7422504724409449
0
LINE
8
BLACK
6
CONTINUOUS
10
1.934613031496063
20
1.7422504724409449
11
1.9351601181102362
21
1.7499650393700787
0
LINE
8
BLACK
6
CONTINUOUS
10
1.9351601181102362
20
1.7499650393700787
11
1.9346227952755906
21
1.7576803149606299
0
LINE
8
BLACK
6
CONTINUOUS
10
1.9346227952755906
20
1.7576803149606299
11
1.9330116929133858
21
1.7652446456692914
0
LINE
8
BLACK
6
CONTINUOUS
10
1.9330116929133858
20
1.7652446456692914
11
1.931686338582677
21
1.768877401574803
0
LINE
8
BLACK
6
CONTINUOUS
10
1.931686338582677
20
1.768877401574803
11
1.9316863779527558
21
1.768877401574803
0
LINE
8
BLACK
6
CONTINUOUS
10
1.9316863779527558
20
1.768877401574803
11
1.9312156299212597
21
1.7719134251968502
0
LINE
8
BLACK
6
CONTINUOUS
10
1.9312156299212597
20
1.7719134251968502
11
1.931942559055118
21
1.774898464566929
0
LINE
8
BLACK
6
CONTINUOUS
10
1.931942559055118
20
1.774898464566929
11
1.9337564566929133
21
1.7773781102362205
0
LINE
8
BLACK
6
CONTINUOUS
10
1.9337564566929133
20
1.7773781102362205
11
1.9363812204724409
21
1.778974842519685
0
LINE
8
BLACK
6
CONTINUOUS
10
1.9363812204724409
20
1.778974842519685
11
1.9390551181102362
21
1.779389409448819
0
LINE
8
BLACK
6
CONTINUOUS
10
1.9390551181102362
20
1.779389409448819
11
1.9390551181102362
21
1.7795275590551181
0
LINE
8
BLACK
6
CONTINUOUS
10
1.9390551181102362
20
1.7795275590551181
11
1.9803937007874015
21
1.7795275590551181
0
LINE
8
BLACK
6
CONTINUOUS
10
1.9803937007874015
20
1.7795275590551181
11
1.9803937007874015
21
1.7204724409448819
0
LINE
8
BLACK
6
CONTINUOUS
10
2.0674999999999999
20
1.7233333858267716
11
2.0124999999999997
21
1.7233333858267716
0
LINE
8
BLACK
6
CONTINUOUS
10
2.0124999999999997
20
1.7233333858267716
11
2.0124999999999997
21
1.7583333858267716
0
LINE
8
BLACK
6
CONTINUOUS
10
2.0124999999999997
20
1.7583333858267716
11
2.0674999999999999
21
1.7583333858267716
0
LINE
8
BLACK
6
CONTINUOUS
10
2.0674999999999999
20
1.7583333858267716
11
2.0674999999999999
21
1.7233333858267716
0
LINE
8
BLACK
6
CONTINUOUS
10
2.0674999999999999
20
1.7983333858267716
11
2.0124999999999997
21
1.7983333858267716
0
LINE
8
BLACK
6
CONTINUOUS
10
2.0124999999999997
20
1.7983333858267716
11
2.0124999999999997
21
1.8333333858267715
0
LINE
8
BLACK
6
CONTINUOUS
10
2.0124999999999997
20
1.8333333858267715
11
2.0674999999999999
21
1.8333333858267715
0
LINE
8
BLACK
6
CONTINUOUS
10
2.0674999999999999
20
1.8333333858267715
11
2.0674999999999999
21
1.7983333858267716
0
LINE
8
BLACK
6
CONTINUOUS
10
2.5866141732283463
20
1.811023622047244
11
2.4527559055118111
21
1.811023622047244
0
LINE
8
BLACK
6
CONTINUOUS
10
2.4527559055118111
20
1.811023622047244
11
2.4527559055118111
21
1.8858267716535433
0
LINE
8
BLACK
6
CONTINUOUS
10
2.4527559055118111
20
1.8858267716535433
11
2.5866141732283463
21
1.8858267716535433
0
LINE
8
BLACK
6
CONTINUOUS
10
2.5866141732283463
20
1.8858267716535433
11
2.5866141732283463
21
1.811023622047244
0
LINE
8
BLACK
6
CONTINUOUS
10
2.8622047244094486
20
1.811023622047244
11
2.7283464566929134
21
1.811023622047244
0
LINE
8
BLACK
6
CONTINUOUS
10
2.7283464566929134
20
1.811023622047244
11
2.7283464566929134
21
1.8858267716535433
0
LINE
8
BLACK
6
CONTINUOUS
10
2.7283464566929134
20
1.8858267716535433
11
2.8622047244094486
21
1.8858267716535433
0
LINE
8
BLACK
6
CONTINUOUS
10
2.8622047244094486
20
1.8858267716535433
11
2.8622047244094486
21
1.811023622047244
0
LINE
8
BLACK
6
CONTINUOUS
10
1.3496115748031496
20
1.9177611023622048
11
1.3566622047244095
21
1.9154701968503935
0
LINE
8
BLACK
6
CONTINUOUS
10
1.3566622047244095
20
1.9154701968503935
11
1.3632676377952755
21
1.9121045669291339
0
LINE
8
BLACK
6
CONTINUOUS
10
1.3632676377952755
20
1.9121045669291339
11
1.3692652755905512
21
1.9077470472440945
0
LINE
8
BLACK
6
CONTINUOUS
10
1.3692652755905512
20
1.9077470472440945
11
1.3745073622047244
21
1.9025049606299211
0
LINE
8
BLACK
6
CONTINUOUS
10
1.3745073622047244
20
1.9025049606299211
11
1.3788648818897637
21
1.8965073228346456
0
LINE
8
BLACK
6
CONTINUOUS
10
1.3788648818897637
20
1.8965073228346456
11
1.3822305118110236
21
1.8899018897637794
0
LINE
8
BLACK
6
CONTINUOUS
10
1.3822305118110236
20
1.8899018897637794
11
1.3845214173228346
21
1.8828512598425196
0
LINE
8
BLACK
6
CONTINUOUS
10
1.3845214173228346
20
1.8828512598425196
11
1.3856811417322834
21
1.8755290944881888
0
LINE
8
BLACK
6
CONTINUOUS
10
1.3856811417322834
20
1.8755290944881888
11
1.3856811417322834
21
1.8681156299212598
0
LINE
8
BLACK
6
CONTINUOUS
10
1.3856811417322834
20
1.8681156299212598
11
1.3845214173228346
21
1.8607934645669291
0
LINE
8
BLACK
6
CONTINUOUS
10
1.3845214173228346
20
1.8607934645669291
11
1.3822305118110236
21
1.8537428346456692
0
LINE
8
BLACK
6
CONTINUOUS
10
1.3822305118110236
20
1.8537428346456692
11
1.3788648818897637
21
1.8471374015748032
0
LINE
8
BLACK
6
CONTINUOUS
10
1.3788648818897637
20
1.8471374015748032
11
1.3745073622047244
21
1.8411397637795275
0
LINE
8
BLACK
6
CONTINUOUS
10
1.3745073622047244
20
1.8411397637795275
11
1.3692652755905512
21
1.8358976771653543
0
LINE
8
BLACK
6
CONTINUOUS
10
1.3692652755905512
20
1.8358976771653543
11
1.3632676377952755
21
1.831540157480315
0
LINE
8
BLACK
6
CONTINUOUS
10
1.3632676377952755
20
1.831540157480315
11
1.3566622047244095
21
1.8281745275590551
0
LINE
8
BLACK
6
CONTINUOUS
10
1.3566622047244095
20
1.8281745275590551
11
1.3496115748031496
21
1.8258836220472441
0
LINE
8
BLACK
6
CONTINUOUS
10
1.3496115748031496
20
1.8258836220472441
11
1.3422894094488189
21
1.8247238976377953
0
LINE
8
BLACK
6
CONTINUOUS
10
1.3422894094488189
20
1.8247238976377953
11
1.3348759448818897
21
1.8247238976377953
0
LINE
8
BLACK
6
CONTINUOUS
10
1.3348759448818897
20
1.8247238976377953
11
1.3275537795275589
21
1.8258836220472441
0
LINE
8
BLACK
6
CONTINUOUS
10
1.3275537795275589
20
1.8258836220472441
11
1.3205031496062991
21
1.8281745275590551
0
LINE
8
BLACK
6
CONTINUOUS
10
1.3205031496062991
20
1.8281745275590551
11
1.3138977165354331
21
1.831540157480315
0
LINE
8
BLACK
6
CONTINUOUS
10
1.3138977165354331
20
1.831540157480315
11
1.3079000787401573
21
1.8358976771653543
0
LINE
8
BLACK
6
CONTINUOUS
10
1.3079000787401573
20
1.8358976771653543
11
1.3026579921259842
21
1.8411397637795275
0
LINE
8
BLACK
6
CONTINUOUS
10
1.3026579921259842
20
1.8411397637795275
11
1.2983004724409448
21
1.8471374015748032
0
LINE
8
BLACK
6
CONTINUOUS
10
1.2983004724409448
20
1.8471374015748032
11
1.2949348425196849
21
1.8537428346456692
0
LINE
8
BLACK
6
CONTINUOUS
10
1.2949348425196849
20
1.8537428346456692
11
1.2926439370078739
21
1.8607934645669291
0
LINE
8
BLACK
6
CONTINUOUS
10
1.2926439370078739
20
1.8607934645669291
11
1.2914842125984252
21
1.8681156299212598
0
LINE
8
BLACK
6
CONTINUOUS
10
1.2914842125984252
20
1.8681156299212598
11
1.2914842125984252
21
1.8755290944881888
0
LINE
8
BLACK
6
CONTINUOUS
10
1.2914842125984252
20
1.8755290944881888
11
1.2926439370078739
21
1.8828512598425196
0
LINE
8
BLACK
6
CONTINUOUS
10
1.2926439370078739
20
1.8828512598425196
11
1.2949348425196849
21
1.8899018897637794
0
LINE
8
BLACK
6
CONTINUOUS
10
1.2949348425196849
20
1.8899018897637794
11
1.2983004724409448
21
1.8965073228346456
0
LINE
8
BLACK
6
CONTINUOUS
10
1.2983004724409448
20
1.8965073228346456
11
1.3026579921259842
21
1.9025049606299211
0
LINE
8
BLACK
6
CONTINUOUS
10
1.3026579921259842
20
1.9025049606299211
11
1.3079000787401573
21
1.9077470472440945
0
LINE
8
BLACK
6
CONTINUOUS
10
1.3079000787401573
20
1.9077470472440945
11
1.3138977165354331
21
1.9121045669291339
0
LINE
8
BLACK
6
CONTINUOUS
10
1.3138977165354331
20
1.9121045669291339
11
1.3205031496062991
21
1.9154701968503935
0
LINE
8
BLACK
6
CONTINUOUS
10
1.3205031496062991
20
1.9154701968503935
11
1.3275537795275589
21
1.9177611023622048
0
LINE
8
BLACK
6
CONTINUOUS
10
1.3275537795275589
20
1.9177611023622048
11
1.3348759448818897
21
1.9189208267716535
0
LINE
8
BLACK
6
CONTINUOUS
10
1.3348759448818897
20
1.9189208267716535
11
1.3422894094488189
21
1.9189208267716535
0
LINE
8
BLACK
6
CONTINUOUS
10
1.3422894094488189
20
1.9189208267716535
11
1.3496115748031496
21
1.9177611023622048
0
LINE
8
BLACK
6
CONTINUOUS
10
1.5464619685039369
20
1.9177611023622048
11
1.5535125984251967
21
1.9154701968503935
0
LINE
8
BLACK
6
CONTINUOUS
10
1.5535125984251967
20
1.9154701968503935
11
1.560118031496063
21
1.9121045669291339
0
LINE
8
BLACK
6
CONTINUOUS
10
1.560118031496063
20
1.9121045669291339
11
1.5661156692913385
21
1.9077470472440945
0
LINE
8
BLACK
6
CONTINUOUS
10
1.5661156692913385
20
1.9077470472440945
11
1.5713577559055119
21
1.9025049606299211
0
LINE
8
BLACK
6
CONTINUOUS
10
1.5713577559055119
20
1.9025049606299211
11
1.5757152755905512
21
1.8965073228346456
0
LINE
8
BLACK
6
CONTINUOUS
10
1.5757152755905512
20
1.8965073228346456
11
1.5790809055118109
21
1.8899018897637794
0
LINE
8
BLACK
6
CONTINUOUS
10
1.5790809055118109
20
1.8899018897637794
11
1.5813718110236221
21
1.8828512598425196
0
LINE
8
BLACK
6
CONTINUOUS
10
1.5813718110236221
20
1.8828512598425196
11
1.5825315354330709
21
1.8755290944881888
0
LINE
8
BLACK
6
CONTINUOUS
10
1.5825315354330709
20
1.8755290944881888
11
1.5825315354330709
21
1.8681156299212598
0
LINE
8
BLACK
6
CONTINUOUS
10
1.5825315354330709
20
1.8681156299212598
11
1.5813718110236221
21
1.8607934645669291
0
LINE
8
BLACK
6
CONTINUOUS
10
1.5813718110236221
20
1.8607934645669291
11
1.5790809055118109
21
1.8537428346456692
0
LINE
8
BLACK
6
CONTINUOUS
10
1.5790809055118109
20
1.8537428346456692
11
1.5757152755905512
21
1.8471374015748032
0
LINE
8
BLACK
6
CONTINUOUS
10
1.5757152755905512
20
1.8471374015748032
11
1.5713577559055119
21
1.8411397637795275
0
LINE
8
BLACK
6
CONTINUOUS
10
1.5713577559055119
20
1.8411397637795275
11
1.5661156692913385
21
1.8358976771653543
0
LINE
8
BLACK
6
CONTINUOUS
10
1.5661156692913385
20
1.8358976771653543
11
1.560118031496063
21
1.831540157480315
0
LINE
8
BLACK
6
CONTINUOUS
10
1.560118031496063
20
1.831540157480315
11
1.5535125984251967
21
1.8281745275590551
0
LINE
8
BLACK
6
CONTINUOUS
10
1.5535125984251967
20
1.8281745275590551
11
1.5464619685039369
21
1.8258836220472441
0
LINE
8
BLACK
6
CONTINUOUS
10
1.5464619685039369
20
1.8258836220472441
11
1.5391398031496062
21
1.8247238976377953
0
LINE
8
BLACK
6
CONTINUOUS
10
1.5391398031496062
20
1.8247238976377953
11
1.5317263385826771
21
1.8247238976377953
0
LINE
8
BLACK
6
CONTINUOUS
10
1.5317263385826771
20
1.8247238976377953
11
1.5244041732283464
21
1.8258836220472441
0
LINE
8
BLACK
6
CONTINUOUS
10
1.5244041732283464
20
1.8258836220472441
11
1.5173535433070866
21
1.8281745275590551
0
LINE
8
BLACK
6
CONTINUOUS
10
1.5173535433070866
20
1.8281745275590551
11
1.5107481102362204
21
1.831540157480315
0
LINE
8
BLACK
6
CONTINUOUS
10
1.5107481102362204
20
1.831540157480315
11
1.5047504724409448
21
1.8358976771653543
0
LINE
8
BLACK
6
CONTINUOUS
10
1.5047504724409448
20
1.8358976771653543
11
1.4995083858267717
21
1.8411397637795275
0
LINE
8
BLACK
6
CONTINUOUS
10
1.4995083858267717
20
1.8411397637795275
11
1.4951508661417323
21
1.8471374015748032
0
LINE
8
BLACK
6
CONTINUOUS
10
1.4951508661417323
20
1.8471374015748032
11
1.4917852362204724
21
1.8537428346456692
0
LINE
8
BLACK
6
CONTINUOUS
10
1.4917852362204724
20
1.8537428346456692
11
1.4894943307086614
21
1.8607934645669291
0
LINE
8
BLACK
6
CONTINUOUS
10
1.4894943307086614
20
1.8607934645669291
11
1.4883346062992127
21
1.8681156299212598
0
LINE
8
BLACK
6
CONTINUOUS
10
1.4883346062992127
20
1.8681156299212598
11
1.4883346062992127
21
1.8755290944881888
0
LINE
8
BLACK
6
CONTINUOUS
10
1.4883346062992127
20
1.8755290944881888
11
1.4894943307086614
21
1.8828512598425196
0
LINE
8
BLACK
6
CONTINUOUS
10
1.4894943307086614
20
1.8828512598425196
11
1.4917852362204724
21
1.8899018897637794
0
LINE
8
BLACK
6
CONTINUOUS
10
1.4917852362204724
20
1.8899018897637794
11
1.4951508661417323
21
1.8965073228346456
0
LINE
8
BLACK
6
CONTINUOUS
10
1.4951508661417323
20
1.8965073228346456
11
1.4995083858267717
21
1.9025049606299211
0
LINE
8
BLACK
6
CONTINUOUS
10
1.4995083858267717
20
1.9025049606299211
11
1.5047504724409448
21
1.9077470472440945
0
LINE
8
BLACK
6
CONTINUOUS
10
1.5047504724409448
20
1.9077470472440945
11
1.5107481102362204
21
1.9121045669291339
0
LINE
8
BLACK
6
CONTINUOUS
10
1.5107481102362204
20
1.9121045669291339
11
1.5173535433070866
21
1.9154701968503935
0
LINE
8
BLACK
6
CONTINUOUS
10
1.5173535433070866
20
1.9154701968503935
11
1.5244041732283464
21
1.9177611023622048
0
LINE
8
BLACK
6
CONTINUOUS
10
1.5244041732283464
20
1.9177611023622048
11
1.5317263385826771
21
1.9189208267716535
0
LINE
8
BLACK
6
CONTINUOUS
10
1.5317263385826771
20
1.9189208267716535
11
1.5391398031496062
21
1.9189208267716535
0
LINE
8
BLACK
6
CONTINUOUS
10
1.5391398031496062
20
1.9189208267716535
11
1.5464619685039369
21
1.9177611023622048
0
LINE
8
BLACK
6
CONTINUOUS
10
0.5052401574803149
20
1.8361811023622048
11
0.355240157480315
21
1.8361811023622048
0
LINE
8
BLACK
6
CONTINUOUS
10
0.355240157480315
20
1.8361811023622048
11
0.355240157480315
21
1.9861811023622047
0
LINE
8
BLACK
6
CONTINUOUS
10
0.355240157480315
20
1.9861811023622047
11
0.5052401574803149
21
1.9861811023622047
0
LINE
8
BLACK
6
CONTINUOUS
10
0.5052401574803149
20
1.9861811023622047
11
0.5052401574803149
21
1.8361811023622048
0
LINE
8
BLACK
6
CONTINUOUS
10
0.7020905511811023
20
1.8361811023622048
11
0.5520905511811024
21
1.8361811023622048
0
LINE
8
BLACK
6
CONTINUOUS
10
0.5520905511811024
20
1.8361811023622048
11
0.5520905511811024
21
1.9861811023622047
0
LINE
8
BLACK
6
CONTINUOUS
10
0.5520905511811024
20
1.9861811023622047
11
0.7020905511811023
21
1.9861811023622047
0
LINE
8
BLACK
6
CONTINUOUS
10
0.7020905511811023
20
1.9861811023622047
11
0.7020905511811023
21
1.8361811023622048
0
LINE
8
BLACK
6
CONTINUOUS
10
1.8653543307086613
20
1.8807349606299213
11
1.7866141732283465
21
1.8807349606299213
0
LINE
8
BLACK
6
CONTINUOUS
10
1.7866141732283465
20
1.8807349606299213
11
1.7866141732283465
21
1.9059318110236221
0
LINE
8
BLACK
6
CONTINUOUS
10
1.7866141732283465
20
1.9059318110236221
11
1.8653543307086613
21
1.9059318110236221
0
LINE
8
BLACK
6
CONTINUOUS
10
1.8653543307086613
20
1.9059318110236221
11
1.8653543307086613
21
1.8807349606299213
0
LINE
8
BLACK
6
CONTINUOUS
10
2.1133858267716534
20
1.8807349606299213
11
2.0346456692913386
21
1.8807349606299213
0
LINE
8
BLACK
6
CONTINUOUS
10
2.0346456692913386
20
1.8807349606299213
11
2.0346456692913386
21
1.9059318110236221
0
LINE
8
BLACK
6
CONTINUOUS
10
2.0346456692913386
20
1.9059318110236221
11
2.1133858267716534
21
1.9059318110236221
0
LINE
8
BLACK
6
CONTINUOUS
10
2.1133858267716534
20
1.9059318110236221
11
2.1133858267716534
21
1.8807349606299213
0
LINE
8
BLACK
6
CONTINUOUS
10
1.8653543307086613
20
1.9807349606299212
11
1.7866141732283465
21
1.9807349606299212
0
LINE
8
BLACK
6
CONTINUOUS
10
1.7866141732283465
20
1.9807349606299212
11
1.7866141732283465
21
2.0059318110236219
0
LINE
8
BLACK
6
CONTINUOUS
10
1.7866141732283465
20
2.0059318110236219
11
1.8653543307086613
21
2.0059318110236219
0
LINE
8
BLACK
6
CONTINUOUS
10
1.8653543307086613
20
2.0059318110236219
11
1.8653543307086613
21
1.9807349606299212
0
LINE
8
BLACK
6
CONTINUOUS
10
2.1133858267716534
20
1.9807349606299212
11
2.0346456692913386
21
1.9807349606299212
0
LINE
8
BLACK
6
CONTINUOUS
10
2.0346456692913386
20
1.9807349606299212
11
2.0346456692913386
21
2.0059318110236219
0
LINE
8
BLACK
6
CONTINUOUS
10
2.0346456692913386
20
2.0059318110236219
11
2.1133858267716534
21
2.0059318110236219
0
LINE
8
BLACK
6
CONTINUOUS
10
2.1133858267716534
20
2.0059318110236219
11
2.1133858267716534
21
1.9807349606299212
0
LINE
8
BLACK
6
CONTINUOUS
10
2.4996850393700787
20
1.9853543307086614
11
2.4396850393700786
21
1.9853543307086614
0
LINE
8
BLACK
6
CONTINUOUS
10
2.4396850393700786
20
1.9853543307086614
11
2.4396850393700786
21
2.0453543307086615
0
LINE
8
BLACK
6
CONTINUOUS
10
2.4396850393700786
20
2.0453543307086615
11
2.4996850393700787
21
2.0453543307086615
0
LINE
8
BLACK
6
CONTINUOUS
10
2.4996850393700787
20
2.0453543307086615
11
2.4996850393700787
21
1.9853543307086614
0
LINE
8
BLACK
6
CONTINUOUS
10
2.5996850393700788
20
1.9853543307086614
11
2.5396850393700787
21
1.9853543307086614
0
LINE
8
BLACK
6
CONTINUOUS
10
2.5396850393700787
20
1.9853543307086614
11
2.5396850393700787
21
2.0453543307086615
0
LINE
8
BLACK
6
CONTINUOUS
10
2.5396850393700787
20
2.0453543307086615
11
2.5996850393700788
21
2.0453543307086615
0
LINE
8
BLACK
6
CONTINUOUS
10
2.5996850393700788
20
2.0453543307086615
11
2.5996850393700788
21
1.9853543307086614
0
LINE
8
BLACK
6
CONTINUOUS
10
2.7359055118110236
20
1.9853543307086614
11
2.6759055118110235
21
1.9853543307086614
0
LINE
8
BLACK
6
CONTINUOUS
10
2.6759055118110235
20
1.9853543307086614
11
2.6759055118110235
21
2.0453543307086615
0
LINE
8
BLACK
6
CONTINUOUS
10
2.6759055118110235
20
2.0453543307086615
11
2.7359055118110236
21
2.0453543307086615
0
LINE
8
BLACK
6
CONTINUOUS
10
2.7359055118110236
20
2.0453543307086615
11
2.7359055118110236
21
1.9853543307086614
0
LINE
8
BLACK
6
CONTINUOUS
10
2.8359055118110237
20
1.9853543307086614
11
2.7759055118110236
21
1.9853543307086614
0
LINE
8
BLACK
6
CONTINUOUS
10
2.7759055118110236
20
1.9853543307086614
11
2.7759055118110236
21
2.0453543307086615
0
LINE
8
BLACK
6
CONTINUOUS
10
2.7759055118110236
20
2.0453543307086615
11
2.8359055118110237
21
2.0453543307086615
0
LINE
8
BLACK
6
CONTINUOUS
10
2.8359055118110237
20
2.0453543307086615
11
2.8359055118110237
21
1.9853543307086614
0
LINE
8
BLACK
6
CONTINUOUS
10
0.5052401574803149
20
2.0330314960629923
11
0.355240157480315
21
2.0330314960629923
0
LINE
8
BLACK
6
CONTINUOUS
10
0.355240157480315
20
2.0330314960629923
11
0.355240157480315
21
2.1830314960629922
0
LINE
8
BLACK
6
CONTINUOUS
10
0.355240157480315
20
2.1830314960629922
11
0.5052401574803149
21
2.1830314960629922
0
LINE
8
BLACK
6
CONTINUOUS
10
0.5052401574803149
20
2.1830314960629922
11
0.5052401574803149
21
2.0330314960629923
0
LINE
8
BLACK
6
CONTINUOUS
10
0.7020905511811023
20
2.0330314960629923
11
0.5520905511811024
21
2.0330314960629923
0
LINE
8
BLACK
6
CONTINUOUS
10
0.5520905511811024
20
2.0330314960629923
11
0.5520905511811024
21
2.1830314960629922
0
LINE
8
BLACK
6
CONTINUOUS
10
0.5520905511811024
20
2.1830314960629922
11
0.7020905511811023
21
2.1830314960629922
0
LINE
8
BLACK
6
CONTINUOUS
10
0.7020905511811023
20
2.1830314960629922
11
0.7020905511811023
21
2.0330314960629923
0
LINE
8
BLACK
6
CONTINUOUS
10
2.4996850393700787
20
2.0853543307086615
11
2.4396850393700786
21
2.0853543307086615
0
LINE
8
BLACK
6
CONTINUOUS
10
2.4396850393700786
20
2.0853543307086615
11
2.4396850393700786
21
2.1453543307086615
0
LINE
8
BLACK
6
CONTINUOUS
10
2.4396850393700786
20
2.1453543307086615
11
2.4996850393700787
21
2.1453543307086615
0
LINE
8
BLACK
6
CONTINUOUS
10
2.4996850393700787
20
2.1453543307086615
11
2.4996850393700787
21
2.0853543307086615
0
LINE
8
BLACK
6
CONTINUOUS
10
2.5996850393700788
20
2.0853543307086615
11
2.5396850393700787
21
2.0853543307086615
0
LINE
8
BLACK
6
CONTINUOUS
10
2.5396850393700787
20
2.0853543307086615
11
2.5396850393700787
21
2.1453543307086615
0
LINE
8
BLACK
6
CONTINUOUS
10
2.5396850393700787
20
2.1453543307086615
11
2.5996850393700788
21
2.1453543307086615
0
LINE
8
BLACK
6
CONTINUOUS
10
2.5996850393700788
20
2.1453543307086615
11
2.5996850393700788
21
2.0853543307086615
0
LINE
8
BLACK
6
CONTINUOUS
10
2.7359055118110236
20
2.0853543307086615
11
2.6759055118110235
21
2.0853543307086615
0
LINE
8
BLACK
6
CONTINUOUS
10
2.6759055118110235
20
2.0853543307086615
11
2.6759055118110235
21
2.1453543307086615
0
LINE
8
BLACK
6
CONTINUOUS
10
2.6759055118110235
20
2.1453543307086615
11
2.7359055118110236
21
2.1453543307086615
0
LINE
8
BLACK
6
CONTINUOUS
10
2.7359055118110236
20
2.1453543307086615
11
2.7359055118110236
21
2.0853543307086615
0
LINE
8
BLACK
6
CONTINUOUS
10
2.8359055118110237
20
2.0853543307086615
11
2.7759055118110236
21
2.0853543307086615
0
LINE
8
BLACK
6
CONTINUOUS
10
2.7759055118110236
20
2.0853543307086615
11
2.7759055118110236
21
2.1453543307086615
0
LINE
8
BLACK
6
CONTINUOUS
10
2.7759055118110236
20
2.1453543307086615
11
2.8359055118110237
21
2.1453543307086615
0
LINE
8
BLACK
6
CONTINUOUS
10
2.8359055118110237
20
2.1453543307086615
11
2.8359055118110237
21
2.0853543307086615
0
LINE
8
BLACK
6
CONTINUOUS
10
1.8924075196850394
20
2.221681062992126
11
1.9003394881889764
21
2.2191038188976377
0
LINE
8
BLACK
6
CONTINUOUS
10
1.9003394881889764
20
2.2191038188976377
11
1.907770590551181
21
2.2153174803149605
0
LINE
8
BLACK
6
CONTINUOUS
10
1.907770590551181
20
2.2153174803149605
11
1.9145179133858268
21
2.2104152755905511
0
LINE
8
BLACK
6
CONTINUOUS
10
1.9145179133858268
20
2.2104152755905511
11
1.920415275590551
21
2.2045179133858266
0
LINE
8
BLACK
6
CONTINUOUS
10
1.920415275590551
20
2.2045179133858266
11
1.9253174803149606
21
2.1977705905511811
0
LINE
8
BLACK
6
CONTINUOUS
10
1.9253174803149606
20
2.1977705905511811
11
1.9291038188976377
21
2.1903394881889762
0
LINE
8
BLACK
6
CONTINUOUS
10
1.9291038188976377
20
2.1903394881889762
11
1.9316810629921259
21
2.1824075196850394
0
LINE
8
BLACK
6
CONTINUOUS
10
1.9316810629921259
20
2.1824075196850394
11
1.932985748031496
21
2.1741700787401572
0
LINE
8
BLACK
6
CONTINUOUS
10
1.932985748031496
20
2.1741700787401572
11
1.932985748031496
21
2.1658299212598426
0
LINE
8
BLACK
6
CONTINUOUS
10
1.932985748031496
20
2.1658299212598426
11
1.9316810629921259
21
2.1575924803149604
0
LINE
8
BLACK
6
CONTINUOUS
10
1.9316810629921259
20
2.1575924803149604
11
1.9291038188976377
21
2.1496605118110237
0
LINE
8
BLACK
6
CONTINUOUS
10
1.9291038188976377
20
2.1496605118110237
11
1.9253174803149606
21
2.1422294094488188
0
LINE
8
BLACK
6
CONTINUOUS
10
1.9253174803149606
20
2.1422294094488188
11
1.920415275590551
21
2.1354820866141733
0
LINE
8
BLACK
6
CONTINUOUS
10
1.920415275590551
20
2.1354820866141733
11
1.9145179133858268
21
2.1295847244094488
0
LINE
8
BLACK
6
CONTINUOUS
10
1.9145179133858268
20
2.1295847244094488
11
1.907770590551181
21
2.1246825196850394
0
LINE
8
BLACK
6
CONTINUOUS
10
1.907770590551181
20
2.1246825196850394
11
1.9003394881889764
21
2.1208961811023621
0
LINE
8
BLACK
6
CONTINUOUS
10
1.9003394881889764
20
2.1208961811023621
11
1.8924075196850394
21
2.1183189370078739
0
LINE
8
BLACK
6
CONTINUOUS
10
1.8924075196850394
20
2.1183189370078739
11
1.8841700787401574
21
2.117014251968504
0
LINE
8
BLACK
6
CONTINUOUS
10
1.8841700787401574
20
2.117014251968504
11
1.8758299212598424
21
2.117014251968504
0
LINE
8
BLACK
6
CONTINUOUS
10
1.8758299212598424
20
2.117014251968504
11
1.8675924803149606
21
2.1183189370078739
0
LINE
8
BLACK
6
CONTINUOUS
10
1.8675924803149606
20
2.1183189370078739
11
1.8596605118110237
21
2.1208961811023621
0
LINE
8
BLACK
6
CONTINUOUS
10
1.8596605118110237
20
2.1208961811023621
11
1.8522294094488188
21
2.1246825196850394
0
LINE
8
BLACK
6
CONTINUOUS
10
1.8522294094488188
20
2.1246825196850394
11
1.8454820866141732
21
2.1295847244094488
0
LINE
8
BLACK
6
CONTINUOUS
10
1.8454820866141732
20
2.1295847244094488
11
1.8395847244094488
21
2.1354820866141733
0
LINE
8
BLACK
6
CONTINUOUS
10
1.8395847244094488
20
2.1354820866141733
11
1.8346825196850394
21
2.1422294094488188
0
LINE
8
BLACK
6
CONTINUOUS
10
1.8346825196850394
20
2.1422294094488188
11
1.8308961811023621
21
2.1496605118110237
0
LINE
8
BLACK
6
CONTINUOUS
10
1.8308961811023621
20
2.1496605118110237
11
1.8283189370078741
21
2.1575924803149604
0
LINE
8
BLACK
6
CONTINUOUS
10
1.8283189370078741
20
2.1575924803149604
11
1.827014251968504
21
2.1658299212598426
0
LINE
8
BLACK
6
CONTINUOUS
10
1.827014251968504
20
2.1658299212598426
11
1.827014251968504
21
2.1741700787401572
0
LINE
8
BLACK
6
CONTINUOUS
10
1.827014251968504
20
2.1741700787401572
11
1.8283189370078741
21
2.1824075196850394
0
LINE
8
BLACK
6
CONTINUOUS
10
1.8283189370078741
20
2.1824075196850394
11
1.8308961811023621
21
2.1903394881889762
0
LINE
8
BLACK
6
CONTINUOUS
10
1.8308961811023621
20
2.1903394881889762
11
1.8346825196850394
21
2.1977705905511811
0
LINE
8
BLACK
6
CONTINUOUS
10
1.8346825196850394
20
2.1977705905511811
11
1.8395847244094488
21
2.2045179133858266
0
LINE
8
BLACK
6
CONTINUOUS
10
1.8395847244094488
20
2.2045179133858266
11
1.8454820866141732
21
2.2104152755905511
0
LINE
8
BLACK
6
CONTINUOUS
10
1.8454820866141732
20
2.2104152755905511
11
1.8522294094488188
21
2.2153174803149605
0
LINE
8
BLACK
6
CONTINUOUS
10
1.8522294094488188
20
2.2153174803149605
11
1.8596605118110237
21
2.2191038188976377
0
LINE
8
BLACK
6
CONTINUOUS
10
1.8596605118110237
20
2.2191038188976377
11
1.8675924803149606
21
2.221681062992126
0
LINE
8
BLACK
6
CONTINUOUS
10
1.8675924803149606
20
2.221681062992126
11
1.8758299212598424
21
2.2229857480314958
0
LINE
8
BLACK
6
CONTINUOUS
10
1.8758299212598424
20
2.2229857480314958
11
1.8841700787401574
21
2.2229857480314958
0
LINE
8
BLACK
6
CONTINUOUS
10
1.8841700787401574
20
2.2229857480314958
11
1.8924075196850394
21
2.221681062992126
0
LINE
8
BLACK
6
CONTINUOUS
10
1.8209448818897638
20
2.1994700787401573
11
1.8236555511811023
21
2.1990462598425196
0
LINE
8
BLACK
6
CONTINUOUS
10
1.8236555511811023
20
2.1990462598425196
11
1.8262782677165355
21
2.197446220472441
0
LINE
8
BLACK
6
CONTINUOUS
10
1.8262782677165355
20
2.197446220472441
11
1.8280890551181102
21
2.194964251968504
0
LINE
8
BLACK
6
CONTINUOUS
10
1.8280890551181102
20
2.194964251968504
11
1.8288122047244093
21
2.1919783070866141
0
LINE
8
BLACK
6
CONTINUOUS
10
1.8288122047244093
20
2.1919783070866141
11
1.8283375984251968
21
2.1889428740157482
0
LINE
8
BLACK
6
CONTINUOUS
10
1.8283375984251968
20
2.1889428740157482
11
1.8283376377952756
21
2.1889428740157482
0
LINE
8
BLACK
6
CONTINUOUS
10
1.8283376377952756
20
2.1889428740157482
11
1.8270076771653543
21
2.1853117716535433
0
LINE
8
BLACK
6
CONTINUOUS
10
1.8270076771653543
20
2.1853117716535433
11
1.825386968503937
21
2.177749527559055
0
LINE
8
BLACK
6
CONTINUOUS
10
1.825386968503937
20
2.177749527559055
11
1.8248398818897638
21
2.1700349606299212
0
LINE
8
BLACK
6
CONTINUOUS
10
1.8248398818897638
20
2.1700349606299212
11
1.8253772047244095
21
2.1623196850393702
0
LINE
8
BLACK
6
CONTINUOUS
10
1.8253772047244095
20
2.1623196850393702
11
1.8269883070866142
21
2.1547553543307085
0
LINE
8
BLACK
6
CONTINUOUS
10
1.8269883070866142
20
2.1547553543307085
11
1.8283136614173228
21
2.1511225984251969
0
LINE
8
BLACK
6
CONTINUOUS
10
1.8283136614173228
20
2.1511225984251969
11
1.828313622047244
21
2.1511225984251969
0
LINE
8
BLACK
6
CONTINUOUS
10
1.828313622047244
20
2.1511225984251969
11
1.8287843700787401
21
2.1480865748031497
0
LINE
8
BLACK
6
CONTINUOUS
10
1.8287843700787401
20
2.1480865748031497
11
1.8280574409448818
21
2.1451015354330707
0
LINE
8
BLACK
6
CONTINUOUS
10
1.8280574409448818
20
2.1451015354330707
11
1.8262435433070865
21
2.1426218897637797
0
LINE
8
BLACK
6
CONTINUOUS
10
1.8262435433070865
20
2.1426218897637797
11
1.8236187795275589
21
2.141025157480315
0
LINE
8
BLACK
6
CONTINUOUS
10
1.8236187795275589
20
2.141025157480315
11
1.8209448818897638
21
2.140610590551181
0
LINE
8
BLACK
6
CONTINUOUS
10
1.8209448818897638
20
2.140610590551181
11
1.8209448818897638
21
2.1404724409448819
0
LINE
8
BLACK
6
CONTINUOUS
10
1.8209448818897638
20
2.1404724409448819
11
1.7796062992125983
21
2.1404724409448819
0
LINE
8
BLACK
6
CONTINUOUS
10
1.7796062992125983
20
2.1404724409448819
11
1.7796062992125983
21
2.199527559055118
0
LINE
8
BLACK
6
CONTINUOUS
10
1.7796062992125983
20
2.199527559055118
11
1.8209448818897638
21
2.199527559055118
0
LINE
8
BLACK
6
CONTINUOUS
10
1.8209448818897638
20
2.199527559055118
11
1.8209448818897638
21
2.1994700787401573
0
LINE
8
BLACK
6
CONTINUOUS
10
1.9803937007874015
20
2.1404724409448819
11
1.9390551181102362
21
2.1404724409448819
0
LINE
8
BLACK
6
CONTINUOUS
10
1.9390551181102362
20
2.1404724409448819
11
1.9390551181102362
21
2.1405299212598425
0
LINE
8
BLACK
6
CONTINUOUS
10
1.9390551181102362
20
2.1405299212598425
11
1.9363444488188977
21
2.1409537401574803
0
LINE
8
BLACK
6
CONTINUOUS
10
1.9363444488188977
20
2.1409537401574803
11
1.9337217322834646
21
2.1425537795275589
0
LINE
8
BLACK
6
CONTINUOUS
10
1.9337217322834646
20
2.1425537795275589
11
1.9319109448818896
21
2.1450357480314959
0
LINE
8
BLACK
6
CONTINUOUS
10
1.9319109448818896
20
2.1450357480314959
11
1.9311877952755905
21
2.1480216929133857
0
LINE
8
BLACK
6
CONTINUOUS
10
1.9311877952755905
20
2.1480216929133857
11
1.9316624015748032
21
2.1510571259842521
0
LINE
8
BLACK
6
CONTINUOUS
10
1.9316624015748032
20
2.1510571259842521
11
1.9316623622047244
21
2.1510571259842521
0
LINE
8
BLACK
6
CONTINUOUS
10
1.9316623622047244
20
2.1510571259842521
11
1.9329923228346457
21
2.1546882283464566
0
LINE
8
BLACK
6
CONTINUOUS
10
1.9329923228346457
20
2.1546882283464566
11
1.934613031496063
21
2.1622504724409448
0
LINE
8
BLACK
6
CONTINUOUS
10
1.934613031496063
20
2.1622504724409448
11
1.9351601181102362
21
2.1699650393700787
0
LINE
8
BLACK
6
CONTINUOUS
10
1.9351601181102362
20
2.1699650393700787
11
1.9346227952755906
21
2.1776803149606301
0
LINE
8
BLACK
6
CONTINUOUS
10
1.9346227952755906
20
2.1776803149606301
11
1.9330116929133858
21
2.1852446456692913
0
LINE
8
BLACK
6
CONTINUOUS
10
1.9330116929133858
20
2.1852446456692913
11
1.931686338582677
21
2.1888774015748029
0
LINE
8
BLACK
6
CONTINUOUS
10
1.931686338582677
20
2.1888774015748029
11
1.9316863779527558
21
2.1888774015748029
0
LINE
8
BLACK
6
CONTINUOUS
10
1.9316863779527558
20
2.1888774015748029
11
1.9312156299212597
21
2.1919134251968502
0
LINE
8
BLACK
6
CONTINUOUS
10
1.9312156299212597
20
2.1919134251968502
11
1.931942559055118
21
2.1948984645669292
0
LINE
8
BLACK
6
CONTINUOUS
10
1.931942559055118
20
2.1948984645669292
11
1.9337564566929133
21
2.1973781102362202
0
LINE
8
BLACK
6
CONTINUOUS
10
1.9337564566929133
20
2.1973781102362202
11
1.9363812204724409
21
2.1989748425196849
0
LINE
8
BLACK
6
CONTINUOUS
10
1.9363812204724409
20
2.1989748425196849
11
1.9390551181102362
21
2.1993894094488189
0
LINE
8
BLACK
6
CONTINUOUS
10
1.9390551181102362
20
2.1993894094488189
11
1.9390551181102362
21
2.199527559055118
0
LINE
8
BLACK
6
CONTINUOUS
10
1.9390551181102362
20
2.199527559055118
11
1.9803937007874015
21
2.199527559055118
0
LINE
8
BLACK
6
CONTINUOUS
10
1.9803937007874015
20
2.199527559055118
11
1.9803937007874015
21
2.1404724409448819
0
LINE
8
BLACK
6
CONTINUOUS
10
2.0674999999999999
20
2.1437500393700786
11
2.0124999999999997
21
2.1437500393700786
0
LINE
8
BLACK
6
CONTINUOUS
10
2.0124999999999997
20
2.1437500393700786
11
2.0124999999999997
21
2.1787500393700787
0
LINE
8
BLACK
6
CONTINUOUS
10
2.0124999999999997
20
2.1787500393700787
11
2.0674999999999999
21
2.1787500393700787
0
LINE
8
BLACK
6
CONTINUOUS
10
2.0674999999999999
20
2.1787500393700787
11
2.0674999999999999
21
2.1437500393700786
0
LINE
8
BLACK
6
CONTINUOUS
10
2.4996850393700787
20
2.1853543307086616
11
2.4396850393700786
21
2.1853543307086616
0
LINE
8
BLACK
6
CONTINUOUS
10
2.4396850393700786
20
2.1853543307086616
11
2.4396850393700786
21
2.2453543307086612
0
LINE
8
BLACK
6
CONTINUOUS
10
2.4396850393700786
20
2.2453543307086612
11
2.4996850393700787
21
2.2453543307086612
0
LINE
8
BLACK
6
CONTINUOUS
10
2.4996850393700787
20
2.2453543307086612
11
2.4996850393700787
21
2.1853543307086616
0
LINE
8
BLACK
6
CONTINUOUS
10
2.5996850393700788
20
2.1853543307086616
11
2.5396850393700787
21
2.1853543307086616
0
LINE
8
BLACK
6
CONTINUOUS
10
2.5396850393700787
20
2.1853543307086616
11
2.5396850393700787
21
2.2453543307086612
0
LINE
8
BLACK
6
CONTINUOUS
10
2.5396850393700787
20
2.2453543307086612
11
2.5996850393700788
21
2.2453543307086612
0
LINE
8
BLACK
6
CONTINUOUS
10
2.5996850393700788
20
2.2453543307086612
11
2.5996850393700788
21
2.1853543307086616
0
LINE
8
BLACK
6
CONTINUOUS
10
2.7359055118110236
20
2.1853543307086616
11
2.6759055118110235
21
2.1853543307086616
0
LINE
8
BLACK
6
CONTINUOUS
10
2.6759055118110235
20
2.1853543307086616
11
2.6759055118110235
21
2.2453543307086612
0
LINE
8
BLACK
6
CONTINUOUS
10
2.6759055118110235
20
2.2453543307086612
11
2.7359055118110236
21
2.2453543307086612
0
LINE
8
BLACK
6
CONTINUOUS
10
2.7359055118110236
20
2.2453543307086612
11
2.7359055118110236
21
2.1853543307086616
0
LINE
8
BLACK
6
CONTINUOUS
10
2.8359055118110237
20
2.1853543307086616
11
2.7759055118110236
21
2.1853543307086616
0
LINE
8
BLACK
6
CONTINUOUS
10
2.7759055118110236
20
2.1853543307086616
11
2.7759055118110236
21
2.2453543307086612
0
LINE
8
BLACK
6
CONTINUOUS
10
2.7759055118110236
20
2.2453543307086612
11
2.8359055118110237
21
2.2453543307086612
0
LINE
8
BLACK
6
CONTINUOUS
10
2.8359055118110237
20
2.2453543307086612
11
2.8359055118110237
21
2.1853543307086616
0
LINE
8
BLACK
6
CONTINUOUS
10
2.0674999999999999
20
2.2187500393700788
11
2.0124999999999997
21
2.2187500393700788
0
LINE
8
BLACK
6
CONTINUOUS
10
2.0124999999999997
20
2.2187500393700788
11
2.0124999999999997
21
2.2537500393700789
0
LINE
8
BLACK
6
CONTINUOUS
10
2.0124999999999997
20
2.2537500393700789
11
2.0674999999999999
21
2.2537500393700789
0
LINE
8
BLACK
6
CONTINUOUS
10
2.0674999999999999
20
2.2537500393700789
11
2.0674999999999999
21
2.2187500393700788
0
LINE
8
BLACK
6
CONTINUOUS
10
0.5052401574803149
20
2.2298818897637793
11
0.355240157480315
21
2.2298818897637793
0
LINE
8
BLACK
6
CONTINUOUS
10
0.355240157480315
20
2.2298818897637793
11
0.355240157480315
21
2.3798818897637797
0
LINE
8
BLACK
6
CONTINUOUS
10
0.355240157480315
20
2.3798818897637797
11
0.5052401574803149
21
2.3798818897637797
0
LINE
8
BLACK
6
CONTINUOUS
10
0.5052401574803149
20
2.3798818897637797
11
0.5052401574803149
21
2.2298818897637793
0
LINE
8
BLACK
6
CONTINUOUS
10
0.7020905511811023
20
2.2298818897637793
11
0.5520905511811024
21
2.2298818897637793
0
LINE
8
BLACK
6
CONTINUOUS
10
0.5520905511811024
20
2.2298818897637793
11
0.5520905511811024
21
2.3798818897637797
0
LINE
8
BLACK
6
CONTINUOUS
10
0.5520905511811024
20
2.3798818897637797
11
0.7020905511811023
21
2.3798818897637797
0
LINE
8
BLACK
6
CONTINUOUS
10
0.7020905511811023
20
2.3798818897637797
11
0.7020905511811023
21
2.2298818897637793
0
LINE
8
BLACK
6
CONTINUOUS
10
1.3496115748031496
20
2.3356322834645669
11
1.3566622047244095
21
2.3333413779527556
0
LINE
8
BLACK
6
CONTINUOUS
10
1.3566622047244095
20
2.3333413779527556
11
1.3632676377952755
21
2.329975748031496
0
LINE
8
BLACK
6
CONTINUOUS
10
1.3632676377952755
20
2.329975748031496
11
1.3692652755905512
21
2.3256182283464568
0
LINE
8
BLACK
6
CONTINUOUS
10
1.3692652755905512
20
2.3256182283464568
11
1.3745073622047244
21
2.3203761417322832
0
LINE
8
BLACK
6
CONTINUOUS
10
1.3745073622047244
20
2.3203761417322832
11
1.3788648818897637
21
2.3143785039370077
0
LINE
8
BLACK
6
CONTINUOUS
10
1.3788648818897637
20
2.3143785039370077
11
1.3822305118110236
21
2.3077730708661415
0
LINE
8
BLACK
6
CONTINUOUS
10
1.3822305118110236
20
2.3077730708661415
11
1.3845214173228346
21
2.3007224409448819
0
LINE
8
BLACK
6
CONTINUOUS
10
1.3845214173228346
20
2.3007224409448819
11
1.3856811417322834
21
2.2934002755905509
0
LINE
8
BLACK
6
CONTINUOUS
10
1.3856811417322834
20
2.2934002755905509
11
1.3856811417322834
21
2.2859868110236219
0
LINE
8
BLACK
6
CONTINUOUS
10
1.3856811417322834
20
2.2859868110236219
11
1.3845214173228346
21
2.2786646456692914
0
LINE
8
BLACK
6
CONTINUOUS
10
1.3845214173228346
20
2.2786646456692914
11
1.3822305118110236
21
2.2716140157480313
0
LINE
8
BLACK
6
CONTINUOUS
10
1.3822305118110236
20
2.2716140157480313
11
1.3788648818897637
21
2.2650085826771651
0
LINE
8
BLACK
6
CONTINUOUS
10
1.3788648818897637
20
2.2650085826771651
11
1.3745073622047244
21
2.2590109448818896
0
LINE
8
BLACK
6
CONTINUOUS
10
1.3745073622047244
20
2.2590109448818896
11
1.3692652755905512
21
2.2537688582677164
0
LINE
8
BLACK
6
CONTINUOUS
10
1.3692652755905512
20
2.2537688582677164
11
1.3632676377952755
21
2.2494113385826773
0
LINE
8
BLACK
6
CONTINUOUS
10
1.3632676377952755
20
2.2494113385826773
11
1.3566622047244095
21
2.2460457086614172
0
LINE
8
BLACK
6
CONTINUOUS
10
1.3566622047244095
20
2.2460457086614172
11
1.3496115748031496
21
2.2437548031496064
0
LINE
8
BLACK
6
CONTINUOUS
10
1.3496115748031496
20
2.2437548031496064
11
1.3422894094488189
21
2.2425950787401576
0
LINE
8
BLACK
6
CONTINUOUS
10
1.3422894094488189
20
2.2425950787401576
11
1.3348759448818897
21
2.2425950787401576
0
LINE
8
BLACK
6
CONTINUOUS
10
1.3348759448818897
20
2.2425950787401576
11
1.3275537795275589
21
2.2437548031496064
0
LINE
8
BLACK
6
CONTINUOUS
10
1.3275537795275589
20
2.2437548031496064
11
1.3205031496062991
21
2.2460457086614172
0
LINE
8
BLACK
6
CONTINUOUS
10
1.3205031496062991
20
2.2460457086614172
11
1.3138977165354331
21
2.2494113385826773
0
LINE
8
BLACK
6
CONTINUOUS
10
1.3138977165354331
20
2.2494113385826773
11
1.3079000787401573
21
2.2537688582677164
0
LINE
8
BLACK
6
CONTINUOUS
10
1.3079000787401573
20
2.2537688582677164
11
1.3026579921259842
21
2.2590109448818896
0
LINE
8
BLACK
6
CONTINUOUS
10
1.3026579921259842
20
2.2590109448818896
11
1.2983004724409448
21
2.2650085826771651
0
LINE
8
BLACK
6
CONTINUOUS
10
1.2983004724409448
20
2.2650085826771651
11
1.2949348425196849
21
2.2716140157480313
0
LINE
8
BLACK
6
CONTINUOUS
10
1.2949348425196849
20
2.2716140157480313
11
1.2926439370078739
21
2.2786646456692914
0
LINE
8
BLACK
6
CONTINUOUS
10
1.2926439370078739
20
2.2786646456692914
11
1.2914842125984252
21
2.2859868110236219
0
LINE
8
BLACK
6
CONTINUOUS
10
1.2914842125984252
20
2.2859868110236219
11
1.2914842125984252
21
2.2934002755905509
0
LINE
8
BLACK
6
CONTINUOUS
10
1.2914842125984252
20
2.2934002755905509
11
1.2926439370078739
21
2.3007224409448819
0
LINE
8
BLACK
6
CONTINUOUS
10
1.2926439370078739
20
2.3007224409448819
11
1.2949348425196849
21
2.3077730708661415
0
LINE
8
BLACK
6
CONTINUOUS
10
1.2949348425196849
20
2.3077730708661415
11
1.2983004724409448
21
2.3143785039370077
0
LINE
8
BLACK
6
CONTINUOUS
10
1.2983004724409448
20
2.3143785039370077
11
1.3026579921259842
21
2.3203761417322832
0
LINE
8
BLACK
6
CONTINUOUS
10
1.3026579921259842
20
2.3203761417322832
11
1.3079000787401573
21
2.3256182283464568
0
LINE
8
BLACK
6
CONTINUOUS
10
1.3079000787401573
20
2.3256182283464568
11
1.3138977165354331
21
2.329975748031496
0
LINE
8
BLACK
6
CONTINUOUS
10
1.3138977165354331
20
2.329975748031496
11
1.3205031496062991
21
2.3333413779527556
0
LINE
8
BLACK
6
CONTINUOUS
10
1.3205031496062991
20
2.3333413779527556
11
1.3275537795275589
21
2.3356322834645669
0
LINE
8
BLACK
6
CONTINUOUS
10
1.3275537795275589
20
2.3356322834645669
11
1.3348759448818897
21
2.3367920078740156
0
LINE
8
BLACK
6
CONTINUOUS
10
1.3348759448818897
20
2.3367920078740156
11
1.3422894094488189
21
2.3367920078740156
0
LINE
8
BLACK
6
CONTINUOUS
10
1.3422894094488189
20
2.3367920078740156
11
1.3496115748031496
21
2.3356322834645669
0
LINE
8
BLACK
6
CONTINUOUS
10
1.5464619685039369
20
2.3356322834645669
11
1.5535125984251967
21
2.3333413779527556
0
LINE
8
BLACK
6
CONTINUOUS
10
1.5535125984251967
20
2.3333413779527556
11
1.560118031496063
21
2.329975748031496
0
LINE
8
BLACK
6
CONTINUOUS
10
1.560118031496063
20
2.329975748031496
11
1.5661156692913385
21
2.3256182283464568
0
LINE
8
BLACK
6
CONTINUOUS
10
1.5661156692913385
20
2.3256182283464568
11
1.5713577559055119
21
2.3203761417322832
0
LINE
8
BLACK
6
CONTINUOUS
10
1.5713577559055119
20
2.3203761417322832
11
1.5757152755905512
21
2.3143785039370077
0
LINE
8
BLACK
6
CONTINUOUS
10
1.5757152755905512
20
2.3143785039370077
11
1.5790809055118109
21
2.3077730708661415
0
LINE
8
BLACK
6
CONTINUOUS
10
1.5790809055118109
20
2.3077730708661415
11
1.5813718110236221
21
2.3007224409448819
0
LINE
8
BLACK
6
CONTINUOUS
10
1.5813718110236221
20
2.3007224409448819
11
1.5825315354330709
21
2.2934002755905509
0
LINE
8
BLACK
6
CONTINUOUS
10
1.5825315354330709
20
2.2934002755905509
11
1.5825315354330709
21
2.2859868110236219
0
LINE
8
BLACK
6
CONTINUOUS
10
1.5825315354330709
20
2.2859868110236219
11
1.5813718110236221
21
2.2786646456692914
0
LINE
8
BLACK
6
CONTINUOUS
10
1.5813718110236221
20
2.2786646456692914
11
1.5790809055118109
21
2.2716140157480313
0
LINE
8
BLACK
6
CONTINUOUS
10
1.5790809055118109
20
2.2716140157480313
11
1.5757152755905512
21
2.2650085826771651
0
LINE
8
BLACK
6
CONTINUOUS
10
1.5757152755905512
20
2.2650085826771651
11
1.5713577559055119
21
2.2590109448818896
0
LINE
8
BLACK
6
CONTINUOUS
10
1.5713577559055119
20
2.2590109448818896
11
1.5661156692913385
21
2.2537688582677164
0
LINE
8
BLACK
6
CONTINUOUS
10
1.5661156692913385
20
2.2537688582677164
11
1.560118031496063
21
2.2494113385826773
0
LINE
8
BLACK
6
CONTINUOUS
10
1.560118031496063
20
2.2494113385826773
11
1.5535125984251967
21
2.2460457086614172
0
LINE
8
BLACK
6
CONTINUOUS
10
1.5535125984251967
20
2.2460457086614172
11
1.5464619685039369
21
2.2437548031496064
0
LINE
8
BLACK
6
CONTINUOUS
10
1.5464619685039369
20
2.2437548031496064
11
1.5391398031496062
21
2.2425950787401576
0
LINE
8
BLACK
6
CONTINUOUS
10
1.5391398031496062
20
2.2425950787401576
11
1.5317263385826771
21
2.2425950787401576
0
LINE
8
BLACK
6
CONTINUOUS
10
1.5317263385826771
20
2.2425950787401576
11
1.5244041732283464
21
2.2437548031496064
0
LINE
8
BLACK
6
CONTINUOUS
10
1.5244041732283464
20
2.2437548031496064
11
1.5173535433070866
21
2.2460457086614172
0
LINE
8
BLACK
6
CONTINUOUS
10
1.5173535433070866
20
2.2460457086614172
11
1.5107481102362204
21
2.2494113385826773
0
LINE
8
BLACK
6
CONTINUOUS
10
1.5107481102362204
20
2.2494113385826773
11
1.5047504724409448
21
2.2537688582677164
0
LINE
8
BLACK
6
CONTINUOUS
10
1.5047504724409448
20
2.2537688582677164
11
1.4995083858267717
21
2.2590109448818896
0
LINE
8
BLACK
6
CONTINUOUS
10
1.4995083858267717
20
2.2590109448818896
11
1.4951508661417323
21
2.2650085826771651
0
LINE
8
BLACK
6
CONTINUOUS
10
1.4951508661417323
20
2.2650085826771651
11
1.4917852362204724
21
2.2716140157480313
0
LINE
8
BLACK
6
CONTINUOUS
10
1.4917852362204724
20
2.2716140157480313
11
1.4894943307086614
21
2.2786646456692914
0
LINE
8
BLACK
6
CONTINUOUS
10
1.4894943307086614
20
2.2786646456692914
11
1.4883346062992127
21
2.2859868110236219
0
LINE
8
BLACK
6
CONTINUOUS
10
1.4883346062992127
20
2.2859868110236219
11
1.4883346062992127
21
2.2934002755905509
0
LINE
8
BLACK
6
CONTINUOUS
10
1.4883346062992127
20
2.2934002755905509
11
1.4894943307086614
21
2.3007224409448819
0
LINE
8
BLACK
6
CONTINUOUS
10
1.4894943307086614
20
2.3007224409448819
11
1.4917852362204724
21
2.3077730708661415
0
LINE
8
BLACK
6
CONTINUOUS
10
1.4917852362204724
20
2.3077730708661415
11
1.4951508661417323
21
2.3143785039370077
0
LINE
8
BLACK
6
CONTINUOUS
10
1.4951508661417323
20
2.3143785039370077
11
1.4995083858267717
21
2.3203761417322832
0
LINE
8
BLACK
6
CONTINUOUS
10
1.4995083858267717
20
2.3203761417322832
11
1.5047504724409448
21
2.3256182283464568
0
LINE
8
BLACK
6
CONTINUOUS
10
1.5047504724409448
20
2.3256182283464568
11
1.5107481102362204
21
2.329975748031496
0
LINE
8
BLACK
6
CONTINUOUS
10
1.5107481102362204
20
2.329975748031496
11
1.5173535433070866
21
2.3333413779527556
0
LINE
8
BLACK
6
CONTINUOUS
10
1.5173535433070866
20
2.3333413779527556
11
1.5244041732283464
21
2.3356322834645669
0
LINE
8
BLACK
6
CONTINUOUS
10
1.5244041732283464
20
2.3356322834645669
11
1.5317263385826771
21
2.3367920078740156
0
LINE
8
BLACK
6
CONTINUOUS
10
1.5317263385826771
20
2.3367920078740156
11
1.5391398031496062
21
2.3367920078740156
0
LINE
8
BLACK
6
CONTINUOUS
10
1.5391398031496062
20
2.3367920078740156
11
1.5464619685039369
21
2.3356322834645669
0
LINE
8
BLACK
6
CONTINUOUS
10
2.4996850393700787
20
2.2853543307086612
11
2.4396850393700786
21
2.2853543307086612
0
LINE
8
BLACK
6
CONTINUOUS
10
2.4396850393700786
20
2.2853543307086612
11
2.4396850393700786
21
2.3453543307086613
0
LINE
8
BLACK
6
CONTINUOUS
10
2.4396850393700786
20
2.3453543307086613
11
2.4996850393700787
21
2.3453543307086613
0
LINE
8
BLACK
6
CONTINUOUS
10
2.4996850393700787
20
2.3453543307086613
11
2.4996850393700787
21
2.2853543307086612
0
LINE
8
BLACK
6
CONTINUOUS
10
2.5996850393700788
20
2.2853543307086612
11
2.5396850393700787
21
2.2853543307086612
0
LINE
8
BLACK
6
CONTINUOUS
10
2.5396850393700787
20
2.2853543307086612
11
2.5396850393700787
21
2.3453543307086613
0
LINE
8
BLACK
6
CONTINUOUS
10
2.5396850393700787
20
2.3453543307086613
11
2.5996850393700788
21
2.3453543307086613
0
LINE
8
BLACK
6
CONTINUOUS
10
2.5996850393700788
20
2.3453543307086613
11
2.5996850393700788
21
2.2853543307086612
0
LINE
8
BLACK
6
CONTINUOUS
10
2.7359055118110236
20
2.2853543307086612
11
2.6759055118110235
21
2.2853543307086612
0
LINE
8
BLACK
6
CONTINUOUS
10
2.6759055118110235
20
2.2853543307086612
11
2.6759055118110235
21
2.3453543307086613
0
LINE
8
BLACK
6
CONTINUOUS
10
2.6759055118110235
20
2.3453543307086613
11
2.7359055118110236
21
2.3453543307086613
0
LINE
8
BLACK
6
CONTINUOUS
10
2.7359055118110236
20
2.3453543307086613
11
2.7359055118110236
21
2.2853543307086612
0
LINE
8
BLACK
6
CONTINUOUS
10
2.8359055118110237
20
2.2853543307086612
11
2.7759055118110236
21
2.2853543307086612
0
LINE
8
BLACK
6
CONTINUOUS
10
2.7759055118110236
20
2.2853543307086612
11
2.7759055118110236
21
2.3453543307086613
0
LINE
8
BLACK
6
CONTINUOUS
10
2.7759055118110236
20
2.3453543307086613
11
2.8359055118110237
21
2.3453543307086613
0
LINE
8
BLACK
6
CONTINUOUS
10
2.8359055118110237
20
2.3453543307086613
11
2.8359055118110237
21
2.2853543307086612
0
LINE
8
BLACK
6
CONTINUOUS
10
1.8653543307086613
20
2.3024016141732284
11
1.7866141732283465
21
2.3024016141732284
0
LINE
8
BLACK
6
CONTINUOUS
10
1.7866141732283465
20
2.3024016141732284
11
1.7866141732283465
21
2.327598464566929
0
LINE
8
BLACK
6
CONTINUOUS
10
1.7866141732283465
20
2.327598464566929
11
1.8653543307086613
21
2.327598464566929
0
LINE
8
BLACK
6
CONTINUOUS
10
1.8653543307086613
20
2.327598464566929
11
1.8653543307086613
21
2.3024016141732284
0
LINE
8
BLACK
6
CONTINUOUS
10
2.1133858267716534
20
2.3024016141732284
11
2.0346456692913386
21
2.3024016141732284
0
LINE
8
BLACK
6
CONTINUOUS
10
2.0346456692913386
20
2.3024016141732284
11
2.0346456692913386
21
2.327598464566929
0
LINE
8
BLACK
6
CONTINUOUS
10
2.0346456692913386
20
2.327598464566929
11
2.1133858267716534
21
2.327598464566929
0
LINE
8
BLACK
6
CONTINUOUS
10
2.1133858267716534
20
2.327598464566929
11
2.1133858267716534
21
2.3024016141732284
0
LINE
8
BLACK
6
CONTINUOUS
10
1.8653543307086613
20
2.4024016141732285
11
1.7866141732283465
21
2.4024016141732285
0
LINE
8
BLACK
6
CONTINUOUS
10
1.7866141732283465
20
2.4024016141732285
11
1.7866141732283465
21
2.4275984645669291
0
LINE
8
BLACK
6
CONTINUOUS
10
1.7866141732283465
20
2.4275984645669291
11
1.8653543307086613
21
2.4275984645669291
0
LINE
8
BLACK
6
CONTINUOUS
10
1.8653543307086613
20
2.4275984645669291
11
1.8653543307086613
21
2.4024016141732285
0
LINE
8
BLACK
6
CONTINUOUS
10
2.1133858267716534
20
2.4024016141732285
11
2.0346456692913386
21
2.4024016141732285
0
LINE
8
BLACK
6
CONTINUOUS
10
2.0346456692913386
20
2.4024016141732285
11
2.0346456692913386
21
2.4275984645669291
0
LINE
8
BLACK
6
CONTINUOUS
10
2.0346456692913386
20
2.4275984645669291
11
2.1133858267716534
21
2.4275984645669291
0
LINE
8
BLACK
6
CONTINUOUS
10
2.1133858267716534
20
2.4275984645669291
11
2.1133858267716534
21
2.4024016141732285
0
LINE
8
BLACK
6
CONTINUOUS
10
0.5052401574803149
20
2.4267322834645668
11
0.355240157480315
21
2.4267322834645668
0
LINE
8
BLACK
6
CONTINUOUS
10
0.355240157480315
20
2.4267322834645668
11
0.355240157480315
21
2.5767322834645667
0
LINE
8
BLACK
6
CONTINUOUS
10
0.355240157480315
20
2.5767322834645667
11
0.5052401574803149
21
2.5767322834645667
0
LINE
8
BLACK
6
CONTINUOUS
10
0.5052401574803149
20
2.5767322834645667
11
0.5052401574803149
21
2.4267322834645668
0
LINE
8
BLACK
6
CONTINUOUS
10
0.7020905511811023
20
2.4267322834645668
11
0.5520905511811024
21
2.4267322834645668
0
LINE
8
BLACK
6
CONTINUOUS
10
0.5520905511811024
20
2.4267322834645668
11
0.5520905511811024
21
2.5767322834645667
0
LINE
8
BLACK
6
CONTINUOUS
10
0.5520905511811024
20
2.5767322834645667
11
0.7020905511811023
21
2.5767322834645667
0
LINE
8
BLACK
6
CONTINUOUS
10
0.7020905511811023
20
2.5767322834645667
11
0.7020905511811023
21
2.4267322834645668
0
LINE
8
BLACK
6
CONTINUOUS
10
2.5975000000000001
20
2.4649999999999999
11
2.5425
21
2.4649999999999999
0
LINE
8
BLACK
6
CONTINUOUS
10
2.5425
20
2.4649999999999999
11
2.5425
21
2.5
0
LINE
8
BLACK
6
CONTINUOUS
10
2.5425
20
2.5
11
2.5975000000000001
21
2.5
0
LINE
8
BLACK
6
CONTINUOUS
10
2.5975000000000001
20
2.5
11
2.5975000000000001
21
2.4649999999999999
0
LINE
8
BLACK
6
CONTINUOUS
10
2.6824673622047244
20
2.5041326771653543
11
2.6856605118110237
21
2.5019990944881889
0
LINE
8
BLACK
6
CONTINUOUS
10
2.6856605118110237
20
2.5019990944881889
11
2.6877940944881891
21
2.4988059448818896
0
LINE
8
BLACK
6
CONTINUOUS
10
2.6877940944881891
20
2.4988059448818896
11
2.688543307086614
21
2.4950393700787399
0
LINE
8
BLACK
6
CONTINUOUS
10
2.688543307086614
20
2.4950393700787399
11
2.688543307086614
21
2.4753543307086612
0
LINE
8
BLACK
6
CONTINUOUS
10
2.688543307086614
20
2.4753543307086612
11
2.6877940944881891
21
2.4715877559055119
0
LINE
8
BLACK
6
CONTINUOUS
10
2.6877940944881891
20
2.4715877559055119
11
2.6856605118110237
21
2.4683946062992126
0
LINE
8
BLACK
6
CONTINUOUS
10
2.6856605118110237
20
2.4683946062992126
11
2.6824673622047244
21
2.4662610236220472
0
LINE
8
BLACK
6
CONTINUOUS
10
2.6824673622047244
20
2.4662610236220472
11
2.6787007874015747
21
2.4655118110236218
0
LINE
8
BLACK
6
CONTINUOUS
10
2.6787007874015747
20
2.4655118110236218
11
2.6412992125984252
21
2.4655118110236218
0
LINE
8
BLACK
6
CONTINUOUS
10
2.6412992125984252
20
2.4655118110236218
11
2.6375326377952755
21
2.4662610236220472
0
LINE
8
BLACK
6
CONTINUOUS
10
2.6375326377952755
20
2.4662610236220472
11
2.6343394881889761
21
2.4683946062992126
0
LINE
8
BLACK
6
CONTINUOUS
10
2.6343394881889761
20
2.4683946062992126
11
2.6322059055118108
21
2.4715877559055119
0
LINE
8
BLACK
6
CONTINUOUS
10
2.6322059055118108
20
2.4715877559055119
11
2.6314566929133858
21
2.4753543307086612
0
LINE
8
BLACK
6
CONTINUOUS
10
2.6314566929133858
20
2.4753543307086612
11
2.6314566929133858
21
2.4950393700787399
0
LINE
8
BLACK
6
CONTINUOUS
10
2.6314566929133858
20
2.4950393700787399
11
2.6322059055118108
21
2.4988059448818896
0
LINE
8
BLACK
6
CONTINUOUS
10
2.6322059055118108
20
2.4988059448818896
11
2.6343394881889761
21
2.5019990944881889
0
LINE
8
BLACK
6
CONTINUOUS
10
2.6343394881889761
20
2.5019990944881889
11
2.6375326377952755
21
2.5041326771653543
0
LINE
8
BLACK
6
CONTINUOUS
10
2.6375326377952755
20
2.5041326771653543
11
2.6412992125984252
21
2.5048818897637797
0
LINE
8
BLACK
6
CONTINUOUS
10
2.6412992125984252
20
2.5048818897637797
11
2.6787007874015747
21
2.5048818897637797
0
LINE
8
BLACK
6
CONTINUOUS
10
2.6787007874015747
20
2.5048818897637797
11
2.6824673622047244
21
2.5041326771653543
0
LINE
8
BLACK
6
CONTINUOUS
10
1.8924075196850394
20
2.6416810629921259
11
1.9003394881889764
21
2.6391038188976377
0
LINE
8
BLACK
6
CONTINUOUS
10
1.9003394881889764
20
2.6391038188976377
11
1.907770590551181
21
2.6353174803149604
0
LINE
8
BLACK
6
CONTINUOUS
10
1.907770590551181
20
2.6353174803149604
11
1.9145179133858268
21
2.630415275590551
0
LINE
8
BLACK
6
CONTINUOUS
10
1.9145179133858268
20
2.630415275590551
11
1.920415275590551
21
2.6245179133858265
0
LINE
8
BLACK
6
CONTINUOUS
10
1.920415275590551
20
2.6245179133858265
11
1.9253174803149606
21
2.617770590551181
0
LINE
8
BLACK
6
CONTINUOUS
10
1.9253174803149606
20
2.617770590551181
11
1.9291038188976377
21
2.6103394881889761
0
LINE
8
BLACK
6
CONTINUOUS
10
1.9291038188976377
20
2.6103394881889761
11
1.9316810629921259
21
2.6024075196850394
0
LINE
8
BLACK
6
CONTINUOUS
10
1.9316810629921259
20
2.6024075196850394
11
1.932985748031496
21
2.5941700787401576
0
LINE
8
BLACK
6
CONTINUOUS
10
1.932985748031496
20
2.5941700787401576
11
1.932985748031496
21
2.5858299212598426
0
LINE
8
BLACK
6
CONTINUOUS
10
1.932985748031496
20
2.5858299212598426
11
1.9316810629921259
21
2.5775924803149604
0
LINE
8
BLACK
6
CONTINUOUS
10
1.9316810629921259
20
2.5775924803149604
11
1.9291038188976377
21
2.5696605118110236
0
LINE
8
BLACK
6
CONTINUOUS
10
1.9291038188976377
20
2.5696605118110236
11
1.9253174803149606
21
2.5622294094488187
0
LINE
8
BLACK
6
CONTINUOUS
10
1.9253174803149606
20
2.5622294094488187
11
1.920415275590551
21
2.5554820866141732
0
LINE
8
BLACK
6
CONTINUOUS
10
1.920415275590551
20
2.5554820866141732
11
1.9145179133858268
21
2.5495847244094487
0
LINE
8
BLACK
6
CONTINUOUS
10
1.9145179133858268
20
2.5495847244094487
11
1.907770590551181
21
2.5446825196850393
0
LINE
8
BLACK
6
CONTINUOUS
10
1.907770590551181
20
2.5446825196850393
11
1.9003394881889764
21
2.540896181102362
0
LINE
8
BLACK
6
CONTINUOUS
10
1.9003394881889764
20
2.540896181102362
11
1.8924075196850394
21
2.5383189370078738
0
LINE
8
BLACK
6
CONTINUOUS
10
1.8924075196850394
20
2.5383189370078738
11
1.8841700787401574
21
2.5370142519685039
0
LINE
8
BLACK
6
CONTINUOUS
10
1.8841700787401574
20
2.5370142519685039
11
1.8758299212598424
21
2.5370142519685039
0
LINE
8
BLACK
6
CONTINUOUS
10
1.8758299212598424
20
2.5370142519685039
11
1.8675924803149606
21
2.5383189370078738
0
LINE
8
BLACK
6
CONTINUOUS
10
1.8675924803149606
20
2.5383189370078738
11
1.8596605118110237
21
2.540896181102362
0
LINE
8
BLACK
6
CONTINUOUS
10
1.8596605118110237
20
2.540896181102362
11
1.8522294094488188
21
2.5446825196850393
0
LINE
8
BLACK
6
CONTINUOUS
10
1.8522294094488188
20
2.5446825196850393
11
1.8454820866141732
21
2.5495847244094487
0
LINE
8
BLACK
6
CONTINUOUS
10
1.8454820866141732
20
2.5495847244094487
11
1.8395847244094488
21
2.5554820866141732
0
LINE
8
BLACK
6
CONTINUOUS
10
1.8395847244094488
20
2.5554820866141732
11
1.8346825196850394
21
2.5622294094488187
0
LINE
8
BLACK
6
CONTINUOUS
10
1.8346825196850394
20
2.5622294094488187
11
1.8308961811023621
21
2.5696605118110236
0
LINE
8
BLACK
6
CONTINUOUS
10
1.8308961811023621
20
2.5696605118110236
11
1.8283189370078741
21
2.5775924803149604
0
LINE
8
BLACK
6
CONTINUOUS
10
1.8283189370078741
20
2.5775924803149604
11
1.827014251968504
21
2.5858299212598426
0
LINE
8
BLACK
6
CONTINUOUS
10
1.827014251968504
20
2.5858299212598426
11
1.827014251968504
21
2.5941700787401576
0
LINE
8
BLACK
6
CONTINUOUS
10
1.827014251968504
20
2.5941700787401576
11
1.8283189370078741
21
2.6024075196850394
0
LINE
8
BLACK
6
CONTINUOUS
10
1.8283189370078741
20
2.6024075196850394
11
1.8308961811023621
21
2.6103394881889761
0
LINE
8
BLACK
6
CONTINUOUS
10
1.8308961811023621
20
2.6103394881889761
11
1.8346825196850394
21
2.617770590551181
0
LINE
8
BLACK
6
CONTINUOUS
10
1.8346825196850394
20
2.617770590551181
11
1.8395847244094488
21
2.6245179133858265
0
LINE
8
BLACK
6
CONTINUOUS
10
1.8395847244094488
20
2.6245179133858265
11
1.8454820866141732
21
2.630415275590551
0
LINE
8
BLACK
6
CONTINUOUS
10
1.8454820866141732
20
2.630415275590551
11
1.8522294094488188
21
2.6353174803149604
0
LINE
8
BLACK
6
CONTINUOUS
10
1.8522294094488188
20
2.6353174803149604
11
1.8596605118110237
21
2.6391038188976377
0
LINE
8
BLACK
6
CONTINUOUS
10
1.8596605118110237
20
2.6391038188976377
11
1.8675924803149606
21
2.6416810629921259
0
LINE
8
BLACK
6
CONTINUOUS
10
1.8675924803149606
20
2.6416810629921259
11
1.8758299212598424
21
2.6429857480314962
0
LINE
8
BLACK
6
CONTINUOUS
10
1.8758299212598424
20
2.6429857480314962
11
1.8841700787401574
21
2.6429857480314962
0
LINE
8
BLACK
6
CONTINUOUS
10
1.8841700787401574
20
2.6429857480314962
11
1.8924075196850394
21
2.6416810629921259
0
LINE
8
BLACK
6
CONTINUOUS
10
2.5975000000000001
20
2.54
11
2.5425
21
2.54
0
LINE
8
BLACK
6
CONTINUOUS
10
2.5425
20
2.54
11
2.5425
21
2.5749999999999997
0
LINE
8
BLACK
6
CONTINUOUS
10
2.5425
20
2.5749999999999997
11
2.5975000000000001
21
2.5749999999999997
0
LINE
8
BLACK
6
CONTINUOUS
10
2.5975000000000001
20
2.5749999999999997
11
2.5975000000000001
21
2.54
0
LINE
8
BLACK
6
CONTINUOUS
10
2.6824673622047244
20
2.5789358267716533
11
2.6856605118110237
21
2.576802244094488
0
LINE
8
BLACK
6
CONTINUOUS
10
2.6856605118110237
20
2.576802244094488
11
2.6877940944881891
21
2.5736090944881891
0
LINE
8
BLACK
6
CONTINUOUS
10
2.6877940944881891
20
2.5736090944881891
11
2.688543307086614
21
2.5698425196850394
0
LINE
8
BLACK
6
CONTINUOUS
10
2.688543307086614
20
2.5698425196850394
11
2.688543307086614
21
2.5501574803149607
0
LINE
8
BLACK
6
CONTINUOUS
10
2.688543307086614
20
2.5501574803149607
11
2.6877940944881891
21
2.546390905511811
0
LINE
8
BLACK
6
CONTINUOUS
10
2.6877940944881891
20
2.546390905511811
11
2.6856605118110237
21
2.5431977559055117
0
LINE
8
BLACK
6
CONTINUOUS
10
2.6856605118110237
20
2.5431977559055117
11
2.6824673622047244
21
2.5410641732283463
0
LINE
8
BLACK
6
CONTINUOUS
10
2.6824673622047244
20
2.5410641732283463
11
2.6787007874015747
21
2.5403149606299213
0
LINE
8
BLACK
6
CONTINUOUS
10
2.6787007874015747
20
2.5403149606299213
11
2.6412992125984252
21
2.5403149606299213
0
LINE
8
BLACK
6
CONTINUOUS
10
2.6412992125984252
20
2.5403149606299213
11
2.6375326377952755
21
2.5410641732283463
0
LINE
8
BLACK
6
CONTINUOUS
10
2.6375326377952755
20
2.5410641732283463
11
2.6343394881889761
21
2.5431977559055117
0
LINE
8
BLACK
6
CONTINUOUS
10
2.6343394881889761
20
2.5431977559055117
11
2.6322059055118108
21
2.546390905511811
0
LINE
8
BLACK
6
CONTINUOUS
10
2.6322059055118108
20
2.546390905511811
11
2.6314566929133858
21
2.5501574803149607
0
LINE
8
BLACK
6
CONTINUOUS
10
2.6314566929133858
20
2.5501574803149607
11
2.6314566929133858
21
2.5698425196850394
0
LINE
8
BLACK
6
CONTINUOUS
10
2.6314566929133858
20
2.5698425196850394
11
2.6322059055118108
21
2.5736090944881891
0
LINE
8
BLACK
6
CONTINUOUS
10
2.6322059055118108
20
2.5736090944881891
11
2.6343394881889761
21
2.576802244094488
0
LINE
8
BLACK
6
CONTINUOUS
10
2.6343394881889761
20
2.576802244094488
11
2.6375326377952755
21
2.5789358267716533
0
LINE
8
BLACK
6
CONTINUOUS
10
2.6375326377952755
20
2.5789358267716533
11
2.6412992125984252
21
2.5796850393700788
0
LINE
8
BLACK
6
CONTINUOUS
10
2.6412992125984252
20
2.5796850393700788
11
2.6787007874015747
21
2.5796850393700788
0
LINE
8
BLACK
6
CONTINUOUS
10
2.6787007874015747
20
2.5796850393700788
11
2.6824673622047244
21
2.5789358267716533
0
LINE
8
BLACK
6
CONTINUOUS
10
1.8209448818897638
20
2.6194700787401572
11
1.8236555511811023
21
2.6190462598425195
0
LINE
8
BLACK
6
CONTINUOUS
10
1.8236555511811023
20
2.6190462598425195
11
1.8262782677165355
21
2.6174462204724409
0
LINE
8
BLACK
6
CONTINUOUS
10
1.8262782677165355
20
2.6174462204724409
11
1.8280890551181102
21
2.6149642519685039
0
LINE
8
BLACK
6
CONTINUOUS
10
1.8280890551181102
20
2.6149642519685039
11
1.8288122047244093
21
2.611978307086614
0
LINE
8
BLACK
6
CONTINUOUS
10
1.8288122047244093
20
2.611978307086614
11
1.8283375984251968
21
2.6089428740157481
0
LINE
8
BLACK
6
CONTINUOUS
10
1.8283375984251968
20
2.6089428740157481
11
1.8283376377952756
21
2.6089428740157481
0
LINE
8
BLACK
6
CONTINUOUS
10
1.8283376377952756
20
2.6089428740157481
11
1.8270076771653543
21
2.6053117716535432
0
LINE
8
BLACK
6
CONTINUOUS
10
1.8270076771653543
20
2.6053117716535432
11
1.825386968503937
21
2.597749527559055
0
LINE
8
BLACK
6
CONTINUOUS
10
1.825386968503937
20
2.597749527559055
11
1.8248398818897638
21
2.5900349606299211
0
LINE
8
BLACK
6
CONTINUOUS
10
1.8248398818897638
20
2.5900349606299211
11
1.8253772047244095
21
2.5823196850393701
0
LINE
8
BLACK
6
CONTINUOUS
10
1.8253772047244095
20
2.5823196850393701
11
1.8269883070866142
21
2.5747553543307085
0
LINE
8
BLACK
6
CONTINUOUS
10
1.8269883070866142
20
2.5747553543307085
11
1.8283136614173228
21
2.5711225984251969
0
LINE
8
BLACK
6
CONTINUOUS
10
1.8283136614173228
20
2.5711225984251969
11
1.828313622047244
21
2.5711225984251969
0
LINE
8
BLACK
6
CONTINUOUS
10
1.828313622047244
20
2.5711225984251969
11
1.8287843700787401
21
2.5680865748031496
0
LINE
8
BLACK
6
CONTINUOUS
10
1.8287843700787401
20
2.5680865748031496
11
1.8280574409448818
21
2.5651015354330706
0
LINE
8
BLACK
6
CONTINUOUS
10
1.8280574409448818
20
2.5651015354330706
11
1.8262435433070865
21
2.5626218897637796
0
LINE
8
BLACK
6
CONTINUOUS
10
1.8262435433070865
20
2.5626218897637796
11
1.8236187795275589
21
2.5610251574803149
0
LINE
8
BLACK
6
CONTINUOUS
10
1.8236187795275589
20
2.5610251574803149
11
1.8209448818897638
21
2.5606105905511809
0
LINE
8
BLACK
6
CONTINUOUS
10
1.8209448818897638
20
2.5606105905511809
11
1.8209448818897638
21
2.5604724409448818
0
LINE
8
BLACK
6
CONTINUOUS
10
1.8209448818897638
20
2.5604724409448818
11
1.7796062992125983
21
2.5604724409448818
0
LINE
8
BLACK
6
CONTINUOUS
10
1.7796062992125983
20
2.5604724409448818
11
1.7796062992125983
21
2.6195275590551179
0
LINE
8
BLACK
6
CONTINUOUS
10
1.7796062992125983
20
2.6195275590551179
11
1.8209448818897638
21
2.6195275590551179
0
LINE
8
BLACK
6
CONTINUOUS
10
1.8209448818897638
20
2.6195275590551179
11
1.8209448818897638
21
2.6194700787401572
0
LINE
8
BLACK
6
CONTINUOUS
10
1.9803937007874015
20
2.5604724409448818
11
1.9390551181102362
21
2.5604724409448818
0
LINE
8
BLACK
6
CONTINUOUS
10
1.9390551181102362
20
2.5604724409448818
11
1.9390551181102362
21
2.5605299212598425
0
LINE
8
BLACK
6
CONTINUOUS
10
1.9390551181102362
20
2.5605299212598425
11
1.9363444488188977
21
2.5609537401574802
0
LINE
8
BLACK
6
CONTINUOUS
10
1.9363444488188977
20
2.5609537401574802
11
1.9337217322834646
21
2.5625537795275588
0
LINE
8
BLACK
6
CONTINUOUS
10
1.9337217322834646
20
2.5625537795275588
11
1.9319109448818896
21
2.5650357480314958
0
LINE
8
BLACK
6
CONTINUOUS
10
1.9319109448818896
20
2.5650357480314958
11
1.9311877952755905
21
2.5680216929133857
0
LINE
8
BLACK
6
CONTINUOUS
10
1.9311877952755905
20
2.5680216929133857
11
1.9316624015748032
21
2.5710571259842521
0
LINE
8
BLACK
6
CONTINUOUS
10
1.9316624015748032
20
2.5710571259842521
11
1.9316623622047244
21
2.5710571259842521
0
LINE
8
BLACK
6
CONTINUOUS
10
1.9316623622047244
20
2.5710571259842521
11
1.9329923228346457
21
2.5746882283464565
0
LINE
8
BLACK
6
CONTINUOUS
10
1.9329923228346457
20
2.5746882283464565
11
1.934613031496063
21
2.5822504724409447
0
LINE
8
BLACK
6
CONTINUOUS
10
1.934613031496063
20
2.5822504724409447
11
1.9351601181102362
21
2.5899650393700786
0
LINE
8
BLACK
6
CONTINUOUS
10
1.9351601181102362
20
2.5899650393700786
11
1.9346227952755906
21
2.59768031496063
0
LINE
8
BLACK
6
CONTINUOUS
10
1.9346227952755906
20
2.59768031496063
11
1.9330116929133858
21
2.6052446456692913
0
LINE
8
BLACK
6
CONTINUOUS
10
1.9330116929133858
20
2.6052446456692913
11
1.931686338582677
21
2.6088774015748033
0
LINE
8
BLACK
6
CONTINUOUS
10
1.931686338582677
20
2.6088774015748033
11
1.9316863779527558
21
2.6088774015748033
0
LINE
8
BLACK
6
CONTINUOUS
10
1.9316863779527558
20
2.6088774015748033
11
1.9312156299212597
21
2.6119134251968505
0
LINE
8
BLACK
6
CONTINUOUS
10
1.9312156299212597
20
2.6119134251968505
11
1.931942559055118
21
2.6148984645669291
0
LINE
8
BLACK
6
CONTINUOUS
10
1.931942559055118
20
2.6148984645669291
11
1.9337564566929133
21
2.6173781102362206
0
LINE
8
BLACK
6
CONTINUOUS
10
1.9337564566929133
20
2.6173781102362206
11
1.9363812204724409
21
2.6189748425196848
0
LINE
8
BLACK
6
CONTINUOUS
10
1.9363812204724409
20
2.6189748425196848
11
1.9390551181102362
21
2.6193894094488188
0
LINE
8
BLACK
6
CONTINUOUS
10
1.9390551181102362
20
2.6193894094488188
11
1.9390551181102362
21
2.6195275590551179
0
LINE
8
BLACK
6
CONTINUOUS
10
1.9390551181102362
20
2.6195275590551179
11
1.9803937007874015
21
2.6195275590551179
0
LINE
8
BLACK
6
CONTINUOUS
10
1.9803937007874015
20
2.6195275590551179
11
1.9803937007874015
21
2.5604724409448818
0
LINE
8
BLACK
6
CONTINUOUS
10
2.0674999999999999
20
2.5641666929133859
11
2.0124999999999997
21
2.5641666929133859
0
LINE
8
BLACK
6
CONTINUOUS
10
2.0124999999999997
20
2.5641666929133859
11
2.0124999999999997
21
2.5991666929133856
0
LINE
8
BLACK
6
CONTINUOUS
10
2.0124999999999997
20
2.5991666929133856
11
2.0674999999999999
21
2.5991666929133856
0
LINE
8
BLACK
6
CONTINUOUS
10
2.0674999999999999
20
2.5991666929133856
11
2.0674999999999999
21
2.5641666929133859
0
LINE
8
BLACK
6
CONTINUOUS
10
2.8754330708661415
20
2.5820472440944879
11
2.8045669291338582
21
2.5820472440944879
0
LINE
8
BLACK
6
CONTINUOUS
10
2.8045669291338582
20
2.5820472440944879
11
2.8045669291338582
21
2.6804724409448819
0
LINE
8
BLACK
6
CONTINUOUS
10
2.8045669291338582
20
2.6804724409448819
11
2.8754330708661415
21
2.6804724409448819
0
LINE
8
BLACK
6
CONTINUOUS
10
2.8754330708661415
20
2.6804724409448819
11
2.8754330708661415
21
2.5820472440944879
0
LINE
8
BLACK
6
CONTINUOUS
10
0.5052401574803149
20
2.6235826771653543
11
0.355240157480315
21
2.6235826771653543
0
LINE
8
BLACK
6
CONTINUOUS
10
0.355240157480315
20
2.6235826771653543
11
0.355240157480315
21
2.7735826771653542
0
LINE
8
BLACK
6
CONTINUOUS
10
0.355240157480315
20
2.7735826771653542
11
0.5052401574803149
21
2.7735826771653542
0
LINE
8
BLACK
6
CONTINUOUS
10
0.5052401574803149
20
2.7735826771653542
11
0.5052401574803149
21
2.6235826771653543
0
LINE
8
BLACK
6
CONTINUOUS
10
0.7020905511811023
20
2.6235826771653543
11
0.5520905511811024
21
2.6235826771653543
0
LINE
8
BLACK
6
CONTINUOUS
10
0.5520905511811024
20
2.6235826771653543
11
0.5520905511811024
21
2.7735826771653542
0
LINE
8
BLACK
6
CONTINUOUS
10
0.5520905511811024
20
2.7735826771653542
11
0.7020905511811023
21
2.7735826771653542
0
LINE
8
BLACK
6
CONTINUOUS
10
0.7020905511811023
20
2.7735826771653542
11
0.7020905511811023
21
2.6235826771653543
0
LINE
8
BLACK
6
CONTINUOUS
10
2.0674999999999999
20
2.6391666929133857
11
2.0124999999999997
21
2.6391666929133857
0
LINE
8
BLACK
6
CONTINUOUS
10
2.0124999999999997
20
2.6391666929133857
11
2.0124999999999997
21
2.6741666929133858
0
LINE
8
BLACK
6
CONTINUOUS
10
2.0124999999999997
20
2.6741666929133858
11
2.0674999999999999
21
2.6741666929133858
0
LINE
8
BLACK
6
CONTINUOUS
10
2.0674999999999999
20
2.6741666929133858
11
2.0674999999999999
21
2.6391666929133857
0
LINE
8
BLACK
6
CONTINUOUS
10
1.3496115748031496
20
2.7535034645669292
11
1.3566622047244095
21
2.751212559055118
0
LINE
8
BLACK
6
CONTINUOUS
10
1.3566622047244095
20
2.751212559055118
11
1.3632676377952755
21
2.7478469291338583
0
LINE
8
BLACK
6
CONTINUOUS
10
1.3632676377952755
20
2.7478469291338583
11
1.3692652755905512
21
2.7434894094488187
0
LINE
8
BLACK
6
CONTINUOUS
10
1.3692652755905512
20
2.7434894094488187
11
1.3745073622047244
21
2.7382473228346456
0
LINE
8
BLACK
6
CONTINUOUS
10
1.3745073622047244
20
2.7382473228346456
11
1.3788648818897637
21
2.73224968503937
0
LINE
8
BLACK
6
CONTINUOUS
10
1.3788648818897637
20
2.73224968503937
11
1.3822305118110236
21
2.7256442519685038
0
LINE
8
BLACK
6
CONTINUOUS
10
1.3822305118110236
20
2.7256442519685038
11
1.3845214173228346
21
2.7185936220472442
0
LINE
8
BLACK
6
CONTINUOUS
10
1.3845214173228346
20
2.7185936220472442
11
1.3856811417322834
21
2.7112714566929133
0
LINE
8
BLACK
6
CONTINUOUS
10
1.3856811417322834
20
2.7112714566929133
11
1.3856811417322834
21
2.7038579921259842
0
LINE
8
BLACK
6
CONTINUOUS
10
1.3856811417322834
20
2.7038579921259842
11
1.3845214173228346
21
2.6965358267716533
0
LINE
8
BLACK
6
CONTINUOUS
10
1.3845214173228346
20
2.6965358267716533
11
1.3822305118110236
21
2.6894851968503937
0
LINE
8
BLACK
6
CONTINUOUS
10
1.3822305118110236
20
2.6894851968503937
11
1.3788648818897637
21
2.6828797637795274
0
LINE
8
BLACK
6
CONTINUOUS
10
1.3788648818897637
20
2.6828797637795274
11
1.3745073622047244
21
2.6768821259842519
0
LINE
8
BLACK
6
CONTINUOUS
10
1.3745073622047244
20
2.6768821259842519
11
1.3692652755905512
21
2.6716400393700788
0
LINE
8
BLACK
6
CONTINUOUS
10
1.3692652755905512
20
2.6716400393700788
11
1.3632676377952755
21
2.6672825196850392
0
LINE
8
BLACK
6
CONTINUOUS
10
1.3632676377952755
20
2.6672825196850392
11
1.3566622047244095
21
2.6639168897637795
0
LINE
8
BLACK
6
CONTINUOUS
10
1.3566622047244095
20
2.6639168897637795
11
1.3496115748031496
21
2.6616259842519683
0
LINE
8
BLACK
6
CONTINUOUS
10
1.3496115748031496
20
2.6616259842519683
11
1.3422894094488189
21
2.6604662598425195
0
LINE
8
BLACK
6
CONTINUOUS
10
1.3422894094488189
20
2.6604662598425195
11
1.3348759448818897
21
2.6604662598425195
0
LINE
8
BLACK
6
CONTINUOUS
10
1.3348759448818897
20
2.6604662598425195
11
1.3275537795275589
21
2.6616259842519683
0
LINE
8
BLACK
6
CONTINUOUS
10
1.3275537795275589
20
2.6616259842519683
11
1.3205031496062991
21
2.6639168897637795
0
LINE
8
BLACK
6
CONTINUOUS
10
1.3205031496062991
20
2.6639168897637795
11
1.3138977165354331
21
2.6672825196850392
0
LINE
8
BLACK
6
CONTINUOUS
10
1.3138977165354331
20
2.6672825196850392
11
1.3079000787401573
21
2.6716400393700788
0
LINE
8
BLACK
6
CONTINUOUS
10
1.3079000787401573
20
2.6716400393700788
11
1.3026579921259842
21
2.6768821259842519
0
LINE
8
BLACK
6
CONTINUOUS
10
1.3026579921259842
20
2.6768821259842519
11
1.2983004724409448
21
2.6828797637795274
0
LINE
8
BLACK
6
CONTINUOUS
10
1.2983004724409448
20
2.6828797637795274
11
1.2949348425196849
21
2.6894851968503937
0
LINE
8
BLACK
6
CONTINUOUS
10
1.2949348425196849
20
2.6894851968503937
11
1.2926439370078739
21
2.6965358267716533
0
LINE
8
BLACK
6
CONTINUOUS
10
1.2926439370078739
20
2.6965358267716533
11
1.2914842125984252
21
2.7038579921259842
0
LINE
8
BLACK
6
CONTINUOUS
10
1.2914842125984252
20
2.7038579921259842
11
1.2914842125984252
21
2.7112714566929133
0
LINE
8
BLACK
6
CONTINUOUS
10
1.2914842125984252
20
2.7112714566929133
11
1.2926439370078739
21
2.7185936220472442
0
LINE
8
BLACK
6
CONTINUOUS
10
1.2926439370078739
20
2.7185936220472442
11
1.2949348425196849
21
2.7256442519685038
0
LINE
8
BLACK
6
CONTINUOUS
10
1.2949348425196849
20
2.7256442519685038
11
1.2983004724409448
21
2.73224968503937
0
LINE
8
BLACK
6
CONTINUOUS
10
1.2983004724409448
20
2.73224968503937
11
1.3026579921259842
21
2.7382473228346456
0
LINE
8
BLACK
6
CONTINUOUS
10
1.3026579921259842
20
2.7382473228346456
11
1.3079000787401573
21
2.7434894094488187
0
LINE
8
BLACK
6
CONTINUOUS
10
1.3079000787401573
20
2.7434894094488187
11
1.3138977165354331
21
2.7478469291338583
0
LINE
8
BLACK
6
CONTINUOUS
10
1.3138977165354331
20
2.7478469291338583
11
1.3205031496062991
21
2.751212559055118
0
LINE
8
BLACK
6
CONTINUOUS
10
1.3205031496062991
20
2.751212559055118
11
1.3275537795275589
21
2.7535034645669292
0
LINE
8
BLACK
6
CONTINUOUS
10
1.3275537795275589
20
2.7535034645669292
11
1.3348759448818897
21
2.754663188976378
0
LINE
8
BLACK
6
CONTINUOUS
10
1.3348759448818897
20
2.754663188976378
11
1.3422894094488189
21
2.754663188976378
0
LINE
8
BLACK
6
CONTINUOUS
10
1.3422894094488189
20
2.754663188976378
11
1.3496115748031496
21
2.7535034645669292
0
LINE
8
BLACK
6
CONTINUOUS
10
1.5464619685039369
20
2.7535034645669292
11
1.5535125984251967
21
2.751212559055118
0
LINE
8
BLACK
6
CONTINUOUS
10
1.5535125984251967
20
2.751212559055118
11
1.560118031496063
21
2.7478469291338583
0
LINE
8
BLACK
6
CONTINUOUS
10
1.560118031496063
20
2.7478469291338583
11
1.5661156692913385
21
2.7434894094488187
0
LINE
8
BLACK
6
CONTINUOUS
10
1.5661156692913385
20
2.7434894094488187
11
1.5713577559055119
21
2.7382473228346456
0
LINE
8
BLACK
6
CONTINUOUS
10
1.5713577559055119
20
2.7382473228346456
11
1.5757152755905512
21
2.73224968503937
0
LINE
8
BLACK
6
CONTINUOUS
10
1.5757152755905512
20
2.73224968503937
11
1.5790809055118109
21
2.7256442519685038
0
LINE
8
BLACK
6
CONTINUOUS
10
1.5790809055118109
20
2.7256442519685038
11
1.5813718110236221
21
2.7185936220472442
0
LINE
8
BLACK
6
CONTINUOUS
10
1.5813718110236221
20
2.7185936220472442
11
1.5825315354330709
21
2.7112714566929133
0
LINE
8
BLACK
6
CONTINUOUS
10
1.5825315354330709
20
2.7112714566929133
11
1.5825315354330709
21
2.7038579921259842
0
LINE
8
BLACK
6
CONTINUOUS
10
1.5825315354330709
20
2.7038579921259842
11
1.5813718110236221
21
2.6965358267716533
0
LINE
8
BLACK
6
CONTINUOUS
10
1.5813718110236221
20
2.6965358267716533
11
1.5790809055118109
21
2.6894851968503937
0
LINE
8
BLACK
6
CONTINUOUS
10
1.5790809055118109
20
2.6894851968503937
11
1.5757152755905512
21
2.6828797637795274
0
LINE
8
BLACK
6
CONTINUOUS
10
1.5757152755905512
20
2.6828797637795274
11
1.5713577559055119
21
2.6768821259842519
0
LINE
8
BLACK
6
CONTINUOUS
10
1.5713577559055119
20
2.6768821259842519
11
1.5661156692913385
21
2.6716400393700788
0
LINE
8
BLACK
6
CONTINUOUS
10
1.5661156692913385
20
2.6716400393700788
11
1.560118031496063
21
2.6672825196850392
0
LINE
8
BLACK
6
CONTINUOUS
10
1.560118031496063
20
2.6672825196850392
11
1.5535125984251967
21
2.6639168897637795
0
LINE
8
BLACK
6
CONTINUOUS
10
1.5535125984251967
20
2.6639168897637795
11
1.5464619685039369
21
2.6616259842519683
0
LINE
8
BLACK
6
CONTINUOUS
10
1.5464619685039369
20
2.6616259842519683
11
1.5391398031496062
21
2.6604662598425195
0
LINE
8
BLACK
6
CONTINUOUS
10
1.5391398031496062
20
2.6604662598425195
11
1.5317263385826771
21
2.6604662598425195
0
LINE
8
BLACK
6
CONTINUOUS
10
1.5317263385826771
20
2.6604662598425195
11
1.5244041732283464
21
2.6616259842519683
0
LINE
8
BLACK
6
CONTINUOUS
10
1.5244041732283464
20
2.6616259842519683
11
1.5173535433070866
21
2.6639168897637795
0
LINE
8
BLACK
6
CONTINUOUS
10
1.5173535433070866
20
2.6639168897637795
11
1.5107481102362204
21
2.6672825196850392
0
LINE
8
BLACK
6
CONTINUOUS
10
1.5107481102362204
20
2.6672825196850392
11
1.5047504724409448
21
2.6716400393700788
0
LINE
8
BLACK
6
CONTINUOUS
10
1.5047504724409448
20
2.6716400393700788
11
1.4995083858267717
21
2.6768821259842519
0
LINE
8
BLACK
6
CONTINUOUS
10
1.4995083858267717
20
2.6768821259842519
11
1.4951508661417323
21
2.6828797637795274
0
LINE
8
BLACK
6
CONTINUOUS
10
1.4951508661417323
20
2.6828797637795274
11
1.4917852362204724
21
2.6894851968503937
0
LINE
8
BLACK
6
CONTINUOUS
10
1.4917852362204724
20
2.6894851968503937
11
1.4894943307086614
21
2.6965358267716533
0
LINE
8
BLACK
6
CONTINUOUS
10
1.4894943307086614
20
2.6965358267716533
11
1.4883346062992127
21
2.7038579921259842
0
LINE
8
BLACK
6
CONTINUOUS
10
1.4883346062992127
20
2.7038579921259842
11
1.4883346062992127
21
2.7112714566929133
0
LINE
8
BLACK
6
CONTINUOUS
10
1.4883346062992127
20
2.7112714566929133
11
1.4894943307086614
21
2.7185936220472442
0
LINE
8
BLACK
6
CONTINUOUS
10
1.4894943307086614
20
2.7185936220472442
11
1.4917852362204724
21
2.7256442519685038
0
LINE
8
BLACK
6
CONTINUOUS
10
1.4917852362204724
20
2.7256442519685038
11
1.4951508661417323
21
2.73224968503937
0
LINE
8
BLACK
6
CONTINUOUS
10
1.4951508661417323
20
2.73224968503937
11
1.4995083858267717
21
2.7382473228346456
0
LINE
8
BLACK
6
CONTINUOUS
10
1.4995083858267717
20
2.7382473228346456
11
1.5047504724409448
21
2.7434894094488187
0
LINE
8
BLACK
6
CONTINUOUS
10
1.5047504724409448
20
2.7434894094488187
11
1.5107481102362204
21
2.7478469291338583
0
LINE
8
BLACK
6
CONTINUOUS
10
1.5107481102362204
20
2.7478469291338583
11
1.5173535433070866
21
2.751212559055118
0
LINE
8
BLACK
6
CONTINUOUS
10
1.5173535433070866
20
2.751212559055118
11
1.5244041732283464
21
2.7535034645669292
0
LINE
8
BLACK
6
CONTINUOUS
10
1.5244041732283464
20
2.7535034645669292
11
1.5317263385826771
21
2.754663188976378
0
LINE
8
BLACK
6
CONTINUOUS
10
1.5317263385826771
20
2.754663188976378
11
1.5391398031496062
21
2.754663188976378
0
LINE
8
BLACK
6
CONTINUOUS
10
1.5391398031496062
20
2.754663188976378
11
1.5464619685039369
21
2.7535034645669292
0
LINE
8
BLACK
6
CONTINUOUS
10
2.4399999999999999
20
2.6800000000000002
11
2.3799999999999999
21
2.6800000000000002
0
LINE
8
BLACK
6
CONTINUOUS
10
2.3799999999999999
20
2.6800000000000002
11
2.3799999999999999
21
2.7399999999999998
0
LINE
8
BLACK
6
CONTINUOUS
10
2.3799999999999999
20
2.7399999999999998
11
2.4399999999999999
21
2.7399999999999998
0
LINE
8
BLACK
6
CONTINUOUS
10
2.4399999999999999
20
2.7399999999999998
11
2.4399999999999999
21
2.6800000000000002
0
LINE
8
BLACK
6
CONTINUOUS
10
2.54
20
2.6800000000000002
11
2.48
21
2.6800000000000002
0
LINE
8
BLACK
6
CONTINUOUS
10
2.48
20
2.6800000000000002
11
2.48
21
2.7399999999999998
0
LINE
8
BLACK
6
CONTINUOUS
10
2.48
20
2.7399999999999998
11
2.54
21
2.7399999999999998
0
LINE
8
BLACK
6
CONTINUOUS
10
2.54
20
2.7399999999999998
11
2.54
21
2.6800000000000002
0
LINE
8
BLACK
6
CONTINUOUS
10
2.6400000000000001
20
2.6825000000000001
11
2.605
21
2.6825000000000001
0
LINE
8
BLACK
6
CONTINUOUS
10
2.605
20
2.6825000000000001
11
2.605
21
2.7374999999999998
0
LINE
8
BLACK
6
CONTINUOUS
10
2.605
20
2.7374999999999998
11
2.6400000000000001
21
2.7374999999999998
0
LINE
8
BLACK
6
CONTINUOUS
10
2.6400000000000001
20
2.7374999999999998
11
2.6400000000000001
21
2.6825000000000001
0
LINE
8
BLACK
6
CONTINUOUS
10
2.7149999999999999
20
2.6825000000000001
11
2.6800000000000002
21
2.6825000000000001
0
LINE
8
BLACK
6
CONTINUOUS
10
2.6800000000000002
20
2.6825000000000001
11
2.6800000000000002
21
2.7374999999999998
0
LINE
8
BLACK
6
CONTINUOUS
10
2.6800000000000002
20
2.7374999999999998
11
2.7149999999999999
21
2.7374999999999998
0
LINE
8
BLACK
6
CONTINUOUS
10
2.7149999999999999
20
2.7374999999999998
11
2.7149999999999999
21
2.6825000000000001
0
LINE
8
BLACK
6
CONTINUOUS
10
1.8653543307086613
20
2.7240682677165355
11
1.7866141732283465
21
2.7240682677165355
0
LINE
8
BLACK
6
CONTINUOUS
10
1.7866141732283465
20
2.7240682677165355
11
1.7866141732283465
21
2.7492651181102361
0
LINE
8
BLACK
6
CONTINUOUS
10
1.7866141732283465
20
2.7492651181102361
11
1.8653543307086613
21
2.7492651181102361
0
LINE
8
BLACK
6
CONTINUOUS
10
1.8653543307086613
20
2.7492651181102361
11
1.8653543307086613
21
2.7240682677165355
0
LINE
8
BLACK
6
CONTINUOUS
10
2.1133858267716534
20
2.7240682677165355
11
2.0346456692913386
21
2.7240682677165355
0
LINE
8
BLACK
6
CONTINUOUS
10
2.0346456692913386
20
2.7240682677165355
11
2.0346456692913386
21
2.7492651181102361
0
LINE
8
BLACK
6
CONTINUOUS
10
2.0346456692913386
20
2.7492651181102361
11
2.1133858267716534
21
2.7492651181102361
0
LINE
8
BLACK
6
CONTINUOUS
10
2.1133858267716534
20
2.7492651181102361
11
2.1133858267716534
21
2.7240682677165355
0
LINE
8
BLACK
6
CONTINUOUS
10
2.8754330708661415
20
2.739527559055118
11
2.8045669291338582
21
2.739527559055118
0
LINE
8
BLACK
6
CONTINUOUS
10
2.8045669291338582
20
2.739527559055118
11
2.8045669291338582
21
2.8379527559055115
0
LINE
8
BLACK
6
CONTINUOUS
10
2.8045669291338582
20
2.8379527559055115
11
2.8754330708661415
21
2.8379527559055115
0
LINE
8
BLACK
6
CONTINUOUS
10
2.8754330708661415
20
2.8379527559055115
11
2.8754330708661415
21
2.739527559055118
0
LINE
8
BLACK
6
CONTINUOUS
10
2.4399999999999999
20
2.7799999999999998
11
2.3799999999999999
21
2.7799999999999998
0
LINE
8
BLACK
6
CONTINUOUS
10
2.3799999999999999
20
2.7799999999999998
11
2.3799999999999999
21
2.8399999999999999
0
LINE
8
BLACK
6
CONTINUOUS
10
2.3799999999999999
20
2.8399999999999999
11
2.4399999999999999
21
2.8399999999999999
0
LINE
8
BLACK
6
CONTINUOUS
10
2.4399999999999999
20
2.8399999999999999
11
2.4399999999999999
21
2.7799999999999998
0
LINE
8
BLACK
6
CONTINUOUS
10
2.54
20
2.7799999999999998
11
2.48
21
2.7799999999999998
0
LINE
8
BLACK
6
CONTINUOUS
10
2.48
20
2.7799999999999998
11
2.48
21
2.8399999999999999
0
LINE
8
BLACK
6
CONTINUOUS
10
2.48
20
2.8399999999999999
11
2.54
21
2.8399999999999999
0
LINE
8
BLACK
6
CONTINUOUS
10
2.54
20
2.8399999999999999
11
2.54
21
2.7799999999999998
0
LINE
8
BLACK
6
CONTINUOUS
10
2.6400000000000001
20
2.7824999999999998
11
2.605
21
2.7824999999999998
0
LINE
8
BLACK
6
CONTINUOUS
10
2.605
20
2.7824999999999998
11
2.605
21
2.8374999999999999
0
LINE
8
BLACK
6
CONTINUOUS
10
2.605
20
2.8374999999999999
11
2.6400000000000001
21
2.8374999999999999
0
LINE
8
BLACK
6
CONTINUOUS
10
2.6400000000000001
20
2.8374999999999999
11
2.6400000000000001
21
2.7824999999999998
0
LINE
8
BLACK
6
CONTINUOUS
10
2.7149999999999999
20
2.7824999999999998
11
2.6800000000000002
21
2.7824999999999998
0
LINE
8
BLACK
6
CONTINUOUS
10
2.6800000000000002
20
2.7824999999999998
11
2.6800000000000002
21
2.8374999999999999
0
LINE
8
BLACK
6
CONTINUOUS
10
2.6800000000000002
20
2.8374999999999999
11
2.7149999999999999
21
2.8374999999999999
0
LINE
8
BLACK
6
CONTINUOUS
10
2.7149999999999999
20
2.8374999999999999
11
2.7149999999999999
21
2.7824999999999998
0
LINE
8
BLACK
6
CONTINUOUS
10
0.5052401574803149
20
2.8204330708661418
11
0.355240157480315
21
2.8204330708661418
0
LINE
8
BLACK
6
CONTINUOUS
10
0.355240157480315
20
2.8204330708661418
11
0.355240157480315
21
2.9704330708661417
0
LINE
8
BLACK
6
CONTINUOUS
10
0.355240157480315
20
2.9704330708661417
11
0.5052401574803149
21
2.9704330708661417
0
LINE
8
BLACK
6
CONTINUOUS
10
0.5052401574803149
20
2.9704330708661417
11
0.5052401574803149
21
2.8204330708661418
0
LINE
8
BLACK
6
CONTINUOUS
10
0.7020905511811023
20
2.8204330708661418
11
0.5520905511811024
21
2.8204330708661418
0
LINE
8
BLACK
6
CONTINUOUS
10
0.5520905511811024
20
2.8204330708661418
11
0.5520905511811024
21
2.9704330708661417
0
LINE
8
BLACK
6
CONTINUOUS
10
0.5520905511811024
20
2.9704330708661417
11
0.7020905511811023
21
2.9704330708661417
0
LINE
8
BLACK
6
CONTINUOUS
10
0.7020905511811023
20
2.9704330708661417
11
0.7020905511811023
21
2.8204330708661418
0
LINE
8
BLACK
6
CONTINUOUS
10
1.8653543307086613
20
2.8240682677165352
11
1.7866141732283465
21
2.8240682677165352
0
LINE
8
BLACK
6
CONTINUOUS
10
1.7866141732283465
20
2.8240682677165352
11
1.7866141732283465
21
2.8492651181102362
0
LINE
8
BLACK
6
CONTINUOUS
10
1.7866141732283465
20
2.8492651181102362
11
1.8653543307086613
21
2.8492651181102362
0
LINE
8
BLACK
6
CONTINUOUS
10
1.8653543307086613
20
2.8492651181102362
11
1.8653543307086613
21
2.8240682677165352
0
LINE
8
BLACK
6
CONTINUOUS
10
2.1133858267716534
20
2.8240682677165352
11
2.0346456692913386
21
2.8240682677165352
0
LINE
8
BLACK
6
CONTINUOUS
10
2.0346456692913386
20
2.8240682677165352
11
2.0346456692913386
21
2.8492651181102362
0
LINE
8
BLACK
6
CONTINUOUS
10
2.0346456692913386
20
2.8492651181102362
11
2.1133858267716534
21
2.8492651181102362
0
LINE
8
BLACK
6
CONTINUOUS
10
2.1133858267716534
20
2.8492651181102362
11
2.1133858267716534
21
2.8240682677165352
0
LINE
8
BLACK
6
CONTINUOUS
10
2.4399999999999999
20
2.8799999999999999
11
2.3799999999999999
21
2.8799999999999999
0
LINE
8
BLACK
6
CONTINUOUS
10
2.3799999999999999
20
2.8799999999999999
11
2.3799999999999999
21
2.9399999999999999
0
LINE
8
BLACK
6
CONTINUOUS
10
2.3799999999999999
20
2.9399999999999999
11
2.4399999999999999
21
2.9399999999999999
0
LINE
8
BLACK
6
CONTINUOUS
10
2.4399999999999999
20
2.9399999999999999
11
2.4399999999999999
21
2.8799999999999999
0
LINE
8
BLACK
6
CONTINUOUS
10
2.54
20
2.8799999999999999
11
2.48
21
2.8799999999999999
0
LINE
8
BLACK
6
CONTINUOUS
10
2.48
20
2.8799999999999999
11
2.48
21
2.9399999999999999
0
LINE
8
BLACK
6
CONTINUOUS
10
2.48
20
2.9399999999999999
11
2.54
21
2.9399999999999999
0
LINE
8
BLACK
6
CONTINUOUS
10
2.54
20
2.9399999999999999
11
2.54
21
2.8799999999999999
0
LINE
8
BLACK
6
CONTINUOUS
10
2.6400000000000001
20
2.8824999999999998
11
2.605
21
2.8824999999999998
0
LINE
8
BLACK
6
CONTINUOUS
10
2.605
20
2.8824999999999998
11
2.605
21
2.9375
0
LINE
8
BLACK
6
CONTINUOUS
10
2.605
20
2.9375
11
2.6400000000000001
21
2.9375
0
LINE
8
BLACK
6
CONTINUOUS
10
2.6400000000000001
20
2.9375
11
2.6400000000000001
21
2.8824999999999998
0
LINE
8
BLACK
6
CONTINUOUS
10
2.7149999999999999
20
2.8824999999999998
11
2.6800000000000002
21
2.8824999999999998
0
LINE
8
BLACK
6
CONTINUOUS
10
2.6800000000000002
20
2.8824999999999998
11
2.6800000000000002
21
2.9375
0
LINE
8
BLACK
6
CONTINUOUS
10
2.6800000000000002
20
2.9375
11
2.7149999999999999
21
2.9375
0
LINE
8
BLACK
6
CONTINUOUS
10
2.7149999999999999
20
2.9375
11
2.7149999999999999
21
2.8824999999999998
0
LINE
8
BLACK
6
CONTINUOUS
10
2.8399999999999999
20
2.9100000000000001
11
2.7799999999999998
21
2.9100000000000001
0
LINE
8
BLACK
6
CONTINUOUS
10
2.7799999999999998
20
2.9100000000000001
11
2.7799999999999998
21
2.9699999999999998
0
LINE
8
BLACK
6
CONTINUOUS
10
2.7799999999999998
20
2.9699999999999998
11
2.8399999999999999
21
2.9699999999999998
0
LINE
8
BLACK
6
CONTINUOUS
10
2.8399999999999999
20
2.9699999999999998
11
2.8399999999999999
21
2.9100000000000001
0
LINE
8
BLACK
6
CONTINUOUS
10
2.9399999999999999
20
2.9100000000000001
11
2.8799999999999999
21
2.9100000000000001
0
LINE
8
BLACK
6
CONTINUOUS
10
2.8799999999999999
20
2.9100000000000001
11
2.8799999999999999
21
2.9699999999999998
0
LINE
8
BLACK
6
CONTINUOUS
10
2.8799999999999999
20
2.9699999999999998
11
2.9399999999999999
21
2.9699999999999998
0
LINE
8
BLACK
6
CONTINUOUS
10
2.9399999999999999
20
2.9699999999999998
11
2.9399999999999999
21
2.9100000000000001
0
LINE
8
BLACK
6
CONTINUOUS
10
1.8924075196850394
20
3.0616810629921258
11
1.9003394881889764
21
3.0591038188976376
0
LINE
8
BLACK
6
CONTINUOUS
10
1.9003394881889764
20
3.0591038188976376
11
1.907770590551181
21
3.0553174803149608
0
LINE
8
BLACK
6
CONTINUOUS
10
1.907770590551181
20
3.0553174803149608
11
1.9145179133858268
21
3.0504152755905509
0
LINE
8
BLACK
6
CONTINUOUS
10
1.9145179133858268
20
3.0504152755905509
11
1.920415275590551
21
3.0445179133858269
0
LINE
8
BLACK
6
CONTINUOUS
10
1.920415275590551
20
3.0445179133858269
11
1.9253174803149606
21
3.0377705905511809
0
LINE
8
BLACK
6
CONTINUOUS
10
1.9253174803149606
20
3.0377705905511809
11
1.9291038188976377
21
3.0303394881889765
0
LINE
8
BLACK
6
CONTINUOUS
10
1.9291038188976377
20
3.0303394881889765
11
1.9316810629921259
21
3.0224075196850393
0
LINE
8
BLACK
6
CONTINUOUS
10
1.9316810629921259
20
3.0224075196850393
11
1.932985748031496
21
3.0141700787401575
0
LINE
8
BLACK
6
CONTINUOUS
10
1.932985748031496
20
3.0141700787401575
11
1.932985748031496
21
3.0058299212598425
0
LINE
8
BLACK
6
CONTINUOUS
10
1.932985748031496
20
3.0058299212598425
11
1.9316810629921259
21
2.9975924803149607
0
LINE
8
BLACK
6
CONTINUOUS
10
1.9316810629921259
20
2.9975924803149607
11
1.9291038188976377
21
2.9896605118110235
0
LINE
8
BLACK
6
CONTINUOUS
10
1.9291038188976377
20
2.9896605118110235
11
1.9253174803149606
21
2.9822294094488186
0
LINE
8
BLACK
6
CONTINUOUS
10
1.9253174803149606
20
2.9822294094488186
11
1.920415275590551
21
2.9754820866141731
0
LINE
8
BLACK
6
CONTINUOUS
10
1.920415275590551
20
2.9754820866141731
11
1.9145179133858268
21
2.9695847244094487
0
LINE
8
BLACK
6
CONTINUOUS
10
1.9145179133858268
20
2.9695847244094487
11
1.907770590551181
21
2.9646825196850393
0
LINE
8
BLACK
6
CONTINUOUS
10
1.907770590551181
20
2.9646825196850393
11
1.9003394881889764
21
2.960896181102362
0
LINE
8
BLACK
6
CONTINUOUS
10
1.9003394881889764
20
2.960896181102362
11
1.8924075196850394
21
2.9583189370078737
0
LINE
8
BLACK
6
CONTINUOUS
10
1.8924075196850394
20
2.9583189370078737
11
1.8841700787401574
21
2.9570142519685039
0
LINE
8
BLACK
6
CONTINUOUS
10
1.8841700787401574
20
2.9570142519685039
11
1.8758299212598424
21
2.9570142519685039
0
LINE
8
BLACK
6
CONTINUOUS
10
1.8758299212598424
20
2.9570142519685039
11
1.8675924803149606
21
2.9583189370078737
0
LINE
8
BLACK
6
CONTINUOUS
10
1.8675924803149606
20
2.9583189370078737
11
1.8596605118110237
21
2.960896181102362
0
LINE
8
BLACK
6
CONTINUOUS
10
1.8596605118110237
20
2.960896181102362
11
1.8522294094488188
21
2.9646825196850393
0
LINE
8
BLACK
6
CONTINUOUS
10
1.8522294094488188
20
2.9646825196850393
11
1.8454820866141732
21
2.9695847244094487
0
LINE
8
BLACK
6
CONTINUOUS
10
1.8454820866141732
20
2.9695847244094487
11
1.8395847244094488
21
2.9754820866141731
0
LINE
8
BLACK
6
CONTINUOUS
10
1.8395847244094488
20
2.9754820866141731
11
1.8346825196850394
21
2.9822294094488186
0
LINE
8
BLACK
6
CONTINUOUS
10
1.8346825196850394
20
2.9822294094488186
11
1.8308961811023621
21
2.9896605118110235
0
LINE
8
BLACK
6
CONTINUOUS
10
1.8308961811023621
20
2.9896605118110235
11
1.8283189370078741
21
2.9975924803149607
0
LINE
8
BLACK
6
CONTINUOUS
10
1.8283189370078741
20
2.9975924803149607
11
1.827014251968504
21
3.0058299212598425
0
LINE
8
BLACK
6
CONTINUOUS
10
1.827014251968504
20
3.0058299212598425
11
1.827014251968504
21
3.0141700787401575
0
LINE
8
BLACK
6
CONTINUOUS
10
1.827014251968504
20
3.0141700787401575
11
1.8283189370078741
21
3.0224075196850393
0
LINE
8
BLACK
6
CONTINUOUS
10
1.8283189370078741
20
3.0224075196850393
11
1.8308961811023621
21
3.0303394881889765
0
LINE
8
BLACK
6
CONTINUOUS
10
1.8308961811023621
20
3.0303394881889765
11
1.8346825196850394
21
3.0377705905511809
0
LINE
8
BLACK
6
CONTINUOUS
10
1.8346825196850394
20
3.0377705905511809
11
1.8395847244094488
21
3.0445179133858269
0
LINE
8
BLACK
6
CONTINUOUS
10
1.8395847244094488
20
3.0445179133858269
11
1.8454820866141732
21
3.0504152755905509
0
LINE
8
BLACK
6
CONTINUOUS
10
1.8454820866141732
20
3.0504152755905509
11
1.8522294094488188
21
3.0553174803149608
0
LINE
8
BLACK
6
CONTINUOUS
10
1.8522294094488188
20
3.0553174803149608
11
1.8596605118110237
21
3.0591038188976376
0
LINE
8
BLACK
6
CONTINUOUS
10
1.8596605118110237
20
3.0591038188976376
11
1.8675924803149606
21
3.0616810629921258
0
LINE
8
BLACK
6
CONTINUOUS
10
1.8675924803149606
20
3.0616810629921258
11
1.8758299212598424
21
3.0629857480314961
0
LINE
8
BLACK
6
CONTINUOUS
10
1.8758299212598424
20
3.0629857480314961
11
1.8841700787401574
21
3.0629857480314961
0
LINE
8
BLACK
6
CONTINUOUS
10
1.8841700787401574
20
3.0629857480314961
11
1.8924075196850394
21
3.0616810629921258
0
LINE
8
BLACK
6
CONTINUOUS
10
2.4399999999999999
20
2.98
11
2.3799999999999999
21
2.98
0
LINE
8
BLACK
6
CONTINUOUS
10
2.3799999999999999
20
2.98
11
2.3799999999999999
21
3.04
0
LINE
8
BLACK
6
CONTINUOUS
10
2.3799999999999999
20
3.04
11
2.4399999999999999
21
3.04
0
LINE
8
BLACK
6
CONTINUOUS
10
2.4399999999999999
20
3.04
11
2.4399999999999999
21
2.98
0
LINE
8
BLACK
6
CONTINUOUS
10
2.54
20
2.98
11
2.48
21
2.98
0
LINE
8
BLACK
6
CONTINUOUS
10
2.48
20
2.98
11
2.48
21
3.04
0
LINE
8
BLACK
6
CONTINUOUS
10
2.48
20
3.04
11
2.54
21
3.04
0
LINE
8
BLACK
6
CONTINUOUS
10
2.54
20
3.04
11
2.54
21
2.98
0
LINE
8
BLACK
6
CONTINUOUS
10
1.8209448818897638
20
3.0394700787401576
11
1.8236555511811023
21
3.0390462598425194
0
LINE
8
BLACK
6
CONTINUOUS
10
1.8236555511811023
20
3.0390462598425194
11
1.8262782677165355
21
3.0374462204724408
0
LINE
8
BLACK
6
CONTINUOUS
10
1.8262782677165355
20
3.0374462204724408
11
1.8280890551181102
21
3.0349642519685038
0
LINE
8
BLACK
6
CONTINUOUS
10
1.8280890551181102
20
3.0349642519685038
11
1.8288122047244093
21
3.031978307086614
0
LINE
8
BLACK
6
CONTINUOUS
10
1.8288122047244093
20
3.031978307086614
11
1.8283375984251968
21
3.028942874015748
0
LINE
8
BLACK
6
CONTINUOUS
10
1.8283375984251968
20
3.028942874015748
11
1.8283376377952756
21
3.028942874015748
0
LINE
8
BLACK
6
CONTINUOUS
10
1.8283376377952756
20
3.028942874015748
11
1.8270076771653543
21
3.0253117716535431
0
LINE
8
BLACK
6
CONTINUOUS
10
1.8270076771653543
20
3.0253117716535431
11
1.825386968503937
21
3.0177495275590549
0
LINE
8
BLACK
6
CONTINUOUS
10
1.825386968503937
20
3.0177495275590549
11
1.8248398818897638
21
3.010034960629921
0
LINE
8
BLACK
6
CONTINUOUS
10
1.8248398818897638
20
3.010034960629921
11
1.8253772047244095
21
3.0023196850393701
0
LINE
8
BLACK
6
CONTINUOUS
10
1.8253772047244095
20
3.0023196850393701
11
1.8269883070866142
21
2.9947553543307084
0
LINE
8
BLACK
6
CONTINUOUS
10
1.8269883070866142
20
2.9947553543307084
11
1.8283136614173228
21
2.9911225984251968
0
LINE
8
BLACK
6
CONTINUOUS
10
1.8283136614173228
20
2.9911225984251968
11
1.828313622047244
21
2.9911225984251968
0
LINE
8
BLACK
6
CONTINUOUS
10
1.828313622047244
20
2.9911225984251968
11
1.8287843700787401
21
2.9880865748031495
0
LINE
8
BLACK
6
CONTINUOUS
10
1.8287843700787401
20
2.9880865748031495
11
1.8280574409448818
21
2.985101535433071
0
LINE
8
BLACK
6
CONTINUOUS
10
1.8280574409448818
20
2.985101535433071
11
1.8262435433070865
21
2.9826218897637795
0
LINE
8
BLACK
6
CONTINUOUS
10
1.8262435433070865
20
2.9826218897637795
11
1.8236187795275589
21
2.9810251574803148
0
LINE
8
BLACK
6
CONTINUOUS
10
1.8236187795275589
20
2.9810251574803148
11
1.8209448818897638
21
2.9806105905511808
0
LINE
8
BLACK
6
CONTINUOUS
10
1.8209448818897638
20
2.9806105905511808
11
1.8209448818897638
21
2.9804724409448817
0
LINE
8
BLACK
6
CONTINUOUS
10
1.8209448818897638
20
2.9804724409448817
11
1.7796062992125983
21
2.9804724409448817
0
LINE
8
BLACK
6
CONTINUOUS
10
1.7796062992125983
20
2.9804724409448817
11
1.7796062992125983
21
3.0395275590551178
0
LINE
8
BLACK
6
CONTINUOUS
10
1.7796062992125983
20
3.0395275590551178
11
1.8209448818897638
21
3.0395275590551178
0
LINE
8
BLACK
6
CONTINUOUS
10
1.8209448818897638
20
3.0395275590551178
11
1.8209448818897638
21
3.0394700787401576
0
LINE
8
BLACK
6
CONTINUOUS
10
1.9803937007874015
20
2.9804724409448817
11
1.9390551181102362
21
2.9804724409448817
0
LINE
8
BLACK
6
CONTINUOUS
10
1.9390551181102362
20
2.9804724409448817
11
1.9390551181102362
21
2.9805299212598424
0
LINE
8
BLACK
6
CONTINUOUS
10
1.9390551181102362
20
2.9805299212598424
11
1.9363444488188977
21
2.9809537401574802
0
LINE
8
BLACK
6
CONTINUOUS
10
1.9363444488188977
20
2.9809537401574802
11
1.9337217322834646
21
2.9825537795275592
0
LINE
8
BLACK
6
CONTINUOUS
10
1.9337217322834646
20
2.9825537795275592
11
1.9319109448818896
21
2.9850357480314962
0
LINE
8
BLACK
6
CONTINUOUS
10
1.9319109448818896
20
2.9850357480314962
11
1.9311877952755905
21
2.9880216929133856
0
LINE
8
BLACK
6
CONTINUOUS
10
1.9311877952755905
20
2.9880216929133856
11
1.9316624015748032
21
2.991057125984252
0
LINE
8
BLACK
6
CONTINUOUS
10
1.9316624015748032
20
2.991057125984252
11
1.9316623622047244
21
2.991057125984252
0
LINE
8
BLACK
6
CONTINUOUS
10
1.9316623622047244
20
2.991057125984252
11
1.9329923228346457
21
2.9946882283464564
0
LINE
8
BLACK
6
CONTINUOUS
10
1.9329923228346457
20
2.9946882283464564
11
1.934613031496063
21
3.0022504724409447
0
LINE
8
BLACK
6
CONTINUOUS
10
1.934613031496063
20
3.0022504724409447
11
1.9351601181102362
21
3.0099650393700785
0
LINE
8
BLACK
6
CONTINUOUS
10
1.9351601181102362
20
3.0099650393700785
11
1.9346227952755906
21
3.0176803149606299
0
LINE
8
BLACK
6
CONTINUOUS
10
1.9346227952755906
20
3.0176803149606299
11
1.9330116929133858
21
3.0252446456692912
0
LINE
8
BLACK
6
CONTINUOUS
10
1.9330116929133858
20
3.0252446456692912
11
1.931686338582677
21
3.0288774015748032
0
LINE
8
BLACK
6
CONTINUOUS
10
1.931686338582677
20
3.0288774015748032
11
1.9316863779527558
21
3.0288774015748032
0
LINE
8
BLACK
6
CONTINUOUS
10
1.9316863779527558
20
3.0288774015748032
11
1.9312156299212597
21
3.0319134251968505
0
LINE
8
BLACK
6
CONTINUOUS
10
1.9312156299212597
20
3.0319134251968505
11
1.931942559055118
21
3.034898464566929
0
LINE
8
BLACK
6
CONTINUOUS
10
1.931942559055118
20
3.034898464566929
11
1.9337564566929133
21
3.0373781102362205
0
LINE
8
BLACK
6
CONTINUOUS
10
1.9337564566929133
20
3.0373781102362205
11
1.9363812204724409
21
3.0389748425196847
0
LINE
8
BLACK
6
CONTINUOUS
10
1.9363812204724409
20
3.0389748425196847
11
1.9390551181102362
21
3.0393894094488187
0
LINE
8
BLACK
6
CONTINUOUS
10
1.9390551181102362
20
3.0393894094488187
11
1.9390551181102362
21
3.0395275590551178
0
LINE
8
BLACK
6
CONTINUOUS
10
1.9390551181102362
20
3.0395275590551178
11
1.9803937007874015
21
3.0395275590551178
0
LINE
8
BLACK
6
CONTINUOUS
10
1.9803937007874015
20
3.0395275590551178
11
1.9803937007874015
21
2.9804724409448817
0
LINE
8
BLACK
6
CONTINUOUS
10
2.6400000000000001
20
2.9824999999999999
11
2.605
21
2.9824999999999999
0
LINE
8
BLACK
6
CONTINUOUS
10
2.605
20
2.9824999999999999
11
2.605
21
3.0375000000000001
0
LINE
8
BLACK
6
CONTINUOUS
10
2.605
20
3.0375000000000001
11
2.6400000000000001
21
3.0375000000000001
0
LINE
8
BLACK
6
CONTINUOUS
10
2.6400000000000001
20
3.0375000000000001
11
2.6400000000000001
21
2.9824999999999999
0
LINE
8
BLACK
6
CONTINUOUS
10
2.7149999999999999
20
2.9824999999999999
11
2.6800000000000002
21
2.9824999999999999
0
LINE
8
BLACK
6
CONTINUOUS
10
2.6800000000000002
20
2.9824999999999999
11
2.6800000000000002
21
3.0375000000000001
0
LINE
8
BLACK
6
CONTINUOUS
10
2.6800000000000002
20
3.0375000000000001
11
2.7149999999999999
21
3.0375000000000001
0
LINE
8
BLACK
6
CONTINUOUS
10
2.7149999999999999
20
3.0375000000000001
11
2.7149999999999999
21
2.9824999999999999
0
LINE
8
BLACK
6
CONTINUOUS
10
2.0674999999999999
20
2.9845833464566929
11
2.0124999999999997
21
2.9845833464566929
0
LINE
8
BLACK
6
CONTINUOUS
10
2.0124999999999997
20
2.9845833464566929
11
2.0124999999999997
21
3.019583346456693
0
LINE
8
BLACK
6
CONTINUOUS
10
2.0124999999999997
20
3.019583346456693
11
2.0674999999999999
21
3.019583346456693
0
LINE
8
BLACK
6
CONTINUOUS
10
2.0674999999999999
20
3.019583346456693
11
2.0674999999999999
21
2.9845833464566929
0
LINE
8
BLACK
6
CONTINUOUS
10
2.8399999999999999
20
3.0099999999999998
11
2.7799999999999998
21
3.0099999999999998
0
LINE
8
BLACK
6
CONTINUOUS
10
2.7799999999999998
20
3.0099999999999998
11
2.7799999999999998
21
3.0699999999999998
0
LINE
8
BLACK
6
CONTINUOUS
10
2.7799999999999998
20
3.0699999999999998
11
2.8399999999999999
21
3.0699999999999998
0
LINE
8
BLACK
6
CONTINUOUS
10
2.8399999999999999
20
3.0699999999999998
11
2.8399999999999999
21
3.0099999999999998
0
LINE
8
BLACK
6
CONTINUOUS
10
2.9399999999999999
20
3.0099999999999998
11
2.8799999999999999
21
3.0099999999999998
0
LINE
8
BLACK
6
CONTINUOUS
10
2.8799999999999999
20
3.0099999999999998
11
2.8799999999999999
21
3.0699999999999998
0
LINE
8
BLACK
6
CONTINUOUS
10
2.8799999999999999
20
3.0699999999999998
11
2.9399999999999999
21
3.0699999999999998
0
LINE
8
BLACK
6
CONTINUOUS
10
2.9399999999999999
20
3.0699999999999998
11
2.9399999999999999
21
3.0099999999999998
0
LINE
8
BLACK
6
CONTINUOUS
10
0.5052401574803149
20
3.0172834645669289
11
0.355240157480315
21
3.0172834645669289
0
LINE
8
BLACK
6
CONTINUOUS
10
0.355240157480315
20
3.0172834645669289
11
0.355240157480315
21
3.1672834645669292
0
LINE
8
BLACK
6
CONTINUOUS
10
0.355240157480315
20
3.1672834645669292
11
0.5052401574803149
21
3.1672834645669292
0
LINE
8
BLACK
6
CONTINUOUS
10
0.5052401574803149
20
3.1672834645669292
11
0.5052401574803149
21
3.0172834645669289
0
LINE
8
BLACK
6
CONTINUOUS
10
0.7020905511811023
20
3.0172834645669289
11
0.5520905511811024
21
3.0172834645669289
0
LINE
8
BLACK
6
CONTINUOUS
10
0.5520905511811024
20
3.0172834645669289
11
0.5520905511811024
21
3.1672834645669292
0
LINE
8
BLACK
6
CONTINUOUS
10
0.5520905511811024
20
3.1672834645669292
11
0.7020905511811023
21
3.1672834645669292
0
LINE
8
BLACK
6
CONTINUOUS
10
0.7020905511811023
20
3.1672834645669292
11
0.7020905511811023
21
3.0172834645669289
0
LINE
8
BLACK
6
CONTINUOUS
10
2.0674999999999999
20
3.0595833464566931
11
2.0124999999999997
21
3.0595833464566931
0
LINE
8
BLACK
6
CONTINUOUS
10
2.0124999999999997
20
3.0595833464566931
11
2.0124999999999997
21
3.0945833464566928
0
LINE
8
BLACK
6
CONTINUOUS
10
2.0124999999999997
20
3.0945833464566928
11
2.0674999999999999
21
3.0945833464566928
0
LINE
8
BLACK
6
CONTINUOUS
10
2.0674999999999999
20
3.0945833464566928
11
2.0674999999999999
21
3.0595833464566931
0
LINE
8
BLACK
6
CONTINUOUS
10
1.3496115748031496
20
3.1713746456692911
11
1.3566622047244095
21
3.1690837401574803
0
LINE
8
BLACK
6
CONTINUOUS
10
1.3566622047244095
20
3.1690837401574803
11
1.3632676377952755
21
3.1657181102362202
0
LINE
8
BLACK
6
CONTINUOUS
10
1.3632676377952755
20
3.1657181102362202
11
1.3692652755905512
21
3.161360590551181
0
LINE
8
BLACK
6
CONTINUOUS
10
1.3692652755905512
20
3.161360590551181
11
1.3745073622047244
21
3.1561185039370079
0
LINE
8
BLACK
6
CONTINUOUS
10
1.3745073622047244
20
3.1561185039370079
11
1.3788648818897637
21
3.1501208661417324
0
LINE
8
BLACK
6
CONTINUOUS
10
1.3788648818897637
20
3.1501208661417324
11
1.3822305118110236
21
3.1435154330708661
0
LINE
8
BLACK
6
CONTINUOUS
10
1.3822305118110236
20
3.1435154330708661
11
1.3845214173228346
21
3.1364648031496061
0
LINE
8
BLACK
6
CONTINUOUS
10
1.3845214173228346
20
3.1364648031496061
11
1.3856811417322834
21
3.1291426377952756
0
LINE
8
BLACK
6
CONTINUOUS
10
1.3856811417322834
20
3.1291426377952756
11
1.3856811417322834
21
3.1217291732283465
0
LINE
8
BLACK
6
CONTINUOUS
10
1.3856811417322834
20
3.1217291732283465
11
1.3845214173228346
21
3.1144070078740156
0
LINE
8
BLACK
6
CONTINUOUS
10
1.3845214173228346
20
3.1144070078740156
11
1.3822305118110236
21
3.107356377952756
0
LINE
8
BLACK
6
CONTINUOUS
10
1.3822305118110236
20
3.107356377952756
11
1.3788648818897637
21
3.1007509448818897
0
LINE
8
BLACK
6
CONTINUOUS
10
1.3788648818897637
20
3.1007509448818897
11
1.3745073622047244
21
3.0947533070866142
0
LINE
8
BLACK
6
CONTINUOUS
10
1.3745073622047244
20
3.0947533070866142
11
1.3692652755905512
21
3.0895112204724411
0
LINE
8
BLACK
6
CONTINUOUS
10
1.3692652755905512
20
3.0895112204724411
11
1.3632676377952755
21
3.0851537007874015
0
LINE
8
BLACK
6
CONTINUOUS
10
1.3632676377952755
20
3.0851537007874015
11
1.3566622047244095
21
3.0817880708661418
0
LINE
8
BLACK
6
CONTINUOUS
10
1.3566622047244095
20
3.0817880708661418
11
1.3496115748031496
21
3.0794971653543306
0
LINE
8
BLACK
6
CONTINUOUS
10
1.3496115748031496
20
3.0794971653543306
11
1.3422894094488189
21
3.0783374409448818
0
LINE
8
BLACK
6
CONTINUOUS
10
1.3422894094488189
20
3.0783374409448818
11
1.3348759448818897
21
3.0783374409448818
0
LINE
8
BLACK
6
CONTINUOUS
10
1.3348759448818897
20
3.0783374409448818
11
1.3275537795275589
21
3.0794971653543306
0
LINE
8
BLACK
6
CONTINUOUS
10
1.3275537795275589
20
3.0794971653543306
11
1.3205031496062991
21
3.0817880708661418
0
LINE
8
BLACK
6
CONTINUOUS
10
1.3205031496062991
20
3.0817880708661418
11
1.3138977165354331
21
3.0851537007874015
0
LINE
8
BLACK
6
CONTINUOUS
10
1.3138977165354331
20
3.0851537007874015
11
1.3079000787401573
21
3.0895112204724411
0
LINE
8
BLACK
6
CONTINUOUS
10
1.3079000787401573
20
3.0895112204724411
11
1.3026579921259842
21
3.0947533070866142
0
LINE
8
BLACK
6
CONTINUOUS
10
1.3026579921259842
20
3.0947533070866142
11
1.2983004724409448
21
3.1007509448818897
0
LINE
8
BLACK
6
CONTINUOUS
10
1.2983004724409448
20
3.1007509448818897
11
1.2949348425196849
21
3.107356377952756
0
LINE
8
BLACK
6
CONTINUOUS
10
1.2949348425196849
20
3.107356377952756
11
1.2926439370078739
21
3.1144070078740156
0
LINE
8
BLACK
6
CONTINUOUS
10
1.2926439370078739
20
3.1144070078740156
11
1.2914842125984252
21
3.1217291732283465
0
LINE
8
BLACK
6
CONTINUOUS
10
1.2914842125984252
20
3.1217291732283465
11
1.2914842125984252
21
3.1291426377952756
0
LINE
8
BLACK
6
CONTINUOUS
10
1.2914842125984252
20
3.1291426377952756
11
1.2926439370078739
21
3.1364648031496061
0
LINE
8
BLACK
6
CONTINUOUS
10
1.2926439370078739
20
3.1364648031496061
11
1.2949348425196849
21
3.1435154330708661
0
LINE
8
BLACK
6
CONTINUOUS
10
1.2949348425196849
20
3.1435154330708661
11
1.2983004724409448
21
3.1501208661417324
0
LINE
8
BLACK
6
CONTINUOUS
10
1.2983004724409448
20
3.1501208661417324
11
1.3026579921259842
21
3.1561185039370079
0
LINE
8
BLACK
6
CONTINUOUS
10
1.3026579921259842
20
3.1561185039370079
11
1.3079000787401573
21
3.161360590551181
0
LINE
8
BLACK
6
CONTINUOUS
10
1.3079000787401573
20
3.161360590551181
11
1.3138977165354331
21
3.1657181102362202
0
LINE
8
BLACK
6
CONTINUOUS
10
1.3138977165354331
20
3.1657181102362202
11
1.3205031496062991
21
3.1690837401574803
0
LINE
8
BLACK
6
CONTINUOUS
10
1.3205031496062991
20
3.1690837401574803
11
1.3275537795275589
21
3.1713746456692911
0
LINE
8
BLACK
6
CONTINUOUS
10
1.3275537795275589
20
3.1713746456692911
11
1.3348759448818897
21
3.1725343700787403
0
LINE
8
BLACK
6
CONTINUOUS
10
1.3348759448818897
20
3.1725343700787403
11
1.3422894094488189
21
3.1725343700787403
0
LINE
8
BLACK
6
CONTINUOUS
10
1.3422894094488189
20
3.1725343700787403
11
1.3496115748031496
21
3.1713746456692911
0
LINE
8
BLACK
6
CONTINUOUS
10
1.5464619685039369
20
3.1713746456692911
11
1.5535125984251967
21
3.1690837401574803
0
LINE
8
BLACK
6
CONTINUOUS
10
1.5535125984251967
20
3.1690837401574803
11
1.560118031496063
21
3.1657181102362202
0
LINE
8
BLACK
6
CONTINUOUS
10
1.560118031496063
20
3.1657181102362202
11
1.5661156692913385
21
3.161360590551181
0
LINE
8
BLACK
6
CONTINUOUS
10
1.5661156692913385
20
3.161360590551181
11
1.5713577559055119
21
3.1561185039370079
0
LINE
8
BLACK
6
CONTINUOUS
10
1.5713577559055119
20
3.1561185039370079
11
1.5757152755905512
21
3.1501208661417324
0
LINE
8
BLACK
6
CONTINUOUS
10
1.5757152755905512
20
3.1501208661417324
11
1.5790809055118109
21
3.1435154330708661
0
LINE
8
BLACK
6
CONTINUOUS
10
1.5790809055118109
20
3.1435154330708661
11
1.5813718110236221
21
3.1364648031496061
0
LINE
8
BLACK
6
CONTINUOUS
10
1.5813718110236221
20
3.1364648031496061
11
1.5825315354330709
21
3.1291426377952756
0
LINE
8
BLACK
6
CONTINUOUS
10
1.5825315354330709
20
3.1291426377952756
11
1.5825315354330709
21
3.1217291732283465
0
LINE
8
BLACK
6
CONTINUOUS
10
1.5825315354330709
20
3.1217291732283465
11
1.5813718110236221
21
3.1144070078740156
0
LINE
8
BLACK
6
CONTINUOUS
10
1.5813718110236221
20
3.1144070078740156
11
1.5790809055118109
21
3.107356377952756
0
LINE
8
BLACK
6
CONTINUOUS
10
1.5790809055118109
20
3.107356377952756
11
1.5757152755905512
21
3.1007509448818897
0
LINE
8
BLACK
6
CONTINUOUS
10
1.5757152755905512
20
3.1007509448818897
11
1.5713577559055119
21
3.0947533070866142
0
LINE
8
BLACK
6
CONTINUOUS
10
1.5713577559055119
20
3.0947533070866142
11
1.5661156692913385
21
3.0895112204724411
0
LINE
8
BLACK
6
CONTINUOUS
10
1.5661156692913385
20
3.0895112204724411
11
1.560118031496063
21
3.0851537007874015
0
LINE
8
BLACK
6
CONTINUOUS
10
1.560118031496063
20
3.0851537007874015
11
1.5535125984251967
21
3.0817880708661418
0
LINE
8
BLACK
6
CONTINUOUS
10
1.5535125984251967
20
3.0817880708661418
11
1.5464619685039369
21
3.0794971653543306
0
LINE
8
BLACK
6
CONTINUOUS
10
1.5464619685039369
20
3.0794971653543306
11
1.5391398031496062
21
3.0783374409448818
0
LINE
8
BLACK
6
CONTINUOUS
10
1.5391398031496062
20
3.0783374409448818
11
1.5317263385826771
21
3.0783374409448818
0
LINE
8
BLACK
6
CONTINUOUS
10
1.5317263385826771
20
3.0783374409448818
11
1.5244041732283464
21
3.0794971653543306
0
LINE
8
BLACK
6
CONTINUOUS
10
1.5244041732283464
20
3.0794971653543306
11
1.5173535433070866
21
3.0817880708661418
0
LINE
8
BLACK
6
CONTINUOUS
10
1.5173535433070866
20
3.0817880708661418
11
1.5107481102362204
21
3.0851537007874015
0
LINE
8
BLACK
6
CONTINUOUS
10
1.5107481102362204
20
3.0851537007874015
11
1.5047504724409448
21
3.0895112204724411
0
LINE
8
BLACK
6
CONTINUOUS
10
1.5047504724409448
20
3.0895112204724411
11
1.4995083858267717
21
3.0947533070866142
0
LINE
8
BLACK
6
CONTINUOUS
10
1.4995083858267717
20
3.0947533070866142
11
1.4951508661417323
21
3.1007509448818897
0
LINE
8
BLACK
6
CONTINUOUS
10
1.4951508661417323
20
3.1007509448818897
11
1.4917852362204724
21
3.107356377952756
0
LINE
8
BLACK
6
CONTINUOUS
10
1.4917852362204724
20
3.107356377952756
11
1.4894943307086614
21
3.1144070078740156
0
LINE
8
BLACK
6
CONTINUOUS
10
1.4894943307086614
20
3.1144070078740156
11
1.4883346062992127
21
3.1217291732283465
0
LINE
8
BLACK
6
CONTINUOUS
10
1.4883346062992127
20
3.1217291732283465
11
1.4883346062992127
21
3.1291426377952756
0
LINE
8
BLACK
6
CONTINUOUS
10
1.4883346062992127
20
3.1291426377952756
11
1.4894943307086614
21
3.1364648031496061
0
LINE
8
BLACK
6
CONTINUOUS
10
1.4894943307086614
20
3.1364648031496061
11
1.4917852362204724
21
3.1435154330708661
0
LINE
8
BLACK
6
CONTINUOUS
10
1.4917852362204724
20
3.1435154330708661
11
1.4951508661417323
21
3.1501208661417324
0
LINE
8
BLACK
6
CONTINUOUS
10
1.4951508661417323
20
3.1501208661417324
11
1.4995083858267717
21
3.1561185039370079
0
LINE
8
BLACK
6
CONTINUOUS
10
1.4995083858267717
20
3.1561185039370079
11
1.5047504724409448
21
3.161360590551181
0
LINE
8
BLACK
6
CONTINUOUS
10
1.5047504724409448
20
3.161360590551181
11
1.5107481102362204
21
3.1657181102362202
0
LINE
8
BLACK
6
CONTINUOUS
10
1.5107481102362204
20
3.1657181102362202
11
1.5173535433070866
21
3.1690837401574803
0
LINE
8
BLACK
6
CONTINUOUS
10
1.5173535433070866
20
3.1690837401574803
11
1.5244041732283464
21
3.1713746456692911
0
LINE
8
BLACK
6
CONTINUOUS
10
1.5244041732283464
20
3.1713746456692911
11
1.5317263385826771
21
3.1725343700787403
0
LINE
8
BLACK
6
CONTINUOUS
10
1.5317263385826771
20
3.1725343700787403
11
1.5391398031496062
21
3.1725343700787403
0
LINE
8
BLACK
6
CONTINUOUS
10
1.5391398031496062
20
3.1725343700787403
11
1.5464619685039369
21
3.1713746456692911
0
LINE
8
BLACK
6
CONTINUOUS
10
2.4399999999999999
20
3.0800000000000001
11
2.3799999999999999
21
3.0800000000000001
0
LINE
8
BLACK
6
CONTINUOUS
10
2.3799999999999999
20
3.0800000000000001
11
2.3799999999999999
21
3.1400000000000001
0
LINE
8
BLACK
6
CONTINUOUS
10
2.3799999999999999
20
3.1400000000000001
11
2.4399999999999999
21
3.1400000000000001
0
LINE
8
BLACK
6
CONTINUOUS
10
2.4399999999999999
20
3.1400000000000001
11
2.4399999999999999
21
3.0800000000000001
0
LINE
8
BLACK
6
CONTINUOUS
10
2.54
20
3.0800000000000001
11
2.48
21
3.0800000000000001
0
LINE
8
BLACK
6
CONTINUOUS
10
2.48
20
3.0800000000000001
11
2.48
21
3.1400000000000001
0
LINE
8
BLACK
6
CONTINUOUS
10
2.48
20
3.1400000000000001
11
2.54
21
3.1400000000000001
0
LINE
8
BLACK
6
CONTINUOUS
10
2.54
20
3.1400000000000001
11
2.54
21
3.0800000000000001
0
LINE
8
BLACK
6
CONTINUOUS
10
2.6400000000000001
20
3.0825
11
2.605
21
3.0825
0
LINE
8
BLACK
6
CONTINUOUS
10
2.605
20
3.0825
11
2.605
21
3.1374999999999997
0
LINE
8
BLACK
6
CONTINUOUS
10
2.605
20
3.1374999999999997
11
2.6400000000000001
21
3.1374999999999997
0
LINE
8
BLACK
6
CONTINUOUS
10
2.6400000000000001
20
3.1374999999999997
11
2.6400000000000001
21
3.0825
0
LINE
8
BLACK
6
CONTINUOUS
10
2.7149999999999999
20
3.0825
11
2.6800000000000002
21
3.0825
0
LINE
8
BLACK
6
CONTINUOUS
10
2.6800000000000002
20
3.0825
11
2.6800000000000002
21
3.1374999999999997
0
LINE
8
BLACK
6
CONTINUOUS
10
2.6800000000000002
20
3.1374999999999997
11
2.7149999999999999
21
3.1374999999999997
0
LINE
8
BLACK
6
CONTINUOUS
10
2.7149999999999999
20
3.1374999999999997
11
2.7149999999999999
21
3.0825
0
LINE
8
BLACK
6
CONTINUOUS
10
2.8399999999999999
20
3.1099999999999999
11
2.7799999999999998
21
3.1099999999999999
0
LINE
8
BLACK
6
CONTINUOUS
10
2.7799999999999998
20
3.1099999999999999
11
2.7799999999999998
21
3.1699999999999999
0
LINE
8
BLACK
6
CONTINUOUS
10
2.7799999999999998
20
3.1699999999999999
11
2.8399999999999999
21
3.1699999999999999
0
LINE
8
BLACK
6
CONTINUOUS
10
2.8399999999999999
20
3.1699999999999999
11
2.8399999999999999
21
3.1099999999999999
0
LINE
8
BLACK
6
CONTINUOUS
10
2.9399999999999999
20
3.1099999999999999
11
2.8799999999999999
21
3.1099999999999999
0
LINE
8
BLACK
6
CONTINUOUS
10
2.8799999999999999
20
3.1099999999999999
11
2.8799999999999999
21
3.1699999999999999
0
LINE
8
BLACK
6
CONTINUOUS
10
2.8799999999999999
20
3.1699999999999999
11
2.9399999999999999
21
3.1699999999999999
0
LINE
8
BLACK
6
CONTINUOUS
10
2.9399999999999999
20
3.1699999999999999
11
2.9399999999999999
21
3.1099999999999999
0
LINE
8
BLACK
6
CONTINUOUS
10
1.8653543307086613
20
3.1457349212598427
11
1.7866141732283465
21
3.1457349212598427
0
LINE
8
BLACK
6
CONTINUOUS
10
1.7866141732283465
20
3.1457349212598427
11
1.7866141732283465
21
3.1709317716535432
0
LINE
8
BLACK
6
CONTINUOUS
10
1.7866141732283465
20
3.1709317716535432
11
1.8653543307086613
21
3.1709317716535432
0
LINE
8
BLACK
6
CONTINUOUS
10
1.8653543307086613
20
3.1709317716535432
11
1.8653543307086613
21
3.1457349212598427
0
LINE
8
BLACK
6
CONTINUOUS
10
2.1133858267716534
20
3.1457349212598427
11
2.0346456692913386
21
3.1457349212598427
0
LINE
8
BLACK
6
CONTINUOUS
10
2.0346456692913386
20
3.1457349212598427
11
2.0346456692913386
21
3.1709317716535432
0
LINE
8
BLACK
6
CONTINUOUS
10
2.0346456692913386
20
3.1709317716535432
11
2.1133858267716534
21
3.1709317716535432
0
LINE
8
BLACK
6
CONTINUOUS
10
2.1133858267716534
20
3.1709317716535432
11
2.1133858267716534
21
3.1457349212598427
0
LINE
8
BLACK
6
CONTINUOUS
10
2.4399999999999999
20
3.1799999999999997
11
2.3799999999999999
21
3.1799999999999997
0
LINE
8
BLACK
6
CONTINUOUS
10
2.3799999999999999
20
3.1799999999999997
11
2.3799999999999999
21
3.2399999999999998
0
LINE
8
BLACK
6
CONTINUOUS
10
2.3799999999999999
20
3.2399999999999998
11
2.4399999999999999
21
3.2399999999999998
0
LINE
8
BLACK
6
CONTINUOUS
10
2.4399999999999999
20
3.2399999999999998
11
2.4399999999999999
21
3.1799999999999997
0
LINE
8
BLACK
6
CONTINUOUS
10
2.54
20
3.1799999999999997
11
2.48
21
3.1799999999999997
0
LINE
8
BLACK
6
CONTINUOUS
10
2.48
20
3.1799999999999997
11
2.48
21
3.2399999999999998
0
LINE
8
BLACK
6
CONTINUOUS
10
2.48
20
3.2399999999999998
11
2.54
21
3.2399999999999998
0
LINE
8
BLACK
6
CONTINUOUS
10
2.54
20
3.2399999999999998
11
2.54
21
3.1799999999999997
0
LINE
8
BLACK
6
CONTINUOUS
10
2.6400000000000001
20
3.1825000000000001
11
2.605
21
3.1825000000000001
0
LINE
8
BLACK
6
CONTINUOUS
10
2.605
20
3.1825000000000001
11
2.605
21
3.2374999999999998
0
LINE
8
BLACK
6
CONTINUOUS
10
2.605
20
3.2374999999999998
11
2.6400000000000001
21
3.2374999999999998
0
LINE
8
BLACK
6
CONTINUOUS
10
2.6400000000000001
20
3.2374999999999998
11
2.6400000000000001
21
3.1825000000000001
0
LINE
8
BLACK
6
CONTINUOUS
10
2.7149999999999999
20
3.1825000000000001
11
2.6800000000000002
21
3.1825000000000001
0
LINE
8
BLACK
6
CONTINUOUS
10
2.6800000000000002
20
3.1825000000000001
11
2.6800000000000002
21
3.2374999999999998
0
LINE
8
BLACK
6
CONTINUOUS
10
2.6800000000000002
20
3.2374999999999998
11
2.7149999999999999
21
3.2374999999999998
0
LINE
8
BLACK
6
CONTINUOUS
10
2.7149999999999999
20
3.2374999999999998
11
2.7149999999999999
21
3.1825000000000001
0
LINE
8
BLACK
6
CONTINUOUS
10
0.5052401574803149
20
3.2141338582677164
11
0.355240157480315
21
3.2141338582677164
0
LINE
8
BLACK
6
CONTINUOUS
10
0.355240157480315
20
3.2141338582677164
11
0.355240157480315
21
3.3641338582677163
0
LINE
8
BLACK
6
CONTINUOUS
10
0.355240157480315
20
3.3641338582677163
11
0.5052401574803149
21
3.3641338582677163
0
LINE
8
BLACK
6
CONTINUOUS
10
0.5052401574803149
20
3.3641338582677163
11
0.5052401574803149
21
3.2141338582677164
0
LINE
8
BLACK
6
CONTINUOUS
10
0.7020905511811023
20
3.2141338582677164
11
0.5520905511811024
21
3.2141338582677164
0
LINE
8
BLACK
6
CONTINUOUS
10
0.5520905511811024
20
3.2141338582677164
11
0.5520905511811024
21
3.3641338582677163
0
LINE
8
BLACK
6
CONTINUOUS
10
0.5520905511811024
20
3.3641338582677163
11
0.7020905511811023
21
3.3641338582677163
0
LINE
8
BLACK
6
CONTINUOUS
10
0.7020905511811023
20
3.3641338582677163
11
0.7020905511811023
21
3.2141338582677164
0
LINE
8
BLACK
6
CONTINUOUS
10
1.8653543307086613
20
3.2457349212598423
11
1.7866141732283465
21
3.2457349212598423
0
LINE
8
BLACK
6
CONTINUOUS
10
1.7866141732283465
20
3.2457349212598423
11
1.7866141732283465
21
3.2709317716535433
0
LINE
8
BLACK
6
CONTINUOUS
10
1.7866141732283465
20
3.2709317716535433
11
1.8653543307086613
21
3.2709317716535433
0
LINE
8
BLACK
6
CONTINUOUS
10
1.8653543307086613
20
3.2709317716535433
11
1.8653543307086613
21
3.2457349212598423
0
LINE
8
BLACK
6
CONTINUOUS
10
2.1133858267716534
20
3.2457349212598423
11
2.0346456692913386
21
3.2457349212598423
0
LINE
8
BLACK
6
CONTINUOUS
10
2.0346456692913386
20
3.2457349212598423
11
2.0346456692913386
21
3.2709317716535433
0
LINE
8
BLACK
6
CONTINUOUS
10
2.0346456692913386
20
3.2709317716535433
11
2.1133858267716534
21
3.2709317716535433
0
LINE
8
BLACK
6
CONTINUOUS
10
2.1133858267716534
20
3.2709317716535433
11
2.1133858267716534
21
3.2457349212598423
0
LINE
8
BLACK
6
CONTINUOUS
10
2.4399999999999999
20
3.2799999999999998
11
2.3799999999999999
21
3.2799999999999998
0
LINE
8
BLACK
6
CONTINUOUS
10
2.3799999999999999
20
3.2799999999999998
11
2.3799999999999999
21
3.3399999999999999
0
LINE
8
BLACK
6
CONTINUOUS
10
2.3799999999999999
20
3.3399999999999999
11
2.4399999999999999
21
3.3399999999999999
0
LINE
8
BLACK
6
CONTINUOUS
10
2.4399999999999999
20
3.3399999999999999
11
2.4399999999999999
21
3.2799999999999998
0
LINE
8
BLACK
6
CONTINUOUS
10
2.54
20
3.2799999999999998
11
2.48
21
3.2799999999999998
0
LINE
8
BLACK
6
CONTINUOUS
10
2.48
20
3.2799999999999998
11
2.48
21
3.3399999999999999
0
LINE
8
BLACK
6
CONTINUOUS
10
2.48
20
3.3399999999999999
11
2.54
21
3.3399999999999999
0
LINE
8
BLACK
6
CONTINUOUS
10
2.54
20
3.3399999999999999
11
2.54
21
3.2799999999999998
0
LINE
8
BLACK
6
CONTINUOUS
10
2.6400000000000001
20
3.2824999999999998
11
2.605
21
3.2824999999999998
0
LINE
8
BLACK
6
CONTINUOUS
10
2.605
20
3.2824999999999998
11
2.605
21
3.3374999999999999
0
LINE
8
BLACK
6
CONTINUOUS
10
2.605
20
3.3374999999999999
11
2.6400000000000001
21
3.3374999999999999
0
LINE
8
BLACK
6
CONTINUOUS
10
2.6400000000000001
20
3.3374999999999999
11
2.6400000000000001
21
3.2824999999999998
0
LINE
8
BLACK
6
CONTINUOUS
10
2.7149999999999999
20
3.2824999999999998
11
2.6800000000000002
21
3.2824999999999998
0
LINE
8
BLACK
6
CONTINUOUS
10
2.6800000000000002
20
3.2824999999999998
11
2.6800000000000002
21
3.3374999999999999
0
LINE
8
BLACK
6
CONTINUOUS
10
2.6800000000000002
20
3.3374999999999999
11
2.7149999999999999
21
3.3374999999999999
0
LINE
8
BLACK
6
CONTINUOUS
10
2.7149999999999999
20
3.3374999999999999
11
2.7149999999999999
21
3.2824999999999998
0
LINE
8
BLACK
6
CONTINUOUS
10
1.8924075196850394
20
3.4816810629921258
11
1.9003394881889764
21
3.4791038188976375
0
LINE
8
BLACK
6
CONTINUOUS
10
1.9003394881889764
20
3.4791038188976375
11
1.907770590551181
21
3.4753174803149607
0
LINE
8
BLACK
6
CONTINUOUS
10
1.907770590551181
20
3.4753174803149607
11
1.9145179133858268
21
3.4704152755905513
0
LINE
8
BLACK
6
CONTINUOUS
10
1.9145179133858268
20
3.4704152755905513
11
1.920415275590551
21
3.4645179133858268
0
LINE
8
BLACK
6
CONTINUOUS
10
1.920415275590551
20
3.4645179133858268
11
1.9253174803149606
21
3.4577705905511809
0
LINE
8
BLACK
6
CONTINUOUS
10
1.9253174803149606
20
3.4577705905511809
11
1.9291038188976377
21
3.4503394881889764
0
LINE
8
BLACK
6
CONTINUOUS
10
1.9291038188976377
20
3.4503394881889764
11
1.9316810629921259
21
3.4424075196850392
0
LINE
8
BLACK
6
CONTINUOUS
10
1.9316810629921259
20
3.4424075196850392
11
1.932985748031496
21
3.4341700787401575
0
LINE
8
BLACK
6
CONTINUOUS
10
1.932985748031496
20
3.4341700787401575
11
1.932985748031496
21
3.4258299212598424
0
LINE
8
BLACK
6
CONTINUOUS
10
1.932985748031496
20
3.4258299212598424
11
1.9316810629921259
21
3.4175924803149607
0
LINE
8
BLACK
6
CONTINUOUS
10
1.9316810629921259
20
3.4175924803149607
11
1.9291038188976377
21
3.4096605118110235
0
LINE
8
BLACK
6
CONTINUOUS
10
1.9291038188976377
20
3.4096605118110235
11
1.9253174803149606
21
3.402229409448819
0
LINE
8
BLACK
6
CONTINUOUS
10
1.9253174803149606
20
3.402229409448819
11
1.920415275590551
21
3.3954820866141731
0
LINE
8
BLACK
6
CONTINUOUS
10
1.920415275590551
20
3.3954820866141731
11
1.9145179133858268
21
3.3895847244094486
0
LINE
8
BLACK
6
CONTINUOUS
10
1.9145179133858268
20
3.3895847244094486
11
1.907770590551181
21
3.3846825196850392
0
LINE
8
BLACK
6
CONTINUOUS
10
1.907770590551181
20
3.3846825196850392
11
1.9003394881889764
21
3.3808961811023623
0
LINE
8
BLACK
6
CONTINUOUS
10
1.9003394881889764
20
3.3808961811023623
11
1.8924075196850394
21
3.3783189370078741
0
LINE
8
BLACK
6
CONTINUOUS
10
1.8924075196850394
20
3.3783189370078741
11
1.8841700787401574
21
3.3770142519685038
0
LINE
8
BLACK
6
CONTINUOUS
10
1.8841700787401574
20
3.3770142519685038
11
1.8758299212598424
21
3.3770142519685038
0
LINE
8
BLACK
6
CONTINUOUS
10
1.8758299212598424
20
3.3770142519685038
11
1.8675924803149606
21
3.3783189370078741
0
LINE
8
BLACK
6
CONTINUOUS
10
1.8675924803149606
20
3.3783189370078741
11
1.8596605118110237
21
3.3808961811023623
0
LINE
8
BLACK
6
CONTINUOUS
10
1.8596605118110237
20
3.3808961811023623
11
1.8522294094488188
21
3.3846825196850392
0
LINE
8
BLACK
6
CONTINUOUS
10
1.8522294094488188
20
3.3846825196850392
11
1.8454820866141732
21
3.3895847244094486
0
LINE
8
BLACK
6
CONTINUOUS
10
1.8454820866141732
20
3.3895847244094486
11
1.8395847244094488
21
3.3954820866141731
0
LINE
8
BLACK
6
CONTINUOUS
10
1.8395847244094488
20
3.3954820866141731
11
1.8346825196850394
21
3.402229409448819
0
LINE
8
BLACK
6
CONTINUOUS
10
1.8346825196850394
20
3.402229409448819
11
1.8308961811023621
21
3.4096605118110235
0
LINE
8
BLACK
6
CONTINUOUS
10
1.8308961811023621
20
3.4096605118110235
11
1.8283189370078741
21
3.4175924803149607
0
LINE
8
BLACK
6
CONTINUOUS
10
1.8283189370078741
20
3.4175924803149607
11
1.827014251968504
21
3.4258299212598424
0
LINE
8
BLACK
6
CONTINUOUS
10
1.827014251968504
20
3.4258299212598424
11
1.827014251968504
21
3.4341700787401575
0
LINE
8
BLACK
6
CONTINUOUS
10
1.827014251968504
20
3.4341700787401575
11
1.8283189370078741
21
3.4424075196850392
0
LINE
8
BLACK
6
CONTINUOUS
10
1.8283189370078741
20
3.4424075196850392
11
1.8308961811023621
21
3.4503394881889764
0
LINE
8
BLACK
6
CONTINUOUS
10
1.8308961811023621
20
3.4503394881889764
11
1.8346825196850394
21
3.4577705905511809
0
LINE
8
BLACK
6
CONTINUOUS
10
1.8346825196850394
20
3.4577705905511809
11
1.8395847244094488
21
3.4645179133858268
0
LINE
8
BLACK
6
CONTINUOUS
10
1.8395847244094488
20
3.4645179133858268
11
1.8454820866141732
21
3.4704152755905513
0
LINE
8
BLACK
6
CONTINUOUS
10
1.8454820866141732
20
3.4704152755905513
11
1.8522294094488188
21
3.4753174803149607
0
LINE
8
BLACK
6
CONTINUOUS
10
1.8522294094488188
20
3.4753174803149607
11
1.8596605118110237
21
3.4791038188976375
0
LINE
8
BLACK
6
CONTINUOUS
10
1.8596605118110237
20
3.4791038188976375
11
1.8675924803149606
21
3.4816810629921258
0
LINE
8
BLACK
6
CONTINUOUS
10
1.8675924803149606
20
3.4816810629921258
11
1.8758299212598424
21
3.4829857480314961
0
LINE
8
BLACK
6
CONTINUOUS
10
1.8758299212598424
20
3.4829857480314961
11
1.8841700787401574
21
3.4829857480314961
0
LINE
8
BLACK
6
CONTINUOUS
10
1.8841700787401574
20
3.4829857480314961
11
1.8924075196850394
21
3.4816810629921258
0
LINE
8
BLACK
6
CONTINUOUS
10
1.8209448818897638
20
3.4594700787401576
11
1.8236555511811023
21
3.4590462598425198
0
LINE
8
BLACK
6
CONTINUOUS
10
1.8236555511811023
20
3.4590462598425198
11
1.8262782677165355
21
3.4574462204724408
0
LINE
8
BLACK
6
CONTINUOUS
10
1.8262782677165355
20
3.4574462204724408
11
1.8280890551181102
21
3.4549642519685038
0
LINE
8
BLACK
6
CONTINUOUS
10
1.8280890551181102
20
3.4549642519685038
11
1.8288122047244093
21
3.4519783070866139
0
LINE
8
BLACK
6
CONTINUOUS
10
1.8288122047244093
20
3.4519783070866139
11
1.8283375984251968
21
3.448942874015748
0
LINE
8
BLACK
6
CONTINUOUS
10
1.8283375984251968
20
3.448942874015748
11
1.8283376377952756
21
3.448942874015748
0
LINE
8
BLACK
6
CONTINUOUS
10
1.8283376377952756
20
3.448942874015748
11
1.8270076771653543
21
3.4453117716535431
0
LINE
8
BLACK
6
CONTINUOUS
10
1.8270076771653543
20
3.4453117716535431
11
1.825386968503937
21
3.4377495275590548
0
LINE
8
BLACK
6
CONTINUOUS
10
1.825386968503937
20
3.4377495275590548
11
1.8248398818897638
21
3.430034960629921
0
LINE
8
BLACK
6
CONTINUOUS
10
1.8248398818897638
20
3.430034960629921
11
1.8253772047244095
21
3.42231968503937
0
LINE
8
BLACK
6
CONTINUOUS
10
1.8253772047244095
20
3.42231968503937
11
1.8269883070866142
21
3.4147553543307088
0
LINE
8
BLACK
6
CONTINUOUS
10
1.8269883070866142
20
3.4147553543307088
11
1.8283136614173228
21
3.4111225984251967
0
LINE
8
BLACK
6
CONTINUOUS
10
1.8283136614173228
20
3.4111225984251967
11
1.828313622047244
21
3.4111225984251967
0
LINE
8
BLACK
6
CONTINUOUS
10
1.828313622047244
20
3.4111225984251967
11
1.8287843700787401
21
3.4080865748031495
0
LINE
8
BLACK
6
CONTINUOUS
10
1.8287843700787401
20
3.4080865748031495
11
1.8280574409448818
21
3.4051015354330709
0
LINE
8
BLACK
6
CONTINUOUS
10
1.8280574409448818
20
3.4051015354330709
11
1.8262435433070865
21
3.4026218897637794
0
LINE
8
BLACK
6
CONTINUOUS
10
1.8262435433070865
20
3.4026218897637794
11
1.8236187795275589
21
3.4010251574803148
0
LINE
8
BLACK
6
CONTINUOUS
10
1.8236187795275589
20
3.4010251574803148
11
1.8209448818897638
21
3.4006105905511812
0
LINE
8
BLACK
6
CONTINUOUS
10
1.8209448818897638
20
3.4006105905511812
11
1.8209448818897638
21
3.4004724409448817
0
LINE
8
BLACK
6
CONTINUOUS
10
1.8209448818897638
20
3.4004724409448817
11
1.7796062992125983
21
3.4004724409448817
0
LINE
8
BLACK
6
CONTINUOUS
10
1.7796062992125983
20
3.4004724409448817
11
1.7796062992125983
21
3.4595275590551182
0
LINE
8
BLACK
6
CONTINUOUS
10
1.7796062992125983
20
3.4595275590551182
11
1.8209448818897638
21
3.4595275590551182
0
LINE
8
BLACK
6
CONTINUOUS
10
1.8209448818897638
20
3.4595275590551182
11
1.8209448818897638
21
3.4594700787401576
0
LINE
8
BLACK
6
CONTINUOUS
10
1.9803937007874015
20
3.4004724409448817
11
1.9390551181102362
21
3.4004724409448817
0
LINE
8
BLACK
6
CONTINUOUS
10
1.9390551181102362
20
3.4004724409448817
11
1.9390551181102362
21
3.4005299212598423
0
LINE
8
BLACK
6
CONTINUOUS
10
1.9390551181102362
20
3.4005299212598423
11
1.9363444488188977
21
3.4009537401574801
0
LINE
8
BLACK
6
CONTINUOUS
10
1.9363444488188977
20
3.4009537401574801
11
1.9337217322834646
21
3.4025537795275591
0
LINE
8
BLACK
6
CONTINUOUS
10
1.9337217322834646
20
3.4025537795275591
11
1.9319109448818896
21
3.4050357480314961
0
LINE
8
BLACK
6
CONTINUOUS
10
1.9319109448818896
20
3.4050357480314961
11
1.9311877952755905
21
3.408021692913386
0
LINE
8
BLACK
6
CONTINUOUS
10
1.9311877952755905
20
3.408021692913386
11
1.9316624015748032
21
3.4110571259842519
0
LINE
8
BLACK
6
CONTINUOUS
10
1.9316624015748032
20
3.4110571259842519
11
1.9316623622047244
21
3.4110571259842519
0
LINE
8
BLACK
6
CONTINUOUS
10
1.9316623622047244
20
3.4110571259842519
11
1.9329923228346457
21
3.4146882283464568
0
LINE
8
BLACK
6
CONTINUOUS
10
1.9329923228346457
20
3.4146882283464568
11
1.934613031496063
21
3.4222504724409446
0
LINE
8
BLACK
6
CONTINUOUS
10
1.934613031496063
20
3.4222504724409446
11
1.9351601181102362
21
3.4299650393700785
0
LINE
8
BLACK
6
CONTINUOUS
10
1.9351601181102362
20
3.4299650393700785
11
1.9346227952755906
21
3.4376803149606299
0
LINE
8
BLACK
6
CONTINUOUS
10
1.9346227952755906
20
3.4376803149606299
11
1.9330116929133858
21
3.4452446456692911
0
LINE
8
BLACK
6
CONTINUOUS
10
1.9330116929133858
20
3.4452446456692911
11
1.931686338582677
21
3.4488774015748032
0
LINE
8
BLACK
6
CONTINUOUS
10
1.931686338582677
20
3.4488774015748032
11
1.9316863779527558
21
3.4488774015748032
0
LINE
8
BLACK
6
CONTINUOUS
10
1.9316863779527558
20
3.4488774015748032
11
1.9312156299212597
21
3.4519134251968504
0
LINE
8
BLACK
6
CONTINUOUS
10
1.9312156299212597
20
3.4519134251968504
11
1.931942559055118
21
3.454898464566929
0
LINE
8
BLACK
6
CONTINUOUS
10
1.931942559055118
20
3.454898464566929
11
1.9337564566929133
21
3.4573781102362204
0
LINE
8
BLACK
6
CONTINUOUS
10
1.9337564566929133
20
3.4573781102362204
11
1.9363812204724409
21
3.4589748425196851
0
LINE
8
BLACK
6
CONTINUOUS
10
1.9363812204724409
20
3.4589748425196851
11
1.9390551181102362
21
3.4593894094488187
0
LINE
8
BLACK
6
CONTINUOUS
10
1.9390551181102362
20
3.4593894094488187
11
1.9390551181102362
21
3.4595275590551182
0
LINE
8
BLACK
6
CONTINUOUS
10
1.9390551181102362
20
3.4595275590551182
11
1.9803937007874015
21
3.4595275590551182
0
LINE
8
BLACK
6
CONTINUOUS
10
1.9803937007874015
20
3.4595275590551182
11
1.9803937007874015
21
3.4004724409448817
0
LINE
8
BLACK
6
CONTINUOUS
10
2.0674999999999999
20
3.4049999999999998
11
2.0124999999999997
21
3.4049999999999998
0
LINE
8
BLACK
6
CONTINUOUS
10
2.0124999999999997
20
3.4049999999999998
11
2.0124999999999997
21
3.4399999999999999
0
LINE
8
BLACK
6
CONTINUOUS
10
2.0124999999999997
20
3.4399999999999999
11
2.0674999999999999
21
3.4399999999999999
0
LINE
8
BLACK
6
CONTINUOUS
10
2.0674999999999999
20
3.4399999999999999
11
2.0674999999999999
21
3.4049999999999998
0
LINE
8
BLACK
6
CONTINUOUS
10
2.0674999999999999
20
3.48
11
2.0124999999999997
21
3.48
0
LINE
8
BLACK
6
CONTINUOUS
10
2.0124999999999997
20
3.48
11
2.0124999999999997
21
3.5150000000000001
0
LINE
8
BLACK
6
CONTINUOUS
10
2.0124999999999997
20
3.5150000000000001
11
2.0674999999999999
21
3.5150000000000001
0
LINE
8
BLACK
6
CONTINUOUS
10
2.0674999999999999
20
3.5150000000000001
11
2.0674999999999999
21
3.48
0
LINE
8
BLACK
6
CONTINUOUS
10
0.4197842125984252
20
3.7164414566929134
11
0.432697125984252
21
3.7134941732283462
0
LINE
8
BLACK
6
CONTINUOUS
10
0.432697125984252
20
3.7134941732283462
11
0.4451988188976378
21
3.7091196456692912
0
LINE
8
BLACK
6
CONTINUOUS
10
0.4451988188976378
20
3.7091196456692912
11
0.4571321653543307
21
3.7033728346456694
0
LINE
8
BLACK
6
CONTINUOUS
10
0.4571321653543307
20
3.7033728346456694
11
0.4683470078740157
21
3.6963261023622045
0
LINE
8
BLACK
6
CONTINUOUS
10
0.4683470078740157
20
3.6963261023622045
11
0.4787023622047244
21
3.6880679527559055
0
LINE
8
BLACK
6
CONTINUOUS
10
0.4787023622047244
20
3.6880679527559055
11
0.4880679527559055
21
3.6787023622047244
0
LINE
8
BLACK
6
CONTINUOUS
10
0.4880679527559055
20
3.6787023622047244
11
0.4963261023622047
21
3.6683470078740155
0
LINE
8
BLACK
6
CONTINUOUS
10
0.4963261023622047
20
3.6683470078740155
11
0.5033728346456693
21
3.6571321653543305
0
LINE
8
BLACK
6
CONTINUOUS
10
0.5033728346456693
20
3.6571321653543305
11
0.5091196456692914
21
3.6451988188976379
0
LINE
8
BLACK
6
CONTINUOUS
10
0.5091196456692914
20
3.6451988188976379
11
0.5134941732283465
21
3.6326971259842518
0
LINE
8
BLACK
6
CONTINUOUS
10
0.5134941732283465
20
3.6326971259842518
11
0.5164414566929134
21
3.6197842125984252
0
LINE
8
BLACK
6
CONTINUOUS
10
0.5164414566929134
20
3.6197842125984252
11
0.5179244094488189
21
3.6066224803149605
0
LINE
8
BLACK
6
CONTINUOUS
10
0.5179244094488189
20
3.6066224803149605
11
0.5179244094488189
21
3.5933775196850393
0
LINE
8
BLACK
6
CONTINUOUS
10
0.5179244094488189
20
3.5933775196850393
11
0.5164414566929134
21
3.5802157874015745
0
LINE
8
BLACK
6
CONTINUOUS
10
0.5164414566929134
20
3.5802157874015745
11
0.5134941732283465
21
3.567302874015748
0
LINE
8
BLACK
6
CONTINUOUS
10
0.5134941732283465
20
3.567302874015748
11
0.5091196456692914
21
3.5548011811023623
0
LINE
8
BLACK
6
CONTINUOUS
10
0.5091196456692914
20
3.5548011811023623
11
0.5033728346456693
21
3.5428678346456692
0
LINE
8
BLACK
6
CONTINUOUS
10
0.5033728346456693
20
3.5428678346456692
11
0.4963261023622047
21
3.5316529921259843
0
LINE
8
BLACK
6
CONTINUOUS
10
0.4963261023622047
20
3.5316529921259843
11
0.4880679527559055
21
3.5212976377952754
0
LINE
8
BLACK
6
CONTINUOUS
10
0.4880679527559055
20
3.5212976377952754
11
0.4787023622047244
21
3.5119320472440942
0
LINE
8
BLACK
6
CONTINUOUS
10
0.4787023622047244
20
3.5119320472440942
11
0.4683470078740157
21
3.5036738976377952
0
LINE
8
BLACK
6
CONTINUOUS
10
0.4683470078740157
20
3.5036738976377952
11
0.4571321653543307
21
3.4966271653543308
0
LINE
8
BLACK
6
CONTINUOUS
10
0.4571321653543307
20
3.4966271653543308
11
0.4451988188976378
21
3.4908803543307085
0
LINE
8
BLACK
6
CONTINUOUS
10
0.4451988188976378
20
3.4908803543307085
11
0.432697125984252
21
3.4865058267716535
0
LINE
8
BLACK
6
CONTINUOUS
10
0.432697125984252
20
3.4865058267716535
11
0.4197842125984252
21
3.4835585433070864
0
LINE
8
BLACK
6
CONTINUOUS
10
0.4197842125984252
20
3.4835585433070864
11
0.4066224803149606
21
3.4820755905511809
0
LINE
8
BLACK
6
CONTINUOUS
10
0.4066224803149606
20
3.4820755905511809
11
0.3933775196850394
21
3.4820755905511809
0
LINE
8
BLACK
6
CONTINUOUS
10
0.3933775196850394
20
3.4820755905511809
11
0.3802157874015748
21
3.4835585433070864
0
LINE
8
BLACK
6
CONTINUOUS
10
0.3802157874015748
20
3.4835585433070864
11
0.367302874015748
21
3.4865058267716535
0
LINE
8
BLACK
6
CONTINUOUS
10
0.367302874015748
20
3.4865058267716535
11
0.3548011811023622
21
3.4908803543307085
0
LINE
8
BLACK
6
CONTINUOUS
10
0.3548011811023622
20
3.4908803543307085
11
0.3428678346456693
21
3.4966271653543308
0
LINE
8
BLACK
6
CONTINUOUS
10
0.3428678346456693
20
3.4966271653543308
11
0.3316529921259843
21
3.5036738976377952
0
LINE
8
BLACK
6
CONTINUOUS
10
0.3316529921259843
20
3.5036738976377952
11
0.3212976377952756
21
3.5119320472440942
0
LINE
8
BLACK
6
CONTINUOUS
10
0.3212976377952756
20
3.5119320472440942
11
0.3119320472440945
21
3.5212976377952754
0
LINE
8
BLACK
6
CONTINUOUS
10
0.3119320472440945
20
3.5212976377952754
11
0.3036738976377953
21
3.5316529921259843
0
LINE
8
BLACK
6
CONTINUOUS
10
0.3036738976377953
20
3.5316529921259843
11
0.2966271653543307
21
3.5428678346456692
0
LINE
8
BLACK
6
CONTINUOUS
10
0.2966271653543307
20
3.5428678346456692
11
0.2908803543307086
21
3.5548011811023623
0
LINE
8
BLACK
6
CONTINUOUS
10
0.2908803543307086
20
3.5548011811023623
11
0.2865058267716535
21
3.567302874015748
0
LINE
8
BLACK
6
CONTINUOUS
10
0.2865058267716535
20
3.567302874015748
11
0.2835585433070866
21
3.5802157874015745
0
LINE
8
BLACK
6
CONTINUOUS
10
0.2835585433070866
20
3.5802157874015745
11
0.2820755905511811
21
3.5933775196850393
0
LINE
8
BLACK
6
CONTINUOUS
10
0.2820755905511811
20
3.5933775196850393
11
0.2820755905511811
21
3.6066224803149605
0
LINE
8
BLACK
6
CONTINUOUS
10
0.2820755905511811
20
3.6066224803149605
11
0.2835585433070866
21
3.6197842125984252
0
LINE
8
BLACK
6
CONTINUOUS
10
0.2835585433070866
20
3.6197842125984252
11
0.2865058267716535
21
3.6326971259842518
0
LINE
8
BLACK
6
CONTINUOUS
10
0.2865058267716535
20
3.6326971259842518
11
0.2908803543307086
21
3.6451988188976379
0
LINE
8
BLACK
6
CONTINUOUS
10
0.2908803543307086
20
3.6451988188976379
11
0.2966271653543307
21
3.6571321653543305
0
LINE
8
BLACK
6
CONTINUOUS
10
0.2966271653543307
20
3.6571321653543305
11
0.3036738976377953
21
3.6683470078740155
0
LINE
8
BLACK
6
CONTINUOUS
10
0.3036738976377953
20
3.6683470078740155
11
0.3119320472440945
21
3.6787023622047244
0
LINE
8
BLACK
6
CONTINUOUS
10
0.3119320472440945
20
3.6787023622047244
11
0.3212976377952756
21
3.6880679527559055
0
LINE
8
BLACK
6
CONTINUOUS
10
0.3212976377952756
20
3.6880679527559055
11
0.3316529921259843
21
3.6963261023622045
0
LINE
8
BLACK
6
CONTINUOUS
10
0.3316529921259843
20
3.6963261023622045
11
0.3428678346456693
21
3.7033728346456694
0
LINE
8
BLACK
6
CONTINUOUS
10
0.3428678346456693
20
3.7033728346456694
11
0.3548011811023622
21
3.7091196456692912
0
LINE
8
BLACK
6
CONTINUOUS
10
0.3548011811023622
20
3.7091196456692912
11
0.367302874015748
21
3.7134941732283462
0
LINE
8
BLACK
6
CONTINUOUS
10
0.367302874015748
20
3.7134941732283462
11
0.3802157874015748
21
3.7164414566929134
0
LINE
8
BLACK
6
CONTINUOUS
10
0.3802157874015748
20
3.7164414566929134
11
0.3933775196850394
21
3.7179244094488189
0
LINE
8
BLACK
6
CONTINUOUS
10
0.3933775196850394
20
3.7179244094488189
11
0.4066224803149606
21
3.7179244094488189
0
LINE
8
BLACK
6
CONTINUOUS
10
0.4066224803149606
20
3.7179244094488189
11
0.4197842125984252
21
3.7164414566929134
0
LINE
8
BLACK
6
CONTINUOUS
10
2.8197842125984249
20
3.7164414566929134
11
2.8326971259842519
21
3.7134941732283462
0
LINE
8
BLACK
6
CONTINUOUS
10
2.8326971259842519
20
3.7134941732283462
11
2.8451988188976376
21
3.7091196456692912
0
LINE
8
BLACK
6
CONTINUOUS
10
2.8451988188976376
20
3.7091196456692912
11
2.8571321653543307
21
3.7033728346456694
0
LINE
8
BLACK
6
CONTINUOUS
10
2.8571321653543307
20
3.7033728346456694
11
2.8683470078740156
21
3.6963261023622045
0
LINE
8
BLACK
6
CONTINUOUS
10
2.8683470078740156
20
3.6963261023622045
11
2.8787023622047245
21
3.6880679527559055
0
LINE
8
BLACK
6
CONTINUOUS
10
2.8787023622047245
20
3.6880679527559055
11
2.8880679527559057
21
3.6787023622047244
0
LINE
8
BLACK
6
CONTINUOUS
10
2.8880679527559057
20
3.6787023622047244
11
2.8963261023622047
21
3.6683470078740155
0
LINE
8
BLACK
6
CONTINUOUS
10
2.8963261023622047
20
3.6683470078740155
11
2.9033728346456691
21
3.6571321653543305
0
LINE
8
BLACK
6
CONTINUOUS
10
2.9033728346456691
20
3.6571321653543305
11
2.9091196456692914
21
3.6451988188976379
0
LINE
8
BLACK
6
CONTINUOUS
10
2.9091196456692914
20
3.6451988188976379
11
2.9134941732283464
21
3.6326971259842518
0
LINE
8
BLACK
6
CONTINUOUS
10
2.9134941732283464
20
3.6326971259842518
11
2.9164414566929131
21
3.6197842125984252
0
LINE
8
BLACK
6
CONTINUOUS
10
2.9164414566929131
20
3.6197842125984252
11
2.917924409448819
21
3.6066224803149605
0
LINE
8
BLACK
6
CONTINUOUS
10
2.917924409448819
20
3.6066224803149605
11
2.917924409448819
21
3.5933775196850393
0
LINE
8
BLACK
6
CONTINUOUS
10
2.917924409448819
20
3.5933775196850393
11
2.9164414566929131
21
3.5802157874015745
0
LINE
8
BLACK
6
CONTINUOUS
10
2.9164414566929131
20
3.5802157874015745
11
2.9134941732283464
21
3.567302874015748
0
LINE
8
BLACK
6
CONTINUOUS
10
2.9134941732283464
20
3.567302874015748
11
2.9091196456692914
21
3.5548011811023623
0
LINE
8
BLACK
6
CONTINUOUS
10
2.9091196456692914
20
3.5548011811023623
11
2.9033728346456691
21
3.5428678346456692
0
LINE
8
BLACK
6
CONTINUOUS
10
2.9033728346456691
20
3.5428678346456692
11
2.8963261023622047
21
3.5316529921259843
0
LINE
8
BLACK
6
CONTINUOUS
10
2.8963261023622047
20
3.5316529921259843
11
2.8880679527559057
21
3.5212976377952754
0
LINE
8
BLACK
6
CONTINUOUS
10
2.8880679527559057
20
3.5212976377952754
11
2.8787023622047245
21
3.5119320472440942
0
LINE
8
BLACK
6
CONTINUOUS
10
2.8787023622047245
20
3.5119320472440942
11
2.8683470078740156
21
3.5036738976377952
0
LINE
8
BLACK
6
CONTINUOUS
10
2.8683470078740156
20
3.5036738976377952
11
2.8571321653543307
21
3.4966271653543308
0
LINE
8
BLACK
6
CONTINUOUS
10
2.8571321653543307
20
3.4966271653543308
11
2.8451988188976376
21
3.4908803543307085
0
LINE
8
BLACK
6
CONTINUOUS
10
2.8451988188976376
20
3.4908803543307085
11
2.8326971259842519
21
3.4865058267716535
0
LINE
8
BLACK
6
CONTINUOUS
10
2.8326971259842519
20
3.4865058267716535
11
2.8197842125984249
21
3.4835585433070864
0
LINE
8
BLACK
6
CONTINUOUS
10
2.8197842125984249
20
3.4835585433070864
11
2.8066224803149606
21
3.4820755905511809
0
LINE
8
BLACK
6
CONTINUOUS
10
2.8066224803149606
20
3.4820755905511809
11
2.7933775196850394
21
3.4820755905511809
0
LINE
8
BLACK
6
CONTINUOUS
10
2.7933775196850394
20
3.4820755905511809
11
2.7802157874015747
21
3.4835585433070864
0
LINE
8
BLACK
6
CONTINUOUS
10
2.7802157874015747
20
3.4835585433070864
11
2.7673028740157481
21
3.4865058267716535
0
LINE
8
BLACK
6
CONTINUOUS
10
2.7673028740157481
20
3.4865058267716535
11
2.7548011811023621
21
3.4908803543307085
0
LINE
8
BLACK
6
CONTINUOUS
10
2.7548011811023621
20
3.4908803543307085
11
2.7428678346456694
21
3.4966271653543308
0
LINE
8
BLACK
6
CONTINUOUS
10
2.7428678346456694
20
3.4966271653543308
11
2.731652992125984
21
3.5036738976377952
0
LINE
8
BLACK
6
CONTINUOUS
10
2.731652992125984
20
3.5036738976377952
11
2.7212976377952756
21
3.5119320472440942
0
LINE
8
BLACK
6
CONTINUOUS
10
2.7212976377952756
20
3.5119320472440942
11
2.7119320472440944
21
3.5212976377952754
0
LINE
8
BLACK
6
CONTINUOUS
10
2.7119320472440944
20
3.5212976377952754
11
2.7036738976377954
21
3.5316529921259843
0
LINE
8
BLACK
6
CONTINUOUS
10
2.7036738976377954
20
3.5316529921259843
11
2.6966271653543306
21
3.5428678346456692
0
LINE
8
BLACK
6
CONTINUOUS
10
2.6966271653543306
20
3.5428678346456692
11
2.6908803543307087
21
3.5548011811023623
0
LINE
8
BLACK
6
CONTINUOUS
10
2.6908803543307087
20
3.5548011811023623
11
2.6865058267716533
21
3.567302874015748
0
LINE
8
BLACK
6
CONTINUOUS
10
2.6865058267716533
20
3.567302874015748
11
2.6835585433070865
21
3.5802157874015745
0
LINE
8
BLACK
6
CONTINUOUS
10
2.6835585433070865
20
3.5802157874015745
11
2.6820755905511811
21
3.5933775196850393
0
LINE
8
BLACK
6
CONTINUOUS
10
2.6820755905511811
20
3.5933775196850393
11
2.6820755905511811
21
3.6066224803149605
0
LINE
8
BLACK
6
CONTINUOUS
10
2.6820755905511811
20
3.6066224803149605
11
2.6835585433070865
21
3.6197842125984252
0
LINE
8
BLACK
6
CONTINUOUS
10
2.6835585433070865
20
3.6197842125984252
11
2.6865058267716533
21
3.6326971259842518
0
LINE
8
BLACK
6
CONTINUOUS
10
2.6865058267716533
20
3.6326971259842518
11
2.6908803543307087
21
3.6451988188976379
0
LINE
8
BLACK
6
CONTINUOUS
10
2.6908803543307087
20
3.6451988188976379
11
2.6966271653543306
21
3.6571321653543305
0
LINE
8
BLACK
6
CONTINUOUS
10
2.6966271653543306
20
3.6571321653543305
11
2.7036738976377954
21
3.6683470078740155
0
LINE
8
BLACK
6
CONTINUOUS
10
2.7036738976377954
20
3.6683470078740155
11
2.7119320472440944
21
3.6787023622047244
0
LINE
8
BLACK
6
CONTINUOUS
10
2.7119320472440944
20
3.6787023622047244
11
2.7212976377952756
21
3.6880679527559055
0
LINE
8
BLACK
6
CONTINUOUS
10
2.7212976377952756
20
3.6880679527559055
11
2.731652992125984
21
3.6963261023622045
0
LINE
8
BLACK
6
CONTINUOUS
10
2.731652992125984
20
3.6963261023622045
11
2.7428678346456694
21
3.7033728346456694
0
LINE
8
BLACK
6
CONTINUOUS
10
2.7428678346456694
20
3.7033728346456694
11
2.7548011811023621
21
3.7091196456692912
0
LINE
8
BLACK
6
CONTINUOUS
10
2.7548011811023621
20
3.7091196456692912
11
2.7673028740157481
21
3.7134941732283462
0
LINE
8
BLACK
6
CONTINUOUS
10
2.7673028740157481
20
3.7134941732283462
11
2.7802157874015747
21
3.7164414566929134
0
LINE
8
BLACK
6
CONTINUOUS
10
2.7802157874015747
20
3.7164414566929134
11
2.7933775196850394
21
3.7179244094488189
0
LINE
8
BLACK
6
CONTINUOUS
10
2.7933775196850394
20
3.7179244094488189
11
2.8066224803149606
21
3.7179244094488189
0
LINE
8
BLACK
6
CONTINUOUS
10
2.8066224803149606
20
3.7179244094488189
11
2.8197842125984249
21
3.7164414566929134
0
LINE
8
BLACK
6
CONTINUOUS
10
1.3496115748031496
20
3.5892458267716534
11
1.3566622047244095
21
3.5869549212598426
0
LINE
8
BLACK
6
CONTINUOUS
10
1.3566622047244095
20
3.5869549212598426
11
1.3632676377952755
21
3.5835892913385825
0
LINE
8
BLACK
6
CONTINUOUS
10
1.3632676377952755
20
3.5835892913385825
11
1.3692652755905512
21
3.5792317716535433
0
LINE
8
BLACK
6
CONTINUOUS
10
1.3692652755905512
20
3.5792317716535433
11
1.3745073622047244
21
3.5739896850393702
0
LINE
8
BLACK
6
CONTINUOUS
10
1.3745073622047244
20
3.5739896850393702
11
1.3788648818897637
21
3.5679920472440942
0
LINE
8
BLACK
6
CONTINUOUS
10
1.3788648818897637
20
3.5679920472440942
11
1.3822305118110236
21
3.5613866141732284
0
LINE
8
BLACK
6
CONTINUOUS
10
1.3822305118110236
20
3.5613866141732284
11
1.3845214173228346
21
3.5543359842519684
0
LINE
8
BLACK
6
CONTINUOUS
10
1.3845214173228346
20
3.5543359842519684
11
1.3856811417322834
21
3.5470138188976379
0
LINE
8
BLACK
6
CONTINUOUS
10
1.3856811417322834
20
3.5470138188976379
11
1.3856811417322834
21
3.5396003543307084
0
LINE
8
BLACK
6
CONTINUOUS
10
1.3856811417322834
20
3.5396003543307084
11
1.3845214173228346
21
3.5322781889763779
0
LINE
8
BLACK
6
CONTINUOUS
10
1.3845214173228346
20
3.5322781889763779
11
1.3822305118110236
21
3.5252275590551179
0
LINE
8
BLACK
6
CONTINUOUS
10
1.3822305118110236
20
3.5252275590551179
11
1.3788648818897637
21
3.5186221259842521
0
LINE
8
BLACK
6
CONTINUOUS
10
1.3788648818897637
20
3.5186221259842521
11
1.3745073622047244
21
3.5126244881889761
0
LINE
8
BLACK
6
CONTINUOUS
10
1.3745073622047244
20
3.5126244881889761
11
1.3692652755905512
21
3.507382401574803
0
LINE
8
BLACK
6
CONTINUOUS
10
1.3692652755905512
20
3.507382401574803
11
1.3632676377952755
21
3.5030248818897638
0
LINE
8
BLACK
6
CONTINUOUS
10
1.3632676377952755
20
3.5030248818897638
11
1.3566622047244095
21
3.4996592519685037
0
LINE
8
BLACK
6
CONTINUOUS
10
1.3566622047244095
20
3.4996592519685037
11
1.3496115748031496
21
3.4973683464566929
0
LINE
8
BLACK
6
CONTINUOUS
10
1.3496115748031496
20
3.4973683464566929
11
1.3422894094488189
21
3.4962086220472441
0
LINE
8
BLACK
6
CONTINUOUS
10
1.3422894094488189
20
3.4962086220472441
11
1.3348759448818897
21
3.4962086220472441
0
LINE
8
BLACK
6
CONTINUOUS
10
1.3348759448818897
20
3.4962086220472441
11
1.3275537795275589
21
3.4973683464566929
0
LINE
8
BLACK
6
CONTINUOUS
10
1.3275537795275589
20
3.4973683464566929
11
1.3205031496062991
21
3.4996592519685037
0
LINE
8
BLACK
6
CONTINUOUS
10
1.3205031496062991
20
3.4996592519685037
11
1.3138977165354331
21
3.5030248818897638
0
LINE
8
BLACK
6
CONTINUOUS
10
1.3138977165354331
20
3.5030248818897638
11
1.3079000787401573
21
3.507382401574803
0
LINE
8
BLACK
6
CONTINUOUS
10
1.3079000787401573
20
3.507382401574803
11
1.3026579921259842
21
3.5126244881889761
0
LINE
8
BLACK
6
CONTINUOUS
10
1.3026579921259842
20
3.5126244881889761
11
1.2983004724409448
21
3.5186221259842521
0
LINE
8
BLACK
6
CONTINUOUS
10
1.2983004724409448
20
3.5186221259842521
11
1.2949348425196849
21
3.5252275590551179
0
LINE
8
BLACK
6
CONTINUOUS
10
1.2949348425196849
20
3.5252275590551179
11
1.2926439370078739
21
3.5322781889763779
0
LINE
8
BLACK
6
CONTINUOUS
10
1.2926439370078739
20
3.5322781889763779
11
1.2914842125984252
21
3.5396003543307084
0
LINE
8
BLACK
6
CONTINUOUS
10
1.2914842125984252
20
3.5396003543307084
11
1.2914842125984252
21
3.5470138188976379
0
LINE
8
BLACK
6
CONTINUOUS
10
1.2914842125984252
20
3.5470138188976379
11
1.2926439370078739
21
3.5543359842519684
0
LINE
8
BLACK
6
CONTINUOUS
10
1.2926439370078739
20
3.5543359842519684
11
1.2949348425196849
21
3.5613866141732284
0
LINE
8
BLACK
6
CONTINUOUS
10
1.2949348425196849
20
3.5613866141732284
11
1.2983004724409448
21
3.5679920472440942
0
LINE
8
BLACK
6
CONTINUOUS
10
1.2983004724409448
20
3.5679920472440942
11
1.3026579921259842
21
3.5739896850393702
0
LINE
8
BLACK
6
CONTINUOUS
10
1.3026579921259842
20
3.5739896850393702
11
1.3079000787401573
21
3.5792317716535433
0
LINE
8
BLACK
6
CONTINUOUS
10
1.3079000787401573
20
3.5792317716535433
11
1.3138977165354331
21
3.5835892913385825
0
LINE
8
BLACK
6
CONTINUOUS
10
1.3138977165354331
20
3.5835892913385825
11
1.3205031496062991
21
3.5869549212598426
0
LINE
8
BLACK
6
CONTINUOUS
10
1.3205031496062991
20
3.5869549212598426
11
1.3275537795275589
21
3.5892458267716534
0
LINE
8
BLACK
6
CONTINUOUS
10
1.3275537795275589
20
3.5892458267716534
11
1.3348759448818897
21
3.5904055511811022
0
LINE
8
BLACK
6
CONTINUOUS
10
1.3348759448818897
20
3.5904055511811022
11
1.3422894094488189
21
3.5904055511811022
0
LINE
8
BLACK
6
CONTINUOUS
10
1.3422894094488189
20
3.5904055511811022
11
1.3496115748031496
21
3.5892458267716534
0
LINE
8
BLACK
6
CONTINUOUS
10
1.5464619685039369
20
3.5892458267716534
11
1.5535125984251967
21
3.5869549212598426
0
LINE
8
BLACK
6
CONTINUOUS
10
1.5535125984251967
20
3.5869549212598426
11
1.560118031496063
21
3.5835892913385825
0
LINE
8
BLACK
6
CONTINUOUS
10
1.560118031496063
20
3.5835892913385825
11
1.5661156692913385
21
3.5792317716535433
0
LINE
8
BLACK
6
CONTINUOUS
10
1.5661156692913385
20
3.5792317716535433
11
1.5713577559055119
21
3.5739896850393702
0
LINE
8
BLACK
6
CONTINUOUS
10
1.5713577559055119
20
3.5739896850393702
11
1.5757152755905512
21
3.5679920472440942
0
LINE
8
BLACK
6
CONTINUOUS
10
1.5757152755905512
20
3.5679920472440942
11
1.5790809055118109
21
3.5613866141732284
0
LINE
8
BLACK
6
CONTINUOUS
10
1.5790809055118109
20
3.5613866141732284
11
1.5813718110236221
21
3.5543359842519684
0
LINE
8
BLACK
6
CONTINUOUS
10
1.5813718110236221
20
3.5543359842519684
11
1.5825315354330709
21
3.5470138188976379
0
LINE
8
BLACK
6
CONTINUOUS
10
1.5825315354330709
20
3.5470138188976379
11
1.5825315354330709
21
3.5396003543307084
0
LINE
8
BLACK
6
CONTINUOUS
10
1.5825315354330709
20
3.5396003543307084
11
1.5813718110236221
21
3.5322781889763779
0
LINE
8
BLACK
6
CONTINUOUS
10
1.5813718110236221
20
3.5322781889763779
11
1.5790809055118109
21
3.5252275590551179
0
LINE
8
BLACK
6
CONTINUOUS
10
1.5790809055118109
20
3.5252275590551179
11
1.5757152755905512
21
3.5186221259842521
0
LINE
8
BLACK
6
CONTINUOUS
10
1.5757152755905512
20
3.5186221259842521
11
1.5713577559055119
21
3.5126244881889761
0
LINE
8
BLACK
6
CONTINUOUS
10
1.5713577559055119
20
3.5126244881889761
11
1.5661156692913385
21
3.507382401574803
0
LINE
8
BLACK
6
CONTINUOUS
10
1.5661156692913385
20
3.507382401574803
11
1.560118031496063
21
3.5030248818897638
0
LINE
8
BLACK
6
CONTINUOUS
10
1.560118031496063
20
3.5030248818897638
11
1.5535125984251967
21
3.4996592519685037
0
LINE
8
BLACK
6
CONTINUOUS
10
1.5535125984251967
20
3.4996592519685037
11
1.5464619685039369
21
3.4973683464566929
0
LINE
8
BLACK
6
CONTINUOUS
10
1.5464619685039369
20
3.4973683464566929
11
1.5391398031496062
21
3.4962086220472441
0
LINE
8
BLACK
6
CONTINUOUS
10
1.5391398031496062
20
3.4962086220472441
11
1.5317263385826771
21
3.4962086220472441
0
LINE
8
BLACK
6
CONTINUOUS
10
1.5317263385826771
20
3.4962086220472441
11
1.5244041732283464
21
3.4973683464566929
0
LINE
8
BLACK
6
CONTINUOUS
10
1.5244041732283464
20
3.4973683464566929
11
1.5173535433070866
21
3.4996592519685037
0
LINE
8
BLACK
6
CONTINUOUS
10
1.5173535433070866
20
3.4996592519685037
11
1.5107481102362204
21
3.5030248818897638
0
LINE
8
BLACK
6
CONTINUOUS
10
1.5107481102362204
20
3.5030248818897638
11
1.5047504724409448
21
3.507382401574803
0
LINE
8
BLACK
6
CONTINUOUS
10
1.5047504724409448
20
3.507382401574803
11
1.4995083858267717
21
3.5126244881889761
0
LINE
8
BLACK
6
CONTINUOUS
10
1.4995083858267717
20
3.5126244881889761
11
1.4951508661417323
21
3.5186221259842521
0
LINE
8
BLACK
6
CONTINUOUS
10
1.4951508661417323
20
3.5186221259842521
11
1.4917852362204724
21
3.5252275590551179
0
LINE
8
BLACK
6
CONTINUOUS
10
1.4917852362204724
20
3.5252275590551179
11
1.4894943307086614
21
3.5322781889763779
0
LINE
8
BLACK
6
CONTINUOUS
10
1.4894943307086614
20
3.5322781889763779
11
1.4883346062992127
21
3.5396003543307084
0
LINE
8
BLACK
6
CONTINUOUS
10
1.4883346062992127
20
3.5396003543307084
11
1.4883346062992127
21
3.5470138188976379
0
LINE
8
BLACK
6
CONTINUOUS
10
1.4883346062992127
20
3.5470138188976379
11
1.4894943307086614
21
3.5543359842519684
0
LINE
8
BLACK
6
CONTINUOUS
10
1.4894943307086614
20
3.5543359842519684
11
1.4917852362204724
21
3.5613866141732284
0
LINE
8
BLACK
6
CONTINUOUS
10
1.4917852362204724
20
3.5613866141732284
11
1.4951508661417323
21
3.5679920472440942
0
LINE
8
BLACK
6
CONTINUOUS
10
1.4951508661417323
20
3.5679920472440942
11
1.4995083858267717
21
3.5739896850393702
0
LINE
8
BLACK
6
CONTINUOUS
10
1.4995083858267717
20
3.5739896850393702
11
1.5047504724409448
21
3.5792317716535433
0
LINE
8
BLACK
6
CONTINUOUS
10
1.5047504724409448
20
3.5792317716535433
11
1.5107481102362204
21
3.5835892913385825
0
LINE
8
BLACK
6
CONTINUOUS
10
1.5107481102362204
20
3.5835892913385825
11
1.5173535433070866
21
3.5869549212598426
0
LINE
8
BLACK
6
CONTINUOUS
10
1.5173535433070866
20
3.5869549212598426
11
1.5244041732283464
21
3.5892458267716534
0
LINE
8
BLACK
6
CONTINUOUS
10
1.5244041732283464
20
3.5892458267716534
11
1.5317263385826771
21
3.5904055511811022
0
LINE
8
BLACK
6
CONTINUOUS
10
1.5317263385826771
20
3.5904055511811022
11
1.5391398031496062
21
3.5904055511811022
0
LINE
8
BLACK
6
CONTINUOUS
10
1.5391398031496062
20
3.5904055511811022
11
1.5464619685039369
21
3.5892458267716534
0
LINE
8
BLACK
6
CONTINUOUS
10
1.8653543307086613
20
3.5674015748031493
11
1.7866141732283465
21
3.5674015748031493
0
LINE
8
BLACK
6
CONTINUOUS
10
1.7866141732283465
20
3.5674015748031493
11
1.7866141732283465
21
3.5925984251968504
0
LINE
8
BLACK
6
CONTINUOUS
10
1.7866141732283465
20
3.5925984251968504
11
1.8653543307086613
21
3.5925984251968504
0
LINE
8
BLACK
6
CONTINUOUS
10
1.8653543307086613
20
3.5925984251968504
11
1.8653543307086613
21
3.5674015748031493
0
LINE
8
BLACK
6
CONTINUOUS
10
2.1133858267716534
20
3.5674015748031493
11
2.0346456692913386
21
3.5674015748031493
0
LINE
8
BLACK
6
CONTINUOUS
10
2.0346456692913386
20
3.5674015748031493
11
2.0346456692913386
21
3.5925984251968504
0
LINE
8
BLACK
6
CONTINUOUS
10
2.0346456692913386
20
3.5925984251968504
11
2.1133858267716534
21
3.5925984251968504
0
LINE
8
BLACK
6
CONTINUOUS
10
2.1133858267716534
20
3.5925984251968504
11
2.1133858267716534
21
3.5674015748031493
0
LINE
8
BLACK
6
CONTINUOUS
10
1.8653543307086613
20
3.6674015748031494
11
1.7866141732283465
21
3.6674015748031494
0
LINE
8
BLACK
6
CONTINUOUS
10
1.7866141732283465
20
3.6674015748031494
11
1.7866141732283465
21
3.6925984251968504
0
LINE
8
BLACK
6
CONTINUOUS
10
1.7866141732283465
20
3.6925984251968504
11
1.8653543307086613
21
3.6925984251968504
0
LINE
8
BLACK
6
CONTINUOUS
10
1.8653543307086613
20
3.6925984251968504
11
1.8653543307086613
21
3.6674015748031494
0
LINE
8
BLACK
6
CONTINUOUS
10
2.1133858267716534
20
3.6674015748031494
11
2.0346456692913386
21
3.6674015748031494
0
LINE
8
BLACK
6
CONTINUOUS
10
2.0346456692913386
20
3.6674015748031494
11
2.0346456692913386
21
3.6925984251968504
0
LINE
8
BLACK
6
CONTINUOUS
10
2.0346456692913386
20
3.6925984251968504
11
2.1133858267716534
21
3.6925984251968504
0
LINE
8
BLACK
6
CONTINUOUS
10
2.1133858267716534
20
3.6925984251968504
11
2.1133858267716534
21
3.6674015748031494
0
CIRCLE
8
BLACK
10
0.430240157480315
20
2.8954330708661415
40
0.0068897637795276
0
CIRCLE
8
BLACK
10
0.6270905511811024
20
2.8954330708661415
40
0.0068897637795276
0
CIRCLE
8
BLACK
10
2.7999999999999998
20
3.6000000000000001
40
0.0068897637795276
0
CIRCLE
8
BLACK
10
0.430240157480315
20
2.698582677165354
40
0.0068897637795276
0
CIRCLE
8
BLACK
10
0.6270905511811024
20
2.698582677165354
40
0.0068897637795276
0
CIRCLE
8
BLACK
10
2.7999999999999998
20
0.4
40
0.0068897637795276
0
CIRCLE
8
BLACK
10
2.7794389763779526
20
0.8154330708661417
40
0.0068897637795276
0
CIRCLE
8
BLACK
10
2.5825885826771655
20
0.8154330708661417
40
0.0068897637795276
0
CIRCLE
8
BLACK
10
1.3385826771653544
20
1.8718223622047243
40
0.0068897637795276
0
CIRCLE
8
BLACK
10
1.5354330708661417
20
1.8718223622047243
40
0.0068897637795276
0
CIRCLE
8
BLACK
10
0.430240157480315
20
3.2891338582677165
40
0.0068897637795276
0
CIRCLE
8
BLACK
10
0.6270905511811024
20
3.2891338582677165
40
0.0068897637795276
0
CIRCLE
8
BLACK
10
2.7794389763779526
20
1.0122834645669292
40
0.0068897637795276
0
CIRCLE
8
BLACK
10
2.5825885826771655
20
1.0122834645669292
40
0.0068897637795276
0
CIRCLE
8
BLACK
10
0.430240157480315
20
2.108031496062992
40
0.0068897637795276
0
CIRCLE
8
BLACK
10
0.6270905511811024
20
2.108031496062992
40
0.0068897637795276
0
CIRCLE
8
BLACK
10
0.878267716535433
20
0.6369291338582677
40
0.0068897637795276
0
CIRCLE
8
BLACK
10
0.878267716535433
20
0.5030708661417322
40
0.0068897637795276
0
CIRCLE
8
BLACK
10
1.261732283464567
20
0.6369291338582677
40
0.0068897637795276
0
CIRCLE
8
BLACK
10
1.261732283464567
20
0.5030708661417322
40
0.0068897637795276
0
CIRCLE
8
BLACK
10
0.430240157480315
20
1.1237795275590552
40
0.0068897637795276
0
CIRCLE
8
BLACK
10
0.6270905511811024
20
1.1237795275590552
40
0.0068897637795276
0
CIRCLE
8
BLACK
10
1.3385826771653544
20
3.1254359055118108
40
0.0068897637795276
0
CIRCLE
8
BLACK
10
1.5354330708661417
20
3.1254359055118108
40
0.0068897637795276
0
CIRCLE
8
BLACK
10
2.7825590551181101
20
1.2130708661417322
40
0.0068897637795276
0
CIRCLE
8
BLACK
10
2.5857086614173226
20
1.2130708661417322
40
0.0068897637795276
0
CIRCLE
8
BLACK
10
2.4100000000000001
20
3.3100000000000001
40
0.0068897637795276
0
CIRCLE
8
BLACK
10
2.5099999999999998
20
3.3100000000000001
40
0.0068897637795276
0
CIRCLE
8
BLACK
10
2.4100000000000001
20
3.21
40
0.0068897637795276
0
CIRCLE
8
BLACK
10
2.5099999999999998
20
3.21
40
0.0068897637795276
0
CIRCLE
8
BLACK
10
2.4100000000000001
20
3.1099999999999999
40
0.0068897637795276
0
CIRCLE
8
BLACK
10
2.5099999999999998
20
3.1099999999999999
40
0.0068897637795276
0
CIRCLE
8
BLACK
10
2.4100000000000001
20
3.0099999999999998
40
0.0068897637795276
0
CIRCLE
8
BLACK
10
2.5099999999999998
20
3.0099999999999998
40
0.0068897637795276
0
CIRCLE
8
BLACK
10
2.4100000000000001
20
2.9100000000000001
40
0.0068897637795276
0
CIRCLE
8
BLACK
10
2.5099999999999998
20
2.9100000000000001
40
0.0068897637795276
0
CIRCLE
8
BLACK
10
2.4100000000000001
20
2.8100000000000001
40
0.0068897637795276
0
CIRCLE
8
BLACK
10
2.5099999999999998
20
2.8100000000000001
40
0.0068897637795276
0
CIRCLE
8
BLACK
10
2.4100000000000001
20
2.71
40
0.0068897637795276
0
CIRCLE
8
BLACK
10
2.5099999999999998
20
2.71
40
0.0068897637795276
0
CIRCLE
8
BLACK
10
0.430240157480315
20
2.501732283464567
40
0.0068897637795276
0
CIRCLE
8
BLACK
10
0.6270905511811024
20
2.501732283464567
40
0.0068897637795276
0
CIRCLE
8
BLACK
10
0.430240157480315
20
1.7143307086614172
40
0.0068897637795276
0
CIRCLE
8
BLACK
10
0.6270905511811024
20
1.7143307086614172
40
0.0068897637795276
0
CIRCLE
8
BLACK
10
0.4
20
0.4
40
0.0068897637795276
0
CIRCLE
8
BLACK
10
1.3385826771653544
20
1.4539511811023622
40
0.0068897637795276
0
CIRCLE
8
BLACK
10
1.5354330708661417
20
1.4539511811023622
40
0.0068897637795276
0
CIRCLE
8
BLACK
10
2.7825590551181101
20
1.4099212598425197
40
0.0068897637795276
0
CIRCLE
8
BLACK
10
2.5857086614173226
20
1.4099212598425197
40
0.0068897637795276
0
CIRCLE
8
BLACK
10
1.3385826771653544
20
3.5433070866141732
40
0.0068897637795276
0
CIRCLE
8
BLACK
10
1.5354330708661417
20
3.5433070866141732
40
0.0068897637795276
0
CIRCLE
8
BLACK
10
0.430240157480315
20
1.51748031496063
40
0.0068897637795276
0
CIRCLE
8
BLACK
10
0.6270905511811024
20
1.51748031496063
40
0.0068897637795276
0
CIRCLE
8
BLACK
10
0.4
20
3.6000000000000001
40
0.0068897637795276
0
CIRCLE
8
BLACK
10
0.430240157480315
20
3.092283464566929
40
0.0068897637795276
0
CIRCLE
8
BLACK
10
0.6270905511811024
20
3.092283464566929
40
0.0068897637795276
0
CIRCLE
8
BLACK
10
1.981732283464567
20
0.5030708661417322
40
0.0068897637795276
0
CIRCLE
8
BLACK
10
1.981732283464567
20
0.6369291338582677
40
0.0068897637795276
0
CIRCLE
8
BLACK
10
1.5982677165354331
20
0.5030708661417322
40
0.0068897637795276
0
CIRCLE
8
BLACK
10
1.5982677165354331
20
0.6369291338582677
40
0.0068897637795276
0
CIRCLE
8
BLACK
10
1.3385826771653544
20
2.707564724409449
40
0.0068897637795276
0
CIRCLE
8
BLACK
10
1.5354330708661417
20
2.707564724409449
40
0.0068897637795276
0
CIRCLE
8
BLACK
10
2.7059055118110233
20
2.3153543307086615
40
0.0068897637795276
0
CIRCLE
8
BLACK
10
2.8059055118110234
20
2.3153543307086615
40
0.0068897637795276
0
CIRCLE
8
BLACK
10
2.7059055118110233
20
2.2153543307086614
40
0.0068897637795276
0
CIRCLE
8
BLACK
10
2.8059055118110234
20
2.2153543307086614
40
0.0068897637795276
0
CIRCLE
8
BLACK
10
2.7059055118110233
20
2.1153543307086613
40
0.0068897637795276
0
CIRCLE
8
BLACK
10
2.8059055118110234
20
2.1153543307086613
40
0.0068897637795276
0
CIRCLE
8
BLACK
10
2.7059055118110233
20
2.0153543307086612
40
0.0068897637795276
0
CIRCLE
8
BLACK
10
2.8059055118110234
20
2.0153543307086612
40
0.0068897637795276
0
CIRCLE
8
BLACK
10
1.3385826771653544
20
1.0360799999999999
40
0.0068897637795276
0
CIRCLE
8
BLACK
10
1.5354330708661417
20
1.0360799999999999
40
0.0068897637795276
0
CIRCLE
8
BLACK
10
0.430240157480315
20
2.3048818897637795
40
0.0068897637795276
0
CIRCLE
8
BLACK
10
0.6270905511811024
20
2.3048818897637795
40
0.0068897637795276
0
CIRCLE
8
BLACK
10
2.4696850393700789
20
2.3153543307086615
40
0.0068897637795276
0
CIRCLE
8
BLACK
10
2.5696850393700785
20
2.3153543307086615
40
0.0068897637795276
0
CIRCLE
8
BLACK
10
2.4696850393700789
20
2.2153543307086614
40
0.0068897637795276
0
CIRCLE
8
BLACK
10
2.5696850393700785
20
2.2153543307086614
40
0.0068897637795276
0
CIRCLE
8
BLACK
10
2.4696850393700789
20
2.1153543307086613
40
0.0068897637795276
0
CIRCLE
8
BLACK
10
2.5696850393700785
20
2.1153543307086613
40
0.0068897637795276
0
CIRCLE
8
BLACK
10
2.4696850393700789
20
2.0153543307086612
40
0.0068897637795276
0
CIRCLE
8
BLACK
10
2.5696850393700785
20
2.0153543307086612
40
0.0068897637795276
0
CIRCLE
8
BLACK
10
0.430240157480315
20
1.3206299212598425
40
0.0068897637795276
0
CIRCLE
8
BLACK
10
0.6270905511811024
20
1.3206299212598425
40
0.0068897637795276
0
CIRCLE
8
BLACK
10
1.3385826771653544
20
2.2896935433070866
40
0.0068897637795276
0
CIRCLE
8
BLACK
10
1.5354330708661417
20
2.2896935433070866
40
0.0068897637795276
0
CIRCLE
8
BLACK
10
0.430240157480315
20
1.9111811023622047
40
0.0068897637795276
0
CIRCLE
8
BLACK
10
0.6270905511811024
20
1.9111811023622047
40
0.0068897637795276
0
CIRCLE
8
BLACK
10
2.9100000000000001
20
2.9399999999999999
40
0.0068897637795276
0
CIRCLE
8
BLACK
10
2.8100000000000001
20
2.9399999999999999
40
0.0068897637795276
0
CIRCLE
8
BLACK
10
2.9100000000000001
20
3.04
40
0.0068897637795276
0
CIRCLE
8
BLACK
10
2.8100000000000001
20
3.04
40
0.0068897637795276
0
CIRCLE
8
BLACK
10
2.9100000000000001
20
3.1400000000000001
40
0.0068897637795276
0
CIRCLE
8
BLACK
10
2.8100000000000001
20
3.1400000000000001
40
0.0068897637795276
0
CIRCLE
8
BLACK
10
1.8799999999999999
20
2.1699999999999999
40
0.0068897637795276
0
CIRCLE
8
BLACK
10
2.4149015748031495
20
1.2268503937007873
40
0.0068897637795276
0
CIRCLE
8
BLACK
10
2.3823129921259842
20
0.8396062992125984
40
0.0068897637795276
0
CIRCLE
8
BLACK
10
1.8799999999999999
20
3.0099999999999998
40
0.0068897637795276
0
CIRCLE
8
BLACK
10
1.8799999999999999
20
0.91
40
0.0068897637795276
0
CIRCLE
8
BLACK
10
1.8799999999999999
20
1.3300000000000001
40
0.0068897637795276
0
CIRCLE
8
BLACK
10
1.8799999999999999
20
2.5899999999999999
40
0.0068897637795276
0
CIRCLE
8
BLACK
10
1.8799999999999999
20
1.75
40
0.0068897637795276
0
CIRCLE
8
BLACK
10
1.8799999999999999
20
3.4299999999999997
40
0.0068897637795276
0
CIRCLE
8
WHITE
10
0.430240157480315
20
2.8954330708661415
40
0.0068897637795276
0
CIRCLE
8
WHITE
10
0.6270905511811024
20
2.8954330708661415
40
0.0068897637795276
0
CIRCLE
8
WHITE
10
2.7999999999999998
20
3.6000000000000001
40
0.0068897637795276
0
CIRCLE
8
WHITE
10
0.430240157480315
20
2.698582677165354
40
0.0068897637795276
0
CIRCLE
8
WHITE
10
0.6270905511811024
20
2.698582677165354
40
0.0068897637795276
0
CIRCLE
8
WHITE
10
2.7999999999999998
20
0.4
40
0.0068897637795276
0
CIRCLE
8
WHITE
10
2.7794389763779526
20
0.8154330708661417
40
0.0068897637795276
0
CIRCLE
8
WHITE
10
2.5825885826771655
20
0.8154330708661417
40
0.0068897637795276
0
CIRCLE
8
WHITE
10
1.3385826771653544
20
1.8718223622047243
40
0.0068897637795276
0
CIRCLE
8
WHITE
10
1.5354330708661417
20
1.8718223622047243
40
0.0068897637795276
0
CIRCLE
8
WHITE
10
0.430240157480315
20
3.2891338582677165
40
0.0068897637795276
0
CIRCLE
8
WHITE
10
0.6270905511811024
20
3.2891338582677165
40
0.0068897637795276
0
CIRCLE
8
WHITE
10
2.7794389763779526
20
1.0122834645669292
40
0.0068897637795276
0
CIRCLE
8
WHITE
10
2.5825885826771655
20
1.0122834645669292
40
0.0068897637795276
0
CIRCLE
8
WHITE
10
0.430240157480315
20
2.108031496062992
40
0.0068897637795276
0
CIRCLE
8
WHITE
10
0.6270905511811024
20
2.108031496062992
40
0.0068897637795276
0
CIRCLE
8
WHITE
10
0.878267716535433
20
0.6369291338582677
40
0.0068897637795276
0
CIRCLE
8
WHITE
10
0.878267716535433
20
0.5030708661417322
40
0.0068897637795276
0
CIRCLE
8
WHITE
10
1.261732283464567
20
0.6369291338582677
40
0.0068897637795276
0
CIRCLE
8
WHITE
10
1.261732283464567
20
0.5030708661417322
40
0.0068897637795276
0
CIRCLE
8
WHITE
10
0.430240157480315
20
1.1237795275590552
40
0.0068897637795276
0
CIRCLE
8
WHITE
10
0.6270905511811024
20
1.1237795275590552
40
0.0068897637795276
0
CIRCLE
8
WHITE
10
1.3385826771653544
20
3.1254359055118108
40
0.0068897637795276
0
CIRCLE
8
WHITE
10
1.5354330708661417
20
3.1254359055118108
40
0.0068897637795276
0
CIRCLE
8
WHITE
10
2.7825590551181101
20
1.2130708661417322
40
0.0068897637795276
0
CIRCLE
8
WHITE
10
2.5857086614173226
20
1.2130708661417322
40
0.0068897637795276
0
CIRCLE
8
WHITE
10
2.4100000000000001
20
3.3100000000000001
40
0.0068897637795276
0
CIRCLE
8
WHITE
10
2.5099999999999998
20
3.3100000000000001
40
0.0068897637795276
0
CIRCLE
8
WHITE
10
2.4100000000000001
20
3.21
40
0.0068897637795276
0
CIRCLE
8
WHITE
10
2.5099999999999998
20
3.21
40
0.0068897637795276
0
CIRCLE
8
WHITE
10
2.4100000000000001
20
3.1099999999999999
40
0.0068897637795276
0
CIRCLE
8
WHITE
10
2.5099999999999998
20
3.1099999999999999
40
0.0068897637795276
0
CIRCLE
8
WHITE
10
2.4100000000000001
20
3.0099999999999998
40
0.0068897637795276
0
CIRCLE
8
WHITE
10
2.5099999999999998
20
3.0099999999999998
40
0.0068897637795276
0
CIRCLE
8
WHITE
10
2.4100000000000001
20
2.9100000000000001
40
0.0068897637795276
0
CIRCLE
8
WHITE
10
2.5099999999999998
20
2.9100000000000001
40
0.0068897637795276
0
CIRCLE
8
WHITE
10
2.4100000000000001
20
2.8100000000000001
40
0.0068897637795276
0
CIRCLE
8
WHITE
10
2.5099999999999998
20
2.8100000000000001
40
0.0068897637795276
0
CIRCLE
8
WHITE
10
2.4100000000000001
20
2.71
40
0.0068897637795276
0
CIRCLE
8
WHITE
10
2.5099999999999998
20
2.71
40
0.0068897637795276
0
CIRCLE
8
WHITE
10
0.430240157480315
20
2.501732283464567
40
0.0068897637795276
0
CIRCLE
8
WHITE
10
0.6270905511811024
20
2.501732283464567
40
0.0068897637795276
0
CIRCLE
8
WHITE
10
0.430240157480315
20
1.7143307086614172
40
0.0068897637795276
0
CIRCLE
8
WHITE
10
0.6270905511811024
20
1.7143307086614172
40
0.0068897637795276
0
CIRCLE
8
WHITE
10
0.4
20
0.4
40
0.0068897637795276
0
CIRCLE
8
WHITE
10
1.3385826771653544
20
1.4539511811023622
40
0.0068897637795276
0
CIRCLE
8
WHITE
10
1.5354330708661417
20
1.4539511811023622
40
0.0068897637795276
0
CIRCLE
8
WHITE
10
2.7825590551181101
20
1.4099212598425197
40
0.0068897637795276
0
CIRCLE
8
WHITE
10
2.5857086614173226
20
1.4099212598425197
40
0.0068897637795276
0
CIRCLE
8
WHITE
10
1.3385826771653544
20
3.5433070866141732
40
0.0068897637795276
0
CIRCLE
8
WHITE
10
1.5354330708661417
20
3.5433070866141732
40
0.0068897637795276
0
CIRCLE
8
WHITE
10
0.430240157480315
20
1.51748031496063
40
0.0068897637795276
0
CIRCLE
8
WHITE
10
0.6270905511811024
20
1.51748031496063
40
0.0068897637795276
0
CIRCLE
8
WHITE
10
0.4
20
3.6000000000000001
40
0.0068897637795276
0
CIRCLE
8
WHITE
10
0.430240157480315
20
3.092283464566929
40
0.0068897637795276
0
CIRCLE
8
WHITE
10
0.6270905511811024
20
3.092283464566929
40
0.0068897637795276
0
CIRCLE
8
WHITE
10
1.981732283464567
20
0.5030708661417322
40
0.0068897637795276
0
CIRCLE
8
WHITE
10
1.981732283464567
20
0.6369291338582677
40
0.0068897637795276
0
CIRCLE
8
WHITE
10
1.5982677165354331
20
0.5030708661417322
40
0.0068897637795276
0
CIRCLE
8
WHITE
10
1.5982677165354331
20
0.6369291338582677
40
0.0068897637795276
0
CIRCLE
8
WHITE
10
1.3385826771653544
20
2.707564724409449
40
0.0068897637795276
0
CIRCLE
8
WHITE
10
1.5354330708661417
20
2.707564724409449
40
0.0068897637795276
0
CIRCLE
8
WHITE
10
2.7059055118110233
20
2.3153543307086615
40
0.0068897637795276
0
CIRCLE
8
WHITE
10
2.8059055118110234
20
2.3153543307086615
40
0.0068897637795276
0
CIRCLE
8
WHITE
10
2.7059055118110233
20
2.2153543307086614
40
0.0068897637795276
0
CIRCLE
8
WHITE
10
2.8059055118110234
20
2.2153543307086614
40
0.0068897637795276
0
CIRCLE
8
WHITE
10
2.7059055118110233
20
2.1153543307086613
40
0.0068897637795276
0
CIRCLE
8
WHITE
10
2.8059055118110234
20
2.1153543307086613
40
0.0068897637795276
0
CIRCLE
8
WHITE
10
2.7059055118110233
20
2.0153543307086612
40
0.0068897637795276
0
CIRCLE
8
WHITE
10
2.8059055118110234
20
2.0153543307086612
40
0.0068897637795276
0
CIRCLE
8
WHITE
10
1.3385826771653544
20
1.0360799999999999
40
0.0068897637795276
0
CIRCLE
8
WHITE
10
1.5354330708661417
20
1.0360799999999999
40
0.0068897637795276
0
CIRCLE
8
WHITE
10
0.430240157480315
20
2.3048818897637795
40
0.0068897637795276
0
CIRCLE
8
WHITE
10
0.6270905511811024
20
2.3048818897637795
40
0.0068897637795276
0
CIRCLE
8
WHITE
10
2.4696850393700789
20
2.3153543307086615
40
0.0068897637795276
0
CIRCLE
8
WHITE
10
2.5696850393700785
20
2.3153543307086615
40
0.0068897637795276
0
CIRCLE
8
WHITE
10
2.4696850393700789
20
2.2153543307086614
40
0.0068897637795276
0
CIRCLE
8
WHITE
10
2.5696850393700785
20
2.2153543307086614
40
0.0068897637795276
0
CIRCLE
8
WHITE
10
2.4696850393700789
20
2.1153543307086613
40
0.0068897637795276
0
CIRCLE
8
WHITE
10
2.5696850393700785
20
2.1153543307086613
40
0.0068897637795276
0
CIRCLE
8
WHITE
10
2.4696850393700789
20
2.0153543307086612
40
0.0068897637795276
0
CIRCLE
8
WHITE
10
2.5696850393700785
20
2.0153543307086612
40
0.0068897637795276
0
CIRCLE
8
WHITE
10
0.430240157480315
20
1.3206299212598425
40
0.0068897637795276
0
CIRCLE
8
WHITE
10
0.6270905511811024
20
1.3206299212598425
40
0.0068897637795276
0
CIRCLE
8
WHITE
10
1.3385826771653544
20
2.2896935433070866
40
0.0068897637795276
0
CIRCLE
8
WHITE
10
1.5354330708661417
20
2.2896935433070866
40
0.0068897637795276
0
CIRCLE
8
WHITE
10
0.430240157480315
20
1.9111811023622047
40
0.0068897637795276
0
CIRCLE
8
WHITE
10
0.6270905511811024
20
1.9111811023622047
40
0.0068897637795276
0
CIRCLE
8
WHITE
10
2.9100000000000001
20
2.9399999999999999
40
0.0068897637795276
0
CIRCLE
8
WHITE
10
2.8100000000000001
20
2.9399999999999999
40
0.0068897637795276
0
CIRCLE
8
WHITE
10
2.9100000000000001
20
3.04
40
0.0068897637795276
0
CIRCLE
8
WHITE
10
2.8100000000000001
20
3.04
40
0.0068897637795276
0
CIRCLE
8
WHITE
10
2.9100000000000001
20
3.1400000000000001
40
0.0068897637795276
0
CIRCLE
8
WHITE
10
2.8100000000000001
20
3.1400000000000001
40
0.0068897637795276
0
CIRCLE
8
WHITE
10
1.8799999999999999
20
2.1699999999999999
40
0.0068897637795276
0
CIRCLE
8
WHITE
10
2.4149015748031495
20
1.2268503937007873
40
0.0068897637795276
0
CIRCLE
8
WHITE
10
2.3823129921259842
20
0.8396062992125984
40
0.0068897637795276
0
CIRCLE
8
WHITE
10
1.8799999999999999
20
3.0099999999999998
40
0.0068897637795276
0
CIRCLE
8
WHITE
10
1.8799999999999999
20
0.91
40
0.0068897637795276
0
CIRCLE
8
WHITE
10
1.8799999999999999
20
1.3300000000000001
40
0.0068897637795276
0
CIRCLE
8
WHITE
10
1.8799999999999999
20
2.5899999999999999
40
0.0068897637795276
0
CIRCLE
8
WHITE
10
1.8799999999999999
20
1.75
40
0.0068897637795276
0
CIRCLE
8
WHITE
10
1.8799999999999999
20
3.4299999999999997
40
0.0068897637795276
  0
ENDSEC
  0
EOF
