  0
SECTION
  2
HEADER
  9
$ANGBASE
  50
0.0
  9
$ANGDIR
  70
1
  9
$MEASUREMENT
  70
0
  0
ENDSEC
  0
SECTION
  2
TABLES
  0
TABLE
  2
LTYPE
  70
4
  0
LTYPE
  5
40F
  2
CONTINUOUS
  70
0
  3
Solid line
  72
65
  73
0
  40
0.0
  0
LTYPE
  5
410
  2
DASHDOT
 70
0
  3
Dash Dot ____ _ ____ _
 72
65
 73
4
 40
2.0
 49
1.25
 49
-0.25
 49
0.25
 49
-0.25
  0
LTYPE
  5
411
  2
DASHED
 70
0
  3
Dashed __ __ __ __ __
 72
65
 73
2
 40
0.75
 49
0.5
 49
-0.25
  0
LTYPE
  5
43B
  2
DOTTED
 70
0
  3
Dotted .  .  .  .
 72
65
 73
2
 40
0.2
 49
0.0
 49
-0.2
  0
ENDTAB
  0
TABLE
  2
STYLE
  70
4
  0
STYLE
  2
KICAD
  70
0
  40
0
  41
1
  42
1
  50
0
  71
0
  3
isocp.shx
  0
STYLE
  2
KICADB
  70
0
  40
0
  41
1
  42
1
  50
0
  71
0
  3
isocp.shx
  0
STYLE
  2
KICADI
  70
0
  40
0
  41
1
  42
1
  50
15
  71
0
  3
isocp.shx
  0
STYLE
  2
KICADBI
  70
0
  40
0
  41
1
  42
1
  50
15
  71
0
  3
isocp.shx
  0
ENDTAB
  0
TABLE
  2
LAYER
  70
1
  0
LAYER
  2
BLACK
  70
0
  62
7
  6
CONTINUOUS
  0
ENDTAB
  0
ENDSEC
  0
SECTION
  2
ENTITIES
0
LINE
8
BLACK
6
CONTINUOUS
10
2.0705760629921262
20
0.8803960236220473
11
2.071640472440945
21
0.8799551181102362
0
LINE
8
BLACK
6
CONTINUOUS
10
2.071640472440945
20
0.8799551181102362
11
2.072455118110236
21
0.8791404724409448
0
LINE
8
BLACK
6
CONTINUOUS
10
2.072455118110236
20
0.8791404724409448
11
2.0728960236220471
21
0.8780760629921259
0
LINE
8
BLACK
6
CONTINUOUS
10
2.0728960236220471
20
0.8780760629921259
11
2.0728960236220471
21
0.876923937007874
0
LINE
8
BLACK
6
CONTINUOUS
10
2.0728960236220471
20
0.876923937007874
11
2.072455118110236
21
0.8758595275590551
0
LINE
8
BLACK
6
CONTINUOUS
10
2.072455118110236
20
0.8758595275590551
11
2.071640472440945
21
0.8750448818897638
0
LINE
8
BLACK
6
CONTINUOUS
10
2.071640472440945
20
0.8750448818897638
11
2.0705760629921262
21
0.8746039763779527
0
LINE
8
BLACK
6
CONTINUOUS
10
2.0705760629921262
20
0.8746039763779527
11
2.0699999999999998
21
0.8745472440944881
0
LINE
8
BLACK
6
CONTINUOUS
10
2.0699999999999998
20
0.8745472440944881
11
2.0099999999999998
21
0.8745472440944881
0
LINE
8
BLACK
6
CONTINUOUS
10
2.0099999999999998
20
0.8745472440944881
11
2.0094239370078739
21
0.8746039763779527
0
LINE
8
BLACK
6
CONTINUOUS
10
2.0094239370078739
20
0.8746039763779527
11
2.0083595275590551
21
0.8750448818897638
0
LINE
8
BLACK
6
CONTINUOUS
10
2.0083595275590551
20
0.8750448818897638
11
2.0075448818897637
21
0.8758595275590551
0
LINE
8
BLACK
6
CONTINUOUS
10
2.0075448818897637
20
0.8758595275590551
11
2.0071039763779526
21
0.876923937007874
0
LINE
8
BLACK
6
CONTINUOUS
10
2.0071039763779526
20
0.876923937007874
11
2.0071039763779526
21
0.8780760629921259
0
LINE
8
BLACK
6
CONTINUOUS
10
2.0071039763779526
20
0.8780760629921259
11
2.0075448818897637
21
0.8791404724409448
0
LINE
8
BLACK
6
CONTINUOUS
10
2.0075448818897637
20
0.8791404724409448
11
2.0083595275590551
21
0.8799551181102362
0
LINE
8
BLACK
6
CONTINUOUS
10
2.0083595275590551
20
0.8799551181102362
11
2.0094239370078739
21
0.8803960236220473
0
LINE
8
BLACK
6
CONTINUOUS
10
2.0094239370078739
20
0.8803960236220473
11
2.0099999999999998
21
0.8804527559055118
0
LINE
8
BLACK
6
CONTINUOUS
10
2.0099999999999998
20
0.8804527559055118
11
2.0699999999999998
21
0.8804527559055118
0
LINE
8
BLACK
6
CONTINUOUS
10
2.0699999999999998
20
0.8804527559055118
11
2.0705760629921262
21
0.8803960236220473
0
LINE
8
BLACK
6
CONTINUOUS
10
2.0121824015748033
20
0.9534039763779527
11
2.0123622047244094
21
0.9525
0
LINE
8
BLACK
6
CONTINUOUS
10
2.0123622047244094
20
0.9525
11
2.0123622047244094
21
0.9225
0
LINE
8
BLACK
6
CONTINUOUS
10
2.0123622047244094
20
0.9225
11
2.0121824015748033
21
0.9215960236220472
0
LINE
8
BLACK
6
CONTINUOUS
10
2.0121824015748033
20
0.9215960236220472
11
2.0109039763779526
21
0.9203175984251968
0
LINE
8
BLACK
6
CONTINUOUS
10
2.0109039763779526
20
0.9203175984251968
11
2.009096023622047
21
0.9203175984251968
0
LINE
8
BLACK
6
CONTINUOUS
10
2.009096023622047
20
0.9203175984251968
11
2.0078175984251967
21
0.9215960236220472
0
LINE
8
BLACK
6
CONTINUOUS
10
2.0078175984251967
20
0.9215960236220472
11
2.0076377952755906
21
0.9225
0
LINE
8
BLACK
6
CONTINUOUS
10
2.0076377952755906
20
0.9225
11
2.0076377952755906
21
0.9525
0
LINE
8
BLACK
6
CONTINUOUS
10
2.0076377952755906
20
0.9525
11
2.0078175984251967
21
0.9534039763779527
0
LINE
8
BLACK
6
CONTINUOUS
10
2.0078175984251967
20
0.9534039763779527
11
2.009096023622047
21
0.9546824015748031
0
LINE
8
BLACK
6
CONTINUOUS
10
2.009096023622047
20
0.9546824015748031
11
2.0109039763779526
21
0.9546824015748031
0
LINE
8
BLACK
6
CONTINUOUS
10
2.0109039763779526
20
0.9546824015748031
11
2.0121824015748033
21
0.9534039763779527
0
LINE
8
BLACK
6
CONTINUOUS
10
2.0721824015748029
20
0.9534039763779527
11
2.0723622047244095
21
0.9525
0
LINE
8
BLACK
6
CONTINUOUS
10
2.0723622047244095
20
0.9525
11
2.0723622047244095
21
0.9225
0
LINE
8
BLACK
6
CONTINUOUS
10
2.0723622047244095
20
0.9225
11
2.0721824015748029
21
0.9215960236220472
0
LINE
8
BLACK
6
CONTINUOUS
10
2.0721824015748029
20
0.9215960236220472
11
2.0709039763779526
21
0.9203175984251968
0
LINE
8
BLACK
6
CONTINUOUS
10
2.0709039763779526
20
0.9203175984251968
11
2.069096023622047
21
0.9203175984251968
0
LINE
8
BLACK
6
CONTINUOUS
10
2.069096023622047
20
0.9203175984251968
11
2.0678175984251967
21
0.9215960236220472
0
LINE
8
BLACK
6
CONTINUOUS
10
2.0678175984251967
20
0.9215960236220472
11
2.0676377952755907
21
0.9225
0
LINE
8
BLACK
6
CONTINUOUS
10
2.0676377952755907
20
0.9225
11
2.0676377952755907
21
0.9525
0
LINE
8
BLACK
6
CONTINUOUS
10
2.0676377952755907
20
0.9525
11
2.0678175984251967
21
0.9534039763779527
0
LINE
8
BLACK
6
CONTINUOUS
10
2.0678175984251967
20
0.9534039763779527
11
2.069096023622047
21
0.9546824015748031
0
LINE
8
BLACK
6
CONTINUOUS
10
2.069096023622047
20
0.9546824015748031
11
2.0709039763779526
21
0.9546824015748031
0
LINE
8
BLACK
6
CONTINUOUS
10
2.0709039763779526
20
0.9546824015748031
11
2.0721824015748029
21
0.9534039763779527
0
LINE
8
BLACK
6
CONTINUOUS
10
2.4128890551181104
20
0.9700023228346456
11
2.4139534645669292
21
0.9695614173228346
0
LINE
8
BLACK
6
CONTINUOUS
10
2.4139534645669292
20
0.9695614173228346
11
2.4147681102362206
21
0.9687467716535433
0
LINE
8
BLACK
6
CONTINUOUS
10
2.4147681102362206
20
0.9687467716535433
11
2.4152090157480313
21
0.9676823622047244
0
LINE
8
BLACK
6
CONTINUOUS
10
2.4152090157480313
20
0.9676823622047244
11
2.4152090157480313
21
0.9665302362204724
0
LINE
8
BLACK
6
CONTINUOUS
10
2.4152090157480313
20
0.9665302362204724
11
2.4147681102362206
21
0.9654658267716535
0
LINE
8
BLACK
6
CONTINUOUS
10
2.4147681102362206
20
0.9654658267716535
11
2.4139534645669292
21
0.9646511811023621
0
LINE
8
BLACK
6
CONTINUOUS
10
2.4139534645669292
20
0.9646511811023621
11
2.4128890551181104
21
0.9642102755905512
0
LINE
8
BLACK
6
CONTINUOUS
10
2.4128890551181104
20
0.9642102755905512
11
2.412312992125984
21
0.9641535433070866
0
LINE
8
BLACK
6
CONTINUOUS
10
2.412312992125984
20
0.9641535433070866
11
2.352312992125984
21
0.9641535433070866
0
LINE
8
BLACK
6
CONTINUOUS
10
2.352312992125984
20
0.9641535433070866
11
2.3517369291338581
21
0.9642102755905512
0
LINE
8
BLACK
6
CONTINUOUS
10
2.3517369291338581
20
0.9642102755905512
11
2.3506725196850393
21
0.9646511811023621
0
LINE
8
BLACK
6
CONTINUOUS
10
2.3506725196850393
20
0.9646511811023621
11
2.3498578740157479
21
0.9654658267716535
0
LINE
8
BLACK
6
CONTINUOUS
10
2.3498578740157479
20
0.9654658267716535
11
2.3494169685039368
21
0.9665302362204724
0
LINE
8
BLACK
6
CONTINUOUS
10
2.3494169685039368
20
0.9665302362204724
11
2.3494169685039368
21
0.9676823622047244
0
LINE
8
BLACK
6
CONTINUOUS
10
2.3494169685039368
20
0.9676823622047244
11
2.3498578740157479
21
0.9687467716535433
0
LINE
8
BLACK
6
CONTINUOUS
10
2.3498578740157479
20
0.9687467716535433
11
2.3506725196850393
21
0.9695614173228346
0
LINE
8
BLACK
6
CONTINUOUS
10
2.3506725196850393
20
0.9695614173228346
11
2.3517369291338581
21
0.9700023228346456
0
LINE
8
BLACK
6
CONTINUOUS
10
2.3517369291338581
20
0.9700023228346456
11
2.352312992125984
21
0.9700590551181102
0
LINE
8
BLACK
6
CONTINUOUS
10
2.352312992125984
20
0.9700590551181102
11
2.412312992125984
21
0.9700590551181102
0
LINE
8
BLACK
6
CONTINUOUS
10
2.412312992125984
20
0.9700590551181102
11
2.4128890551181104
21
0.9700023228346456
0
LINE
8
BLACK
6
CONTINUOUS
10
1.9591395275590551
20
1.0176197244094487
11
1.9599541732283463
21
1.0168050787401575
0
LINE
8
BLACK
6
CONTINUOUS
10
1.9599541732283463
20
1.0168050787401575
11
1.9603950787401574
21
1.0157406692913387
0
LINE
8
BLACK
6
CONTINUOUS
10
1.9603950787401574
20
1.0157406692913387
11
1.960451811023622
21
1.0151646062992126
0
LINE
8
BLACK
6
CONTINUOUS
10
1.960451811023622
20
1.0151646062992126
11
1.960451811023622
21
0.9839906692913386
0
LINE
8
BLACK
6
CONTINUOUS
10
1.960451811023622
20
0.9839906692913386
11
1.9618005511811023
21
0.981293188976378
0
LINE
8
BLACK
6
CONTINUOUS
10
1.9618005511811023
20
0.981293188976378
11
1.9629976771653543
21
0.9800960236220472
0
LINE
8
BLACK
6
CONTINUOUS
10
1.9629976771653543
20
0.9800960236220472
11
1.965695157480315
21
0.9787472834645669
0
LINE
8
BLACK
6
CONTINUOUS
10
1.965695157480315
20
0.9787472834645669
11
1.9718001181102363
21
0.9787472834645669
0
LINE
8
BLACK
6
CONTINUOUS
10
1.9718001181102363
20
0.9787472834645669
11
1.9744975590551181
21
0.9800960236220472
0
LINE
8
BLACK
6
CONTINUOUS
10
1.9744975590551181
20
0.9800960236220472
11
1.97569468503937
21
0.981293188976378
0
LINE
8
BLACK
6
CONTINUOUS
10
1.97569468503937
20
0.981293188976378
11
1.977043464566929
21
0.9839906692913386
0
LINE
8
BLACK
6
CONTINUOUS
10
1.977043464566929
20
0.9839906692913386
11
1.977043464566929
21
1.0151646062992126
0
LINE
8
BLACK
6
CONTINUOUS
10
1.977043464566929
20
1.0151646062992126
11
1.9771001968503936
21
1.0157406692913387
0
LINE
8
BLACK
6
CONTINUOUS
10
1.9771001968503936
20
1.0157406692913387
11
1.9775411023622047
21
1.0168050787401575
0
LINE
8
BLACK
6
CONTINUOUS
10
1.9775411023622047
20
1.0168050787401575
11
1.9783557480314959
21
1.0176197244094487
0
LINE
8
BLACK
6
CONTINUOUS
10
1.9783557480314959
20
1.0176197244094487
11
1.979420157480315
21
1.0180606299212598
0
LINE
8
BLACK
6
CONTINUOUS
10
1.979420157480315
20
1.0180606299212598
11
1.9805722834645669
21
1.0180606299212598
0
LINE
8
BLACK
6
CONTINUOUS
10
1.9805722834645669
20
1.0180606299212598
11
1.9816366929133857
21
1.0176197244094487
0
LINE
8
BLACK
6
CONTINUOUS
10
1.9816366929133857
20
1.0176197244094487
11
1.9824513385826772
21
1.0168050787401575
0
LINE
8
BLACK
6
CONTINUOUS
10
1.9824513385826772
20
1.0168050787401575
11
1.9828922440944881
21
1.0157406692913387
0
LINE
8
BLACK
6
CONTINUOUS
10
1.9828922440944881
20
1.0157406692913387
11
1.9829489763779526
21
1.0151646062992126
0
LINE
8
BLACK
6
CONTINUOUS
10
1.9829489763779526
20
1.0151646062992126
11
1.9829489763779526
21
0.983293622047244
0
LINE
8
BLACK
6
CONTINUOUS
10
1.9829489763779526
20
0.983293622047244
11
1.9828922440944881
21
0.982717559055118
0
LINE
8
BLACK
6
CONTINUOUS
10
1.9828922440944881
20
0.982717559055118
11
1.9828516535433069
21
0.9826196062992125
0
LINE
8
BLACK
6
CONTINUOUS
10
1.9828516535433069
20
0.9826196062992125
11
1.9828441338582676
21
0.9825137007874015
0
LINE
8
BLACK
6
CONTINUOUS
10
1.9828441338582676
20
0.9825137007874015
11
1.9826372440944882
21
0.9819731102362205
0
LINE
8
BLACK
6
CONTINUOUS
10
1.9826372440944882
20
0.9819731102362205
11
1.9807624803149606
21
0.9782235826771654
0
LINE
8
BLACK
6
CONTINUOUS
10
1.9807624803149606
20
0.9782235826771654
11
1.9806064173228346
21
0.9779757086614173
0
LINE
8
BLACK
6
CONTINUOUS
10
1.9806064173228346
20
0.9779757086614173
11
1.9805766141732284
21
0.9779036614173228
0
LINE
8
BLACK
6
CONTINUOUS
10
1.9805766141732284
20
0.9779036614173228
11
1.9805100787401575
21
0.9778226377952756
0
LINE
8
BLACK
6
CONTINUOUS
10
1.9805100787401575
20
0.9778226377952756
11
1.9804541338582677
21
0.9777337007874015
0
LINE
8
BLACK
6
CONTINUOUS
10
1.9804541338582677
20
0.9777337007874015
11
1.9803951181102362
21
0.9776825590551181
0
LINE
8
BLACK
6
CONTINUOUS
10
1.9803951181102362
20
0.9776825590551181
11
1.9802093700787402
21
0.9774561811023622
0
LINE
8
BLACK
6
CONTINUOUS
10
1.9802093700787402
20
0.9774561811023622
11
1.9783346456692914
21
0.9755814173228347
0
LINE
8
BLACK
6
CONTINUOUS
10
1.9783346456692914
20
0.9755814173228347
11
1.9781082677165354
21
0.9753956692913386
0
LINE
8
BLACK
6
CONTINUOUS
10
1.9781082677165354
20
0.9753956692913386
11
1.9780570866141731
21
0.9753366141732284
0
LINE
8
BLACK
6
CONTINUOUS
10
1.9780570866141731
20
0.9753366141732284
11
1.9779681102362203
21
0.9752806299212599
0
LINE
8
BLACK
6
CONTINUOUS
10
1.9779681102362203
20
0.9752806299212599
11
1.9778871653543306
21
0.9752141732283465
0
LINE
8
BLACK
6
CONTINUOUS
10
1.9778871653543306
20
0.9752141732283465
11
1.9778151968503936
21
0.9751843700787401
0
LINE
8
BLACK
6
CONTINUOUS
10
1.9778151968503936
20
0.9751843700787401
11
1.9775672047244095
21
0.9750282677165354
0
LINE
8
BLACK
6
CONTINUOUS
10
1.9775672047244095
20
0.9750282677165354
11
1.9738176771653544
21
0.9731535039370078
0
LINE
8
BLACK
6
CONTINUOUS
10
1.9738176771653544
20
0.9731535039370078
11
1.9732770472440944
21
0.9729466141732284
0
LINE
8
BLACK
6
CONTINUOUS
10
1.9732770472440944
20
0.9729466141732284
11
1.973171220472441
21
0.9729391338582677
0
LINE
8
BLACK
6
CONTINUOUS
10
1.973171220472441
20
0.9729391338582677
11
1.9730732283464567
21
0.9728985039370078
0
LINE
8
BLACK
6
CONTINUOUS
10
1.9730732283464567
20
0.9728985039370078
11
1.9724971653543306
21
0.9728417716535432
0
LINE
8
BLACK
6
CONTINUOUS
10
1.9724971653543306
20
0.9728417716535432
11
1.9649981102362204
21
0.9728417716535432
0
LINE
8
BLACK
6
CONTINUOUS
10
1.9649981102362204
20
0.9728417716535432
11
1.9644220472440945
21
0.9728985039370078
0
LINE
8
BLACK
6
CONTINUOUS
10
1.9644220472440945
20
0.9728985039370078
11
1.9643240551181103
21
0.9729390944881889
0
LINE
8
BLACK
6
CONTINUOUS
10
1.9643240551181103
20
0.9729390944881889
11
1.9642181889763779
21
0.9729466141732284
0
LINE
8
BLACK
6
CONTINUOUS
10
1.9642181889763779
20
0.9729466141732284
11
1.9636775984251968
21
0.9731535039370078
0
LINE
8
BLACK
6
CONTINUOUS
10
1.9636775984251968
20
0.9731535039370078
11
1.9599280708661417
21
0.9750282677165354
0
LINE
8
BLACK
6
CONTINUOUS
10
1.9599280708661417
20
0.9750282677165354
11
1.9596800393700786
21
0.9751843700787401
0
LINE
8
BLACK
6
CONTINUOUS
10
1.9596800393700786
20
0.9751843700787401
11
1.9596081102362204
21
0.9752141732283465
0
LINE
8
BLACK
6
CONTINUOUS
10
1.9596081102362204
20
0.9752141732283465
11
1.9595271259842519
21
0.9752806299212599
0
LINE
8
BLACK
6
CONTINUOUS
10
1.9595271259842519
20
0.9752806299212599
11
1.9594381889763779
21
0.9753366141732284
0
LINE
8
BLACK
6
CONTINUOUS
10
1.9594381889763779
20
0.9753366141732284
11
1.9593869685039369
21
0.9753956692913386
0
LINE
8
BLACK
6
CONTINUOUS
10
1.9593869685039369
20
0.9753956692913386
11
1.9591606299212598
21
0.9755814173228347
0
LINE
8
BLACK
6
CONTINUOUS
10
1.9591606299212598
20
0.9755814173228347
11
1.9572858661417323
21
0.977456220472441
0
LINE
8
BLACK
6
CONTINUOUS
10
1.9572858661417323
20
0.977456220472441
11
1.9571001181102361
21
0.9776825590551181
0
LINE
8
BLACK
6
CONTINUOUS
10
1.9571001181102361
20
0.9776825590551181
11
1.9570411417322835
21
0.9777337007874015
0
LINE
8
BLACK
6
CONTINUOUS
10
1.9570411417322835
20
0.9777337007874015
11
1.956985157480315
21
0.9778226377952756
0
LINE
8
BLACK
6
CONTINUOUS
10
1.956985157480315
20
0.9778226377952756
11
1.9569186614173228
21
0.9779036614173228
0
LINE
8
BLACK
6
CONTINUOUS
10
1.9569186614173228
20
0.9779036614173228
11
1.9568888188976377
21
0.9779757086614173
0
LINE
8
BLACK
6
CONTINUOUS
10
1.9568888188976377
20
0.9779757086614173
11
1.9567327952755904
21
0.9782235826771654
0
LINE
8
BLACK
6
CONTINUOUS
10
1.9567327952755904
20
0.9782235826771654
11
1.9548580314960629
21
0.9819731102362205
0
LINE
8
BLACK
6
CONTINUOUS
10
1.9548580314960629
20
0.9819731102362205
11
1.9546511417322834
21
0.9825137401574803
0
LINE
8
BLACK
6
CONTINUOUS
10
1.9546511417322834
20
0.9825137401574803
11
1.9546436220472441
21
0.9826195669291339
0
LINE
8
BLACK
6
CONTINUOUS
10
1.9546436220472441
20
0.9826195669291339
11
1.954603031496063
21
0.982717559055118
0
LINE
8
BLACK
6
CONTINUOUS
10
1.954603031496063
20
0.982717559055118
11
1.9545462992125984
21
0.983293622047244
0
LINE
8
BLACK
6
CONTINUOUS
10
1.9545462992125984
20
0.983293622047244
11
1.9545462992125984
21
1.0151646062992126
0
LINE
8
BLACK
6
CONTINUOUS
10
1.9545462992125984
20
1.0151646062992126
11
1.954603031496063
21
1.0157406692913387
0
LINE
8
BLACK
6
CONTINUOUS
10
1.954603031496063
20
1.0157406692913387
11
1.955043937007874
21
1.0168050787401575
0
LINE
8
BLACK
6
CONTINUOUS
10
1.955043937007874
20
1.0168050787401575
11
1.9558585826771653
21
1.0176197244094487
0
LINE
8
BLACK
6
CONTINUOUS
10
1.9558585826771653
20
1.0176197244094487
11
1.9569229921259843
21
1.0180606299212598
0
LINE
8
BLACK
6
CONTINUOUS
10
1.9569229921259843
20
1.0180606299212598
11
1.9580751181102363
21
1.0180606299212598
0
LINE
8
BLACK
6
CONTINUOUS
10
1.9580751181102363
20
1.0180606299212598
11
1.9591395275590551
21
1.0176197244094487
0
LINE
8
BLACK
6
CONTINUOUS
10
1.9430769685039371
20
1.0180606299212598
11
1.9441413779527559
21
1.0176197244094487
0
LINE
8
BLACK
6
CONTINUOUS
10
1.9441413779527559
20
1.0176197244094487
11
1.9449560236220471
21
1.0168050787401575
0
LINE
8
BLACK
6
CONTINUOUS
10
1.9449560236220471
20
1.0168050787401575
11
1.9453969291338582
21
1.0157406692913387
0
LINE
8
BLACK
6
CONTINUOUS
10
1.9453969291338582
20
1.0157406692913387
11
1.9453969291338582
21
1.0145885433070867
0
LINE
8
BLACK
6
CONTINUOUS
10
1.9453969291338582
20
1.0145885433070867
11
1.9449560236220471
21
1.0135241338582677
0
LINE
8
BLACK
6
CONTINUOUS
10
1.9449560236220471
20
1.0135241338582677
11
1.9441413779527559
21
1.0127094881889764
0
LINE
8
BLACK
6
CONTINUOUS
10
1.9441413779527559
20
1.0127094881889764
11
1.9430769685039371
21
1.0122685826771654
0
LINE
8
BLACK
6
CONTINUOUS
10
1.9430769685039371
20
1.0122685826771654
11
1.942500905511811
21
1.0122118503937008
0
LINE
8
BLACK
6
CONTINUOUS
10
1.942500905511811
20
1.0122118503937008
11
1.9207322047244093
21
1.0122118503937008
0
LINE
8
BLACK
6
CONTINUOUS
10
1.9207322047244093
20
1.0122118503937008
11
1.9358411023622046
21
0.9769576771653543
0
LINE
8
BLACK
6
CONTINUOUS
10
1.9358411023622046
20
0.9769576771653543
11
1.9360158661417322
21
0.9764058661417323
0
LINE
8
BLACK
6
CONTINUOUS
10
1.9360158661417322
20
0.9764058661417323
11
1.9360299212598424
21
0.9752538188976377
0
LINE
8
BLACK
6
CONTINUOUS
10
1.9360299212598424
20
0.9752538188976377
11
1.9356020472440945
21
0.9741841338582677
0
LINE
8
BLACK
6
CONTINUOUS
10
1.9356020472440945
20
0.9741841338582677
11
1.9347973622047243
21
0.9733596062992126
0
LINE
8
BLACK
6
CONTINUOUS
10
1.9347973622047243
20
0.9733596062992126
11
1.9337383858267716
21
0.972905748031496
0
LINE
8
BLACK
6
CONTINUOUS
10
1.9337383858267716
20
0.972905748031496
11
1.9325863779527559
21
0.9728917322834646
0
LINE
8
BLACK
6
CONTINUOUS
10
1.9325863779527559
20
0.9728917322834646
11
1.9315166929133858
21
0.9733196062992125
0
LINE
8
BLACK
6
CONTINUOUS
10
1.9315166929133858
20
0.9733196062992125
11
1.930692125984252
21
0.9741242519685039
0
LINE
8
BLACK
6
CONTINUOUS
10
1.930692125984252
20
0.9741242519685039
11
1.9304130708661418
21
0.9746313779527559
0
LINE
8
BLACK
6
CONTINUOUS
10
1.9304130708661418
20
0.9746313779527559
11
1.9135401968503936
21
1.0140014566929134
0
LINE
8
BLACK
6
CONTINUOUS
10
1.9135401968503936
20
1.0140014566929134
11
1.913365433070866
21
1.0145533070866142
0
LINE
8
BLACK
6
CONTINUOUS
10
1.913365433070866
20
1.0145533070866142
11
1.9133651968503937
21
1.0145716141732284
0
LINE
8
BLACK
6
CONTINUOUS
10
1.9133651968503937
20
1.0145716141732284
11
1.913358188976378
21
1.0145885433070867
0
LINE
8
BLACK
6
CONTINUOUS
10
1.913358188976378
20
1.0145885433070867
11
1.913358188976378
21
1.0151470866141732
0
LINE
8
BLACK
6
CONTINUOUS
10
1.913358188976378
20
1.0151470866141732
11
1.9133513779527558
21
1.0157053149606299
0
LINE
8
BLACK
6
CONTINUOUS
10
1.9133513779527558
20
1.0157053149606299
11
1.913358188976378
21
1.0157223622047244
0
LINE
8
BLACK
6
CONTINUOUS
10
1.913358188976378
20
1.0157223622047244
11
1.913358188976378
21
1.0157406692913387
0
LINE
8
BLACK
6
CONTINUOUS
10
1.913358188976378
20
1.0157406692913387
11
1.9135716141732284
21
1.0162560236220473
0
LINE
8
BLACK
6
CONTINUOUS
10
1.9135716141732284
20
1.0162560236220473
11
1.913779251968504
21
1.016775
0
LINE
8
BLACK
6
CONTINUOUS
10
1.913779251968504
20
1.016775
11
1.9137920472440944
21
1.0167881496062992
0
LINE
8
BLACK
6
CONTINUOUS
10
1.9137920472440944
20
1.0167881496062992
11
1.9137990944881889
21
1.0168050787401575
0
LINE
8
BLACK
6
CONTINUOUS
10
1.9137990944881889
20
1.0168050787401575
11
1.9141935433070865
21
1.0171995669291338
0
LINE
8
BLACK
6
CONTINUOUS
10
1.9141935433070865
20
1.0171995669291338
11
1.9145839370078739
21
1.0175995669291338
0
LINE
8
BLACK
6
CONTINUOUS
10
1.9145839370078739
20
1.0175995669291338
11
1.9146007874015747
21
1.017606811023622
0
LINE
8
BLACK
6
CONTINUOUS
10
1.9146007874015747
20
1.017606811023622
11
1.9146137401574803
21
1.0176197244094487
0
LINE
8
BLACK
6
CONTINUOUS
10
1.9146137401574803
20
1.0176197244094487
11
1.9151294881889764
21
1.0178333858267716
0
LINE
8
BLACK
6
CONTINUOUS
10
1.9151294881889764
20
1.0178333858267716
11
1.9156429133858268
21
1.0180533858267717
0
LINE
8
BLACK
6
CONTINUOUS
10
1.9156429133858268
20
1.0180533858267717
11
1.9156611811023621
21
1.018053622047244
0
LINE
8
BLACK
6
CONTINUOUS
10
1.9156611811023621
20
1.018053622047244
11
1.9156781496062991
21
1.0180606299212598
0
LINE
8
BLACK
6
CONTINUOUS
10
1.9156781496062991
20
1.0180606299212598
11
1.9162542125984252
21
1.0181173622047244
0
LINE
8
BLACK
6
CONTINUOUS
10
1.9162542125984252
20
1.0181173622047244
11
1.942500905511811
21
1.0181173622047244
0
LINE
8
BLACK
6
CONTINUOUS
10
1.942500905511811
20
1.0181173622047244
11
1.9430769685039371
21
1.0180606299212598
0
LINE
8
BLACK
6
CONTINUOUS
10
2.0705760629921262
20
1.0003960236220473
11
2.071640472440945
21
0.9999551181102362
0
LINE
8
BLACK
6
CONTINUOUS
10
2.071640472440945
20
0.9999551181102362
11
2.072455118110236
21
0.9991404724409448
0
LINE
8
BLACK
6
CONTINUOUS
10
2.072455118110236
20
0.9991404724409448
11
2.0728960236220471
21
0.9980760629921259
0
LINE
8
BLACK
6
CONTINUOUS
10
2.0728960236220471
20
0.9980760629921259
11
2.0728960236220471
21
0.996923937007874
0
LINE
8
BLACK
6
CONTINUOUS
10
2.0728960236220471
20
0.996923937007874
11
2.072455118110236
21
0.995859527559055
0
LINE
8
BLACK
6
CONTINUOUS
10
2.072455118110236
20
0.995859527559055
11
2.071640472440945
21
0.9950448818897638
0
LINE
8
BLACK
6
CONTINUOUS
10
2.071640472440945
20
0.9950448818897638
11
2.0705760629921262
21
0.9946039763779527
0
LINE
8
BLACK
6
CONTINUOUS
10
2.0705760629921262
20
0.9946039763779527
11
2.0699999999999998
21
0.9945472440944881
0
LINE
8
BLACK
6
CONTINUOUS
10
2.0699999999999998
20
0.9945472440944881
11
2.0099999999999998
21
0.9945472440944881
0
LINE
8
BLACK
6
CONTINUOUS
10
2.0099999999999998
20
0.9945472440944881
11
2.0094239370078739
21
0.9946039763779527
0
LINE
8
BLACK
6
CONTINUOUS
10
2.0094239370078739
20
0.9946039763779527
11
2.0083595275590551
21
0.9950448818897638
0
LINE
8
BLACK
6
CONTINUOUS
10
2.0083595275590551
20
0.9950448818897638
11
2.0075448818897637
21
0.995859527559055
0
LINE
8
BLACK
6
CONTINUOUS
10
2.0075448818897637
20
0.995859527559055
11
2.0071039763779526
21
0.996923937007874
0
LINE
8
BLACK
6
CONTINUOUS
10
2.0071039763779526
20
0.996923937007874
11
2.0071039763779526
21
0.9980760629921259
0
LINE
8
BLACK
6
CONTINUOUS
10
2.0071039763779526
20
0.9980760629921259
11
2.0075448818897637
21
0.9991404724409448
0
LINE
8
BLACK
6
CONTINUOUS
10
2.0075448818897637
20
0.9991404724409448
11
2.0083595275590551
21
0.9999551181102362
0
LINE
8
BLACK
6
CONTINUOUS
10
2.0083595275590551
20
0.9999551181102362
11
2.0094239370078739
21
1.0003960236220473
0
LINE
8
BLACK
6
CONTINUOUS
10
2.0094239370078739
20
1.0003960236220473
11
2.0099999999999998
21
1.0004527559055119
0
LINE
8
BLACK
6
CONTINUOUS
10
2.0099999999999998
20
1.0004527559055119
11
2.0699999999999998
21
1.0004527559055119
0
LINE
8
BLACK
6
CONTINUOUS
10
2.0699999999999998
20
1.0004527559055119
11
2.0705760629921262
21
1.0003960236220473
0
LINE
8
BLACK
6
CONTINUOUS
10
2.3544953937007875
20
1.0430102755905513
11
2.3546751968503936
21
1.0421062992125985
0
LINE
8
BLACK
6
CONTINUOUS
10
2.3546751968503936
20
1.0421062992125985
11
2.3546751968503936
21
1.0121062992125984
0
LINE
8
BLACK
6
CONTINUOUS
10
2.3546751968503936
20
1.0121062992125984
11
2.3544953937007875
21
1.0112023228346456
0
LINE
8
BLACK
6
CONTINUOUS
10
2.3544953937007875
20
1.0112023228346456
11
2.3532169685039368
21
1.0099238976377953
0
LINE
8
BLACK
6
CONTINUOUS
10
2.3532169685039368
20
1.0099238976377953
11
2.3514090157480316
21
1.0099238976377953
0
LINE
8
BLACK
6
CONTINUOUS
10
2.3514090157480316
20
1.0099238976377953
11
2.3501305905511809
21
1.0112023228346456
0
LINE
8
BLACK
6
CONTINUOUS
10
2.3501305905511809
20
1.0112023228346456
11
2.3499507874015748
21
1.0121062992125984
0
LINE
8
BLACK
6
CONTINUOUS
10
2.3499507874015748
20
1.0121062992125984
11
2.3499507874015748
21
1.0421062992125985
0
LINE
8
BLACK
6
CONTINUOUS
10
2.3499507874015748
20
1.0421062992125985
11
2.3501305905511809
21
1.0430102755905513
0
LINE
8
BLACK
6
CONTINUOUS
10
2.3501305905511809
20
1.0430102755905513
11
2.3514090157480316
21
1.0442887007874015
0
LINE
8
BLACK
6
CONTINUOUS
10
2.3514090157480316
20
1.0442887007874015
11
2.3532169685039368
21
1.0442887007874015
0
LINE
8
BLACK
6
CONTINUOUS
10
2.3532169685039368
20
1.0442887007874015
11
2.3544953937007875
21
1.0430102755905513
0
LINE
8
BLACK
6
CONTINUOUS
10
2.4144953937007871
20
1.0430102755905513
11
2.4146751968503937
21
1.0421062992125985
0
LINE
8
BLACK
6
CONTINUOUS
10
2.4146751968503937
20
1.0421062992125985
11
2.4146751968503937
21
1.0121062992125984
0
LINE
8
BLACK
6
CONTINUOUS
10
2.4146751968503937
20
1.0121062992125984
11
2.4144953937007871
21
1.0112023228346456
0
LINE
8
BLACK
6
CONTINUOUS
10
2.4144953937007871
20
1.0112023228346456
11
2.4132169685039369
21
1.0099238976377953
0
LINE
8
BLACK
6
CONTINUOUS
10
2.4132169685039369
20
1.0099238976377953
11
2.4114090157480312
21
1.0099238976377953
0
LINE
8
BLACK
6
CONTINUOUS
10
2.4114090157480312
20
1.0099238976377953
11
2.410130590551181
21
1.0112023228346456
0
LINE
8
BLACK
6
CONTINUOUS
10
2.410130590551181
20
1.0112023228346456
11
2.4099507874015749
21
1.0121062992125984
0
LINE
8
BLACK
6
CONTINUOUS
10
2.4099507874015749
20
1.0121062992125984
11
2.4099507874015749
21
1.0421062992125985
0
LINE
8
BLACK
6
CONTINUOUS
10
2.4099507874015749
20
1.0421062992125985
11
2.410130590551181
21
1.0430102755905513
0
LINE
8
BLACK
6
CONTINUOUS
10
2.410130590551181
20
1.0430102755905513
11
2.4114090157480312
21
1.0442887007874015
0
LINE
8
BLACK
6
CONTINUOUS
10
2.4114090157480312
20
1.0442887007874015
11
2.4132169685039369
21
1.0442887007874015
0
LINE
8
BLACK
6
CONTINUOUS
10
2.4132169685039369
20
1.0442887007874015
11
2.4144953937007871
21
1.0430102755905513
0
LINE
8
BLACK
6
CONTINUOUS
10
1.8564157874015748
20
1.0293477559055118
11
1.8576942125984253
21
1.0280693307086615
0
LINE
8
BLACK
6
CONTINUOUS
10
1.8576942125984253
20
1.0280693307086615
11
1.8578740157480313
21
1.0271653543307087
0
LINE
8
BLACK
6
CONTINUOUS
10
1.8578740157480313
20
1.0271653543307087
11
1.8578740157480313
21
1.0236220472440944
0
LINE
8
BLACK
6
CONTINUOUS
10
1.8578740157480313
20
1.0236220472440944
11
2.0421259842519683
21
1.0236220472440944
0
LINE
8
BLACK
6
CONTINUOUS
10
2.0421259842519683
20
1.0236220472440944
11
2.0421259842519683
21
1.0271653543307087
0
LINE
8
BLACK
6
CONTINUOUS
10
2.0421259842519683
20
1.0271653543307087
11
2.0423057874015749
21
1.0280693307086615
0
LINE
8
BLACK
6
CONTINUOUS
10
2.0423057874015749
20
1.0280693307086615
11
2.0435842125984252
21
1.0293477559055118
0
LINE
8
BLACK
6
CONTINUOUS
10
2.0435842125984252
20
1.0293477559055118
11
2.0453921653543308
21
1.0293477559055118
0
LINE
8
BLACK
6
CONTINUOUS
10
2.0453921653543308
20
1.0293477559055118
11
2.0466705905511811
21
1.0280693307086615
0
LINE
8
BLACK
6
CONTINUOUS
10
2.0466705905511811
20
1.0280693307086615
11
2.0468503937007871
21
1.0271653543307087
0
LINE
8
BLACK
6
CONTINUOUS
10
2.0468503937007871
20
1.0271653543307087
11
2.0468503937007871
21
1.021259842519685
0
LINE
8
BLACK
6
CONTINUOUS
10
2.0468503937007871
20
1.021259842519685
11
2.0466705905511811
21
1.0203558661417322
0
LINE
8
BLACK
6
CONTINUOUS
10
2.0466705905511811
20
1.0203558661417322
11
2.0453921653543308
21
1.019077440944882
0
LINE
8
BLACK
6
CONTINUOUS
10
2.0453921653543308
20
1.019077440944882
11
2.044488188976378
21
1.0188976377952756
0
LINE
8
BLACK
6
CONTINUOUS
10
2.044488188976378
20
1.0188976377952756
11
1.8555118110236219
21
1.0188976377952756
0
LINE
8
BLACK
6
CONTINUOUS
10
1.8555118110236219
20
1.0188976377952756
11
1.8546078346456691
21
1.019077440944882
0
LINE
8
BLACK
6
CONTINUOUS
10
1.8546078346456691
20
1.019077440944882
11
1.8533294094488189
21
1.0203558661417322
0
LINE
8
BLACK
6
CONTINUOUS
10
1.8533294094488189
20
1.0203558661417322
11
1.8531496062992125
21
1.021259842519685
0
LINE
8
BLACK
6
CONTINUOUS
10
1.8531496062992125
20
1.021259842519685
11
1.8531496062992125
21
1.0248031496062993
0
LINE
8
BLACK
6
CONTINUOUS
10
1.8531496062992125
20
1.0248031496062993
11
1.7885826771653544
21
1.0248031496062993
0
LINE
8
BLACK
6
CONTINUOUS
10
1.7885826771653544
20
1.0248031496062993
11
1.7876787007874015
21
1.0249829527559056
0
LINE
8
BLACK
6
CONTINUOUS
10
1.7876787007874015
20
1.0249829527559056
11
1.786400275590551
21
1.0262613779527558
0
LINE
8
BLACK
6
CONTINUOUS
10
1.786400275590551
20
1.0262613779527558
11
1.786400275590551
21
1.0280693307086615
0
LINE
8
BLACK
6
CONTINUOUS
10
1.786400275590551
20
1.0280693307086615
11
1.7876787007874015
21
1.0293477559055118
0
LINE
8
BLACK
6
CONTINUOUS
10
1.7876787007874015
20
1.0293477559055118
11
1.7885826771653544
21
1.0295275590551181
0
LINE
8
BLACK
6
CONTINUOUS
10
1.7885826771653544
20
1.0295275590551181
11
1.8555118110236219
21
1.0295275590551181
0
LINE
8
BLACK
6
CONTINUOUS
10
1.8555118110236219
20
1.0295275590551181
11
1.8564157874015748
21
1.0293477559055118
0
LINE
8
BLACK
6
CONTINUOUS
10
2.4128890551181104
20
1.0900023228346456
11
2.4139534645669292
21
1.0895614173228345
0
LINE
8
BLACK
6
CONTINUOUS
10
2.4139534645669292
20
1.0895614173228345
11
2.4147681102362206
21
1.0887467716535433
0
LINE
8
BLACK
6
CONTINUOUS
10
2.4147681102362206
20
1.0887467716535433
11
2.4152090157480313
21
1.0876823622047245
0
LINE
8
BLACK
6
CONTINUOUS
10
2.4152090157480313
20
1.0876823622047245
11
2.4152090157480313
21
1.0865302362204725
0
LINE
8
BLACK
6
CONTINUOUS
10
2.4152090157480313
20
1.0865302362204725
11
2.4147681102362206
21
1.0854658267716535
0
LINE
8
BLACK
6
CONTINUOUS
10
2.4147681102362206
20
1.0854658267716535
11
2.4139534645669292
21
1.0846511811023622
0
LINE
8
BLACK
6
CONTINUOUS
10
2.4139534645669292
20
1.0846511811023622
11
2.4128890551181104
21
1.0842102755905512
0
LINE
8
BLACK
6
CONTINUOUS
10
2.4128890551181104
20
1.0842102755905512
11
2.412312992125984
21
1.0841535433070866
0
LINE
8
BLACK
6
CONTINUOUS
10
2.412312992125984
20
1.0841535433070866
11
2.352312992125984
21
1.0841535433070866
0
LINE
8
BLACK
6
CONTINUOUS
10
2.352312992125984
20
1.0841535433070866
11
2.3517369291338581
21
1.0842102755905512
0
LINE
8
BLACK
6
CONTINUOUS
10
2.3517369291338581
20
1.0842102755905512
11
2.3506725196850393
21
1.0846511811023622
0
LINE
8
BLACK
6
CONTINUOUS
10
2.3506725196850393
20
1.0846511811023622
11
2.3498578740157479
21
1.0854658267716535
0
LINE
8
BLACK
6
CONTINUOUS
10
2.3498578740157479
20
1.0854658267716535
11
2.3494169685039368
21
1.0865302362204725
0
LINE
8
BLACK
6
CONTINUOUS
10
2.3494169685039368
20
1.0865302362204725
11
2.3494169685039368
21
1.0876823622047245
0
LINE
8
BLACK
6
CONTINUOUS
10
2.3494169685039368
20
1.0876823622047245
11
2.3498578740157479
21
1.0887467716535433
0
LINE
8
BLACK
6
CONTINUOUS
10
2.3498578740157479
20
1.0887467716535433
11
2.3506725196850393
21
1.0895614173228345
0
LINE
8
BLACK
6
CONTINUOUS
10
2.3506725196850393
20
1.0895614173228345
11
2.3517369291338581
21
1.0900023228346456
0
LINE
8
BLACK
6
CONTINUOUS
10
2.3517369291338581
20
1.0900023228346456
11
2.352312992125984
21
1.0900590551181102
0
LINE
8
BLACK
6
CONTINUOUS
10
2.352312992125984
20
1.0900590551181102
11
2.412312992125984
21
1.0900590551181102
0
LINE
8
BLACK
6
CONTINUOUS
10
2.412312992125984
20
1.0900590551181102
11
2.4128890551181104
21
1.0900023228346456
0
LINE
8
BLACK
6
CONTINUOUS
10
2.0453921653543308
20
1.180922559055118
11
2.0466705905511811
21
1.1796441338582677
0
LINE
8
BLACK
6
CONTINUOUS
10
2.0466705905511811
20
1.1796441338582677
11
2.0468503937007871
21
1.1787401574803149
0
LINE
8
BLACK
6
CONTINUOUS
10
2.0468503937007871
20
1.1787401574803149
11
2.0468503937007871
21
1.1728346456692913
0
LINE
8
BLACK
6
CONTINUOUS
10
2.0468503937007871
20
1.1728346456692913
11
2.0466705905511811
21
1.1719306692913385
0
LINE
8
BLACK
6
CONTINUOUS
10
2.0466705905511811
20
1.1719306692913385
11
2.0453921653543308
21
1.1706522440944882
0
LINE
8
BLACK
6
CONTINUOUS
10
2.0453921653543308
20
1.1706522440944882
11
2.0435842125984252
21
1.1706522440944882
0
LINE
8
BLACK
6
CONTINUOUS
10
2.0435842125984252
20
1.1706522440944882
11
2.0423057874015749
21
1.1719306692913385
0
LINE
8
BLACK
6
CONTINUOUS
10
2.0423057874015749
20
1.1719306692913385
11
2.0421259842519683
21
1.1728346456692913
0
LINE
8
BLACK
6
CONTINUOUS
10
2.0421259842519683
20
1.1728346456692913
11
2.0421259842519683
21
1.1763779527559055
0
LINE
8
BLACK
6
CONTINUOUS
10
2.0421259842519683
20
1.1763779527559055
11
1.8578740157480313
21
1.1763779527559055
0
LINE
8
BLACK
6
CONTINUOUS
10
1.8578740157480313
20
1.1763779527559055
11
1.8578740157480313
21
1.1728346456692913
0
LINE
8
BLACK
6
CONTINUOUS
10
1.8578740157480313
20
1.1728346456692913
11
1.8576942125984253
21
1.1719306692913385
0
LINE
8
BLACK
6
CONTINUOUS
10
1.8576942125984253
20
1.1719306692913385
11
1.8564157874015748
21
1.1706522440944882
0
LINE
8
BLACK
6
CONTINUOUS
10
1.8564157874015748
20
1.1706522440944882
11
1.8546078346456691
21
1.1706522440944882
0
LINE
8
BLACK
6
CONTINUOUS
10
1.8546078346456691
20
1.1706522440944882
11
1.8533294094488189
21
1.1719306692913385
0
LINE
8
BLACK
6
CONTINUOUS
10
1.8533294094488189
20
1.1719306692913385
11
1.8531496062992125
21
1.1728346456692913
0
LINE
8
BLACK
6
CONTINUOUS
10
1.8531496062992125
20
1.1728346456692913
11
1.8531496062992125
21
1.1787401574803149
0
LINE
8
BLACK
6
CONTINUOUS
10
1.8531496062992125
20
1.1787401574803149
11
1.8533294094488189
21
1.1796441338582677
0
LINE
8
BLACK
6
CONTINUOUS
10
1.8533294094488189
20
1.1796441338582677
11
1.8546078346456691
21
1.180922559055118
0
LINE
8
BLACK
6
CONTINUOUS
10
1.8546078346456691
20
1.180922559055118
11
1.8555118110236219
21
1.1811023622047243
0
LINE
8
BLACK
6
CONTINUOUS
10
1.8555118110236219
20
1.1811023622047243
11
2.044488188976378
21
1.1811023622047243
0
LINE
8
BLACK
6
CONTINUOUS
10
2.044488188976378
20
1.1811023622047243
11
2.0453921653543308
21
1.180922559055118
0
LINE
8
BLACK
6
CONTINUOUS
10
2.0705760629921262
20
1.3008127559055118
11
2.071640472440945
21
1.3003718503937007
0
LINE
8
BLACK
6
CONTINUOUS
10
2.071640472440945
20
1.3003718503937007
11
2.072455118110236
21
1.2995572047244095
0
LINE
8
BLACK
6
CONTINUOUS
10
2.072455118110236
20
1.2995572047244095
11
2.0728960236220471
21
1.2984927952755905
0
LINE
8
BLACK
6
CONTINUOUS
10
2.0728960236220471
20
1.2984927952755905
11
2.0728960236220471
21
1.2973406692913385
0
LINE
8
BLACK
6
CONTINUOUS
10
2.0728960236220471
20
1.2973406692913385
11
2.072455118110236
21
1.2962762598425197
0
LINE
8
BLACK
6
CONTINUOUS
10
2.072455118110236
20
1.2962762598425197
11
2.071640472440945
21
1.2954616141732282
0
LINE
8
BLACK
6
CONTINUOUS
10
2.071640472440945
20
1.2954616141732282
11
2.0705760629921262
21
1.2950207086614174
0
LINE
8
BLACK
6
CONTINUOUS
10
2.0705760629921262
20
1.2950207086614174
11
2.0699999999999998
21
1.2949639763779528
0
LINE
8
BLACK
6
CONTINUOUS
10
2.0699999999999998
20
1.2949639763779528
11
2.0099999999999998
21
1.2949639763779528
0
LINE
8
BLACK
6
CONTINUOUS
10
2.0099999999999998
20
1.2949639763779528
11
2.0094239370078739
21
1.2950207086614174
0
LINE
8
BLACK
6
CONTINUOUS
10
2.0094239370078739
20
1.2950207086614174
11
2.0083595275590551
21
1.2954616141732282
0
LINE
8
BLACK
6
CONTINUOUS
10
2.0083595275590551
20
1.2954616141732282
11
2.0075448818897637
21
1.2962762598425197
0
LINE
8
BLACK
6
CONTINUOUS
10
2.0075448818897637
20
1.2962762598425197
11
2.0071039763779526
21
1.2973406692913385
0
LINE
8
BLACK
6
CONTINUOUS
10
2.0071039763779526
20
1.2973406692913385
11
2.0071039763779526
21
1.2984927952755905
0
LINE
8
BLACK
6
CONTINUOUS
10
2.0071039763779526
20
1.2984927952755905
11
2.0075448818897637
21
1.2995572047244095
0
LINE
8
BLACK
6
CONTINUOUS
10
2.0075448818897637
20
1.2995572047244095
11
2.0083595275590551
21
1.3003718503937007
0
LINE
8
BLACK
6
CONTINUOUS
10
2.0083595275590551
20
1.3003718503937007
11
2.0094239370078739
21
1.3008127559055118
0
LINE
8
BLACK
6
CONTINUOUS
10
2.0094239370078739
20
1.3008127559055118
11
2.0099999999999998
21
1.3008694881889764
0
LINE
8
BLACK
6
CONTINUOUS
10
2.0099999999999998
20
1.3008694881889764
11
2.0699999999999998
21
1.3008694881889764
0
LINE
8
BLACK
6
CONTINUOUS
10
2.0699999999999998
20
1.3008694881889764
11
2.0705760629921262
21
1.3008127559055118
0
LINE
8
BLACK
6
CONTINUOUS
10
2.0121824015748033
20
1.3738207086614174
11
2.0123622047244094
21
1.3729167322834646
0
LINE
8
BLACK
6
CONTINUOUS
10
2.0123622047244094
20
1.3729167322834646
11
2.0123622047244094
21
1.3429167322834645
0
LINE
8
BLACK
6
CONTINUOUS
10
2.0123622047244094
20
1.3429167322834645
11
2.0121824015748033
21
1.3420127559055117
0
LINE
8
BLACK
6
CONTINUOUS
10
2.0121824015748033
20
1.3420127559055117
11
2.0109039763779526
21
1.3407343307086614
0
LINE
8
BLACK
6
CONTINUOUS
10
2.0109039763779526
20
1.3407343307086614
11
2.009096023622047
21
1.3407343307086614
0
LINE
8
BLACK
6
CONTINUOUS
10
2.009096023622047
20
1.3407343307086614
11
2.0078175984251967
21
1.3420127559055117
0
LINE
8
BLACK
6
CONTINUOUS
10
2.0078175984251967
20
1.3420127559055117
11
2.0076377952755906
21
1.3429167322834645
0
LINE
8
BLACK
6
CONTINUOUS
10
2.0076377952755906
20
1.3429167322834645
11
2.0076377952755906
21
1.3729167322834646
0
LINE
8
BLACK
6
CONTINUOUS
10
2.0076377952755906
20
1.3729167322834646
11
2.0078175984251967
21
1.3738207086614174
0
LINE
8
BLACK
6
CONTINUOUS
10
2.0078175984251967
20
1.3738207086614174
11
2.009096023622047
21
1.3750991338582677
0
LINE
8
BLACK
6
CONTINUOUS
10
2.009096023622047
20
1.3750991338582677
11
2.0109039763779526
21
1.3750991338582677
0
LINE
8
BLACK
6
CONTINUOUS
10
2.0109039763779526
20
1.3750991338582677
11
2.0121824015748033
21
1.3738207086614174
0
LINE
8
BLACK
6
CONTINUOUS
10
2.0721824015748029
20
1.3738207086614174
11
2.0723622047244095
21
1.3729167322834646
0
LINE
8
BLACK
6
CONTINUOUS
10
2.0723622047244095
20
1.3729167322834646
11
2.0723622047244095
21
1.3429167322834645
0
LINE
8
BLACK
6
CONTINUOUS
10
2.0723622047244095
20
1.3429167322834645
11
2.0721824015748029
21
1.3420127559055117
0
LINE
8
BLACK
6
CONTINUOUS
10
2.0721824015748029
20
1.3420127559055117
11
2.0709039763779526
21
1.3407343307086614
0
LINE
8
BLACK
6
CONTINUOUS
10
2.0709039763779526
20
1.3407343307086614
11
2.069096023622047
21
1.3407343307086614
0
LINE
8
BLACK
6
CONTINUOUS
10
2.069096023622047
20
1.3407343307086614
11
2.0678175984251967
21
1.3420127559055117
0
LINE
8
BLACK
6
CONTINUOUS
10
2.0678175984251967
20
1.3420127559055117
11
2.0676377952755907
21
1.3429167322834645
0
LINE
8
BLACK
6
CONTINUOUS
10
2.0676377952755907
20
1.3429167322834645
11
2.0676377952755907
21
1.3729167322834646
0
LINE
8
BLACK
6
CONTINUOUS
10
2.0676377952755907
20
1.3729167322834646
11
2.0678175984251967
21
1.3738207086614174
0
LINE
8
BLACK
6
CONTINUOUS
10
2.0678175984251967
20
1.3738207086614174
11
2.069096023622047
21
1.3750991338582677
0
LINE
8
BLACK
6
CONTINUOUS
10
2.069096023622047
20
1.3750991338582677
11
2.0709039763779526
21
1.3750991338582677
0
LINE
8
BLACK
6
CONTINUOUS
10
2.0709039763779526
20
1.3750991338582677
11
2.0721824015748029
21
1.3738207086614174
0
LINE
8
BLACK
6
CONTINUOUS
10
2.4454776377952756
20
1.3697464173228346
11
2.4465420472440944
21
1.3693055118110236
0
LINE
8
BLACK
6
CONTINUOUS
10
2.4465420472440944
20
1.3693055118110236
11
2.4473566929133859
21
1.3684908661417323
0
LINE
8
BLACK
6
CONTINUOUS
10
2.4473566929133859
20
1.3684908661417323
11
2.447797598425197
21
1.3674264566929133
0
LINE
8
BLACK
6
CONTINUOUS
10
2.447797598425197
20
1.3674264566929133
11
2.447797598425197
21
1.3662743307086613
0
LINE
8
BLACK
6
CONTINUOUS
10
2.447797598425197
20
1.3662743307086613
11
2.4473566929133859
21
1.3652099212598425
0
LINE
8
BLACK
6
CONTINUOUS
10
2.4473566929133859
20
1.3652099212598425
11
2.4465420472440944
21
1.3643952755905511
0
LINE
8
BLACK
6
CONTINUOUS
10
2.4465420472440944
20
1.3643952755905511
11
2.4454776377952756
21
1.3639543700787402
0
LINE
8
BLACK
6
CONTINUOUS
10
2.4454776377952756
20
1.3639543700787402
11
2.4449015748031497
21
1.3638976377952756
0
LINE
8
BLACK
6
CONTINUOUS
10
2.4449015748031497
20
1.3638976377952756
11
2.3849015748031497
21
1.3638976377952756
0
LINE
8
BLACK
6
CONTINUOUS
10
2.3849015748031497
20
1.3638976377952756
11
2.3843255118110234
21
1.3639543700787402
0
LINE
8
BLACK
6
CONTINUOUS
10
2.3843255118110234
20
1.3639543700787402
11
2.3832611023622046
21
1.3643952755905511
0
LINE
8
BLACK
6
CONTINUOUS
10
2.3832611023622046
20
1.3643952755905511
11
2.3824464566929136
21
1.3652099212598425
0
LINE
8
BLACK
6
CONTINUOUS
10
2.3824464566929136
20
1.3652099212598425
11
2.3820055511811025
21
1.3662743307086613
0
LINE
8
BLACK
6
CONTINUOUS
10
2.3820055511811025
20
1.3662743307086613
11
2.3820055511811025
21
1.3674264566929133
0
LINE
8
BLACK
6
CONTINUOUS
10
2.3820055511811025
20
1.3674264566929133
11
2.3824464566929136
21
1.3684908661417323
0
LINE
8
BLACK
6
CONTINUOUS
10
2.3824464566929136
20
1.3684908661417323
11
2.3832611023622046
21
1.3693055118110236
0
LINE
8
BLACK
6
CONTINUOUS
10
2.3832611023622046
20
1.3693055118110236
11
2.3843255118110234
21
1.3697464173228346
0
LINE
8
BLACK
6
CONTINUOUS
10
2.3843255118110234
20
1.3697464173228346
11
2.3849015748031497
21
1.3698031496062992
0
LINE
8
BLACK
6
CONTINUOUS
10
2.3849015748031497
20
1.3698031496062992
11
2.4449015748031497
21
1.3698031496062992
0
LINE
8
BLACK
6
CONTINUOUS
10
2.4449015748031497
20
1.3698031496062992
11
2.4454776377952756
21
1.3697464173228346
0
LINE
8
BLACK
6
CONTINUOUS
10
1.929953622047244
20
1.4397273622047244
11
1.9300516141732282
21
1.4396867716535433
0
LINE
8
BLACK
6
CONTINUOUS
10
1.9300516141732282
20
1.4396867716535433
11
1.9301574409448818
21
1.439679251968504
0
LINE
8
BLACK
6
CONTINUOUS
10
1.9301574409448818
20
1.439679251968504
11
1.9306980708661416
21
1.4394723622047243
0
LINE
8
BLACK
6
CONTINUOUS
10
1.9306980708661416
20
1.4394723622047243
11
1.9344475984251968
21
1.4375975984251967
0
LINE
8
BLACK
6
CONTINUOUS
10
1.9344475984251968
20
1.4375975984251967
11
1.9346955905511811
21
1.4374415354330707
0
LINE
8
BLACK
6
CONTINUOUS
10
1.9346955905511811
20
1.4374415354330707
11
1.9347675590551181
21
1.4374116929133858
0
LINE
8
BLACK
6
CONTINUOUS
10
1.9347675590551181
20
1.4374116929133858
11
1.9348485039370078
21
1.4373452362204724
0
LINE
8
BLACK
6
CONTINUOUS
10
1.9348485039370078
20
1.4373452362204724
11
1.9349374803149606
21
1.4372892519685039
0
LINE
8
BLACK
6
CONTINUOUS
10
1.9349374803149606
20
1.4372892519685039
11
1.9349886220472441
21
1.4372302755905511
0
LINE
8
BLACK
6
CONTINUOUS
10
1.9349886220472441
20
1.4372302755905511
11
1.9352149999999999
21
1.4370444881889763
0
LINE
8
BLACK
6
CONTINUOUS
10
1.9352149999999999
20
1.4370444881889763
11
1.9370897637795275
21
1.4351697244094488
0
LINE
8
BLACK
6
CONTINUOUS
10
1.9370897637795275
20
1.4351697244094488
11
1.9370910629921259
21
1.4351681496062991
0
LINE
8
BLACK
6
CONTINUOUS
10
1.9370910629921259
20
1.4351681496062991
11
1.9370919291338582
21
1.4351675590551181
0
LINE
8
BLACK
6
CONTINUOUS
10
1.9370919291338582
20
1.4351675590551181
11
1.9372802362204724
21
1.4349375984251969
0
LINE
8
BLACK
6
CONTINUOUS
10
1.9372802362204724
20
1.4349375984251969
11
1.9374569685039369
21
1.434722283464567
0
LINE
8
BLACK
6
CONTINUOUS
10
1.9374569685039369
20
1.434722283464567
11
1.9374573228346457
21
1.4347214173228346
0
LINE
8
BLACK
6
CONTINUOUS
10
1.9374573228346457
20
1.4347214173228346
11
1.9374587007874016
21
1.4347197244094487
0
LINE
8
BLACK
6
CONTINUOUS
10
1.9374587007874016
20
1.4347197244094487
11
1.9412082283464567
21
1.4290953937007873
0
LINE
8
BLACK
6
CONTINUOUS
10
1.9412082283464567
20
1.4290953937007873
11
1.9413776771653544
21
1.4287775196850394
0
LINE
8
BLACK
6
CONTINUOUS
10
1.9413776771653544
20
1.4287775196850394
11
1.9414212204724408
21
1.4287187795275591
0
LINE
8
BLACK
6
CONTINUOUS
10
1.9414212204724408
20
1.4287187795275591
11
1.9414459842519685
21
1.4286494094488189
0
LINE
8
BLACK
6
CONTINUOUS
10
1.9414459842519685
20
1.4286494094488189
11
1.9414805511811024
21
1.4285846062992125
0
LINE
8
BLACK
6
CONTINUOUS
10
1.9414805511811024
20
1.4285846062992125
11
1.9414946456692912
21
1.428513188976378
0
LINE
8
BLACK
6
CONTINUOUS
10
1.9414946456692912
20
1.428513188976378
11
1.9416159842519685
21
1.4281736614173228
0
LINE
8
BLACK
6
CONTINUOUS
10
1.9416159842519685
20
1.4281736614173228
11
1.943490748031496
21
1.4206746062992126
0
LINE
8
BLACK
6
CONTINUOUS
10
1.943490748031496
20
1.4206746062992126
11
1.9435055118110236
21
1.4205747637795276
0
LINE
8
BLACK
6
CONTINUOUS
10
1.9435055118110236
20
1.4205747637795276
11
1.9435221653543306
21
1.4205345275590551
0
LINE
8
BLACK
6
CONTINUOUS
10
1.9435221653543306
20
1.4205345275590551
11
1.9435435039370079
21
1.4203175196850393
0
LINE
8
BLACK
6
CONTINUOUS
10
1.9435435039370079
20
1.4203175196850393
11
1.9435753937007874
21
1.4201020078740156
0
LINE
8
BLACK
6
CONTINUOUS
10
1.9435753937007874
20
1.4201020078740156
11
1.9435689763779527
21
1.4200590157480315
0
LINE
8
BLACK
6
CONTINUOUS
10
1.9435689763779527
20
1.4200590157480315
11
1.9435788976377952
21
1.4199584645669292
0
LINE
8
BLACK
6
CONTINUOUS
10
1.9435788976377952
20
1.4199584645669292
11
1.9435788976377952
21
1.4049603543307085
0
LINE
8
BLACK
6
CONTINUOUS
10
1.9435788976377952
20
1.4049603543307085
11
1.9435221653543306
21
1.4043842913385827
0
LINE
8
BLACK
6
CONTINUOUS
10
1.9435221653543306
20
1.4043842913385827
11
1.9434815748031495
21
1.4042863385826772
0
LINE
8
BLACK
6
CONTINUOUS
10
1.9434815748031495
20
1.4042863385826772
11
1.9434740551181102
21
1.404180433070866
0
LINE
8
BLACK
6
CONTINUOUS
10
1.9434740551181102
20
1.404180433070866
11
1.9432671653543307
21
1.403639842519685
0
LINE
8
BLACK
6
CONTINUOUS
10
1.9432671653543307
20
1.403639842519685
11
1.9413924015748032
21
1.3998903149606299
0
LINE
8
BLACK
6
CONTINUOUS
10
1.9413924015748032
20
1.3998903149606299
11
1.9412363385826772
21
1.3996424409448818
0
LINE
8
BLACK
6
CONTINUOUS
10
1.9412363385826772
20
1.3996424409448818
11
1.9412065354330708
21
1.3995703937007873
0
LINE
8
BLACK
6
CONTINUOUS
10
1.9412065354330708
20
1.3995703937007873
11
1.9411399999999999
21
1.3994893700787401
0
LINE
8
BLACK
6
CONTINUOUS
10
1.9411399999999999
20
1.3994893700787401
11
1.9410840551181101
21
1.399400433070866
0
LINE
8
BLACK
6
CONTINUOUS
10
1.9410840551181101
20
1.399400433070866
11
1.9410250393700788
21
1.3993492913385825
0
LINE
8
BLACK
6
CONTINUOUS
10
1.9410250393700788
20
1.3993492913385825
11
1.9408392913385826
21
1.3991229133858267
0
LINE
8
BLACK
6
CONTINUOUS
10
1.9408392913385826
20
1.3991229133858267
11
1.9389645669291338
21
1.3972481496062992
0
LINE
8
BLACK
6
CONTINUOUS
10
1.9389645669291338
20
1.3972481496062992
11
1.938738188976378
21
1.3970624015748032
0
LINE
8
BLACK
6
CONTINUOUS
10
1.938738188976378
20
1.3970624015748032
11
1.9386870078740157
21
1.3970033464566929
0
LINE
8
BLACK
6
CONTINUOUS
10
1.9386870078740157
20
1.3970033464566929
11
1.9385980314960629
21
1.3969473622047244
0
LINE
8
BLACK
6
CONTINUOUS
10
1.9385980314960629
20
1.3969473622047244
11
1.9385170866141732
21
1.396880905511811
0
LINE
8
BLACK
6
CONTINUOUS
10
1.9385170866141732
20
1.396880905511811
11
1.9384451181102362
21
1.3968511023622048
0
LINE
8
BLACK
6
CONTINUOUS
10
1.9384451181102362
20
1.3968511023622048
11
1.9381971259842519
21
1.396695
0
LINE
8
BLACK
6
CONTINUOUS
10
1.9381971259842519
20
1.396695
11
1.9344475984251968
21
1.3948202362204725
0
LINE
8
BLACK
6
CONTINUOUS
10
1.9344475984251968
20
1.3948202362204725
11
1.933906968503937
21
1.3946133464566928
0
LINE
8
BLACK
6
CONTINUOUS
10
1.933906968503937
20
1.3946133464566928
11
1.9338011417322833
21
1.3946058661417322
0
LINE
8
BLACK
6
CONTINUOUS
10
1.9338011417322833
20
1.3946058661417322
11
1.9337031496062991
21
1.3945652362204723
0
LINE
8
BLACK
6
CONTINUOUS
10
1.9337031496062991
20
1.3945652362204723
11
1.9331270866141732
21
1.3945085039370078
0
LINE
8
BLACK
6
CONTINUOUS
10
1.9331270866141732
20
1.3945085039370078
11
1.925628031496063
21
1.3945085039370078
0
LINE
8
BLACK
6
CONTINUOUS
10
1.925628031496063
20
1.3945085039370078
11
1.9250519685039369
21
1.3945652362204723
0
LINE
8
BLACK
6
CONTINUOUS
10
1.9250519685039369
20
1.3945652362204723
11
1.9249539763779526
21
1.3946058267716535
0
LINE
8
BLACK
6
CONTINUOUS
10
1.9249539763779526
20
1.3946058267716535
11
1.9248481102362205
21
1.3946133464566928
0
LINE
8
BLACK
6
CONTINUOUS
10
1.9248481102362205
20
1.3946133464566928
11
1.9243075196850394
21
1.3948202362204725
0
LINE
8
BLACK
6
CONTINUOUS
10
1.9243075196850394
20
1.3948202362204725
11
1.9205579921259841
21
1.396695
0
LINE
8
BLACK
6
CONTINUOUS
10
1.9205579921259841
20
1.396695
11
1.9203099606299212
21
1.3968511023622048
0
LINE
8
BLACK
6
CONTINUOUS
10
1.9203099606299212
20
1.3968511023622048
11
1.920238031496063
21
1.396880905511811
0
LINE
8
BLACK
6
CONTINUOUS
10
1.920238031496063
20
1.396880905511811
11
1.9201570472440945
21
1.3969473622047244
0
LINE
8
BLACK
6
CONTINUOUS
10
1.9201570472440945
20
1.3969473622047244
11
1.9200681102362205
21
1.3970033464566929
0
LINE
8
BLACK
6
CONTINUOUS
10
1.9200681102362205
20
1.3970033464566929
11
1.9200168897637795
21
1.3970624015748032
0
LINE
8
BLACK
6
CONTINUOUS
10
1.9200168897637795
20
1.3970624015748032
11
1.9197905511811024
21
1.3972481496062992
0
LINE
8
BLACK
6
CONTINUOUS
10
1.9197905511811024
20
1.3972481496062992
11
1.9179157874015749
21
1.3991229527559055
0
LINE
8
BLACK
6
CONTINUOUS
10
1.9179157874015749
20
1.3991229527559055
11
1.9177300393700787
21
1.3993492913385825
0
LINE
8
BLACK
6
CONTINUOUS
10
1.9177300393700787
20
1.3993492913385825
11
1.9176710629921259
21
1.399400433070866
0
LINE
8
BLACK
6
CONTINUOUS
10
1.9176710629921259
20
1.399400433070866
11
1.9176150787401574
21
1.3994893700787401
0
LINE
8
BLACK
6
CONTINUOUS
10
1.9176150787401574
20
1.3994893700787401
11
1.9175485826771652
21
1.3995703937007873
0
LINE
8
BLACK
6
CONTINUOUS
10
1.9175485826771652
20
1.3995703937007873
11
1.9175187401574803
21
1.3996424409448818
0
LINE
8
BLACK
6
CONTINUOUS
10
1.9175187401574803
20
1.3996424409448818
11
1.917362716535433
21
1.3998903149606299
0
LINE
8
BLACK
6
CONTINUOUS
10
1.917362716535433
20
1.3998903149606299
11
1.9154879527559054
21
1.403639842519685
0
LINE
8
BLACK
6
CONTINUOUS
10
1.9154879527559054
20
1.403639842519685
11
1.915281062992126
21
1.4041804724409448
0
LINE
8
BLACK
6
CONTINUOUS
10
1.915281062992126
20
1.4041804724409448
11
1.9152735433070867
21
1.4042862992125984
0
LINE
8
BLACK
6
CONTINUOUS
10
1.9152735433070867
20
1.4042862992125984
11
1.9152329527559055
21
1.4043842913385827
0
LINE
8
BLACK
6
CONTINUOUS
10
1.9152329527559055
20
1.4043842913385827
11
1.915176220472441
21
1.4049603543307085
0
LINE
8
BLACK
6
CONTINUOUS
10
1.915176220472441
20
1.4049603543307085
11
1.915176220472441
21
1.4143341732283463
0
LINE
8
BLACK
6
CONTINUOUS
10
1.915176220472441
20
1.4143341732283463
11
1.9152329527559055
21
1.4149102362204724
0
LINE
8
BLACK
6
CONTINUOUS
10
1.9152329527559055
20
1.4149102362204724
11
1.9152735433070867
21
1.4150082677165354
0
LINE
8
BLACK
6
CONTINUOUS
10
1.9152735433070867
20
1.4150082677165354
11
1.915281062992126
21
1.4151140551181103
0
LINE
8
BLACK
6
CONTINUOUS
10
1.915281062992126
20
1.4151140551181103
11
1.9154879527559054
21
1.4156546850393701
0
LINE
8
BLACK
6
CONTINUOUS
10
1.9154879527559054
20
1.4156546850393701
11
1.917362716535433
21
1.4194042125984252
0
LINE
8
BLACK
6
CONTINUOUS
10
1.917362716535433
20
1.4194042125984252
11
1.917518779527559
21
1.4196522440944881
0
LINE
8
BLACK
6
CONTINUOUS
10
1.917518779527559
20
1.4196522440944881
11
1.917548622047244
21
1.4197241732283463
0
LINE
8
BLACK
6
CONTINUOUS
10
1.917548622047244
20
1.4197241732283463
11
1.9176150787401574
21
1.419805157480315
0
LINE
8
BLACK
6
CONTINUOUS
10
1.9176150787401574
20
1.419805157480315
11
1.9176710629921259
21
1.419894094488189
0
LINE
8
BLACK
6
CONTINUOUS
10
1.9176710629921259
20
1.419894094488189
11
1.9177300393700787
21
1.4199452755905511
0
LINE
8
BLACK
6
CONTINUOUS
10
1.9177300393700787
20
1.4199452755905511
11
1.9179158267716534
21
1.4201716141732283
0
LINE
8
BLACK
6
CONTINUOUS
10
1.9179158267716534
20
1.4201716141732283
11
1.919790590551181
21
1.4220463779527559
0
LINE
8
BLACK
6
CONTINUOUS
10
1.919790590551181
20
1.4220463779527559
11
1.9200169291338582
21
1.4222321653543306
0
LINE
8
BLACK
6
CONTINUOUS
10
1.9200169291338582
20
1.4222321653543306
11
1.9200681102362205
21
1.4222911417322834
0
LINE
8
BLACK
6
CONTINUOUS
10
1.9200681102362205
20
1.4222911417322834
11
1.9201570472440945
21
1.4223471259842519
0
LINE
8
BLACK
6
CONTINUOUS
10
1.9201570472440945
20
1.4223471259842519
11
1.920238031496063
21
1.4224135826771653
0
LINE
8
BLACK
6
CONTINUOUS
10
1.920238031496063
20
1.4224135826771653
11
1.9203099606299212
21
1.4224434251968503
0
LINE
8
BLACK
6
CONTINUOUS
10
1.9203099606299212
20
1.4224434251968503
11
1.9205579921259841
21
1.4225994881889763
0
LINE
8
BLACK
6
CONTINUOUS
10
1.9205579921259841
20
1.4225994881889763
11
1.9243075196850394
21
1.4244742519685039
0
LINE
8
BLACK
6
CONTINUOUS
10
1.9243075196850394
20
1.4244742519685039
11
1.9248481102362205
21
1.4246811417322833
0
LINE
8
BLACK
6
CONTINUOUS
10
1.9248481102362205
20
1.4246811417322833
11
1.9249539763779526
21
1.4246887007874016
0
LINE
8
BLACK
6
CONTINUOUS
10
1.9249539763779526
20
1.4246887007874016
11
1.9250519685039369
21
1.424729251968504
0
LINE
8
BLACK
6
CONTINUOUS
10
1.9250519685039369
20
1.424729251968504
11
1.925628031496063
21
1.4247859842519686
0
LINE
8
BLACK
6
CONTINUOUS
10
1.925628031496063
20
1.4247859842519686
11
1.9331270866141732
21
1.4247859842519686
0
LINE
8
BLACK
6
CONTINUOUS
10
1.9331270866141732
20
1.4247859842519686
11
1.9337031496062991
21
1.424729251968504
0
LINE
8
BLACK
6
CONTINUOUS
10
1.9337031496062991
20
1.424729251968504
11
1.9338011417322833
21
1.4246886614173229
0
LINE
8
BLACK
6
CONTINUOUS
10
1.9338011417322833
20
1.4246886614173229
11
1.933906968503937
21
1.4246811417322833
0
LINE
8
BLACK
6
CONTINUOUS
10
1.933906968503937
20
1.4246811417322833
11
1.9344475984251968
21
1.4244742519685039
0
LINE
8
BLACK
6
CONTINUOUS
10
1.9344475984251968
20
1.4244742519685039
11
1.9367401181102362
21
1.4233279921259843
0
LINE
8
BLACK
6
CONTINUOUS
10
1.9367401181102362
20
1.4233279921259843
11
1.9360108267716536
21
1.426245157480315
0
LINE
8
BLACK
6
CONTINUOUS
10
1.9360108267716536
20
1.426245157480315
11
1.9327071259842519
21
1.4312007086614174
0
LINE
8
BLACK
6
CONTINUOUS
10
1.9327071259842519
20
1.4312007086614174
11
1.9313779921259842
21
1.4325298425196851
0
LINE
8
BLACK
6
CONTINUOUS
10
1.9313779921259842
20
1.4325298425196851
11
1.9286805118110235
21
1.4338785826771654
0
LINE
8
BLACK
6
CONTINUOUS
10
1.9286805118110235
20
1.4338785826771654
11
1.9218785039370079
21
1.4338785826771654
0
LINE
8
BLACK
6
CONTINUOUS
10
1.9218785039370079
20
1.4338785826771654
11
1.9213024409448818
21
1.43393531496063
0
LINE
8
BLACK
6
CONTINUOUS
10
1.9213024409448818
20
1.43393531496063
11
1.920238031496063
21
1.4343762204724408
0
LINE
8
BLACK
6
CONTINUOUS
10
1.920238031496063
20
1.4343762204724408
11
1.9194233858267715
21
1.4351908661417323
0
LINE
8
BLACK
6
CONTINUOUS
10
1.9194233858267715
20
1.4351908661417323
11
1.9189824803149607
21
1.4362552755905511
0
LINE
8
BLACK
6
CONTINUOUS
10
1.9189824803149607
20
1.4362552755905511
11
1.9189824803149607
21
1.4374074015748031
0
LINE
8
BLACK
6
CONTINUOUS
10
1.9189824803149607
20
1.4374074015748031
11
1.9194233858267715
21
1.4384718110236221
0
LINE
8
BLACK
6
CONTINUOUS
10
1.9194233858267715
20
1.4384718110236221
11
1.920238031496063
21
1.4392864566929133
0
LINE
8
BLACK
6
CONTINUOUS
10
1.920238031496063
20
1.4392864566929133
11
1.9213024409448818
21
1.4397273622047244
0
LINE
8
BLACK
6
CONTINUOUS
10
1.9213024409448818
20
1.4397273622047244
11
1.9218785039370079
21
1.439784094488189
0
LINE
8
BLACK
6
CONTINUOUS
10
1.9218785039370079
20
1.439784094488189
11
1.9293775590551181
21
1.439784094488189
0
LINE
8
BLACK
6
CONTINUOUS
10
1.9293775590551181
20
1.439784094488189
11
1.929953622047244
21
1.4397273622047244
0
LINE
8
BLACK
6
CONTINUOUS
10
1.9236275984251967
20
1.4175317322834646
11
1.9224304724409449
21
1.4163346062992126
0
LINE
8
BLACK
6
CONTINUOUS
10
1.9224304724409449
20
1.4163346062992126
11
1.9210817322834646
21
1.413637125984252
0
LINE
8
BLACK
6
CONTINUOUS
10
1.9210817322834646
20
1.413637125984252
11
1.9210817322834646
21
1.4056574015748031
0
LINE
8
BLACK
6
CONTINUOUS
10
1.9210817322834646
20
1.4056574015748031
11
1.9224304724409449
21
1.4029599212598425
0
LINE
8
BLACK
6
CONTINUOUS
10
1.9224304724409449
20
1.4029599212598425
11
1.9236275984251967
21
1.4017627559055117
0
LINE
8
BLACK
6
CONTINUOUS
10
1.9236275984251967
20
1.4017627559055117
11
1.9263250787401573
21
1.4004140157480314
0
LINE
8
BLACK
6
CONTINUOUS
10
1.9263250787401573
20
1.4004140157480314
11
1.9324300393700786
21
1.4004140157480314
0
LINE
8
BLACK
6
CONTINUOUS
10
1.9324300393700786
20
1.4004140157480314
11
1.9351274803149605
21
1.4017627559055117
0
LINE
8
BLACK
6
CONTINUOUS
10
1.9351274803149605
20
1.4017627559055117
11
1.9363246062992125
21
1.4029599212598425
0
LINE
8
BLACK
6
CONTINUOUS
10
1.9363246062992125
20
1.4029599212598425
11
1.9376733858267716
21
1.4056574015748031
0
LINE
8
BLACK
6
CONTINUOUS
10
1.9376733858267716
20
1.4056574015748031
11
1.9376733858267716
21
1.413637125984252
0
LINE
8
BLACK
6
CONTINUOUS
10
1.9376733858267716
20
1.413637125984252
11
1.9363246456692913
21
1.4163346062992126
0
LINE
8
BLACK
6
CONTINUOUS
10
1.9363246456692913
20
1.4163346062992126
11
1.9351275196850393
21
1.4175317322834646
0
LINE
8
BLACK
6
CONTINUOUS
10
1.9351275196850393
20
1.4175317322834646
11
1.9324300393700786
21
1.418880472440945
0
LINE
8
BLACK
6
CONTINUOUS
10
1.9324300393700786
20
1.418880472440945
11
1.9263250787401573
21
1.418880472440945
0
LINE
8
BLACK
6
CONTINUOUS
10
1.9263250787401573
20
1.418880472440945
11
1.9236275984251967
21
1.4175317322834646
0
LINE
8
BLACK
6
CONTINUOUS
10
1.9591395275590551
20
1.4392864566929133
11
1.9599541732283463
21
1.4384718110236221
0
LINE
8
BLACK
6
CONTINUOUS
10
1.9599541732283463
20
1.4384718110236221
11
1.9603950787401574
21
1.4374074015748031
0
LINE
8
BLACK
6
CONTINUOUS
10
1.9603950787401574
20
1.4374074015748031
11
1.960451811023622
21
1.4368313385826772
0
LINE
8
BLACK
6
CONTINUOUS
10
1.960451811023622
20
1.4368313385826772
11
1.960451811023622
21
1.4056574015748031
0
LINE
8
BLACK
6
CONTINUOUS
10
1.960451811023622
20
1.4056574015748031
11
1.9618005511811023
21
1.4029599212598425
0
LINE
8
BLACK
6
CONTINUOUS
10
1.9618005511811023
20
1.4029599212598425
11
1.9629976771653543
21
1.4017627559055117
0
LINE
8
BLACK
6
CONTINUOUS
10
1.9629976771653543
20
1.4017627559055117
11
1.965695157480315
21
1.4004140157480314
0
LINE
8
BLACK
6
CONTINUOUS
10
1.965695157480315
20
1.4004140157480314
11
1.9718001181102363
21
1.4004140157480314
0
LINE
8
BLACK
6
CONTINUOUS
10
1.9718001181102363
20
1.4004140157480314
11
1.9744975590551181
21
1.4017627559055117
0
LINE
8
BLACK
6
CONTINUOUS
10
1.9744975590551181
20
1.4017627559055117
11
1.97569468503937
21
1.4029599212598425
0
LINE
8
BLACK
6
CONTINUOUS
10
1.97569468503937
20
1.4029599212598425
11
1.977043464566929
21
1.4056574015748031
0
LINE
8
BLACK
6
CONTINUOUS
10
1.977043464566929
20
1.4056574015748031
11
1.977043464566929
21
1.4368313385826772
0
LINE
8
BLACK
6
CONTINUOUS
10
1.977043464566929
20
1.4368313385826772
11
1.9771001968503936
21
1.4374074015748031
0
LINE
8
BLACK
6
CONTINUOUS
10
1.9771001968503936
20
1.4374074015748031
11
1.9775411023622047
21
1.4384718110236221
0
LINE
8
BLACK
6
CONTINUOUS
10
1.9775411023622047
20
1.4384718110236221
11
1.9783557480314959
21
1.4392864566929133
0
LINE
8
BLACK
6
CONTINUOUS
10
1.9783557480314959
20
1.4392864566929133
11
1.979420157480315
21
1.4397273622047244
0
LINE
8
BLACK
6
CONTINUOUS
10
1.979420157480315
20
1.4397273622047244
11
1.9805722834645669
21
1.4397273622047244
0
LINE
8
BLACK
6
CONTINUOUS
10
1.9805722834645669
20
1.4397273622047244
11
1.9816366929133857
21
1.4392864566929133
0
LINE
8
BLACK
6
CONTINUOUS
10
1.9816366929133857
20
1.4392864566929133
11
1.9824513385826772
21
1.4384718110236221
0
LINE
8
BLACK
6
CONTINUOUS
10
1.9824513385826772
20
1.4384718110236221
11
1.9828922440944881
21
1.4374074015748031
0
LINE
8
BLACK
6
CONTINUOUS
10
1.9828922440944881
20
1.4374074015748031
11
1.9829489763779526
21
1.4368313385826772
0
LINE
8
BLACK
6
CONTINUOUS
10
1.9829489763779526
20
1.4368313385826772
11
1.9829489763779526
21
1.4049603543307085
0
LINE
8
BLACK
6
CONTINUOUS
10
1.9829489763779526
20
1.4049603543307085
11
1.9828922440944881
21
1.4043842913385827
0
LINE
8
BLACK
6
CONTINUOUS
10
1.9828922440944881
20
1.4043842913385827
11
1.9828516535433069
21
1.4042863385826772
0
LINE
8
BLACK
6
CONTINUOUS
10
1.9828516535433069
20
1.4042863385826772
11
1.9828441338582676
21
1.404180433070866
0
LINE
8
BLACK
6
CONTINUOUS
10
1.9828441338582676
20
1.404180433070866
11
1.9826372440944882
21
1.403639842519685
0
LINE
8
BLACK
6
CONTINUOUS
10
1.9826372440944882
20
1.403639842519685
11
1.9807624803149606
21
1.3998903149606299
0
LINE
8
BLACK
6
CONTINUOUS
10
1.9807624803149606
20
1.3998903149606299
11
1.9806064173228346
21
1.3996424409448818
0
LINE
8
BLACK
6
CONTINUOUS
10
1.9806064173228346
20
1.3996424409448818
11
1.9805766141732284
21
1.3995703937007873
0
LINE
8
BLACK
6
CONTINUOUS
10
1.9805766141732284
20
1.3995703937007873
11
1.9805100787401575
21
1.3994893700787401
0
LINE
8
BLACK
6
CONTINUOUS
10
1.9805100787401575
20
1.3994893700787401
11
1.9804541338582677
21
1.399400433070866
0
LINE
8
BLACK
6
CONTINUOUS
10
1.9804541338582677
20
1.399400433070866
11
1.9803951181102362
21
1.3993492913385825
0
LINE
8
BLACK
6
CONTINUOUS
10
1.9803951181102362
20
1.3993492913385825
11
1.9802093700787402
21
1.3991229133858267
0
LINE
8
BLACK
6
CONTINUOUS
10
1.9802093700787402
20
1.3991229133858267
11
1.9783346456692914
21
1.3972481496062992
0
LINE
8
BLACK
6
CONTINUOUS
10
1.9783346456692914
20
1.3972481496062992
11
1.9781082677165354
21
1.3970624015748032
0
LINE
8
BLACK
6
CONTINUOUS
10
1.9781082677165354
20
1.3970624015748032
11
1.9780570866141731
21
1.3970033464566929
0
LINE
8
BLACK
6
CONTINUOUS
10
1.9780570866141731
20
1.3970033464566929
11
1.9779681102362203
21
1.3969473622047244
0
LINE
8
BLACK
6
CONTINUOUS
10
1.9779681102362203
20
1.3969473622047244
11
1.9778871653543306
21
1.396880905511811
0
LINE
8
BLACK
6
CONTINUOUS
10
1.9778871653543306
20
1.396880905511811
11
1.9778151968503936
21
1.3968511023622048
0
LINE
8
BLACK
6
CONTINUOUS
10
1.9778151968503936
20
1.3968511023622048
11
1.9775672047244095
21
1.396695
0
LINE
8
BLACK
6
CONTINUOUS
10
1.9775672047244095
20
1.396695
11
1.9738176771653544
21
1.3948202362204725
0
LINE
8
BLACK
6
CONTINUOUS
10
1.9738176771653544
20
1.3948202362204725
11
1.9732770472440944
21
1.3946133464566928
0
LINE
8
BLACK
6
CONTINUOUS
10
1.9732770472440944
20
1.3946133464566928
11
1.973171220472441
21
1.3946058661417322
0
LINE
8
BLACK
6
CONTINUOUS
10
1.973171220472441
20
1.3946058661417322
11
1.9730732283464567
21
1.3945652362204723
0
LINE
8
BLACK
6
CONTINUOUS
10
1.9730732283464567
20
1.3945652362204723
11
1.9724971653543306
21
1.3945085039370078
0
LINE
8
BLACK
6
CONTINUOUS
10
1.9724971653543306
20
1.3945085039370078
11
1.9649981102362204
21
1.3945085039370078
0
LINE
8
BLACK
6
CONTINUOUS
10
1.9649981102362204
20
1.3945085039370078
11
1.9644220472440945
21
1.3945652362204723
0
LINE
8
BLACK
6
CONTINUOUS
10
1.9644220472440945
20
1.3945652362204723
11
1.9643240551181103
21
1.3946058267716535
0
LINE
8
BLACK
6
CONTINUOUS
10
1.9643240551181103
20
1.3946058267716535
11
1.9642181889763779
21
1.3946133464566928
0
LINE
8
BLACK
6
CONTINUOUS
10
1.9642181889763779
20
1.3946133464566928
11
1.9636775984251968
21
1.3948202362204725
0
LINE
8
BLACK
6
CONTINUOUS
10
1.9636775984251968
20
1.3948202362204725
11
1.9599280708661417
21
1.396695
0
LINE
8
BLACK
6
CONTINUOUS
10
1.9599280708661417
20
1.396695
11
1.9596800393700786
21
1.3968511023622048
0
LINE
8
BLACK
6
CONTINUOUS
10
1.9596800393700786
20
1.3968511023622048
11
1.9596081102362204
21
1.396880905511811
0
LINE
8
BLACK
6
CONTINUOUS
10
1.9596081102362204
20
1.396880905511811
11
1.9595271259842519
21
1.3969473622047244
0
LINE
8
BLACK
6
CONTINUOUS
10
1.9595271259842519
20
1.3969473622047244
11
1.9594381889763779
21
1.3970033464566929
0
LINE
8
BLACK
6
CONTINUOUS
10
1.9594381889763779
20
1.3970033464566929
11
1.9593869685039369
21
1.3970624015748032
0
LINE
8
BLACK
6
CONTINUOUS
10
1.9593869685039369
20
1.3970624015748032
11
1.9591606299212598
21
1.3972481496062992
0
LINE
8
BLACK
6
CONTINUOUS
10
1.9591606299212598
20
1.3972481496062992
11
1.9572858661417323
21
1.3991229527559055
0
LINE
8
BLACK
6
CONTINUOUS
10
1.9572858661417323
20
1.3991229527559055
11
1.9571001181102361
21
1.3993492913385825
0
LINE
8
BLACK
6
CONTINUOUS
10
1.9571001181102361
20
1.3993492913385825
11
1.9570411417322835
21
1.399400433070866
0
LINE
8
BLACK
6
CONTINUOUS
10
1.9570411417322835
20
1.399400433070866
11
1.956985157480315
21
1.3994893700787401
0
LINE
8
BLACK
6
CONTINUOUS
10
1.956985157480315
20
1.3994893700787401
11
1.9569186614173228
21
1.3995703937007873
0
LINE
8
BLACK
6
CONTINUOUS
10
1.9569186614173228
20
1.3995703937007873
11
1.9568888188976377
21
1.3996424409448818
0
LINE
8
BLACK
6
CONTINUOUS
10
1.9568888188976377
20
1.3996424409448818
11
1.9567327952755904
21
1.3998903149606299
0
LINE
8
BLACK
6
CONTINUOUS
10
1.9567327952755904
20
1.3998903149606299
11
1.9548580314960629
21
1.403639842519685
0
LINE
8
BLACK
6
CONTINUOUS
10
1.9548580314960629
20
1.403639842519685
11
1.9546511417322834
21
1.4041804724409448
0
LINE
8
BLACK
6
CONTINUOUS
10
1.9546511417322834
20
1.4041804724409448
11
1.9546436220472441
21
1.4042862992125984
0
LINE
8
BLACK
6
CONTINUOUS
10
1.9546436220472441
20
1.4042862992125984
11
1.954603031496063
21
1.4043842913385827
0
LINE
8
BLACK
6
CONTINUOUS
10
1.954603031496063
20
1.4043842913385827
11
1.9545462992125984
21
1.4049603543307085
0
LINE
8
BLACK
6
CONTINUOUS
10
1.9545462992125984
20
1.4049603543307085
11
1.9545462992125984
21
1.4368313385826772
0
LINE
8
BLACK
6
CONTINUOUS
10
1.9545462992125984
20
1.4368313385826772
11
1.954603031496063
21
1.4374074015748031
0
LINE
8
BLACK
6
CONTINUOUS
10
1.954603031496063
20
1.4374074015748031
11
1.955043937007874
21
1.4384718110236221
0
LINE
8
BLACK
6
CONTINUOUS
10
1.955043937007874
20
1.4384718110236221
11
1.9558585826771653
21
1.4392864566929133
0
LINE
8
BLACK
6
CONTINUOUS
10
1.9558585826771653
20
1.4392864566929133
11
1.9569229921259843
21
1.4397273622047244
0
LINE
8
BLACK
6
CONTINUOUS
10
1.9569229921259843
20
1.4397273622047244
11
1.9580751181102363
21
1.4397273622047244
0
LINE
8
BLACK
6
CONTINUOUS
10
1.9580751181102363
20
1.4397273622047244
11
1.9591395275590551
21
1.4392864566929133
0
LINE
8
BLACK
6
CONTINUOUS
10
2.3870839763779528
20
1.4427543700787402
11
2.3872637795275589
21
1.4418503937007874
0
LINE
8
BLACK
6
CONTINUOUS
10
2.3872637795275589
20
1.4418503937007874
11
2.3872637795275589
21
1.4118503937007874
0
LINE
8
BLACK
6
CONTINUOUS
10
2.3872637795275589
20
1.4118503937007874
11
2.3870839763779528
21
1.4109464173228345
0
LINE
8
BLACK
6
CONTINUOUS
10
2.3870839763779528
20
1.4109464173228345
11
2.3858055511811025
21
1.4096679921259843
0
LINE
8
BLACK
6
CONTINUOUS
10
2.3858055511811025
20
1.4096679921259843
11
2.3839975984251969
21
1.4096679921259843
0
LINE
8
BLACK
6
CONTINUOUS
10
2.3839975984251969
20
1.4096679921259843
11
2.3827191732283466
21
1.4109464173228345
0
LINE
8
BLACK
6
CONTINUOUS
10
2.3827191732283466
20
1.4109464173228345
11
2.3825393700787401
21
1.4118503937007874
0
LINE
8
BLACK
6
CONTINUOUS
10
2.3825393700787401
20
1.4118503937007874
11
2.3825393700787401
21
1.4418503937007874
0
LINE
8
BLACK
6
CONTINUOUS
10
2.3825393700787401
20
1.4418503937007874
11
2.3827191732283466
21
1.4427543700787402
0
LINE
8
BLACK
6
CONTINUOUS
10
2.3827191732283466
20
1.4427543700787402
11
2.3839975984251969
21
1.4440327952755905
0
LINE
8
BLACK
6
CONTINUOUS
10
2.3839975984251969
20
1.4440327952755905
11
2.3858055511811025
21
1.4440327952755905
0
LINE
8
BLACK
6
CONTINUOUS
10
2.3858055511811025
20
1.4440327952755905
11
2.3870839763779528
21
1.4427543700787402
0
LINE
8
BLACK
6
CONTINUOUS
10
2.4470839763779528
20
1.4427543700787402
11
2.4472637795275589
21
1.4418503937007874
0
LINE
8
BLACK
6
CONTINUOUS
10
2.4472637795275589
20
1.4418503937007874
11
2.4472637795275589
21
1.4118503937007874
0
LINE
8
BLACK
6
CONTINUOUS
10
2.4472637795275589
20
1.4118503937007874
11
2.4470839763779528
21
1.4109464173228345
0
LINE
8
BLACK
6
CONTINUOUS
10
2.4470839763779528
20
1.4109464173228345
11
2.4458055511811021
21
1.4096679921259843
0
LINE
8
BLACK
6
CONTINUOUS
10
2.4458055511811021
20
1.4096679921259843
11
2.4439975984251969
21
1.4096679921259843
0
LINE
8
BLACK
6
CONTINUOUS
10
2.4439975984251969
20
1.4096679921259843
11
2.4427191732283462
21
1.4109464173228345
0
LINE
8
BLACK
6
CONTINUOUS
10
2.4427191732283462
20
1.4109464173228345
11
2.4425393700787401
21
1.4118503937007874
0
LINE
8
BLACK
6
CONTINUOUS
10
2.4425393700787401
20
1.4118503937007874
11
2.4425393700787401
21
1.4418503937007874
0
LINE
8
BLACK
6
CONTINUOUS
10
2.4425393700787401
20
1.4418503937007874
11
2.4427191732283462
21
1.4427543700787402
0
LINE
8
BLACK
6
CONTINUOUS
10
2.4427191732283462
20
1.4427543700787402
11
2.4439975984251969
21
1.4440327952755905
0
LINE
8
BLACK
6
CONTINUOUS
10
2.4439975984251969
20
1.4440327952755905
11
2.4458055511811021
21
1.4440327952755905
0
LINE
8
BLACK
6
CONTINUOUS
10
2.4458055511811021
20
1.4440327952755905
11
2.4470839763779528
21
1.4427543700787402
0
LINE
8
BLACK
6
CONTINUOUS
10
2.0705760629921262
20
1.4208127559055117
11
2.071640472440945
21
1.4203718503937008
0
LINE
8
BLACK
6
CONTINUOUS
10
2.071640472440945
20
1.4203718503937008
11
2.072455118110236
21
1.4195572047244094
0
LINE
8
BLACK
6
CONTINUOUS
10
2.072455118110236
20
1.4195572047244094
11
2.0728960236220471
21
1.4184927952755906
0
LINE
8
BLACK
6
CONTINUOUS
10
2.0728960236220471
20
1.4184927952755906
11
2.0728960236220471
21
1.4173406692913386
0
LINE
8
BLACK
6
CONTINUOUS
10
2.0728960236220471
20
1.4173406692913386
11
2.072455118110236
21
1.4162762598425196
0
LINE
8
BLACK
6
CONTINUOUS
10
2.072455118110236
20
1.4162762598425196
11
2.071640472440945
21
1.4154616141732284
0
LINE
8
BLACK
6
CONTINUOUS
10
2.071640472440945
20
1.4154616141732284
11
2.0705760629921262
21
1.4150207086614173
0
LINE
8
BLACK
6
CONTINUOUS
10
2.0705760629921262
20
1.4150207086614173
11
2.0699999999999998
21
1.4149639763779527
0
LINE
8
BLACK
6
CONTINUOUS
10
2.0699999999999998
20
1.4149639763779527
11
2.0099999999999998
21
1.4149639763779527
0
LINE
8
BLACK
6
CONTINUOUS
10
2.0099999999999998
20
1.4149639763779527
11
2.0094239370078739
21
1.4150207086614173
0
LINE
8
BLACK
6
CONTINUOUS
10
2.0094239370078739
20
1.4150207086614173
11
2.0083595275590551
21
1.4154616141732284
0
LINE
8
BLACK
6
CONTINUOUS
10
2.0083595275590551
20
1.4154616141732284
11
2.0075448818897637
21
1.4162762598425196
0
LINE
8
BLACK
6
CONTINUOUS
10
2.0075448818897637
20
1.4162762598425196
11
2.0071039763779526
21
1.4173406692913386
0
LINE
8
BLACK
6
CONTINUOUS
10
2.0071039763779526
20
1.4173406692913386
11
2.0071039763779526
21
1.4184927952755906
0
LINE
8
BLACK
6
CONTINUOUS
10
2.0071039763779526
20
1.4184927952755906
11
2.0075448818897637
21
1.4195572047244094
0
LINE
8
BLACK
6
CONTINUOUS
10
2.0075448818897637
20
1.4195572047244094
11
2.0083595275590551
21
1.4203718503937008
0
LINE
8
BLACK
6
CONTINUOUS
10
2.0083595275590551
20
1.4203718503937008
11
2.0094239370078739
21
1.4208127559055117
0
LINE
8
BLACK
6
CONTINUOUS
10
2.0094239370078739
20
1.4208127559055117
11
2.0099999999999998
21
1.4208694881889763
0
LINE
8
BLACK
6
CONTINUOUS
10
2.0099999999999998
20
1.4208694881889763
11
2.0699999999999998
21
1.4208694881889763
0
LINE
8
BLACK
6
CONTINUOUS
10
2.0699999999999998
20
1.4208694881889763
11
2.0705760629921262
21
1.4208127559055117
0
LINE
8
BLACK
6
CONTINUOUS
10
1.8564157874015748
20
1.4510144881889764
11
1.8576942125984253
21
1.4497360629921259
0
LINE
8
BLACK
6
CONTINUOUS
10
1.8576942125984253
20
1.4497360629921259
11
1.8578740157480313
21
1.4488320866141733
0
LINE
8
BLACK
6
CONTINUOUS
10
1.8578740157480313
20
1.4488320866141733
11
1.8578740157480313
21
1.4452887795275591
0
LINE
8
BLACK
6
CONTINUOUS
10
1.8578740157480313
20
1.4452887795275591
11
2.0421259842519683
21
1.4452887795275591
0
LINE
8
BLACK
6
CONTINUOUS
10
2.0421259842519683
20
1.4452887795275591
11
2.0421259842519683
21
1.4488320866141733
0
LINE
8
BLACK
6
CONTINUOUS
10
2.0421259842519683
20
1.4488320866141733
11
2.0423057874015749
21
1.4497360629921259
0
LINE
8
BLACK
6
CONTINUOUS
10
2.0423057874015749
20
1.4497360629921259
11
2.0435842125984252
21
1.4510144881889764
0
LINE
8
BLACK
6
CONTINUOUS
10
2.0435842125984252
20
1.4510144881889764
11
2.0453921653543308
21
1.4510144881889764
0
LINE
8
BLACK
6
CONTINUOUS
10
2.0453921653543308
20
1.4510144881889764
11
2.0466705905511811
21
1.4497360629921259
0
LINE
8
BLACK
6
CONTINUOUS
10
2.0466705905511811
20
1.4497360629921259
11
2.0468503937007871
21
1.4488320866141733
0
LINE
8
BLACK
6
CONTINUOUS
10
2.0468503937007871
20
1.4488320866141733
11
2.0468503937007871
21
1.4429265748031497
0
LINE
8
BLACK
6
CONTINUOUS
10
2.0468503937007871
20
1.4429265748031497
11
2.0466705905511811
21
1.4420225984251969
0
LINE
8
BLACK
6
CONTINUOUS
10
2.0466705905511811
20
1.4420225984251969
11
2.0453921653543308
21
1.4407441732283464
0
LINE
8
BLACK
6
CONTINUOUS
10
2.0453921653543308
20
1.4407441732283464
11
2.044488188976378
21
1.4405643700787401
0
LINE
8
BLACK
6
CONTINUOUS
10
2.044488188976378
20
1.4405643700787401
11
1.8555118110236219
21
1.4405643700787401
0
LINE
8
BLACK
6
CONTINUOUS
10
1.8555118110236219
20
1.4405643700787401
11
1.8546078346456691
21
1.4407441732283464
0
LINE
8
BLACK
6
CONTINUOUS
10
1.8546078346456691
20
1.4407441732283464
11
1.8533294094488189
21
1.4420225984251969
0
LINE
8
BLACK
6
CONTINUOUS
10
1.8533294094488189
20
1.4420225984251969
11
1.8531496062992125
21
1.4429265748031497
0
LINE
8
BLACK
6
CONTINUOUS
10
1.8531496062992125
20
1.4429265748031497
11
1.8531496062992125
21
1.4464698818897637
0
LINE
8
BLACK
6
CONTINUOUS
10
1.8531496062992125
20
1.4464698818897637
11
1.7885826771653544
21
1.4464698818897637
0
LINE
8
BLACK
6
CONTINUOUS
10
1.7885826771653544
20
1.4464698818897637
11
1.7876787007874015
21
1.44664968503937
0
LINE
8
BLACK
6
CONTINUOUS
10
1.7876787007874015
20
1.44664968503937
11
1.786400275590551
21
1.4479281102362205
0
LINE
8
BLACK
6
CONTINUOUS
10
1.786400275590551
20
1.4479281102362205
11
1.786400275590551
21
1.4497360629921259
0
LINE
8
BLACK
6
CONTINUOUS
10
1.786400275590551
20
1.4497360629921259
11
1.7876787007874015
21
1.4510144881889764
0
LINE
8
BLACK
6
CONTINUOUS
10
1.7876787007874015
20
1.4510144881889764
11
1.7885826771653544
21
1.4511942913385827
0
LINE
8
BLACK
6
CONTINUOUS
10
1.7885826771653544
20
1.4511942913385827
11
1.8555118110236219
21
1.4511942913385827
0
LINE
8
BLACK
6
CONTINUOUS
10
1.8555118110236219
20
1.4511942913385827
11
1.8564157874015748
21
1.4510144881889764
0
LINE
8
BLACK
6
CONTINUOUS
10
2.4454776377952756
20
1.4897464173228345
11
2.4465420472440944
21
1.4893055118110237
0
LINE
8
BLACK
6
CONTINUOUS
10
2.4465420472440944
20
1.4893055118110237
11
2.4473566929133859
21
1.4884908661417322
0
LINE
8
BLACK
6
CONTINUOUS
10
2.4473566929133859
20
1.4884908661417322
11
2.447797598425197
21
1.4874264566929134
0
LINE
8
BLACK
6
CONTINUOUS
10
2.447797598425197
20
1.4874264566929134
11
2.447797598425197
21
1.4862743307086614
0
LINE
8
BLACK
6
CONTINUOUS
10
2.447797598425197
20
1.4862743307086614
11
2.4473566929133859
21
1.4852099212598424
0
LINE
8
BLACK
6
CONTINUOUS
10
2.4473566929133859
20
1.4852099212598424
11
2.4465420472440944
21
1.4843952755905512
0
LINE
8
BLACK
6
CONTINUOUS
10
2.4465420472440944
20
1.4843952755905512
11
2.4454776377952756
21
1.4839543700787401
0
LINE
8
BLACK
6
CONTINUOUS
10
2.4454776377952756
20
1.4839543700787401
11
2.4449015748031497
21
1.4838976377952755
0
LINE
8
BLACK
6
CONTINUOUS
10
2.4449015748031497
20
1.4838976377952755
11
2.3849015748031497
21
1.4838976377952755
0
LINE
8
BLACK
6
CONTINUOUS
10
2.3849015748031497
20
1.4838976377952755
11
2.3843255118110234
21
1.4839543700787401
0
LINE
8
BLACK
6
CONTINUOUS
10
2.3843255118110234
20
1.4839543700787401
11
2.3832611023622046
21
1.4843952755905512
0
LINE
8
BLACK
6
CONTINUOUS
10
2.3832611023622046
20
1.4843952755905512
11
2.3824464566929136
21
1.4852099212598424
0
LINE
8
BLACK
6
CONTINUOUS
10
2.3824464566929136
20
1.4852099212598424
11
2.3820055511811025
21
1.4862743307086614
0
LINE
8
BLACK
6
CONTINUOUS
10
2.3820055511811025
20
1.4862743307086614
11
2.3820055511811025
21
1.4874264566929134
0
LINE
8
BLACK
6
CONTINUOUS
10
2.3820055511811025
20
1.4874264566929134
11
2.3824464566929136
21
1.4884908661417322
0
LINE
8
BLACK
6
CONTINUOUS
10
2.3824464566929136
20
1.4884908661417322
11
2.3832611023622046
21
1.4893055118110237
0
LINE
8
BLACK
6
CONTINUOUS
10
2.3832611023622046
20
1.4893055118110237
11
2.3843255118110234
21
1.4897464173228345
0
LINE
8
BLACK
6
CONTINUOUS
10
2.3843255118110234
20
1.4897464173228345
11
2.3849015748031497
21
1.4898031496062991
0
LINE
8
BLACK
6
CONTINUOUS
10
2.3849015748031497
20
1.4898031496062991
11
2.4449015748031497
21
1.4898031496062991
0
LINE
8
BLACK
6
CONTINUOUS
10
2.4449015748031497
20
1.4898031496062991
11
2.4454776377952756
21
1.4897464173228345
0
LINE
8
BLACK
6
CONTINUOUS
10
2.0453921653543308
20
1.6025892913385826
11
2.0466705905511811
21
1.6013108661417323
0
LINE
8
BLACK
6
CONTINUOUS
10
2.0466705905511811
20
1.6013108661417323
11
2.0468503937007871
21
1.6004068897637795
0
LINE
8
BLACK
6
CONTINUOUS
10
2.0468503937007871
20
1.6004068897637795
11
2.0468503937007871
21
1.5945013779527559
0
LINE
8
BLACK
6
CONTINUOUS
10
2.0468503937007871
20
1.5945013779527559
11
2.0466705905511811
21
1.5935974015748031
0
LINE
8
BLACK
6
CONTINUOUS
10
2.0466705905511811
20
1.5935974015748031
11
2.0453921653543308
21
1.5923189763779526
0
LINE
8
BLACK
6
CONTINUOUS
10
2.0453921653543308
20
1.5923189763779526
11
2.0435842125984252
21
1.5923189763779526
0
LINE
8
BLACK
6
CONTINUOUS
10
2.0435842125984252
20
1.5923189763779526
11
2.0423057874015749
21
1.5935974015748031
0
LINE
8
BLACK
6
CONTINUOUS
10
2.0423057874015749
20
1.5935974015748031
11
2.0421259842519683
21
1.5945013779527559
0
LINE
8
BLACK
6
CONTINUOUS
10
2.0421259842519683
20
1.5945013779527559
11
2.0421259842519683
21
1.5980446850393701
0
LINE
8
BLACK
6
CONTINUOUS
10
2.0421259842519683
20
1.5980446850393701
11
1.8578740157480313
21
1.5980446850393701
0
LINE
8
BLACK
6
CONTINUOUS
10
1.8578740157480313
20
1.5980446850393701
11
1.8578740157480313
21
1.5945013779527559
0
LINE
8
BLACK
6
CONTINUOUS
10
1.8578740157480313
20
1.5945013779527559
11
1.8576942125984253
21
1.5935974015748031
0
LINE
8
BLACK
6
CONTINUOUS
10
1.8576942125984253
20
1.5935974015748031
11
1.8564157874015748
21
1.5923189763779526
0
LINE
8
BLACK
6
CONTINUOUS
10
1.8564157874015748
20
1.5923189763779526
11
1.8546078346456691
21
1.5923189763779526
0
LINE
8
BLACK
6
CONTINUOUS
10
1.8546078346456691
20
1.5923189763779526
11
1.8533294094488189
21
1.5935974015748031
0
LINE
8
BLACK
6
CONTINUOUS
10
1.8533294094488189
20
1.5935974015748031
11
1.8531496062992125
21
1.5945013779527559
0
LINE
8
BLACK
6
CONTINUOUS
10
1.8531496062992125
20
1.5945013779527559
11
1.8531496062992125
21
1.6004068897637795
0
LINE
8
BLACK
6
CONTINUOUS
10
1.8531496062992125
20
1.6004068897637795
11
1.8533294094488189
21
1.6013108661417323
0
LINE
8
BLACK
6
CONTINUOUS
10
1.8533294094488189
20
1.6013108661417323
11
1.8546078346456691
21
1.6025892913385826
0
LINE
8
BLACK
6
CONTINUOUS
10
1.8546078346456691
20
1.6025892913385826
11
1.8555118110236219
21
1.6027690944881889
0
LINE
8
BLACK
6
CONTINUOUS
10
1.8555118110236219
20
1.6027690944881889
11
2.044488188976378
21
1.6027690944881889
0
LINE
8
BLACK
6
CONTINUOUS
10
2.044488188976378
20
1.6027690944881889
11
2.0453921653543308
21
1.6025892913385826
0
LINE
8
BLACK
6
CONTINUOUS
10
2.0705760629921262
20
1.7212294094488187
11
2.071640472440945
21
1.7207885039370079
0
LINE
8
BLACK
6
CONTINUOUS
10
2.071640472440945
20
1.7207885039370079
11
2.072455118110236
21
1.7199738582677164
0
LINE
8
BLACK
6
CONTINUOUS
10
2.072455118110236
20
1.7199738582677164
11
2.0728960236220471
21
1.7189094488188976
0
LINE
8
BLACK
6
CONTINUOUS
10
2.0728960236220471
20
1.7189094488188976
11
2.0728960236220471
21
1.7177573228346457
0
LINE
8
BLACK
6
CONTINUOUS
10
2.0728960236220471
20
1.7177573228346457
11
2.072455118110236
21
1.7166929133858266
0
LINE
8
BLACK
6
CONTINUOUS
10
2.072455118110236
20
1.7166929133858266
11
2.071640472440945
21
1.7158782677165354
0
LINE
8
BLACK
6
CONTINUOUS
10
2.071640472440945
20
1.7158782677165354
11
2.0705760629921262
21
1.7154373622047243
0
LINE
8
BLACK
6
CONTINUOUS
10
2.0705760629921262
20
1.7154373622047243
11
2.0699999999999998
21
1.7153806299212597
0
LINE
8
BLACK
6
CONTINUOUS
10
2.0699999999999998
20
1.7153806299212597
11
2.0099999999999998
21
1.7153806299212597
0
LINE
8
BLACK
6
CONTINUOUS
10
2.0099999999999998
20
1.7153806299212597
11
2.0094239370078739
21
1.7154373622047243
0
LINE
8
BLACK
6
CONTINUOUS
10
2.0094239370078739
20
1.7154373622047243
11
2.0083595275590551
21
1.7158782677165354
0
LINE
8
BLACK
6
CONTINUOUS
10
2.0083595275590551
20
1.7158782677165354
11
2.0075448818897637
21
1.7166929133858266
0
LINE
8
BLACK
6
CONTINUOUS
10
2.0075448818897637
20
1.7166929133858266
11
2.0071039763779526
21
1.7177573228346457
0
LINE
8
BLACK
6
CONTINUOUS
10
2.0071039763779526
20
1.7177573228346457
11
2.0071039763779526
21
1.7189094488188976
0
LINE
8
BLACK
6
CONTINUOUS
10
2.0071039763779526
20
1.7189094488188976
11
2.0075448818897637
21
1.7199738582677164
0
LINE
8
BLACK
6
CONTINUOUS
10
2.0075448818897637
20
1.7199738582677164
11
2.0083595275590551
21
1.7207885039370079
0
LINE
8
BLACK
6
CONTINUOUS
10
2.0083595275590551
20
1.7207885039370079
11
2.0094239370078739
21
1.7212294094488187
0
LINE
8
BLACK
6
CONTINUOUS
10
2.0094239370078739
20
1.7212294094488187
11
2.0099999999999998
21
1.7212861417322833
0
LINE
8
BLACK
6
CONTINUOUS
10
2.0099999999999998
20
1.7212861417322833
11
2.0699999999999998
21
1.7212861417322833
0
LINE
8
BLACK
6
CONTINUOUS
10
2.0699999999999998
20
1.7212861417322833
11
2.0705760629921262
21
1.7212294094488187
0
LINE
8
BLACK
6
CONTINUOUS
10
2.3601515748031496
20
1.7709280708661417
11
2.3618069685039371
21
1.7692726771653542
0
LINE
8
BLACK
6
CONTINUOUS
10
2.3618069685039371
20
1.7692726771653542
11
2.3627028740157479
21
1.7671098031496062
0
LINE
8
BLACK
6
CONTINUOUS
10
2.3627028740157479
20
1.7671098031496062
11
2.3628181496062992
21
1.765939251968504
0
LINE
8
BLACK
6
CONTINUOUS
10
2.3628181496062992
20
1.765939251968504
11
2.3628181496062992
21
1.7420190551181103
0
LINE
8
BLACK
6
CONTINUOUS
10
2.3628181496062992
20
1.7420190551181103
11
2.3757242519685038
21
1.7533118897637794
0
LINE
8
BLACK
6
CONTINUOUS
10
2.3757242519685038
20
1.7533118897637794
11
2.3762301968503938
21
1.753673622047244
0
LINE
8
BLACK
6
CONTINUOUS
10
2.3762301968503938
20
1.753673622047244
11
2.3763418503937008
21
1.7537852362204724
0
LINE
8
BLACK
6
CONTINUOUS
10
2.3763418503937008
20
1.7537852362204724
11
2.3764476771653542
21
1.7538290944881889
0
LINE
8
BLACK
6
CONTINUOUS
10
2.3764476771653542
20
1.7538290944881889
11
2.3766811023622045
21
1.7539959448818898
0
LINE
8
BLACK
6
CONTINUOUS
10
2.3766811023622045
20
1.7539959448818898
11
2.3776044094488187
21
1.7543082283464566
0
LINE
8
BLACK
6
CONTINUOUS
10
2.3776044094488187
20
1.7543082283464566
11
2.3785047244094488
21
1.7546811417322834
0
LINE
8
BLACK
6
CONTINUOUS
10
2.3785047244094488
20
1.7546811417322834
11
2.3787070472440943
21
1.7546811417322834
0
LINE
8
BLACK
6
CONTINUOUS
10
2.3787070472440943
20
1.7546811417322834
11
2.3788987795275589
21
1.7547459842519684
0
LINE
8
BLACK
6
CONTINUOUS
10
2.3788987795275589
20
1.7547459842519684
11
2.3798712992125983
21
1.7546811417322834
0
LINE
8
BLACK
6
CONTINUOUS
10
2.3798712992125983
20
1.7546811417322834
11
2.3808458267716537
21
1.7546811417322834
0
LINE
8
BLACK
6
CONTINUOUS
10
2.3808458267716537
20
1.7546811417322834
11
2.3810327559055118
21
1.7546037007874016
0
LINE
8
BLACK
6
CONTINUOUS
10
2.3810327559055118
20
1.7546037007874016
11
2.3812346850393702
21
1.7545902362204724
0
LINE
8
BLACK
6
CONTINUOUS
10
2.3812346850393702
20
1.7545902362204724
11
2.382108464566929
21
1.7541581496062992
0
LINE
8
BLACK
6
CONTINUOUS
10
2.382108464566929
20
1.7541581496062992
11
2.3830087007874017
21
1.7537852362204724
0
LINE
8
BLACK
6
CONTINUOUS
10
2.3830087007874017
20
1.7537852362204724
11
2.3831516929133856
21
1.7536422440944881
0
LINE
8
BLACK
6
CONTINUOUS
10
2.3831516929133856
20
1.7536422440944881
11
2.383333188976378
21
1.7535524803149607
0
LINE
8
BLACK
6
CONTINUOUS
10
2.383333188976378
20
1.7535524803149607
11
2.3839752755905512
21
1.7528186614173229
0
LINE
8
BLACK
6
CONTINUOUS
10
2.3839752755905512
20
1.7528186614173229
11
2.3846640944881887
21
1.752129842519685
0
LINE
8
BLACK
6
CONTINUOUS
10
2.3846640944881887
20
1.752129842519685
11
2.384741496062992
21
1.7519429921259841
0
LINE
8
BLACK
6
CONTINUOUS
10
2.384741496062992
20
1.7519429921259841
11
2.3848748031496063
21
1.7517906299212598
0
LINE
8
BLACK
6
CONTINUOUS
10
2.3848748031496063
20
1.7517906299212598
11
2.3851871259842521
21
1.7508670866141731
0
LINE
8
BLACK
6
CONTINUOUS
10
2.3851871259842521
20
1.7508670866141731
11
2.3855599999999999
21
1.749966968503937
0
LINE
8
BLACK
6
CONTINUOUS
10
2.3855599999999999
20
1.749966968503937
11
2.3855880708661417
21
1.7496816141732283
0
LINE
8
BLACK
6
CONTINUOUS
10
2.3855880708661417
20
1.7496816141732283
11
2.3856248425196851
21
1.7495729527559054
0
LINE
8
BLACK
6
CONTINUOUS
10
2.3856248425196851
20
1.7495729527559054
11
2.3856142913385825
21
1.74941531496063
0
LINE
8
BLACK
6
CONTINUOUS
10
2.3856142913385825
20
1.74941531496063
11
2.3856752755905513
21
1.7487964173228345
0
LINE
8
BLACK
6
CONTINUOUS
10
2.3856752755905513
20
1.7487964173228345
11
2.3856752755905513
21
1.7416414566929133
0
LINE
8
BLACK
6
CONTINUOUS
10
2.3856752755905513
20
1.7416414566929133
11
2.3874635826771655
21
1.7380648031496062
0
LINE
8
BLACK
6
CONTINUOUS
10
2.3874635826771655
20
1.7380648031496062
11
2.388943661417323
21
1.7365847244094488
0
LINE
8
BLACK
6
CONTINUOUS
10
2.388943661417323
20
1.7365847244094488
11
2.392520275590551
21
1.7347964173228345
0
LINE
8
BLACK
6
CONTINUOUS
10
2.392520275590551
20
1.7347964173228345
11
2.403973149606299
21
1.7347964173228345
0
LINE
8
BLACK
6
CONTINUOUS
10
2.403973149606299
20
1.7347964173228345
11
2.4075497244094488
21
1.7365847244094488
0
LINE
8
BLACK
6
CONTINUOUS
10
2.4075497244094488
20
1.7365847244094488
11
2.4090298818897637
21
1.738064842519685
0
LINE
8
BLACK
6
CONTINUOUS
10
2.4090298818897637
20
1.738064842519685
11
2.4108181496062993
21
1.741641377952756
0
LINE
8
BLACK
6
CONTINUOUS
10
2.4108181496062993
20
1.741641377952756
11
2.4108181496062993
21
1.7559514566929133
0
LINE
8
BLACK
6
CONTINUOUS
10
2.4108181496062993
20
1.7559514566929133
11
2.4090298818897637
21
1.7595279921259843
0
LINE
8
BLACK
6
CONTINUOUS
10
2.4090298818897637
20
1.7595279921259843
11
2.4068612598425196
21
1.7616965748031497
0
LINE
8
BLACK
6
CONTINUOUS
10
2.4068612598425196
20
1.7616965748031497
11
2.4061150393700785
21
1.7626057874015748
0
LINE
8
BLACK
6
CONTINUOUS
10
2.4061150393700785
20
1.7626057874015748
11
2.4052191338582678
21
1.7647686614173228
0
LINE
8
BLACK
6
CONTINUOUS
10
2.4052191338582678
20
1.7647686614173228
11
2.4052191338582678
21
1.7671097637795274
0
LINE
8
BLACK
6
CONTINUOUS
10
2.4052191338582678
20
1.7671097637795274
11
2.4061149999999998
21
1.7692726377952757
0
LINE
8
BLACK
6
CONTINUOUS
10
2.4061149999999998
20
1.7692726377952757
11
2.4077703937007873
21
1.7709280708661417
0
LINE
8
BLACK
6
CONTINUOUS
10
2.4077703937007873
20
1.7709280708661417
11
2.4099332677165353
21
1.7718239763779526
0
LINE
8
BLACK
6
CONTINUOUS
10
2.4099332677165353
20
1.7718239763779526
11
2.4122743700787401
21
1.7718239763779526
0
LINE
8
BLACK
6
CONTINUOUS
10
2.4122743700787401
20
1.7718239763779526
11
2.4144372440944881
21
1.7709281102362204
0
LINE
8
BLACK
6
CONTINUOUS
10
2.4144372440944881
20
1.7709281102362204
11
2.4153464566929133
21
1.7701819291338583
0
LINE
8
BLACK
6
CONTINUOUS
10
2.4153464566929133
20
1.7701819291338583
11
2.4182036614173228
21
1.7673248031496063
0
LINE
8
BLACK
6
CONTINUOUS
10
2.4182036614173228
20
1.7673248031496063
11
2.4185812598425196
21
1.7668646850393701
0
LINE
8
BLACK
6
CONTINUOUS
10
2.4185812598425196
20
1.7668646850393701
11
2.418701023622047
21
1.7667608267716535
0
LINE
8
BLACK
6
CONTINUOUS
10
2.418701023622047
20
1.7667608267716535
11
2.4188146062992124
21
1.7665803937007873
0
LINE
8
BLACK
6
CONTINUOUS
10
2.4188146062992124
20
1.7665803937007873
11
2.4189498425196851
21
1.7664155905511811
0
LINE
8
BLACK
6
CONTINUOUS
10
2.4189498425196851
20
1.7664155905511811
11
2.4190104724409447
21
1.7662692125984252
0
LINE
8
BLACK
6
CONTINUOUS
10
2.4190104724409447
20
1.7662692125984252
11
2.419327598425197
21
1.7657653937007873
0
LINE
8
BLACK
6
CONTINUOUS
10
2.419327598425197
20
1.7657653937007873
11
2.4221847244094485
21
1.7600511023622047
0
LINE
8
BLACK
6
CONTINUOUS
10
2.4221847244094485
20
1.7600511023622047
11
2.4226051181102362
21
1.758952559055118
0
LINE
8
BLACK
6
CONTINUOUS
10
2.4226051181102362
20
1.758952559055118
11
2.4226203937007873
21
1.7587375196850394
0
LINE
8
BLACK
6
CONTINUOUS
10
2.4226203937007873
20
1.7587375196850394
11
2.4227028740157479
21
1.7585383858267716
0
LINE
8
BLACK
6
CONTINUOUS
10
2.4227028740157479
20
1.7585383858267716
11
2.4228181496062993
21
1.7573678346456691
0
LINE
8
BLACK
6
CONTINUOUS
10
2.4228181496062993
20
1.7573678346456691
11
2.4228181496062993
21
1.7402249606299212
0
LINE
8
BLACK
6
CONTINUOUS
10
2.4228181496062993
20
1.7402249606299212
11
2.4227028740157479
21
1.7390544094488189
0
LINE
8
BLACK
6
CONTINUOUS
10
2.4227028740157479
20
1.7390544094488189
11
2.4226203937007873
21
1.7388553149606298
0
LINE
8
BLACK
6
CONTINUOUS
10
2.4226203937007873
20
1.7388553149606298
11
2.4226051181102362
21
1.7386402362204725
0
LINE
8
BLACK
6
CONTINUOUS
10
2.4226051181102362
20
1.7386402362204725
11
2.4221847244094485
21
1.7375416929133858
0
LINE
8
BLACK
6
CONTINUOUS
10
2.4221847244094485
20
1.7375416929133858
11
2.419327598425197
21
1.7318274015748032
0
LINE
8
BLACK
6
CONTINUOUS
10
2.419327598425197
20
1.7318274015748032
11
2.4190104724409447
21
1.7313236220472441
0
LINE
8
BLACK
6
CONTINUOUS
10
2.4190104724409447
20
1.7313236220472441
11
2.4189498425196851
21
1.7311772047244094
0
LINE
8
BLACK
6
CONTINUOUS
10
2.4189498425196851
20
1.7311772047244094
11
2.4188146062992124
21
1.7310124409448819
0
LINE
8
BLACK
6
CONTINUOUS
10
2.4188146062992124
20
1.7310124409448819
11
2.418701023622047
21
1.7308319685039371
0
LINE
8
BLACK
6
CONTINUOUS
10
2.418701023622047
20
1.7308319685039371
11
2.4185812598425196
21
1.7307281496062992
0
LINE
8
BLACK
6
CONTINUOUS
10
2.4185812598425196
20
1.7307281496062992
11
2.4182036614173228
21
1.7302679921259843
0
LINE
8
BLACK
6
CONTINUOUS
10
2.4182036614173228
20
1.7302679921259843
11
2.4153464566929133
21
1.7274108661417322
0
LINE
8
BLACK
6
CONTINUOUS
10
2.4153464566929133
20
1.7274108661417322
11
2.4148863385826771
21
1.7270333070866142
0
LINE
8
BLACK
6
CONTINUOUS
10
2.4148863385826771
20
1.7270333070866142
11
2.414782559055118
21
1.7269135826771653
0
LINE
8
BLACK
6
CONTINUOUS
10
2.414782559055118
20
1.7269135826771653
11
2.4146021259842518
21
1.7268000393700786
0
LINE
8
BLACK
6
CONTINUOUS
10
2.4146021259842518
20
1.7268000393700786
11
2.4144372440944881
21
1.7266646850393701
0
LINE
8
BLACK
6
CONTINUOUS
10
2.4144372440944881
20
1.7266646850393701
11
2.4142907874015749
21
1.7266040551181101
0
LINE
8
BLACK
6
CONTINUOUS
10
2.4142907874015749
20
1.7266040551181101
11
2.413787125984252
21
1.726286968503937
0
LINE
8
BLACK
6
CONTINUOUS
10
2.413787125984252
20
1.726286968503937
11
2.4080728346456692
21
1.723429842519685
0
LINE
8
BLACK
6
CONTINUOUS
10
2.4080728346456692
20
1.723429842519685
11
2.4069742913385825
21
1.7230094881889764
0
LINE
8
BLACK
6
CONTINUOUS
10
2.4069742913385825
20
1.7230094881889764
11
2.4067593307086614
21
1.722994251968504
0
LINE
8
BLACK
6
CONTINUOUS
10
2.4067593307086614
20
1.722994251968504
11
2.4065601181102361
21
1.7229116929133859
0
LINE
8
BLACK
6
CONTINUOUS
10
2.4065601181102361
20
1.7229116929133859
11
2.4053895669291339
21
1.7227964173228345
0
LINE
8
BLACK
6
CONTINUOUS
10
2.4053895669291339
20
1.7227964173228345
11
2.3911038582677167
21
1.7227964173228345
0
LINE
8
BLACK
6
CONTINUOUS
10
2.3911038582677167
20
1.7227964173228345
11
2.389933307086614
21
1.7229116929133859
0
LINE
8
BLACK
6
CONTINUOUS
10
2.389933307086614
20
1.7229116929133859
11
2.3897341732283466
21
1.7229941732283465
0
LINE
8
BLACK
6
CONTINUOUS
10
2.3897341732283466
20
1.7229941732283465
11
2.3895191338582675
21
1.7230094488188976
0
LINE
8
BLACK
6
CONTINUOUS
10
2.3895191338582675
20
1.7230094488188976
11
2.3884205905511808
21
1.723429842519685
0
LINE
8
BLACK
6
CONTINUOUS
10
2.3884205905511808
20
1.723429842519685
11
2.3827062992125985
21
1.726286968503937
0
LINE
8
BLACK
6
CONTINUOUS
10
2.3827062992125985
20
1.726286968503937
11
2.3822024015748031
21
1.7266041338582676
0
LINE
8
BLACK
6
CONTINUOUS
10
2.3822024015748031
20
1.7266041338582676
11
2.3820561417322832
21
1.7266647244094488
0
LINE
8
BLACK
6
CONTINUOUS
10
2.3820561417322832
20
1.7266647244094488
11
2.381891496062992
21
1.7267998425196851
0
LINE
8
BLACK
6
CONTINUOUS
10
2.381891496062992
20
1.7267998425196851
11
2.3817108661417321
21
1.7269135433070866
0
LINE
8
BLACK
6
CONTINUOUS
10
2.3817108661417321
20
1.7269135433070866
11
2.3816068897637797
21
1.7270334251968504
0
LINE
8
BLACK
6
CONTINUOUS
10
2.3816068897637797
20
1.7270334251968504
11
2.3811469291338581
21
1.727410905511811
0
LINE
8
BLACK
6
CONTINUOUS
10
2.3811469291338581
20
1.727410905511811
11
2.378289803149606
21
1.730268031496063
0
LINE
8
BLACK
6
CONTINUOUS
10
2.378289803149606
20
1.730268031496063
11
2.3779121653543305
21
1.7307281496062992
0
LINE
8
BLACK
6
CONTINUOUS
10
2.3779121653543305
20
1.7307281496062992
11
2.3777924803149606
21
1.7308319685039371
0
LINE
8
BLACK
6
CONTINUOUS
10
2.3777924803149606
20
1.7308319685039371
11
2.3776788188976377
21
1.7310124803149607
0
LINE
8
BLACK
6
CONTINUOUS
10
2.3776788188976377
20
1.7310124803149607
11
2.3775436220472441
21
1.7311772440944881
0
LINE
8
BLACK
6
CONTINUOUS
10
2.3775436220472441
20
1.7311772440944881
11
2.3774829921259841
21
1.7313235826771654
0
LINE
8
BLACK
6
CONTINUOUS
10
2.3774829921259841
20
1.7313235826771654
11
2.3771658661417323
21
1.7318273622047244
0
LINE
8
BLACK
6
CONTINUOUS
10
2.3771658661417323
20
1.7318273622047244
11
2.3748003543307088
21
1.7365583070866142
0
LINE
8
BLACK
6
CONTINUOUS
10
2.3748003543307088
20
1.7365583070866142
11
2.3607691732283462
21
1.7242809448818897
0
LINE
8
BLACK
6
CONTINUOUS
10
2.3607691732283462
20
1.7242809448818897
11
2.3602631889763779
21
1.7239192519685038
0
LINE
8
BLACK
6
CONTINUOUS
10
2.3602631889763779
20
1.7239192519685038
11
2.3601515748031496
21
1.7238075984251968
0
LINE
8
BLACK
6
CONTINUOUS
10
2.3601515748031496
20
1.7238075984251968
11
2.3600457086614171
21
1.7237637795275591
0
LINE
8
BLACK
6
CONTINUOUS
10
2.3600457086614171
20
1.7237637795275591
11
2.3598123228346455
21
1.7235968897637794
0
LINE
8
BLACK
6
CONTINUOUS
10
2.3598123228346455
20
1.7235968897637794
11
2.3588891732283463
21
1.7232847244094487
0
LINE
8
BLACK
6
CONTINUOUS
10
2.3588891732283463
20
1.7232847244094487
11
2.3579887007874016
21
1.7229116929133859
0
LINE
8
BLACK
6
CONTINUOUS
10
2.3579887007874016
20
1.7229116929133859
11
2.3577862598425194
21
1.7229116929133859
0
LINE
8
BLACK
6
CONTINUOUS
10
2.3577862598425194
20
1.7229116929133859
11
2.3575946456692911
21
1.7228468897637794
0
LINE
8
BLACK
6
CONTINUOUS
10
2.3575946456692911
20
1.7228468897637794
11
2.3566224803149605
21
1.7229116929133859
0
LINE
8
BLACK
6
CONTINUOUS
10
2.3566224803149605
20
1.7229116929133859
11
2.3556475984251968
21
1.7229116929133859
0
LINE
8
BLACK
6
CONTINUOUS
10
2.3556475984251968
20
1.7229116929133859
11
2.3554605905511812
21
1.7229891732283464
0
LINE
8
BLACK
6
CONTINUOUS
10
2.3554605905511812
20
1.7229891732283464
11
2.3552587401574803
21
1.7230025984251969
0
LINE
8
BLACK
6
CONTINUOUS
10
2.3552587401574803
20
1.7230025984251969
11
2.3543850393700785
21
1.72343468503937
0
LINE
8
BLACK
6
CONTINUOUS
10
2.3543850393700785
20
1.72343468503937
11
2.3534847244094488
21
1.7238075984251968
0
LINE
8
BLACK
6
CONTINUOUS
10
2.3534847244094488
20
1.7238075984251968
11
2.3533416535433069
21
1.7239506692913384
0
LINE
8
BLACK
6
CONTINUOUS
10
2.3533416535433069
20
1.7239506692913384
11
2.3531602755905512
21
1.7240403543307086
0
LINE
8
BLACK
6
CONTINUOUS
10
2.3531602755905512
20
1.7240403543307086
11
2.3525184251968505
21
1.7247738976377953
0
LINE
8
BLACK
6
CONTINUOUS
10
2.3525184251968505
20
1.7247738976377953
11
2.3518293307086613
21
1.7254629921259843
0
LINE
8
BLACK
6
CONTINUOUS
10
2.3518293307086613
20
1.7254629921259843
11
2.3517518897637797
21
1.7256499606299212
0
LINE
8
BLACK
6
CONTINUOUS
10
2.3517518897637797
20
1.7256499606299212
11
2.3516186220472441
21
1.7258022440944882
0
LINE
8
BLACK
6
CONTINUOUS
10
2.3516186220472441
20
1.7258022440944882
11
2.3513064173228346
21
1.7267253937007874
0
LINE
8
BLACK
6
CONTINUOUS
10
2.3513064173228346
20
1.7267253937007874
11
2.3509334251968506
21
1.7276258661417323
0
LINE
8
BLACK
6
CONTINUOUS
10
2.3509334251968506
20
1.7276258661417323
11
2.3509052755905513
21
1.727911496062992
0
LINE
8
BLACK
6
CONTINUOUS
10
2.3509052755905513
20
1.727911496062992
11
2.3508686220472441
21
1.7280199212598424
0
LINE
8
BLACK
6
CONTINUOUS
10
2.3508686220472441
20
1.7280199212598424
11
2.3508790944881888
21
1.7281773622047243
0
LINE
8
BLACK
6
CONTINUOUS
10
2.3508790944881888
20
1.7281773622047243
11
2.3508181496062992
21
1.7287964173228345
0
LINE
8
BLACK
6
CONTINUOUS
10
2.3508181496062992
20
1.7287964173228345
11
2.3508181496062992
21
1.765939251968504
0
LINE
8
BLACK
6
CONTINUOUS
10
2.3508181496062992
20
1.765939251968504
11
2.3509334251968506
21
1.7671098031496062
0
LINE
8
BLACK
6
CONTINUOUS
10
2.3509334251968506
20
1.7671098031496062
11
2.3518293307086613
21
1.7692726771653542
0
LINE
8
BLACK
6
CONTINUOUS
10
2.3518293307086613
20
1.7692726771653542
11
2.3534847244094488
21
1.7709280708661417
0
LINE
8
BLACK
6
CONTINUOUS
10
2.3534847244094488
20
1.7709280708661417
11
2.3556475984251968
21
1.7718239763779526
0
LINE
8
BLACK
6
CONTINUOUS
10
2.3556475984251968
20
1.7718239763779526
11
2.3579887007874016
21
1.7718239763779526
0
LINE
8
BLACK
6
CONTINUOUS
10
2.3579887007874016
20
1.7718239763779526
11
2.3601515748031496
21
1.7709280708661417
0
LINE
8
BLACK
6
CONTINUOUS
10
2.6411363385826769
20
1.7688690551181101
11
2.6432302755905512
21
1.7678220866141732
0
LINE
8
BLACK
6
CONTINUOUS
10
2.6432302755905512
20
1.7678220866141732
11
2.6447641732283462
21
1.7660535039370078
0
LINE
8
BLACK
6
CONTINUOUS
10
2.6447641732283462
20
1.7660535039370078
11
2.6455044488188975
21
1.763832559055118
0
LINE
8
BLACK
6
CONTINUOUS
10
2.6455044488188975
20
1.763832559055118
11
2.6453385039370079
21
1.7614973622047243
0
LINE
8
BLACK
6
CONTINUOUS
10
2.6453385039370079
20
1.7614973622047243
11
2.644918149606299
21
1.7603988188976378
0
LINE
8
BLACK
6
CONTINUOUS
10
2.644918149606299
20
1.7603988188976378
11
2.6420609842519682
21
1.754684527559055
0
LINE
8
BLACK
6
CONTINUOUS
10
2.6420609842519682
20
1.754684527559055
11
2.6417438188976377
21
1.7541807480314959
0
LINE
8
BLACK
6
CONTINUOUS
10
2.6417438188976377
20
1.7541807480314959
11
2.6416832283464564
21
1.7540344094488189
0
LINE
8
BLACK
6
CONTINUOUS
10
2.6416832283464564
20
1.7540344094488189
11
2.6415479921259841
21
1.7538696456692913
0
LINE
8
BLACK
6
CONTINUOUS
10
2.6415479921259841
20
1.7538696456692913
11
2.6414343700787399
21
1.7536891338582676
0
LINE
8
BLACK
6
CONTINUOUS
10
2.6414343700787399
20
1.7536891338582676
11
2.6413146456692913
21
1.75358531496063
0
LINE
8
BLACK
6
CONTINUOUS
10
2.6413146456692913
20
1.75358531496063
11
2.6409370472440945
21
1.7531251968503936
0
LINE
8
BLACK
6
CONTINUOUS
10
2.6409370472440945
20
1.7531251968503936
11
2.6397511023622044
21
1.751939251968504
0
LINE
8
BLACK
6
CONTINUOUS
10
2.6397511023622044
20
1.751939251968504
11
2.6764087007874013
21
1.751939251968504
0
LINE
8
BLACK
6
CONTINUOUS
10
2.6764087007874013
20
1.751939251968504
11
2.6764087007874013
21
1.763082125984252
0
LINE
8
BLACK
6
CONTINUOUS
10
2.6764087007874013
20
1.763082125984252
11
2.6765239763779527
21
1.7642526771653544
0
LINE
8
BLACK
6
CONTINUOUS
10
2.6765239763779527
20
1.7642526771653544
11
2.6774198818897639
21
1.7664155511811024
0
LINE
8
BLACK
6
CONTINUOUS
10
2.6774198818897639
20
1.7664155511811024
11
2.6790752755905509
21
1.7680709448818897
0
LINE
8
BLACK
6
CONTINUOUS
10
2.6790752755905509
20
1.7680709448818897
11
2.6812381496062994
21
1.7689668503937008
0
LINE
8
BLACK
6
CONTINUOUS
10
2.6812381496062994
20
1.7689668503937008
11
2.6835792519685038
21
1.7689668503937008
0
LINE
8
BLACK
6
CONTINUOUS
10
2.6835792519685038
20
1.7689668503937008
11
2.6857421259842518
21
1.7680709448818897
0
LINE
8
BLACK
6
CONTINUOUS
10
2.6857421259842518
20
1.7680709448818897
11
2.6873975196850393
21
1.7664155511811024
0
LINE
8
BLACK
6
CONTINUOUS
10
2.6873975196850393
20
1.7664155511811024
11
2.6882934251968504
21
1.7642526771653544
0
LINE
8
BLACK
6
CONTINUOUS
10
2.6882934251968504
20
1.7642526771653544
11
2.6884087007874014
21
1.763082125984252
0
LINE
8
BLACK
6
CONTINUOUS
10
2.6884087007874014
20
1.763082125984252
11
2.6884087007874014
21
1.7287964173228345
0
LINE
8
BLACK
6
CONTINUOUS
10
2.6884087007874014
20
1.7287964173228345
11
2.6882934251968504
21
1.7276258661417323
0
LINE
8
BLACK
6
CONTINUOUS
10
2.6882934251968504
20
1.7276258661417323
11
2.6873975196850393
21
1.7254629921259843
0
LINE
8
BLACK
6
CONTINUOUS
10
2.6873975196850393
20
1.7254629921259843
11
2.6857421259842518
21
1.7238075984251968
0
LINE
8
BLACK
6
CONTINUOUS
10
2.6857421259842518
20
1.7238075984251968
11
2.6835792519685038
21
1.7229116929133859
0
LINE
8
BLACK
6
CONTINUOUS
10
2.6835792519685038
20
1.7229116929133859
11
2.6812381496062994
21
1.7229116929133859
0
LINE
8
BLACK
6
CONTINUOUS
10
2.6812381496062994
20
1.7229116929133859
11
2.6790752755905509
21
1.7238075984251968
0
LINE
8
BLACK
6
CONTINUOUS
10
2.6790752755905509
20
1.7238075984251968
11
2.6774198818897639
21
1.7254629921259843
0
LINE
8
BLACK
6
CONTINUOUS
10
2.6774198818897639
20
1.7254629921259843
11
2.6765239763779527
21
1.7276258661417323
0
LINE
8
BLACK
6
CONTINUOUS
10
2.6765239763779527
20
1.7276258661417323
11
2.6764087007874013
21
1.7287964173228345
0
LINE
8
BLACK
6
CONTINUOUS
10
2.6764087007874013
20
1.7287964173228345
11
2.6764087007874013
21
1.739939251968504
0
LINE
8
BLACK
6
CONTINUOUS
10
2.6764087007874013
20
1.739939251968504
11
2.6224087007874015
21
1.739939251968504
0
LINE
8
BLACK
6
CONTINUOUS
10
2.6224087007874015
20
1.739939251968504
11
2.6224044881889763
21
1.73993968503937
0
LINE
8
BLACK
6
CONTINUOUS
10
2.6224044881889763
20
1.73993968503937
11
2.6224024409448816
21
1.739939251968504
0
LINE
8
BLACK
6
CONTINUOUS
10
2.6224024409448816
20
1.739939251968504
11
2.6223963385826772
21
1.7399404724409449
0
LINE
8
BLACK
6
CONTINUOUS
10
2.6223963385826772
20
1.7399404724409449
11
2.6212381496062993
21
1.7400545275590551
0
LINE
8
BLACK
6
CONTINUOUS
10
2.6212381496062993
20
1.7400545275590551
11
2.6206892125984251
21
1.7402819291338583
0
LINE
8
BLACK
6
CONTINUOUS
10
2.6206892125984251
20
1.7402819291338583
11
2.6201068110236219
21
1.7403983858267715
0
LINE
8
BLACK
6
CONTINUOUS
10
2.6201068110236219
20
1.7403983858267715
11
2.6196183858267714
21
1.7407254724409449
0
LINE
8
BLACK
6
CONTINUOUS
10
2.6196183858267714
20
1.7407254724409449
11
2.6190752755905513
21
1.7409504330708661
0
LINE
8
BLACK
6
CONTINUOUS
10
2.6190752755905513
20
1.7409504330708661
11
2.6186552362204725
21
1.7413704724409449
0
LINE
8
BLACK
6
CONTINUOUS
10
2.6186552362204725
20
1.7413704724409449
11
2.6181616141732285
21
1.7417010236220472
0
LINE
8
BLACK
6
CONTINUOUS
10
2.6181616141732285
20
1.7417010236220472
11
2.6178354330708662
21
1.7421902755905512
0
LINE
8
BLACK
6
CONTINUOUS
10
2.6178354330708662
20
1.7421902755905512
11
2.6174198818897638
21
1.7426058267716535
0
LINE
8
BLACK
6
CONTINUOUS
10
2.6174198818897638
20
1.7426058267716535
11
2.6171925590551179
21
1.7431545669291337
0
LINE
8
BLACK
6
CONTINUOUS
10
2.6171925590551179
20
1.7431545669291337
11
2.6168629921259843
21
1.743648937007874
0
LINE
8
BLACK
6
CONTINUOUS
10
2.6168629921259843
20
1.743648937007874
11
2.6167488976377951
21
1.7442257086614172
0
LINE
8
BLACK
6
CONTINUOUS
10
2.6167488976377951
20
1.7442257086614172
11
2.6165239763779526
21
1.7447687007874015
0
LINE
8
BLACK
6
CONTINUOUS
10
2.6165239763779526
20
1.7447687007874015
11
2.6165239763779526
21
1.7453627952755906
0
LINE
8
BLACK
6
CONTINUOUS
10
2.6165239763779526
20
1.7453627952755906
11
2.6164087007874017
21
1.7459455118110236
0
LINE
8
BLACK
6
CONTINUOUS
10
2.6164087007874017
20
1.7459455118110236
11
2.6165239763779526
21
1.7465218897637795
0
LINE
8
BLACK
6
CONTINUOUS
10
2.6165239763779526
20
1.7465218897637795
11
2.6165239763779526
21
1.7471098031496062
0
LINE
8
BLACK
6
CONTINUOUS
10
2.6165239763779526
20
1.7471098031496062
11
2.6167513385826773
21
1.7476587401574804
0
LINE
8
BLACK
6
CONTINUOUS
10
2.6167513385826773
20
1.7476587401574804
11
2.6168678346456691
21
1.7482411417322834
0
LINE
8
BLACK
6
CONTINUOUS
10
2.6168678346456691
20
1.7482411417322834
11
2.6171948818897639
21
1.7487295669291338
0
LINE
8
BLACK
6
CONTINUOUS
10
2.6171948818897639
20
1.7487295669291338
11
2.6174198818897638
21
1.7492726771653544
0
LINE
8
BLACK
6
CONTINUOUS
10
2.6174198818897638
20
1.7492726771653544
11
2.6178398818897639
21
1.749692716535433
0
LINE
8
BLACK
6
CONTINUOUS
10
2.6178398818897639
20
1.749692716535433
11
2.6181704724409447
21
1.750186338582677
0
LINE
8
BLACK
6
CONTINUOUS
10
2.6181704724409447
20
1.750186338582677
11
2.6190707086614173
21
1.7509235433070867
0
LINE
8
BLACK
6
CONTINUOUS
10
2.6190707086614173
20
1.7509235433070867
11
2.6190752755905513
21
1.7509280708661417
0
LINE
8
BLACK
6
CONTINUOUS
10
2.6190752755905513
20
1.7509280708661417
11
2.6190772834645668
21
1.750928937007874
0
LINE
8
BLACK
6
CONTINUOUS
10
2.6190772834645668
20
1.750928937007874
11
2.6190805118110236
21
1.7509315354330708
0
LINE
8
BLACK
6
CONTINUOUS
10
2.6190805118110236
20
1.7509315354330708
11
2.6271574803149607
21
1.756316220472441
0
LINE
8
BLACK
6
CONTINUOUS
10
2.6271574803149607
20
1.756316220472441
11
2.6317632283464567
21
1.760921968503937
0
LINE
8
BLACK
6
CONTINUOUS
10
2.6317632283464567
20
1.760921968503937
11
2.634185
21
1.7657654330708661
0
LINE
8
BLACK
6
CONTINUOUS
10
2.634185
20
1.7657654330708661
11
2.6348116141732283
21
1.7667608267716535
0
LINE
8
BLACK
6
CONTINUOUS
10
2.6348116141732283
20
1.7667608267716535
11
2.6365801968503937
21
1.7682947244094487
0
LINE
8
BLACK
6
CONTINUOUS
10
2.6365801968503937
20
1.7682947244094487
11
2.6388011417322832
21
1.7690349999999999
0
LINE
8
BLACK
6
CONTINUOUS
10
2.6388011417322832
20
1.7690349999999999
11
2.6411363385826769
21
1.7688690551181101
0
LINE
8
BLACK
6
CONTINUOUS
10
2.4513255118110235
20
1.8191086614173229
11
2.452140157480315
21
1.8182940157480314
0
LINE
8
BLACK
6
CONTINUOUS
10
2.452140157480315
20
1.8182940157480314
11
2.4525810629921261
21
1.8172296062992126
0
LINE
8
BLACK
6
CONTINUOUS
10
2.4525810629921261
20
1.8172296062992126
11
2.4526377952755904
21
1.8166535433070865
0
LINE
8
BLACK
6
CONTINUOUS
10
2.4526377952755904
20
1.8166535433070865
11
2.4526377952755904
21
1.7266535433070866
0
LINE
8
BLACK
6
CONTINUOUS
10
2.4526377952755904
20
1.7266535433070866
11
2.4525810629921261
21
1.7260774803149606
0
LINE
8
BLACK
6
CONTINUOUS
10
2.4525810629921261
20
1.7260774803149606
11
2.452140157480315
21
1.7250130708661418
0
LINE
8
BLACK
6
CONTINUOUS
10
2.452140157480315
20
1.7250130708661418
11
2.4513255118110235
21
1.7241984251968503
0
LINE
8
BLACK
6
CONTINUOUS
10
2.4513255118110235
20
1.7241984251968503
11
2.4502611023622047
21
1.7237575196850394
0
LINE
8
BLACK
6
CONTINUOUS
10
2.4502611023622047
20
1.7237575196850394
11
2.4491089763779526
21
1.7237575196850394
0
LINE
8
BLACK
6
CONTINUOUS
10
2.4491089763779526
20
1.7237575196850394
11
2.4480445669291337
21
1.7241984251968503
0
LINE
8
BLACK
6
CONTINUOUS
10
2.4480445669291337
20
1.7241984251968503
11
2.4472299212598423
21
1.7250130708661418
0
LINE
8
BLACK
6
CONTINUOUS
10
2.4472299212598423
20
1.7250130708661418
11
2.4467890157480316
21
1.7260774803149606
0
LINE
8
BLACK
6
CONTINUOUS
10
2.4467890157480316
20
1.7260774803149606
11
2.4467322834645668
21
1.7266535433070866
0
LINE
8
BLACK
6
CONTINUOUS
10
2.4467322834645668
20
1.7266535433070866
11
2.4467322834645668
21
1.8166535433070865
0
LINE
8
BLACK
6
CONTINUOUS
10
2.4467322834645668
20
1.8166535433070865
11
2.4467890157480316
21
1.8172296062992126
0
LINE
8
BLACK
6
CONTINUOUS
10
2.4467890157480316
20
1.8172296062992126
11
2.4472299212598423
21
1.8182940157480314
0
LINE
8
BLACK
6
CONTINUOUS
10
2.4472299212598423
20
1.8182940157480314
11
2.4480445669291337
21
1.8191086614173229
0
LINE
8
BLACK
6
CONTINUOUS
10
2.4480445669291337
20
1.8191086614173229
11
2.4491089763779526
21
1.8195495669291337
0
LINE
8
BLACK
6
CONTINUOUS
10
2.4491089763779526
20
1.8195495669291337
11
2.4502611023622047
21
1.8195495669291337
0
LINE
8
BLACK
6
CONTINUOUS
10
2.4502611023622047
20
1.8195495669291337
11
2.4513255118110235
21
1.8191086614173229
0
LINE
8
BLACK
6
CONTINUOUS
10
2.5913255118110237
20
1.8191086614173229
11
2.5921401574803151
21
1.8182940157480314
0
LINE
8
BLACK
6
CONTINUOUS
10
2.5921401574803151
20
1.8182940157480314
11
2.5925810629921258
21
1.8172296062992126
0
LINE
8
BLACK
6
CONTINUOUS
10
2.5925810629921258
20
1.8172296062992126
11
2.5926377952755906
21
1.8166535433070865
0
LINE
8
BLACK
6
CONTINUOUS
10
2.5926377952755906
20
1.8166535433070865
11
2.5926377952755906
21
1.7266535433070866
0
LINE
8
BLACK
6
CONTINUOUS
10
2.5926377952755906
20
1.7266535433070866
11
2.5925810629921258
21
1.7260774803149606
0
LINE
8
BLACK
6
CONTINUOUS
10
2.5925810629921258
20
1.7260774803149606
11
2.5921401574803151
21
1.7250130708661418
0
LINE
8
BLACK
6
CONTINUOUS
10
2.5921401574803151
20
1.7250130708661418
11
2.5913255118110237
21
1.7241984251968503
0
LINE
8
BLACK
6
CONTINUOUS
10
2.5913255118110237
20
1.7241984251968503
11
2.5902611023622049
21
1.7237575196850394
0
LINE
8
BLACK
6
CONTINUOUS
10
2.5902611023622049
20
1.7237575196850394
11
2.5891089763779527
21
1.7237575196850394
0
LINE
8
BLACK
6
CONTINUOUS
10
2.5891089763779527
20
1.7237575196850394
11
2.5880445669291339
21
1.7241984251968503
0
LINE
8
BLACK
6
CONTINUOUS
10
2.5880445669291339
20
1.7241984251968503
11
2.5872299212598424
21
1.7250130708661418
0
LINE
8
BLACK
6
CONTINUOUS
10
2.5872299212598424
20
1.7250130708661418
11
2.5867890157480313
21
1.7260774803149606
0
LINE
8
BLACK
6
CONTINUOUS
10
2.5867890157480313
20
1.7260774803149606
11
2.586732283464567
21
1.7266535433070866
0
LINE
8
BLACK
6
CONTINUOUS
10
2.586732283464567
20
1.7266535433070866
11
2.586732283464567
21
1.8166535433070865
0
LINE
8
BLACK
6
CONTINUOUS
10
2.586732283464567
20
1.8166535433070865
11
2.5867890157480313
21
1.8172296062992126
0
LINE
8
BLACK
6
CONTINUOUS
10
2.5867890157480313
20
1.8172296062992126
11
2.5872299212598424
21
1.8182940157480314
0
LINE
8
BLACK
6
CONTINUOUS
10
2.5872299212598424
20
1.8182940157480314
11
2.5880445669291339
21
1.8191086614173229
0
LINE
8
BLACK
6
CONTINUOUS
10
2.5880445669291339
20
1.8191086614173229
11
2.5891089763779527
21
1.8195495669291337
0
LINE
8
BLACK
6
CONTINUOUS
10
2.5891089763779527
20
1.8195495669291337
11
2.5902611023622049
21
1.8195495669291337
0
LINE
8
BLACK
6
CONTINUOUS
10
2.5902611023622049
20
1.8195495669291337
11
2.5913255118110237
21
1.8191086614173229
0
LINE
8
BLACK
6
CONTINUOUS
10
2.7269160629921259
20
1.8191086614173229
11
2.7277307086614173
21
1.8182940157480314
0
LINE
8
BLACK
6
CONTINUOUS
10
2.7277307086614173
20
1.8182940157480314
11
2.7281716141732284
21
1.8172296062992126
0
LINE
8
BLACK
6
CONTINUOUS
10
2.7281716141732284
20
1.8172296062992126
11
2.7282283464566928
21
1.8166535433070865
0
LINE
8
BLACK
6
CONTINUOUS
10
2.7282283464566928
20
1.8166535433070865
11
2.7282283464566928
21
1.7266535433070866
0
LINE
8
BLACK
6
CONTINUOUS
10
2.7282283464566928
20
1.7266535433070866
11
2.7281716141732284
21
1.7260774803149606
0
LINE
8
BLACK
6
CONTINUOUS
10
2.7281716141732284
20
1.7260774803149606
11
2.7277307086614173
21
1.7250130708661418
0
LINE
8
BLACK
6
CONTINUOUS
10
2.7277307086614173
20
1.7250130708661418
11
2.7269160629921259
21
1.7241984251968503
0
LINE
8
BLACK
6
CONTINUOUS
10
2.7269160629921259
20
1.7241984251968503
11
2.7258516535433071
21
1.7237575196850394
0
LINE
8
BLACK
6
CONTINUOUS
10
2.7258516535433071
20
1.7237575196850394
11
2.7246995275590549
21
1.7237575196850394
0
LINE
8
BLACK
6
CONTINUOUS
10
2.7246995275590549
20
1.7237575196850394
11
2.7236351181102361
21
1.7241984251968503
0
LINE
8
BLACK
6
CONTINUOUS
10
2.7236351181102361
20
1.7241984251968503
11
2.7228204724409446
21
1.7250130708661418
0
LINE
8
BLACK
6
CONTINUOUS
10
2.7228204724409446
20
1.7250130708661418
11
2.722379566929134
21
1.7260774803149606
0
LINE
8
BLACK
6
CONTINUOUS
10
2.722379566929134
20
1.7260774803149606
11
2.7223228346456692
21
1.7266535433070866
0
LINE
8
BLACK
6
CONTINUOUS
10
2.7223228346456692
20
1.7266535433070866
11
2.7223228346456692
21
1.8166535433070865
0
LINE
8
BLACK
6
CONTINUOUS
10
2.7223228346456692
20
1.8166535433070865
11
2.722379566929134
21
1.8172296062992126
0
LINE
8
BLACK
6
CONTINUOUS
10
2.722379566929134
20
1.8172296062992126
11
2.7228204724409446
21
1.8182940157480314
0
LINE
8
BLACK
6
CONTINUOUS
10
2.7228204724409446
20
1.8182940157480314
11
2.7236351181102361
21
1.8191086614173229
0
LINE
8
BLACK
6
CONTINUOUS
10
2.7236351181102361
20
1.8191086614173229
11
2.7246995275590549
21
1.8195495669291337
0
LINE
8
BLACK
6
CONTINUOUS
10
2.7246995275590549
20
1.8195495669291337
11
2.7258516535433071
21
1.8195495669291337
0
LINE
8
BLACK
6
CONTINUOUS
10
2.7258516535433071
20
1.8195495669291337
11
2.7269160629921259
21
1.8191086614173229
0
LINE
8
BLACK
6
CONTINUOUS
10
2.866916062992126
20
1.8191086614173229
11
2.8677307086614174
21
1.8182940157480314
0
LINE
8
BLACK
6
CONTINUOUS
10
2.8677307086614174
20
1.8182940157480314
11
2.8681716141732281
21
1.8172296062992126
0
LINE
8
BLACK
6
CONTINUOUS
10
2.8681716141732281
20
1.8172296062992126
11
2.8682283464566929
21
1.8166535433070865
0
LINE
8
BLACK
6
CONTINUOUS
10
2.8682283464566929
20
1.8166535433070865
11
2.8682283464566929
21
1.7266535433070866
0
LINE
8
BLACK
6
CONTINUOUS
10
2.8682283464566929
20
1.7266535433070866
11
2.8681716141732281
21
1.7260774803149606
0
LINE
8
BLACK
6
CONTINUOUS
10
2.8681716141732281
20
1.7260774803149606
11
2.8677307086614174
21
1.7250130708661418
0
LINE
8
BLACK
6
CONTINUOUS
10
2.8677307086614174
20
1.7250130708661418
11
2.866916062992126
21
1.7241984251968503
0
LINE
8
BLACK
6
CONTINUOUS
10
2.866916062992126
20
1.7241984251968503
11
2.8658516535433072
21
1.7237575196850394
0
LINE
8
BLACK
6
CONTINUOUS
10
2.8658516535433072
20
1.7237575196850394
11
2.864699527559055
21
1.7237575196850394
0
LINE
8
BLACK
6
CONTINUOUS
10
2.864699527559055
20
1.7237575196850394
11
2.8636351181102362
21
1.7241984251968503
0
LINE
8
BLACK
6
CONTINUOUS
10
2.8636351181102362
20
1.7241984251968503
11
2.8628204724409447
21
1.7250130708661418
0
LINE
8
BLACK
6
CONTINUOUS
10
2.8628204724409447
20
1.7250130708661418
11
2.8623795669291336
21
1.7260774803149606
0
LINE
8
BLACK
6
CONTINUOUS
10
2.8623795669291336
20
1.7260774803149606
11
2.8623228346456693
21
1.7266535433070866
0
LINE
8
BLACK
6
CONTINUOUS
10
2.8623228346456693
20
1.7266535433070866
11
2.8623228346456693
21
1.8166535433070865
0
LINE
8
BLACK
6
CONTINUOUS
10
2.8623228346456693
20
1.8166535433070865
11
2.8623795669291336
21
1.8172296062992126
0
LINE
8
BLACK
6
CONTINUOUS
10
2.8623795669291336
20
1.8172296062992126
11
2.8628204724409447
21
1.8182940157480314
0
LINE
8
BLACK
6
CONTINUOUS
10
2.8628204724409447
20
1.8182940157480314
11
2.8636351181102362
21
1.8191086614173229
0
LINE
8
BLACK
6
CONTINUOUS
10
2.8636351181102362
20
1.8191086614173229
11
2.864699527559055
21
1.8195495669291337
0
LINE
8
BLACK
6
CONTINUOUS
10
2.864699527559055
20
1.8195495669291337
11
2.8658516535433072
21
1.8195495669291337
0
LINE
8
BLACK
6
CONTINUOUS
10
2.8658516535433072
20
1.8195495669291337
11
2.866916062992126
21
1.8191086614173229
0
LINE
8
BLACK
6
CONTINUOUS
10
2.0121824015748033
20
1.7942373622047243
11
2.0123622047244094
21
1.7933333858267717
0
LINE
8
BLACK
6
CONTINUOUS
10
2.0123622047244094
20
1.7933333858267717
11
2.0123622047244094
21
1.7633333858267717
0
LINE
8
BLACK
6
CONTINUOUS
10
2.0123622047244094
20
1.7633333858267717
11
2.0121824015748033
21
1.7624294094488189
0
LINE
8
BLACK
6
CONTINUOUS
10
2.0121824015748033
20
1.7624294094488189
11
2.0109039763779526
21
1.7611509842519684
0
LINE
8
BLACK
6
CONTINUOUS
10
2.0109039763779526
20
1.7611509842519684
11
2.009096023622047
21
1.7611509842519684
0
LINE
8
BLACK
6
CONTINUOUS
10
2.009096023622047
20
1.7611509842519684
11
2.0078175984251967
21
1.7624294094488189
0
LINE
8
BLACK
6
CONTINUOUS
10
2.0078175984251967
20
1.7624294094488189
11
2.0076377952755906
21
1.7633333858267717
0
LINE
8
BLACK
6
CONTINUOUS
10
2.0076377952755906
20
1.7633333858267717
11
2.0076377952755906
21
1.7933333858267717
0
LINE
8
BLACK
6
CONTINUOUS
10
2.0076377952755906
20
1.7933333858267717
11
2.0078175984251967
21
1.7942373622047243
0
LINE
8
BLACK
6
CONTINUOUS
10
2.0078175984251967
20
1.7942373622047243
11
2.009096023622047
21
1.7955157874015748
0
LINE
8
BLACK
6
CONTINUOUS
10
2.009096023622047
20
1.7955157874015748
11
2.0109039763779526
21
1.7955157874015748
0
LINE
8
BLACK
6
CONTINUOUS
10
2.0109039763779526
20
1.7955157874015748
11
2.0121824015748033
21
1.7942373622047243
0
LINE
8
BLACK
6
CONTINUOUS
10
2.0721824015748029
20
1.7942373622047243
11
2.0723622047244095
21
1.7933333858267717
0
LINE
8
BLACK
6
CONTINUOUS
10
2.0723622047244095
20
1.7933333858267717
11
2.0723622047244095
21
1.7633333858267717
0
LINE
8
BLACK
6
CONTINUOUS
10
2.0723622047244095
20
1.7633333858267717
11
2.0721824015748029
21
1.7624294094488189
0
LINE
8
BLACK
6
CONTINUOUS
10
2.0721824015748029
20
1.7624294094488189
11
2.0709039763779526
21
1.7611509842519684
0
LINE
8
BLACK
6
CONTINUOUS
10
2.0709039763779526
20
1.7611509842519684
11
2.069096023622047
21
1.7611509842519684
0
LINE
8
BLACK
6
CONTINUOUS
10
2.069096023622047
20
1.7611509842519684
11
2.0678175984251967
21
1.7624294094488189
0
LINE
8
BLACK
6
CONTINUOUS
10
2.0678175984251967
20
1.7624294094488189
11
2.0676377952755907
21
1.7633333858267717
0
LINE
8
BLACK
6
CONTINUOUS
10
2.0676377952755907
20
1.7633333858267717
11
2.0676377952755907
21
1.7933333858267717
0
LINE
8
BLACK
6
CONTINUOUS
10
2.0676377952755907
20
1.7933333858267717
11
2.0678175984251967
21
1.7942373622047243
0
LINE
8
BLACK
6
CONTINUOUS
10
2.0678175984251967
20
1.7942373622047243
11
2.069096023622047
21
1.7955157874015748
0
LINE
8
BLACK
6
CONTINUOUS
10
2.069096023622047
20
1.7955157874015748
11
2.0709039763779526
21
1.7955157874015748
0
LINE
8
BLACK
6
CONTINUOUS
10
2.0709039763779526
20
1.7955157874015748
11
2.0721824015748029
21
1.7942373622047243
0
LINE
8
BLACK
6
CONTINUOUS
10
2.4179887007874017
20
1.8175382677165355
11
2.4201515748031497
21
1.8166423622047243
0
LINE
8
BLACK
6
CONTINUOUS
10
2.4201515748031497
20
1.8166423622047243
11
2.4218069685039372
21
1.814986968503937
0
LINE
8
BLACK
6
CONTINUOUS
10
2.4218069685039372
20
1.814986968503937
11
2.4227028740157479
21
1.812824094488189
0
LINE
8
BLACK
6
CONTINUOUS
10
2.4227028740157479
20
1.812824094488189
11
2.4227028740157479
21
1.8104829921259842
0
LINE
8
BLACK
6
CONTINUOUS
10
2.4227028740157479
20
1.8104829921259842
11
2.4218069685039372
21
1.8083201181102362
0
LINE
8
BLACK
6
CONTINUOUS
10
2.4218069685039372
20
1.8083201181102362
11
2.4201515748031497
21
1.8066647244094487
0
LINE
8
BLACK
6
CONTINUOUS
10
2.4201515748031497
20
1.8066647244094487
11
2.4179887007874017
21
1.8057688188976377
0
LINE
8
BLACK
6
CONTINUOUS
10
2.4179887007874017
20
1.8057688188976377
11
2.416818149606299
21
1.8056535433070866
0
LINE
8
BLACK
6
CONTINUOUS
10
2.416818149606299
20
1.8056535433070866
11
2.3913895669291336
21
1.8056535433070866
0
LINE
8
BLACK
6
CONTINUOUS
10
2.3913895669291336
20
1.8056535433070866
11
2.3913895669291336
21
1.7916535433070866
0
LINE
8
BLACK
6
CONTINUOUS
10
2.3913895669291336
20
1.7916535433070866
11
2.3912742913385827
21
1.7904829921259842
0
LINE
8
BLACK
6
CONTINUOUS
10
2.3912742913385827
20
1.7904829921259842
11
2.3903783858267715
21
1.7883201181102362
0
LINE
8
BLACK
6
CONTINUOUS
10
2.3903783858267715
20
1.7883201181102362
11
2.388722992125984
21
1.7866647244094487
0
LINE
8
BLACK
6
CONTINUOUS
10
2.388722992125984
20
1.7866647244094487
11
2.3865601181102361
21
1.7857688188976377
0
LINE
8
BLACK
6
CONTINUOUS
10
2.3865601181102361
20
1.7857688188976377
11
2.3842190157480316
21
1.7857688188976377
0
LINE
8
BLACK
6
CONTINUOUS
10
2.3842190157480316
20
1.7857688188976377
11
2.3820561417322832
21
1.7866647244094487
0
LINE
8
BLACK
6
CONTINUOUS
10
2.3820561417322832
20
1.7866647244094487
11
2.3804007480314961
21
1.7883201181102362
0
LINE
8
BLACK
6
CONTINUOUS
10
2.3804007480314961
20
1.7883201181102362
11
2.379504842519685
21
1.7904829921259842
0
LINE
8
BLACK
6
CONTINUOUS
10
2.379504842519685
20
1.7904829921259842
11
2.3793895669291336
21
1.7916535433070866
0
LINE
8
BLACK
6
CONTINUOUS
10
2.3793895669291336
20
1.7916535433070866
11
2.3793895669291336
21
1.8056535433070866
0
LINE
8
BLACK
6
CONTINUOUS
10
2.3793895669291336
20
1.8056535433070866
11
2.3628181496062992
21
1.8056535433070866
0
LINE
8
BLACK
6
CONTINUOUS
10
2.3628181496062992
20
1.8056535433070866
11
2.3628181496062992
21
1.783082125984252
0
LINE
8
BLACK
6
CONTINUOUS
10
2.3628181496062992
20
1.783082125984252
11
2.3627028740157479
21
1.7819115748031495
0
LINE
8
BLACK
6
CONTINUOUS
10
2.3627028740157479
20
1.7819115748031495
11
2.3618069685039371
21
1.7797487007874015
0
LINE
8
BLACK
6
CONTINUOUS
10
2.3618069685039371
20
1.7797487007874015
11
2.3601515748031496
21
1.7780933070866141
0
LINE
8
BLACK
6
CONTINUOUS
10
2.3601515748031496
20
1.7780933070866141
11
2.3579887007874016
21
1.7771974015748031
0
LINE
8
BLACK
6
CONTINUOUS
10
2.3579887007874016
20
1.7771974015748031
11
2.3556475984251968
21
1.7771974015748031
0
LINE
8
BLACK
6
CONTINUOUS
10
2.3556475984251968
20
1.7771974015748031
11
2.3534847244094488
21
1.7780933070866141
0
LINE
8
BLACK
6
CONTINUOUS
10
2.3534847244094488
20
1.7780933070866141
11
2.3518293307086613
21
1.7797487007874015
0
LINE
8
BLACK
6
CONTINUOUS
10
2.3518293307086613
20
1.7797487007874015
11
2.3509334251968506
21
1.7819115748031495
0
LINE
8
BLACK
6
CONTINUOUS
10
2.3509334251968506
20
1.7819115748031495
11
2.3508181496062992
21
1.783082125984252
0
LINE
8
BLACK
6
CONTINUOUS
10
2.3508181496062992
20
1.783082125984252
11
2.3508181496062992
21
1.8116535433070866
0
LINE
8
BLACK
6
CONTINUOUS
10
2.3508181496062992
20
1.8116535433070866
11
2.3509334251968506
21
1.812824094488189
0
LINE
8
BLACK
6
CONTINUOUS
10
2.3509334251968506
20
1.812824094488189
11
2.3518293307086613
21
1.814986968503937
0
LINE
8
BLACK
6
CONTINUOUS
10
2.3518293307086613
20
1.814986968503937
11
2.3534847244094488
21
1.8166423622047243
0
LINE
8
BLACK
6
CONTINUOUS
10
2.3534847244094488
20
1.8166423622047243
11
2.3556475984251968
21
1.8175382677165355
0
LINE
8
BLACK
6
CONTINUOUS
10
2.3556475984251968
20
1.8175382677165355
11
2.356818149606299
21
1.8176535433070866
0
LINE
8
BLACK
6
CONTINUOUS
10
2.356818149606299
20
1.8176535433070866
11
2.416818149606299
21
1.8176535433070866
0
LINE
8
BLACK
6
CONTINUOUS
10
2.416818149606299
20
1.8176535433070866
11
2.4179887007874017
21
1.8175382677165355
0
LINE
8
BLACK
6
CONTINUOUS
10
2.6835792519685038
20
1.8175382677165355
11
2.6857421259842518
21
1.8166423622047243
0
LINE
8
BLACK
6
CONTINUOUS
10
2.6857421259842518
20
1.8166423622047243
11
2.6873975196850393
21
1.814986968503937
0
LINE
8
BLACK
6
CONTINUOUS
10
2.6873975196850393
20
1.814986968503937
11
2.6882934251968504
21
1.812824094488189
0
LINE
8
BLACK
6
CONTINUOUS
10
2.6882934251968504
20
1.812824094488189
11
2.6882934251968504
21
1.8104829921259842
0
LINE
8
BLACK
6
CONTINUOUS
10
2.6882934251968504
20
1.8104829921259842
11
2.6873975196850393
21
1.8083201181102362
0
LINE
8
BLACK
6
CONTINUOUS
10
2.6873975196850393
20
1.8083201181102362
11
2.6857421259842518
21
1.8066647244094487
0
LINE
8
BLACK
6
CONTINUOUS
10
2.6857421259842518
20
1.8066647244094487
11
2.6835792519685038
21
1.8057688188976377
0
LINE
8
BLACK
6
CONTINUOUS
10
2.6835792519685038
20
1.8057688188976377
11
2.6824087007874016
21
1.8056535433070866
0
LINE
8
BLACK
6
CONTINUOUS
10
2.6824087007874016
20
1.8056535433070866
11
2.6569801181102362
21
1.8056535433070866
0
LINE
8
BLACK
6
CONTINUOUS
10
2.6569801181102362
20
1.8056535433070866
11
2.6569801181102362
21
1.7916535433070866
0
LINE
8
BLACK
6
CONTINUOUS
10
2.6569801181102362
20
1.7916535433070866
11
2.6568648425196848
21
1.7904829921259842
0
LINE
8
BLACK
6
CONTINUOUS
10
2.6568648425196848
20
1.7904829921259842
11
2.6559689370078741
21
1.7883201181102362
0
LINE
8
BLACK
6
CONTINUOUS
10
2.6559689370078741
20
1.7883201181102362
11
2.6543135433070866
21
1.7866647244094487
0
LINE
8
BLACK
6
CONTINUOUS
10
2.6543135433070866
20
1.7866647244094487
11
2.6521506692913386
21
1.7857688188976377
0
LINE
8
BLACK
6
CONTINUOUS
10
2.6521506692913386
20
1.7857688188976377
11
2.6498095669291337
21
1.7857688188976377
0
LINE
8
BLACK
6
CONTINUOUS
10
2.6498095669291337
20
1.7857688188976377
11
2.6476466929133857
21
1.7866647244094487
0
LINE
8
BLACK
6
CONTINUOUS
10
2.6476466929133857
20
1.7866647244094487
11
2.6459912992125982
21
1.7883201181102362
0
LINE
8
BLACK
6
CONTINUOUS
10
2.6459912992125982
20
1.7883201181102362
11
2.6450953937007875
21
1.7904829921259842
0
LINE
8
BLACK
6
CONTINUOUS
10
2.6450953937007875
20
1.7904829921259842
11
2.6449801181102361
21
1.7916535433070866
0
LINE
8
BLACK
6
CONTINUOUS
10
2.6449801181102361
20
1.7916535433070866
11
2.6449801181102361
21
1.8056535433070866
0
LINE
8
BLACK
6
CONTINUOUS
10
2.6449801181102361
20
1.8056535433070866
11
2.6284087007874013
21
1.8056535433070866
0
LINE
8
BLACK
6
CONTINUOUS
10
2.6284087007874013
20
1.8056535433070866
11
2.6284087007874013
21
1.783082125984252
0
LINE
8
BLACK
6
CONTINUOUS
10
2.6284087007874013
20
1.783082125984252
11
2.6282934251968504
21
1.7819115748031495
0
LINE
8
BLACK
6
CONTINUOUS
10
2.6282934251968504
20
1.7819115748031495
11
2.6273975196850392
21
1.7797487007874015
0
LINE
8
BLACK
6
CONTINUOUS
10
2.6273975196850392
20
1.7797487007874015
11
2.6257421259842517
21
1.7780933070866141
0
LINE
8
BLACK
6
CONTINUOUS
10
2.6257421259842517
20
1.7780933070866141
11
2.6235792519685037
21
1.7771974015748031
0
LINE
8
BLACK
6
CONTINUOUS
10
2.6235792519685037
20
1.7771974015748031
11
2.6212381496062993
21
1.7771974015748031
0
LINE
8
BLACK
6
CONTINUOUS
10
2.6212381496062993
20
1.7771974015748031
11
2.6190752755905513
21
1.7780933070866141
0
LINE
8
BLACK
6
CONTINUOUS
10
2.6190752755905513
20
1.7780933070866141
11
2.6174198818897638
21
1.7797487007874015
0
LINE
8
BLACK
6
CONTINUOUS
10
2.6174198818897638
20
1.7797487007874015
11
2.6165239763779526
21
1.7819115748031495
0
LINE
8
BLACK
6
CONTINUOUS
10
2.6165239763779526
20
1.7819115748031495
11
2.6164087007874017
21
1.783082125984252
0
LINE
8
BLACK
6
CONTINUOUS
10
2.6164087007874017
20
1.783082125984252
11
2.6164087007874017
21
1.8116535433070866
0
LINE
8
BLACK
6
CONTINUOUS
10
2.6164087007874017
20
1.8116535433070866
11
2.6165239763779526
21
1.812824094488189
0
LINE
8
BLACK
6
CONTINUOUS
10
2.6165239763779526
20
1.812824094488189
11
2.6174198818897638
21
1.814986968503937
0
LINE
8
BLACK
6
CONTINUOUS
10
2.6174198818897638
20
1.814986968503937
11
2.6190752755905513
21
1.8166423622047243
0
LINE
8
BLACK
6
CONTINUOUS
10
2.6190752755905513
20
1.8166423622047243
11
2.6212381496062993
21
1.8175382677165355
0
LINE
8
BLACK
6
CONTINUOUS
10
2.6212381496062993
20
1.8175382677165355
11
2.6224087007874015
21
1.8176535433070866
0
LINE
8
BLACK
6
CONTINUOUS
10
2.6224087007874015
20
1.8176535433070866
11
2.6824087007874016
21
1.8176535433070866
0
LINE
8
BLACK
6
CONTINUOUS
10
2.6824087007874016
20
1.8176535433070866
11
2.6835792519685038
21
1.8175382677165355
0
LINE
8
BLACK
6
CONTINUOUS
10
1.9389644094488188
20
1.8614298031496062
11
1.9390364173228345
21
1.8614369685039369
0
LINE
8
BLACK
6
CONTINUOUS
10
1.9390364173228345
20
1.8614369685039369
11
1.9391067322834645
21
1.8614157874015747
0
LINE
8
BLACK
6
CONTINUOUS
10
1.9391067322834645
20
1.8614157874015747
11
1.9393274409448817
21
1.8613940157480315
0
LINE
8
BLACK
6
CONTINUOUS
10
1.9393274409448817
20
1.8613940157480315
11
1.9397261023622048
21
1.8612288976377953
0
LINE
8
BLACK
6
CONTINUOUS
10
1.9397261023622048
20
1.8612288976377953
11
1.9401394094488189
21
1.8611041732283464
0
LINE
8
BLACK
6
CONTINUOUS
10
1.9401394094488189
20
1.8611041732283464
11
1.9402544881889763
21
1.8610100393700788
0
LINE
8
BLACK
6
CONTINUOUS
10
1.9402544881889763
20
1.8610100393700788
11
1.9403918503937008
21
1.8609531102362205
0
LINE
8
BLACK
6
CONTINUOUS
10
1.9403918503937008
20
1.8609531102362205
11
1.9406970866141733
21
1.8606478740157479
0
LINE
8
BLACK
6
CONTINUOUS
10
1.9406970866141733
20
1.8606478740157479
11
1.9410310629921259
21
1.8603746062992126
0
LINE
8
BLACK
6
CONTINUOUS
10
1.9410310629921259
20
1.8603746062992126
11
1.9411012992125984
21
1.8602436614173228
0
LINE
8
BLACK
6
CONTINUOUS
10
1.9411012992125984
20
1.8602436614173228
11
1.941206496062992
21
1.860138464566929
0
LINE
8
BLACK
6
CONTINUOUS
10
1.941206496062992
20
1.860138464566929
11
1.941371653543307
21
1.8597396850393699
0
LINE
8
BLACK
6
CONTINUOUS
10
1.941371653543307
20
1.8597396850393699
11
1.9415757086614174
21
1.8593593700787401
0
LINE
8
BLACK
6
CONTINUOUS
10
1.9415757086614174
20
1.8593593700787401
11
1.9416192913385826
21
1.8591418897637795
0
LINE
8
BLACK
6
CONTINUOUS
10
1.9416192913385826
20
1.8591418897637795
11
1.9416474015748031
21
1.8590740551181102
0
LINE
8
BLACK
6
CONTINUOUS
10
1.9416474015748031
20
1.8590740551181102
11
1.9416474015748031
21
1.8590017716535432
0
LINE
8
BLACK
6
CONTINUOUS
10
1.9416474015748031
20
1.8590017716535432
11
1.9416894881889764
21
1.8587918110236219
0
LINE
8
BLACK
6
CONTINUOUS
10
1.9416894881889764
20
1.8587918110236219
11
1.9435642519685039
21
1.8400441732283463
0
LINE
8
BLACK
6
CONTINUOUS
10
1.9435642519685039
20
1.8400441732283463
11
1.9435651181102362
21
1.8394653149606299
0
LINE
8
BLACK
6
CONTINUOUS
10
1.9435651181102362
20
1.8394653149606299
11
1.9435221653543306
21
1.8393229921259842
0
LINE
8
BLACK
6
CONTINUOUS
10
1.9435221653543306
20
1.8393229921259842
11
1.9435221653543306
21
1.8391743307086614
0
LINE
8
BLACK
6
CONTINUOUS
10
1.9435221653543306
20
1.8391743307086614
11
1.9433570472440944
21
1.8387757480314961
0
LINE
8
BLACK
6
CONTINUOUS
10
1.9433570472440944
20
1.8387757480314961
11
1.9432323228346455
21
1.8383623228346457
0
LINE
8
BLACK
6
CONTINUOUS
10
1.9432323228346455
20
1.8383623228346457
11
1.9431381102362204
21
1.8382472047244094
0
LINE
8
BLACK
6
CONTINUOUS
10
1.9431381102362204
20
1.8382472047244094
11
1.9430812598425196
21
1.8381099212598424
0
LINE
8
BLACK
6
CONTINUOUS
10
1.9430812598425196
20
1.8381099212598424
11
1.9427761811023621
21
1.8378048818897637
0
LINE
8
BLACK
6
CONTINUOUS
10
1.9427761811023621
20
1.8378048818897637
11
1.9425027559055117
21
1.8374706692913385
0
LINE
8
BLACK
6
CONTINUOUS
10
1.9425027559055117
20
1.8374706692913385
11
1.9423716929133858
21
1.8374003937007874
0
LINE
8
BLACK
6
CONTINUOUS
10
1.9423716929133858
20
1.8374003937007874
11
1.9422665748031496
21
1.8372952362204724
0
LINE
8
BLACK
6
CONTINUOUS
10
1.9422665748031496
20
1.8372952362204724
11
1.9418679527559055
21
1.8371301574803149
0
LINE
8
BLACK
6
CONTINUOUS
10
1.9418679527559055
20
1.8371301574803149
11
1.9414875196850394
21
1.8369260236220473
0
LINE
8
BLACK
6
CONTINUOUS
10
1.9414875196850394
20
1.8369260236220473
11
1.9413394881889763
21
1.8369112598425197
0
LINE
8
BLACK
6
CONTINUOUS
10
1.9413394881889763
20
1.8369112598425197
11
1.9412021653543308
21
1.8368543307086613
0
LINE
8
BLACK
6
CONTINUOUS
10
1.9412021653543308
20
1.8368543307086613
11
1.9407706299212597
21
1.8368543307086613
0
LINE
8
BLACK
6
CONTINUOUS
10
1.9407706299212597
20
1.8368543307086613
11
1.9403411023622046
21
1.836811377952756
0
LINE
8
BLACK
6
CONTINUOUS
10
1.9403411023622046
20
1.836811377952756
11
1.9401987401574803
21
1.8368543307086613
0
LINE
8
BLACK
6
CONTINUOUS
10
1.9401987401574803
20
1.8368543307086613
11
1.9400500787401573
21
1.8368543307086613
0
LINE
8
BLACK
6
CONTINUOUS
10
1.9400500787401573
20
1.8368543307086613
11
1.9396513779527558
21
1.8370194881889763
0
LINE
8
BLACK
6
CONTINUOUS
10
1.9396513779527558
20
1.8370194881889763
11
1.9392381102362204
21
1.8371441732283464
0
LINE
8
BLACK
6
CONTINUOUS
10
1.9392381102362204
20
1.8371441732283464
11
1.9391229921259843
21
1.8372383464566928
0
LINE
8
BLACK
6
CONTINUOUS
10
1.9391229921259843
20
1.8372383464566928
11
1.9389856692913385
21
1.8372952362204724
0
LINE
8
BLACK
6
CONTINUOUS
10
1.9389856692913385
20
1.8372952362204724
11
1.9385382283464567
21
1.8376624409448818
0
LINE
8
BLACK
6
CONTINUOUS
10
1.9385382283464567
20
1.8376624409448818
11
1.9370022834645668
21
1.8391983858267715
0
LINE
8
BLACK
6
CONTINUOUS
10
1.9370022834645668
20
1.8391983858267715
11
1.9343048031496062
21
1.8405471259842519
0
LINE
8
BLACK
6
CONTINUOUS
10
1.9343048031496062
20
1.8405471259842519
11
1.9263250787401573
21
1.8405471259842519
0
LINE
8
BLACK
6
CONTINUOUS
10
1.9263250787401573
20
1.8405471259842519
11
1.9236275984251967
21
1.8391983858267715
0
LINE
8
BLACK
6
CONTINUOUS
10
1.9236275984251967
20
1.8391983858267715
11
1.9224304724409449
21
1.8380012598425197
0
LINE
8
BLACK
6
CONTINUOUS
10
1.9224304724409449
20
1.8380012598425197
11
1.9210817322834646
21
1.8353037795275591
0
LINE
8
BLACK
6
CONTINUOUS
10
1.9210817322834646
20
1.8353037795275591
11
1.9210817322834646
21
1.8273240551181102
0
LINE
8
BLACK
6
CONTINUOUS
10
1.9210817322834646
20
1.8273240551181102
11
1.9224304724409449
21
1.8246265748031496
0
LINE
8
BLACK
6
CONTINUOUS
10
1.9224304724409449
20
1.8246265748031496
11
1.9236275984251967
21
1.8234294094488188
0
LINE
8
BLACK
6
CONTINUOUS
10
1.9236275984251967
20
1.8234294094488188
11
1.9263250787401573
21
1.8220806692913385
0
LINE
8
BLACK
6
CONTINUOUS
10
1.9263250787401573
20
1.8220806692913385
11
1.9343048031496062
21
1.8220806692913385
0
LINE
8
BLACK
6
CONTINUOUS
10
1.9343048031496062
20
1.8220806692913385
11
1.9370022440944881
21
1.8234294094488188
0
LINE
8
BLACK
6
CONTINUOUS
10
1.9370022440944881
20
1.8234294094488188
11
1.938538188976378
21
1.8249653543307087
0
LINE
8
BLACK
6
CONTINUOUS
10
1.938538188976378
20
1.8249653543307087
11
1.9389856692913385
21
1.8253325984251969
0
LINE
8
BLACK
6
CONTINUOUS
10
1.9389856692913385
20
1.8253325984251969
11
1.9400500787401573
21
1.8257735039370078
0
LINE
8
BLACK
6
CONTINUOUS
10
1.9400500787401573
20
1.8257735039370078
11
1.9412021653543308
21
1.8257735039370078
0
LINE
8
BLACK
6
CONTINUOUS
10
1.9412021653543308
20
1.8257735039370078
11
1.9422665748031496
21
1.8253326377952757
0
LINE
8
BLACK
6
CONTINUOUS
10
1.9422665748031496
20
1.8253326377952757
11
1.9430812598425196
21
1.8245179527559054
0
LINE
8
BLACK
6
CONTINUOUS
10
1.9430812598425196
20
1.8245179527559054
11
1.9435221653543306
21
1.8234535433070866
0
LINE
8
BLACK
6
CONTINUOUS
10
1.9435221653543306
20
1.8234535433070866
11
1.9435221653543306
21
1.8223014566929134
0
LINE
8
BLACK
6
CONTINUOUS
10
1.9435221653543306
20
1.8223014566929134
11
1.9430812992125983
21
1.8212370472440944
0
LINE
8
BLACK
6
CONTINUOUS
10
1.9430812992125983
20
1.8212370472440944
11
1.9427140551181101
21
1.8207895669291339
0
LINE
8
BLACK
6
CONTINUOUS
10
1.9427140551181101
20
1.8207895669291339
11
1.9408393307086613
21
1.8189148031496063
0
LINE
8
BLACK
6
CONTINUOUS
10
1.9408393307086613
20
1.8189148031496063
11
1.9406129527559055
21
1.8187290551181101
0
LINE
8
BLACK
6
CONTINUOUS
10
1.9406129527559055
20
1.8187290551181101
11
1.9405617716535433
21
1.81867
0
LINE
8
BLACK
6
CONTINUOUS
10
1.9405617716535433
20
1.81867
11
1.9404727952755905
21
1.8186140157480315
0
LINE
8
BLACK
6
CONTINUOUS
10
1.9404727952755905
20
1.8186140157480315
11
1.9403918503937008
21
1.8185475590551181
0
LINE
8
BLACK
6
CONTINUOUS
10
1.9403918503937008
20
1.8185475590551181
11
1.9403198818897638
21
1.8185177559055117
0
LINE
8
BLACK
6
CONTINUOUS
10
1.9403198818897638
20
1.8185177559055117
11
1.9400718897637794
21
1.8183616535433071
0
LINE
8
BLACK
6
CONTINUOUS
10
1.9400718897637794
20
1.8183616535433071
11
1.9363223622047243
21
1.8164868897637796
0
LINE
8
BLACK
6
CONTINUOUS
10
1.9363223622047243
20
1.8164868897637796
11
1.9357817322834645
21
1.8162799999999999
0
LINE
8
BLACK
6
CONTINUOUS
10
1.9357817322834645
20
1.8162799999999999
11
1.9356759055118109
21
1.8162725196850393
0
LINE
8
BLACK
6
CONTINUOUS
10
1.9356759055118109
20
1.8162725196850393
11
1.9355779133858266
21
1.8162318897637795
0
LINE
8
BLACK
6
CONTINUOUS
10
1.9355779133858266
20
1.8162318897637795
11
1.9350018503937008
21
1.8161751574803149
0
LINE
8
BLACK
6
CONTINUOUS
10
1.9350018503937008
20
1.8161751574803149
11
1.925628031496063
21
1.8161751574803149
0
LINE
8
BLACK
6
CONTINUOUS
10
1.925628031496063
20
1.8161751574803149
11
1.9250519685039369
21
1.8162318897637795
0
LINE
8
BLACK
6
CONTINUOUS
10
1.9250519685039369
20
1.8162318897637795
11
1.9249539763779526
21
1.8162724803149606
0
LINE
8
BLACK
6
CONTINUOUS
10
1.9249539763779526
20
1.8162724803149606
11
1.9248481102362205
21
1.8162799999999999
0
LINE
8
BLACK
6
CONTINUOUS
10
1.9248481102362205
20
1.8162799999999999
11
1.9243075196850394
21
1.8164868897637796
0
LINE
8
BLACK
6
CONTINUOUS
10
1.9243075196850394
20
1.8164868897637796
11
1.9205579921259841
21
1.8183616535433071
0
LINE
8
BLACK
6
CONTINUOUS
10
1.9205579921259841
20
1.8183616535433071
11
1.9203099606299212
21
1.8185177559055117
0
LINE
8
BLACK
6
CONTINUOUS
10
1.9203099606299212
20
1.8185177559055117
11
1.920238031496063
21
1.8185475590551181
0
LINE
8
BLACK
6
CONTINUOUS
10
1.920238031496063
20
1.8185475590551181
11
1.9201570472440945
21
1.8186140157480315
0
LINE
8
BLACK
6
CONTINUOUS
10
1.9201570472440945
20
1.8186140157480315
11
1.9200681102362205
21
1.81867
0
LINE
8
BLACK
6
CONTINUOUS
10
1.9200681102362205
20
1.81867
11
1.9200168897637795
21
1.8187290551181101
0
LINE
8
BLACK
6
CONTINUOUS
10
1.9200168897637795
20
1.8187290551181101
11
1.9197905511811024
21
1.8189148031496063
0
LINE
8
BLACK
6
CONTINUOUS
10
1.9197905511811024
20
1.8189148031496063
11
1.9179157874015749
21
1.8207896062992126
0
LINE
8
BLACK
6
CONTINUOUS
10
1.9179157874015749
20
1.8207896062992126
11
1.9177300393700787
21
1.8210159448818897
0
LINE
8
BLACK
6
CONTINUOUS
10
1.9177300393700787
20
1.8210159448818897
11
1.9176710629921259
21
1.8210670866141732
0
LINE
8
BLACK
6
CONTINUOUS
10
1.9176710629921259
20
1.8210670866141732
11
1.9176150787401574
21
1.8211560236220472
0
LINE
8
BLACK
6
CONTINUOUS
10
1.9176150787401574
20
1.8211560236220472
11
1.9175485826771652
21
1.8212370472440944
0
LINE
8
BLACK
6
CONTINUOUS
10
1.9175485826771652
20
1.8212370472440944
11
1.9175187401574803
21
1.8213090944881889
0
LINE
8
BLACK
6
CONTINUOUS
10
1.9175187401574803
20
1.8213090944881889
11
1.917362716535433
21
1.821556968503937
0
LINE
8
BLACK
6
CONTINUOUS
10
1.917362716535433
20
1.821556968503937
11
1.9154879527559054
21
1.8253064960629921
0
LINE
8
BLACK
6
CONTINUOUS
10
1.9154879527559054
20
1.8253064960629921
11
1.915281062992126
21
1.8258471259842519
0
LINE
8
BLACK
6
CONTINUOUS
10
1.915281062992126
20
1.8258471259842519
11
1.9152735433070867
21
1.8259529527559055
0
LINE
8
BLACK
6
CONTINUOUS
10
1.9152735433070867
20
1.8259529527559055
11
1.9152329527559055
21
1.8260509448818898
0
LINE
8
BLACK
6
CONTINUOUS
10
1.9152329527559055
20
1.8260509448818898
11
1.915176220472441
21
1.8266270078740157
0
LINE
8
BLACK
6
CONTINUOUS
10
1.915176220472441
20
1.8266270078740157
11
1.915176220472441
21
1.8360008267716534
0
LINE
8
BLACK
6
CONTINUOUS
10
1.915176220472441
20
1.8360008267716534
11
1.9152329527559055
21
1.8365768897637795
0
LINE
8
BLACK
6
CONTINUOUS
10
1.9152329527559055
20
1.8365768897637795
11
1.9152735433070867
21
1.8366749212598426
0
LINE
8
BLACK
6
CONTINUOUS
10
1.9152735433070867
20
1.8366749212598426
11
1.915281062992126
21
1.8367807086614172
0
LINE
8
BLACK
6
CONTINUOUS
10
1.915281062992126
20
1.8367807086614172
11
1.9154879527559054
21
1.8373213385826772
0
LINE
8
BLACK
6
CONTINUOUS
10
1.9154879527559054
20
1.8373213385826772
11
1.917362716535433
21
1.8410708661417323
0
LINE
8
BLACK
6
CONTINUOUS
10
1.917362716535433
20
1.8410708661417323
11
1.917518779527559
21
1.8413188976377952
0
LINE
8
BLACK
6
CONTINUOUS
10
1.917518779527559
20
1.8413188976377952
11
1.917548622047244
21
1.8413908267716534
0
LINE
8
BLACK
6
CONTINUOUS
10
1.917548622047244
20
1.8413908267716534
11
1.9176150787401574
21
1.8414718110236219
0
LINE
8
BLACK
6
CONTINUOUS
10
1.9176150787401574
20
1.8414718110236219
11
1.9176710629921259
21
1.8415607480314959
0
LINE
8
BLACK
6
CONTINUOUS
10
1.9176710629921259
20
1.8415607480314959
11
1.9177300393700787
21
1.8416119291338582
0
LINE
8
BLACK
6
CONTINUOUS
10
1.9177300393700787
20
1.8416119291338582
11
1.9179158267716534
21
1.8418382677165355
0
LINE
8
BLACK
6
CONTINUOUS
10
1.9179158267716534
20
1.8418382677165355
11
1.919790590551181
21
1.843713031496063
0
LINE
8
BLACK
6
CONTINUOUS
10
1.919790590551181
20
1.843713031496063
11
1.9200169291338582
21
1.8438988188976377
0
LINE
8
BLACK
6
CONTINUOUS
10
1.9200169291338582
20
1.8438988188976377
11
1.9200681102362205
21
1.8439577952755906
0
LINE
8
BLACK
6
CONTINUOUS
10
1.9200681102362205
20
1.8439577952755906
11
1.9201570472440945
21
1.8440137795275591
0
LINE
8
BLACK
6
CONTINUOUS
10
1.9201570472440945
20
1.8440137795275591
11
1.920238031496063
21
1.8440802362204725
0
LINE
8
BLACK
6
CONTINUOUS
10
1.920238031496063
20
1.8440802362204725
11
1.9203099606299212
21
1.8441100787401574
0
LINE
8
BLACK
6
CONTINUOUS
10
1.9203099606299212
20
1.8441100787401574
11
1.9205579921259841
21
1.8442661417322834
0
LINE
8
BLACK
6
CONTINUOUS
10
1.9205579921259841
20
1.8442661417322834
11
1.9243075196850394
21
1.846140905511811
0
LINE
8
BLACK
6
CONTINUOUS
10
1.9243075196850394
20
1.846140905511811
11
1.9248481102362205
21
1.8463477952755905
0
LINE
8
BLACK
6
CONTINUOUS
10
1.9248481102362205
20
1.8463477952755905
11
1.9249539763779526
21
1.8463553543307085
0
LINE
8
BLACK
6
CONTINUOUS
10
1.9249539763779526
20
1.8463553543307085
11
1.9250519685039369
21
1.8463959055118109
0
LINE
8
BLACK
6
CONTINUOUS
10
1.9250519685039369
20
1.8463959055118109
11
1.925628031496063
21
1.8464526377952755
0
LINE
8
BLACK
6
CONTINUOUS
10
1.925628031496063
20
1.8464526377952755
11
1.9350018503937008
21
1.8464526377952755
0
LINE
8
BLACK
6
CONTINUOUS
10
1.9350018503937008
20
1.8464526377952755
11
1.9355779133858266
21
1.8463959055118109
0
LINE
8
BLACK
6
CONTINUOUS
10
1.9355779133858266
20
1.8463959055118109
11
1.9356759055118109
21
1.84635531496063
0
LINE
8
BLACK
6
CONTINUOUS
10
1.9356759055118109
20
1.84635531496063
11
1.9357817322834645
21
1.8463477952755905
0
LINE
8
BLACK
6
CONTINUOUS
10
1.9357817322834645
20
1.8463477952755905
11
1.9363223622047243
21
1.846140905511811
0
LINE
8
BLACK
6
CONTINUOUS
10
1.9363223622047243
20
1.846140905511811
11
1.9370562598425196
21
1.8457739763779528
0
LINE
8
BLACK
6
CONTINUOUS
10
1.9370562598425196
20
1.8457739763779528
11
1.9360791732283464
21
1.8555452362204723
0
LINE
8
BLACK
6
CONTINUOUS
10
1.9360791732283464
20
1.8555452362204723
11
1.9200037401574803
21
1.8555452362204723
0
LINE
8
BLACK
6
CONTINUOUS
10
1.9200037401574803
20
1.8555452362204723
11
1.9194276771653542
21
1.8556019685039369
0
LINE
8
BLACK
6
CONTINUOUS
10
1.9194276771653542
20
1.8556019685039369
11
1.9183632677165354
21
1.856042874015748
0
LINE
8
BLACK
6
CONTINUOUS
10
1.9183632677165354
20
1.856042874015748
11
1.917548622047244
21
1.8568575196850394
0
LINE
8
BLACK
6
CONTINUOUS
10
1.917548622047244
20
1.8568575196850394
11
1.9171077165354331
21
1.8579219291338582
0
LINE
8
BLACK
6
CONTINUOUS
10
1.9171077165354331
20
1.8579219291338582
11
1.9171077165354331
21
1.8590740551181102
0
LINE
8
BLACK
6
CONTINUOUS
10
1.9171077165354331
20
1.8590740551181102
11
1.917548622047244
21
1.860138464566929
0
LINE
8
BLACK
6
CONTINUOUS
10
1.917548622047244
20
1.860138464566929
11
1.9183632677165354
21
1.8609531102362205
0
LINE
8
BLACK
6
CONTINUOUS
10
1.9183632677165354
20
1.8609531102362205
11
1.9194276771653542
21
1.8613940157480315
0
LINE
8
BLACK
6
CONTINUOUS
10
1.9194276771653542
20
1.8613940157480315
11
1.9200037401574803
21
1.8614507480314961
0
LINE
8
BLACK
6
CONTINUOUS
10
1.9200037401574803
20
1.8614507480314961
11
1.9387513779527559
21
1.8614507480314961
0
LINE
8
BLACK
6
CONTINUOUS
10
1.9387513779527559
20
1.8614507480314961
11
1.9389644094488188
21
1.8614298031496062
0
LINE
8
BLACK
6
CONTINUOUS
10
1.9591395275590551
20
1.8609531102362205
11
1.9599541732283463
21
1.860138464566929
0
LINE
8
BLACK
6
CONTINUOUS
10
1.9599541732283463
20
1.860138464566929
11
1.9603950787401574
21
1.8590740551181102
0
LINE
8
BLACK
6
CONTINUOUS
10
1.9603950787401574
20
1.8590740551181102
11
1.960451811023622
21
1.8584979921259841
0
LINE
8
BLACK
6
CONTINUOUS
10
1.960451811023622
20
1.8584979921259841
11
1.960451811023622
21
1.8273240551181102
0
LINE
8
BLACK
6
CONTINUOUS
10
1.960451811023622
20
1.8273240551181102
11
1.9618005511811023
21
1.8246265748031496
0
LINE
8
BLACK
6
CONTINUOUS
10
1.9618005511811023
20
1.8246265748031496
11
1.9629976771653543
21
1.8234294094488188
0
LINE
8
BLACK
6
CONTINUOUS
10
1.9629976771653543
20
1.8234294094488188
11
1.965695157480315
21
1.8220806692913385
0
LINE
8
BLACK
6
CONTINUOUS
10
1.965695157480315
20
1.8220806692913385
11
1.9718001181102363
21
1.8220806692913385
0
LINE
8
BLACK
6
CONTINUOUS
10
1.9718001181102363
20
1.8220806692913385
11
1.9744975590551181
21
1.8234294094488188
0
LINE
8
BLACK
6
CONTINUOUS
10
1.9744975590551181
20
1.8234294094488188
11
1.97569468503937
21
1.8246265748031496
0
LINE
8
BLACK
6
CONTINUOUS
10
1.97569468503937
20
1.8246265748031496
11
1.977043464566929
21
1.8273240551181102
0
LINE
8
BLACK
6
CONTINUOUS
10
1.977043464566929
20
1.8273240551181102
11
1.977043464566929
21
1.8584979921259841
0
LINE
8
BLACK
6
CONTINUOUS
10
1.977043464566929
20
1.8584979921259841
11
1.9771001968503936
21
1.8590740551181102
0
LINE
8
BLACK
6
CONTINUOUS
10
1.9771001968503936
20
1.8590740551181102
11
1.9775411023622047
21
1.860138464566929
0
LINE
8
BLACK
6
CONTINUOUS
10
1.9775411023622047
20
1.860138464566929
11
1.9783557480314959
21
1.8609531102362205
0
LINE
8
BLACK
6
CONTINUOUS
10
1.9783557480314959
20
1.8609531102362205
11
1.979420157480315
21
1.8613940157480315
0
LINE
8
BLACK
6
CONTINUOUS
10
1.979420157480315
20
1.8613940157480315
11
1.9805722834645669
21
1.8613940157480315
0
LINE
8
BLACK
6
CONTINUOUS
10
1.9805722834645669
20
1.8613940157480315
11
1.9816366929133857
21
1.8609531102362205
0
LINE
8
BLACK
6
CONTINUOUS
10
1.9816366929133857
20
1.8609531102362205
11
1.9824513385826772
21
1.860138464566929
0
LINE
8
BLACK
6
CONTINUOUS
10
1.9824513385826772
20
1.860138464566929
11
1.9828922440944881
21
1.8590740551181102
0
LINE
8
BLACK
6
CONTINUOUS
10
1.9828922440944881
20
1.8590740551181102
11
1.9829489763779526
21
1.8584979921259841
0
LINE
8
BLACK
6
CONTINUOUS
10
1.9829489763779526
20
1.8584979921259841
11
1.9829489763779526
21
1.8266270078740157
0
LINE
8
BLACK
6
CONTINUOUS
10
1.9829489763779526
20
1.8266270078740157
11
1.9828922440944881
21
1.8260509448818898
0
LINE
8
BLACK
6
CONTINUOUS
10
1.9828922440944881
20
1.8260509448818898
11
1.9828516535433069
21
1.8259529921259843
0
LINE
8
BLACK
6
CONTINUOUS
10
1.9828516535433069
20
1.8259529921259843
11
1.9828441338582676
21
1.8258470866141732
0
LINE
8
BLACK
6
CONTINUOUS
10
1.9828441338582676
20
1.8258470866141732
11
1.9826372440944882
21
1.8253064960629921
0
LINE
8
BLACK
6
CONTINUOUS
10
1.9826372440944882
20
1.8253064960629921
11
1.9807624803149606
21
1.821556968503937
0
LINE
8
BLACK
6
CONTINUOUS
10
1.9807624803149606
20
1.821556968503937
11
1.9806064173228346
21
1.8213090944881889
0
LINE
8
BLACK
6
CONTINUOUS
10
1.9806064173228346
20
1.8213090944881889
11
1.9805766141732284
21
1.8212370472440944
0
LINE
8
BLACK
6
CONTINUOUS
10
1.9805766141732284
20
1.8212370472440944
11
1.9805100787401575
21
1.8211560236220472
0
LINE
8
BLACK
6
CONTINUOUS
10
1.9805100787401575
20
1.8211560236220472
11
1.9804541338582677
21
1.8210670866141732
0
LINE
8
BLACK
6
CONTINUOUS
10
1.9804541338582677
20
1.8210670866141732
11
1.9803951181102362
21
1.8210159448818897
0
LINE
8
BLACK
6
CONTINUOUS
10
1.9803951181102362
20
1.8210159448818897
11
1.9802093700787402
21
1.8207895669291339
0
LINE
8
BLACK
6
CONTINUOUS
10
1.9802093700787402
20
1.8207895669291339
11
1.9783346456692914
21
1.8189148031496063
0
LINE
8
BLACK
6
CONTINUOUS
10
1.9783346456692914
20
1.8189148031496063
11
1.9781082677165354
21
1.8187290551181101
0
LINE
8
BLACK
6
CONTINUOUS
10
1.9781082677165354
20
1.8187290551181101
11
1.9780570866141731
21
1.81867
0
LINE
8
BLACK
6
CONTINUOUS
10
1.9780570866141731
20
1.81867
11
1.9779681102362203
21
1.8186140157480315
0
LINE
8
BLACK
6
CONTINUOUS
10
1.9779681102362203
20
1.8186140157480315
11
1.9778871653543306
21
1.8185475590551181
0
LINE
8
BLACK
6
CONTINUOUS
10
1.9778871653543306
20
1.8185475590551181
11
1.9778151968503936
21
1.8185177559055117
0
LINE
8
BLACK
6
CONTINUOUS
10
1.9778151968503936
20
1.8185177559055117
11
1.9775672047244095
21
1.8183616535433071
0
LINE
8
BLACK
6
CONTINUOUS
10
1.9775672047244095
20
1.8183616535433071
11
1.9738176771653544
21
1.8164868897637796
0
LINE
8
BLACK
6
CONTINUOUS
10
1.9738176771653544
20
1.8164868897637796
11
1.9732770472440944
21
1.8162799999999999
0
LINE
8
BLACK
6
CONTINUOUS
10
1.9732770472440944
20
1.8162799999999999
11
1.973171220472441
21
1.8162725196850393
0
LINE
8
BLACK
6
CONTINUOUS
10
1.973171220472441
20
1.8162725196850393
11
1.9730732283464567
21
1.8162318897637795
0
LINE
8
BLACK
6
CONTINUOUS
10
1.9730732283464567
20
1.8162318897637795
11
1.9724971653543306
21
1.8161751574803149
0
LINE
8
BLACK
6
CONTINUOUS
10
1.9724971653543306
20
1.8161751574803149
11
1.9649981102362204
21
1.8161751574803149
0
LINE
8
BLACK
6
CONTINUOUS
10
1.9649981102362204
20
1.8161751574803149
11
1.9644220472440945
21
1.8162318897637795
0
LINE
8
BLACK
6
CONTINUOUS
10
1.9644220472440945
20
1.8162318897637795
11
1.9643240551181103
21
1.8162724803149606
0
LINE
8
BLACK
6
CONTINUOUS
10
1.9643240551181103
20
1.8162724803149606
11
1.9642181889763779
21
1.8162799999999999
0
LINE
8
BLACK
6
CONTINUOUS
10
1.9642181889763779
20
1.8162799999999999
11
1.9636775984251968
21
1.8164868897637796
0
LINE
8
BLACK
6
CONTINUOUS
10
1.9636775984251968
20
1.8164868897637796
11
1.9599280708661417
21
1.8183616535433071
0
LINE
8
BLACK
6
CONTINUOUS
10
1.9599280708661417
20
1.8183616535433071
11
1.9596800393700786
21
1.8185177559055117
0
LINE
8
BLACK
6
CONTINUOUS
10
1.9596800393700786
20
1.8185177559055117
11
1.9596081102362204
21
1.8185475590551181
0
LINE
8
BLACK
6
CONTINUOUS
10
1.9596081102362204
20
1.8185475590551181
11
1.9595271259842519
21
1.8186140157480315
0
LINE
8
BLACK
6
CONTINUOUS
10
1.9595271259842519
20
1.8186140157480315
11
1.9594381889763779
21
1.81867
0
LINE
8
BLACK
6
CONTINUOUS
10
1.9594381889763779
20
1.81867
11
1.9593869685039369
21
1.8187290551181101
0
LINE
8
BLACK
6
CONTINUOUS
10
1.9593869685039369
20
1.8187290551181101
11
1.9591606299212598
21
1.8189148031496063
0
LINE
8
BLACK
6
CONTINUOUS
10
1.9591606299212598
20
1.8189148031496063
11
1.9572858661417323
21
1.8207896062992126
0
LINE
8
BLACK
6
CONTINUOUS
10
1.9572858661417323
20
1.8207896062992126
11
1.9571001181102361
21
1.8210159448818897
0
LINE
8
BLACK
6
CONTINUOUS
10
1.9571001181102361
20
1.8210159448818897
11
1.9570411417322835
21
1.8210670866141732
0
LINE
8
BLACK
6
CONTINUOUS
10
1.9570411417322835
20
1.8210670866141732
11
1.956985157480315
21
1.8211560236220472
0
LINE
8
BLACK
6
CONTINUOUS
10
1.956985157480315
20
1.8211560236220472
11
1.9569186614173228
21
1.8212370472440944
0
LINE
8
BLACK
6
CONTINUOUS
10
1.9569186614173228
20
1.8212370472440944
11
1.9568888188976377
21
1.8213090944881889
0
LINE
8
BLACK
6
CONTINUOUS
10
1.9568888188976377
20
1.8213090944881889
11
1.9567327952755904
21
1.821556968503937
0
LINE
8
BLACK
6
CONTINUOUS
10
1.9567327952755904
20
1.821556968503937
11
1.9548580314960629
21
1.8253064960629921
0
LINE
8
BLACK
6
CONTINUOUS
10
1.9548580314960629
20
1.8253064960629921
11
1.9546511417322834
21
1.8258471259842519
0
LINE
8
BLACK
6
CONTINUOUS
10
1.9546511417322834
20
1.8258471259842519
11
1.9546436220472441
21
1.8259529527559055
0
LINE
8
BLACK
6
CONTINUOUS
10
1.9546436220472441
20
1.8259529527559055
11
1.954603031496063
21
1.8260509448818898
0
LINE
8
BLACK
6
CONTINUOUS
10
1.954603031496063
20
1.8260509448818898
11
1.9545462992125984
21
1.8266270078740157
0
LINE
8
BLACK
6
CONTINUOUS
10
1.9545462992125984
20
1.8266270078740157
11
1.9545462992125984
21
1.8584979921259841
0
LINE
8
BLACK
6
CONTINUOUS
10
1.9545462992125984
20
1.8584979921259841
11
1.954603031496063
21
1.8590740551181102
0
LINE
8
BLACK
6
CONTINUOUS
10
1.954603031496063
20
1.8590740551181102
11
1.955043937007874
21
1.860138464566929
0
LINE
8
BLACK
6
CONTINUOUS
10
1.955043937007874
20
1.860138464566929
11
1.9558585826771653
21
1.8609531102362205
0
LINE
8
BLACK
6
CONTINUOUS
10
1.9558585826771653
20
1.8609531102362205
11
1.9569229921259843
21
1.8613940157480315
0
LINE
8
BLACK
6
CONTINUOUS
10
1.9569229921259843
20
1.8613940157480315
11
1.9580751181102363
21
1.8613940157480315
0
LINE
8
BLACK
6
CONTINUOUS
10
1.9580751181102363
20
1.8613940157480315
11
1.9591395275590551
21
1.8609531102362205
0
LINE
8
BLACK
6
CONTINUOUS
10
2.0705760629921262
20
1.8412294094488189
11
2.071640472440945
21
1.8407885039370078
0
LINE
8
BLACK
6
CONTINUOUS
10
2.071640472440945
20
1.8407885039370078
11
2.072455118110236
21
1.8399738582677165
0
LINE
8
BLACK
6
CONTINUOUS
10
2.072455118110236
20
1.8399738582677165
11
2.0728960236220471
21
1.8389094488188975
0
LINE
8
BLACK
6
CONTINUOUS
10
2.0728960236220471
20
1.8389094488188975
11
2.0728960236220471
21
1.8377573228346455
0
LINE
8
BLACK
6
CONTINUOUS
10
2.0728960236220471
20
1.8377573228346455
11
2.072455118110236
21
1.8366929133858267
0
LINE
8
BLACK
6
CONTINUOUS
10
2.072455118110236
20
1.8366929133858267
11
2.071640472440945
21
1.8358782677165353
0
LINE
8
BLACK
6
CONTINUOUS
10
2.071640472440945
20
1.8358782677165353
11
2.0705760629921262
21
1.8354373622047244
0
LINE
8
BLACK
6
CONTINUOUS
10
2.0705760629921262
20
1.8354373622047244
11
2.0699999999999998
21
1.8353806299212598
0
LINE
8
BLACK
6
CONTINUOUS
10
2.0699999999999998
20
1.8353806299212598
11
2.0099999999999998
21
1.8353806299212598
0
LINE
8
BLACK
6
CONTINUOUS
10
2.0099999999999998
20
1.8353806299212598
11
2.0094239370078739
21
1.8354373622047244
0
LINE
8
BLACK
6
CONTINUOUS
10
2.0094239370078739
20
1.8354373622047244
11
2.0083595275590551
21
1.8358782677165353
0
LINE
8
BLACK
6
CONTINUOUS
10
2.0083595275590551
20
1.8358782677165353
11
2.0075448818897637
21
1.8366929133858267
0
LINE
8
BLACK
6
CONTINUOUS
10
2.0075448818897637
20
1.8366929133858267
11
2.0071039763779526
21
1.8377573228346455
0
LINE
8
BLACK
6
CONTINUOUS
10
2.0071039763779526
20
1.8377573228346455
11
2.0071039763779526
21
1.8389094488188975
0
LINE
8
BLACK
6
CONTINUOUS
10
2.0071039763779526
20
1.8389094488188975
11
2.0075448818897637
21
1.8399738582677165
0
LINE
8
BLACK
6
CONTINUOUS
10
2.0075448818897637
20
1.8399738582677165
11
2.0083595275590551
21
1.8407885039370078
0
LINE
8
BLACK
6
CONTINUOUS
10
2.0083595275590551
20
1.8407885039370078
11
2.0094239370078739
21
1.8412294094488189
0
LINE
8
BLACK
6
CONTINUOUS
10
2.0094239370078739
20
1.8412294094488189
11
2.0099999999999998
21
1.8412861417322834
0
LINE
8
BLACK
6
CONTINUOUS
10
2.0099999999999998
20
1.8412861417322834
11
2.0699999999999998
21
1.8412861417322834
0
LINE
8
BLACK
6
CONTINUOUS
10
2.0699999999999998
20
1.8412861417322834
11
2.0705760629921262
21
1.8412294094488189
0
LINE
8
BLACK
6
CONTINUOUS
10
1.8564157874015748
20
1.8726811417322835
11
1.8576942125984253
21
1.871402716535433
0
LINE
8
BLACK
6
CONTINUOUS
10
1.8576942125984253
20
1.871402716535433
11
1.8578740157480313
21
1.8704987401574802
0
LINE
8
BLACK
6
CONTINUOUS
10
1.8578740157480313
20
1.8704987401574802
11
1.8578740157480313
21
1.8669554330708662
0
LINE
8
BLACK
6
CONTINUOUS
10
1.8578740157480313
20
1.8669554330708662
11
2.0421259842519683
21
1.8669554330708662
0
LINE
8
BLACK
6
CONTINUOUS
10
2.0421259842519683
20
1.8669554330708662
11
2.0421259842519683
21
1.8704987401574802
0
LINE
8
BLACK
6
CONTINUOUS
10
2.0421259842519683
20
1.8704987401574802
11
2.0423057874015749
21
1.871402716535433
0
LINE
8
BLACK
6
CONTINUOUS
10
2.0423057874015749
20
1.871402716535433
11
2.0435842125984252
21
1.8726811417322835
0
LINE
8
BLACK
6
CONTINUOUS
10
2.0435842125984252
20
1.8726811417322835
11
2.0453921653543308
21
1.8726811417322835
0
LINE
8
BLACK
6
CONTINUOUS
10
2.0453921653543308
20
1.8726811417322835
11
2.0466705905511811
21
1.871402716535433
0
LINE
8
BLACK
6
CONTINUOUS
10
2.0466705905511811
20
1.871402716535433
11
2.0468503937007871
21
1.8704987401574802
0
LINE
8
BLACK
6
CONTINUOUS
10
2.0468503937007871
20
1.8704987401574802
11
2.0468503937007871
21
1.8645932283464566
0
LINE
8
BLACK
6
CONTINUOUS
10
2.0468503937007871
20
1.8645932283464566
11
2.0466705905511811
21
1.863689251968504
0
LINE
8
BLACK
6
CONTINUOUS
10
2.0466705905511811
20
1.863689251968504
11
2.0453921653543308
21
1.8624108267716535
0
LINE
8
BLACK
6
CONTINUOUS
10
2.0453921653543308
20
1.8624108267716535
11
2.044488188976378
21
1.8622310236220472
0
LINE
8
BLACK
6
CONTINUOUS
10
2.044488188976378
20
1.8622310236220472
11
1.8555118110236219
21
1.8622310236220472
0
LINE
8
BLACK
6
CONTINUOUS
10
1.8555118110236219
20
1.8622310236220472
11
1.8546078346456691
21
1.8624108267716535
0
LINE
8
BLACK
6
CONTINUOUS
10
1.8546078346456691
20
1.8624108267716535
11
1.8533294094488189
21
1.863689251968504
0
LINE
8
BLACK
6
CONTINUOUS
10
1.8533294094488189
20
1.863689251968504
11
1.8531496062992125
21
1.8645932283464566
0
LINE
8
BLACK
6
CONTINUOUS
10
1.8531496062992125
20
1.8645932283464566
11
1.8531496062992125
21
1.8681365354330708
0
LINE
8
BLACK
6
CONTINUOUS
10
1.8531496062992125
20
1.8681365354330708
11
1.7885826771653544
21
1.8681365354330708
0
LINE
8
BLACK
6
CONTINUOUS
10
1.7885826771653544
20
1.8681365354330708
11
1.7876787007874015
21
1.8683163385826771
0
LINE
8
BLACK
6
CONTINUOUS
10
1.7876787007874015
20
1.8683163385826771
11
1.786400275590551
21
1.8695947637795276
0
LINE
8
BLACK
6
CONTINUOUS
10
1.786400275590551
20
1.8695947637795276
11
1.786400275590551
21
1.871402716535433
0
LINE
8
BLACK
6
CONTINUOUS
10
1.786400275590551
20
1.871402716535433
11
1.7876787007874015
21
1.8726811417322835
0
LINE
8
BLACK
6
CONTINUOUS
10
1.7876787007874015
20
1.8726811417322835
11
1.7885826771653544
21
1.8728609448818898
0
LINE
8
BLACK
6
CONTINUOUS
10
1.7885826771653544
20
1.8728609448818898
11
1.8555118110236219
21
1.8728609448818898
0
LINE
8
BLACK
6
CONTINUOUS
10
1.8555118110236219
20
1.8728609448818898
11
1.8564157874015748
21
1.8726811417322835
0
LINE
8
BLACK
6
CONTINUOUS
10
2.0453921653543308
20
2.0242559448818898
11
2.0466705905511811
21
2.0229775196850395
0
LINE
8
BLACK
6
CONTINUOUS
10
2.0466705905511811
20
2.0229775196850395
11
2.0468503937007871
21
2.0220735433070867
0
LINE
8
BLACK
6
CONTINUOUS
10
2.0468503937007871
20
2.0220735433070867
11
2.0468503937007871
21
2.0161680314960631
0
LINE
8
BLACK
6
CONTINUOUS
10
2.0468503937007871
20
2.0161680314960631
11
2.0466705905511811
21
2.0152640551181102
0
LINE
8
BLACK
6
CONTINUOUS
10
2.0466705905511811
20
2.0152640551181102
11
2.0453921653543308
21
2.01398562992126
0
LINE
8
BLACK
6
CONTINUOUS
10
2.0453921653543308
20
2.01398562992126
11
2.0435842125984252
21
2.01398562992126
0
LINE
8
BLACK
6
CONTINUOUS
10
2.0435842125984252
20
2.01398562992126
11
2.0423057874015749
21
2.0152640551181102
0
LINE
8
BLACK
6
CONTINUOUS
10
2.0423057874015749
20
2.0152640551181102
11
2.0421259842519683
21
2.0161680314960631
0
LINE
8
BLACK
6
CONTINUOUS
10
2.0421259842519683
20
2.0161680314960631
11
2.0421259842519683
21
2.019711338582677
0
LINE
8
BLACK
6
CONTINUOUS
10
2.0421259842519683
20
2.019711338582677
11
1.8578740157480313
21
2.019711338582677
0
LINE
8
BLACK
6
CONTINUOUS
10
1.8578740157480313
20
2.019711338582677
11
1.8578740157480313
21
2.0161680314960631
0
LINE
8
BLACK
6
CONTINUOUS
10
1.8578740157480313
20
2.0161680314960631
11
1.8576942125984253
21
2.0152640551181102
0
LINE
8
BLACK
6
CONTINUOUS
10
1.8576942125984253
20
2.0152640551181102
11
1.8564157874015748
21
2.01398562992126
0
LINE
8
BLACK
6
CONTINUOUS
10
1.8564157874015748
20
2.01398562992126
11
1.8546078346456691
21
2.01398562992126
0
LINE
8
BLACK
6
CONTINUOUS
10
1.8546078346456691
20
2.01398562992126
11
1.8533294094488189
21
2.0152640551181102
0
LINE
8
BLACK
6
CONTINUOUS
10
1.8533294094488189
20
2.0152640551181102
11
1.8531496062992125
21
2.0161680314960631
0
LINE
8
BLACK
6
CONTINUOUS
10
1.8531496062992125
20
2.0161680314960631
11
1.8531496062992125
21
2.0220735433070867
0
LINE
8
BLACK
6
CONTINUOUS
10
1.8531496062992125
20
2.0220735433070867
11
1.8533294094488189
21
2.0229775196850395
0
LINE
8
BLACK
6
CONTINUOUS
10
1.8533294094488189
20
2.0229775196850395
11
1.8546078346456691
21
2.0242559448818898
0
LINE
8
BLACK
6
CONTINUOUS
10
1.8546078346456691
20
2.0242559448818898
11
1.8555118110236219
21
2.0244357480314958
0
LINE
8
BLACK
6
CONTINUOUS
10
1.8555118110236219
20
2.0244357480314958
11
2.044488188976378
21
2.0244357480314958
0
LINE
8
BLACK
6
CONTINUOUS
10
2.044488188976378
20
2.0244357480314958
11
2.0453921653543308
21
2.0242559448818898
0
LINE
8
BLACK
6
CONTINUOUS
10
2.0705760629921262
20
2.1416460629921259
11
2.071640472440945
21
2.1412051574803148
0
LINE
8
BLACK
6
CONTINUOUS
10
2.071640472440945
20
2.1412051574803148
11
2.072455118110236
21
2.1403905118110234
0
LINE
8
BLACK
6
CONTINUOUS
10
2.072455118110236
20
2.1403905118110234
11
2.0728960236220471
21
2.1393261023622046
0
LINE
8
BLACK
6
CONTINUOUS
10
2.0728960236220471
20
2.1393261023622046
11
2.0728960236220471
21
2.1381739763779528
0
LINE
8
BLACK
6
CONTINUOUS
10
2.0728960236220471
20
2.1381739763779528
11
2.072455118110236
21
2.137109566929134
0
LINE
8
BLACK
6
CONTINUOUS
10
2.072455118110236
20
2.137109566929134
11
2.071640472440945
21
2.1362949212598425
0
LINE
8
BLACK
6
CONTINUOUS
10
2.071640472440945
20
2.1362949212598425
11
2.0705760629921262
21
2.1358540157480315
0
LINE
8
BLACK
6
CONTINUOUS
10
2.0705760629921262
20
2.1358540157480315
11
2.0699999999999998
21
2.1357972834645671
0
LINE
8
BLACK
6
CONTINUOUS
10
2.0699999999999998
20
2.1357972834645671
11
2.0099999999999998
21
2.1357972834645671
0
LINE
8
BLACK
6
CONTINUOUS
10
2.0099999999999998
20
2.1357972834645671
11
2.0094239370078739
21
2.1358540157480315
0
LINE
8
BLACK
6
CONTINUOUS
10
2.0094239370078739
20
2.1358540157480315
11
2.0083595275590551
21
2.1362949212598425
0
LINE
8
BLACK
6
CONTINUOUS
10
2.0083595275590551
20
2.1362949212598425
11
2.0075448818897637
21
2.137109566929134
0
LINE
8
BLACK
6
CONTINUOUS
10
2.0075448818897637
20
2.137109566929134
11
2.0071039763779526
21
2.1381739763779528
0
LINE
8
BLACK
6
CONTINUOUS
10
2.0071039763779526
20
2.1381739763779528
11
2.0071039763779526
21
2.1393261023622046
0
LINE
8
BLACK
6
CONTINUOUS
10
2.0071039763779526
20
2.1393261023622046
11
2.0075448818897637
21
2.1403905118110234
0
LINE
8
BLACK
6
CONTINUOUS
10
2.0075448818897637
20
2.1403905118110234
11
2.0083595275590551
21
2.1412051574803148
0
LINE
8
BLACK
6
CONTINUOUS
10
2.0083595275590551
20
2.1412051574803148
11
2.0094239370078739
21
2.1416460629921259
0
LINE
8
BLACK
6
CONTINUOUS
10
2.0094239370078739
20
2.1416460629921259
11
2.0099999999999998
21
2.1417027952755907
0
LINE
8
BLACK
6
CONTINUOUS
10
2.0099999999999998
20
2.1417027952755907
11
2.0699999999999998
21
2.1417027952755907
0
LINE
8
BLACK
6
CONTINUOUS
10
2.0699999999999998
20
2.1417027952755907
11
2.0705760629921262
21
2.1416460629921259
0
LINE
8
BLACK
6
CONTINUOUS
10
2.0121824015748033
20
2.2146540157480312
11
2.0123622047244094
21
2.2137500393700789
0
LINE
8
BLACK
6
CONTINUOUS
10
2.0123622047244094
20
2.2137500393700789
11
2.0123622047244094
21
2.1837500393700786
0
LINE
8
BLACK
6
CONTINUOUS
10
2.0123622047244094
20
2.1837500393700786
11
2.0121824015748033
21
2.1828460629921258
0
LINE
8
BLACK
6
CONTINUOUS
10
2.0121824015748033
20
2.1828460629921258
11
2.0109039763779526
21
2.1815676377952755
0
LINE
8
BLACK
6
CONTINUOUS
10
2.0109039763779526
20
2.1815676377952755
11
2.009096023622047
21
2.1815676377952755
0
LINE
8
BLACK
6
CONTINUOUS
10
2.009096023622047
20
2.1815676377952755
11
2.0078175984251967
21
2.1828460629921258
0
LINE
8
BLACK
6
CONTINUOUS
10
2.0078175984251967
20
2.1828460629921258
11
2.0076377952755906
21
2.1837500393700786
0
LINE
8
BLACK
6
CONTINUOUS
10
2.0076377952755906
20
2.1837500393700786
11
2.0076377952755906
21
2.2137500393700789
0
LINE
8
BLACK
6
CONTINUOUS
10
2.0076377952755906
20
2.2137500393700789
11
2.0078175984251967
21
2.2146540157480312
0
LINE
8
BLACK
6
CONTINUOUS
10
2.0078175984251967
20
2.2146540157480312
11
2.009096023622047
21
2.215932440944882
0
LINE
8
BLACK
6
CONTINUOUS
10
2.009096023622047
20
2.215932440944882
11
2.0109039763779526
21
2.215932440944882
0
LINE
8
BLACK
6
CONTINUOUS
10
2.0109039763779526
20
2.215932440944882
11
2.0121824015748033
21
2.2146540157480312
0
LINE
8
BLACK
6
CONTINUOUS
10
2.0721824015748029
20
2.2146540157480312
11
2.0723622047244095
21
2.2137500393700789
0
LINE
8
BLACK
6
CONTINUOUS
10
2.0723622047244095
20
2.2137500393700789
11
2.0723622047244095
21
2.1837500393700786
0
LINE
8
BLACK
6
CONTINUOUS
10
2.0723622047244095
20
2.1837500393700786
11
2.0721824015748029
21
2.1828460629921258
0
LINE
8
BLACK
6
CONTINUOUS
10
2.0721824015748029
20
2.1828460629921258
11
2.0709039763779526
21
2.1815676377952755
0
LINE
8
BLACK
6
CONTINUOUS
10
2.0709039763779526
20
2.1815676377952755
11
2.069096023622047
21
2.1815676377952755
0
LINE
8
BLACK
6
CONTINUOUS
10
2.069096023622047
20
2.1815676377952755
11
2.0678175984251967
21
2.1828460629921258
0
LINE
8
BLACK
6
CONTINUOUS
10
2.0678175984251967
20
2.1828460629921258
11
2.0676377952755907
21
2.1837500393700786
0
LINE
8
BLACK
6
CONTINUOUS
10
2.0676377952755907
20
2.1837500393700786
11
2.0676377952755907
21
2.2137500393700789
0
LINE
8
BLACK
6
CONTINUOUS
10
2.0676377952755907
20
2.2137500393700789
11
2.0678175984251967
21
2.2146540157480312
0
LINE
8
BLACK
6
CONTINUOUS
10
2.0678175984251967
20
2.2146540157480312
11
2.069096023622047
21
2.215932440944882
0
LINE
8
BLACK
6
CONTINUOUS
10
2.069096023622047
20
2.215932440944882
11
2.0709039763779526
21
2.215932440944882
0
LINE
8
BLACK
6
CONTINUOUS
10
2.0709039763779526
20
2.215932440944882
11
2.0721824015748029
21
2.2146540157480312
0
LINE
8
BLACK
6
CONTINUOUS
10
2.0705760629921262
20
2.261646062992126
11
2.071640472440945
21
2.2612051574803149
0
LINE
8
BLACK
6
CONTINUOUS
10
2.071640472440945
20
2.2612051574803149
11
2.072455118110236
21
2.2603905118110235
0
LINE
8
BLACK
6
CONTINUOUS
10
2.072455118110236
20
2.2603905118110235
11
2.0728960236220471
21
2.2593261023622047
0
LINE
8
BLACK
6
CONTINUOUS
10
2.0728960236220471
20
2.2593261023622047
11
2.0728960236220471
21
2.2581739763779529
0
LINE
8
BLACK
6
CONTINUOUS
10
2.0728960236220471
20
2.2581739763779529
11
2.072455118110236
21
2.2571095669291337
0
LINE
8
BLACK
6
CONTINUOUS
10
2.072455118110236
20
2.2571095669291337
11
2.071640472440945
21
2.2562949212598427
0
LINE
8
BLACK
6
CONTINUOUS
10
2.071640472440945
20
2.2562949212598427
11
2.0705760629921262
21
2.2558540157480316
0
LINE
8
BLACK
6
CONTINUOUS
10
2.0705760629921262
20
2.2558540157480316
11
2.0699999999999998
21
2.2557972834645668
0
LINE
8
BLACK
6
CONTINUOUS
10
2.0699999999999998
20
2.2557972834645668
11
2.0099999999999998
21
2.2557972834645668
0
LINE
8
BLACK
6
CONTINUOUS
10
2.0099999999999998
20
2.2557972834645668
11
2.0094239370078739
21
2.2558540157480316
0
LINE
8
BLACK
6
CONTINUOUS
10
2.0094239370078739
20
2.2558540157480316
11
2.0083595275590551
21
2.2562949212598427
0
LINE
8
BLACK
6
CONTINUOUS
10
2.0083595275590551
20
2.2562949212598427
11
2.0075448818897637
21
2.2571095669291337
0
LINE
8
BLACK
6
CONTINUOUS
10
2.0075448818897637
20
2.2571095669291337
11
2.0071039763779526
21
2.2581739763779529
0
LINE
8
BLACK
6
CONTINUOUS
10
2.0071039763779526
20
2.2581739763779529
11
2.0071039763779526
21
2.2593261023622047
0
LINE
8
BLACK
6
CONTINUOUS
10
2.0071039763779526
20
2.2593261023622047
11
2.0075448818897637
21
2.2603905118110235
0
LINE
8
BLACK
6
CONTINUOUS
10
2.0075448818897637
20
2.2603905118110235
11
2.0083595275590551
21
2.2612051574803149
0
LINE
8
BLACK
6
CONTINUOUS
10
2.0083595275590551
20
2.2612051574803149
11
2.0094239370078739
21
2.261646062992126
0
LINE
8
BLACK
6
CONTINUOUS
10
2.0094239370078739
20
2.261646062992126
11
2.0099999999999998
21
2.2617027952755904
0
LINE
8
BLACK
6
CONTINUOUS
10
2.0099999999999998
20
2.2617027952755904
11
2.0699999999999998
21
2.2617027952755904
0
LINE
8
BLACK
6
CONTINUOUS
10
2.0699999999999998
20
2.2617027952755904
11
2.0705760629921262
21
2.261646062992126
0
LINE
8
BLACK
6
CONTINUOUS
10
1.8564157874015748
20
2.2943477952755904
11
1.8576942125984253
21
2.2930693700787401
0
LINE
8
BLACK
6
CONTINUOUS
10
1.8576942125984253
20
2.2930693700787401
11
1.8578740157480313
21
2.2921653937007873
0
LINE
8
BLACK
6
CONTINUOUS
10
1.8578740157480313
20
2.2921653937007873
11
1.8578740157480313
21
2.2886220866141733
0
LINE
8
BLACK
6
CONTINUOUS
10
1.8578740157480313
20
2.2886220866141733
11
2.0421259842519683
21
2.2886220866141733
0
LINE
8
BLACK
6
CONTINUOUS
10
2.0421259842519683
20
2.2886220866141733
11
2.0421259842519683
21
2.2921653937007873
0
LINE
8
BLACK
6
CONTINUOUS
10
2.0421259842519683
20
2.2921653937007873
11
2.0423057874015749
21
2.2930693700787401
0
LINE
8
BLACK
6
CONTINUOUS
10
2.0423057874015749
20
2.2930693700787401
11
2.0435842125984252
21
2.2943477952755904
0
LINE
8
BLACK
6
CONTINUOUS
10
2.0435842125984252
20
2.2943477952755904
11
2.0453921653543308
21
2.2943477952755904
0
LINE
8
BLACK
6
CONTINUOUS
10
2.0453921653543308
20
2.2943477952755904
11
2.0466705905511811
21
2.2930693700787401
0
LINE
8
BLACK
6
CONTINUOUS
10
2.0466705905511811
20
2.2930693700787401
11
2.0468503937007871
21
2.2921653937007873
0
LINE
8
BLACK
6
CONTINUOUS
10
2.0468503937007871
20
2.2921653937007873
11
2.0468503937007871
21
2.2862598818897637
0
LINE
8
BLACK
6
CONTINUOUS
10
2.0468503937007871
20
2.2862598818897637
11
2.0466705905511811
21
2.2853559055118109
0
LINE
8
BLACK
6
CONTINUOUS
10
2.0466705905511811
20
2.2853559055118109
11
2.0453921653543308
21
2.2840774803149606
0
LINE
8
BLACK
6
CONTINUOUS
10
2.0453921653543308
20
2.2840774803149606
11
2.044488188976378
21
2.2838976771653541
0
LINE
8
BLACK
6
CONTINUOUS
10
2.044488188976378
20
2.2838976771653541
11
1.8555118110236219
21
2.2838976771653541
0
LINE
8
BLACK
6
CONTINUOUS
10
1.8555118110236219
20
2.2838976771653541
11
1.8546078346456691
21
2.2840774803149606
0
LINE
8
BLACK
6
CONTINUOUS
10
1.8546078346456691
20
2.2840774803149606
11
1.8533294094488189
21
2.2853559055118109
0
LINE
8
BLACK
6
CONTINUOUS
10
1.8533294094488189
20
2.2853559055118109
11
1.8531496062992125
21
2.2862598818897637
0
LINE
8
BLACK
6
CONTINUOUS
10
1.8531496062992125
20
2.2862598818897637
11
1.8531496062992125
21
2.2898031889763777
0
LINE
8
BLACK
6
CONTINUOUS
10
1.8531496062992125
20
2.2898031889763777
11
1.7885826771653544
21
2.2898031889763777
0
LINE
8
BLACK
6
CONTINUOUS
10
1.7885826771653544
20
2.2898031889763777
11
1.7876787007874015
21
2.2899829921259842
0
LINE
8
BLACK
6
CONTINUOUS
10
1.7876787007874015
20
2.2899829921259842
11
1.786400275590551
21
2.2912614173228345
0
LINE
8
BLACK
6
CONTINUOUS
10
1.786400275590551
20
2.2912614173228345
11
1.786400275590551
21
2.2930693700787401
0
LINE
8
BLACK
6
CONTINUOUS
10
1.786400275590551
20
2.2930693700787401
11
1.7876787007874015
21
2.2943477952755904
0
LINE
8
BLACK
6
CONTINUOUS
10
1.7876787007874015
20
2.2943477952755904
11
1.7885826771653544
21
2.2945275984251969
0
LINE
8
BLACK
6
CONTINUOUS
10
1.7885826771653544
20
2.2945275984251969
11
1.8555118110236219
21
2.2945275984251969
0
LINE
8
BLACK
6
CONTINUOUS
10
1.8555118110236219
20
2.2945275984251969
11
1.8564157874015748
21
2.2943477952755904
0
LINE
8
BLACK
6
CONTINUOUS
10
2.1791395275590553
20
2.3789189763779528
11
2.1799541732283463
21
2.3781043307086613
0
LINE
8
BLACK
6
CONTINUOUS
10
2.1799541732283463
20
2.3781043307086613
11
2.1803950787401574
21
2.3770399212598425
0
LINE
8
BLACK
6
CONTINUOUS
10
2.1803950787401574
20
2.3770399212598425
11
2.1804518110236222
21
2.3764638582677167
0
LINE
8
BLACK
6
CONTINUOUS
10
2.1804518110236222
20
2.3764638582677167
11
2.1804518110236222
21
2.3452899212598424
0
LINE
8
BLACK
6
CONTINUOUS
10
2.1804518110236222
20
2.3452899212598424
11
2.1818005511811025
21
2.3425924409448817
0
LINE
8
BLACK
6
CONTINUOUS
10
2.1818005511811025
20
2.3425924409448817
11
2.1829976771653543
21
2.3413952755905512
0
LINE
8
BLACK
6
CONTINUOUS
10
2.1829976771653543
20
2.3413952755905512
11
2.185695157480315
21
2.3400465354330708
0
LINE
8
BLACK
6
CONTINUOUS
10
2.185695157480315
20
2.3400465354330708
11
2.191800118110236
21
2.3400465354330708
0
LINE
8
BLACK
6
CONTINUOUS
10
2.191800118110236
20
2.3400465354330708
11
2.1944975590551179
21
2.3413952755905512
0
LINE
8
BLACK
6
CONTINUOUS
10
2.1944975590551179
20
2.3413952755905512
11
2.1956946850393702
21
2.3425924409448817
0
LINE
8
BLACK
6
CONTINUOUS
10
2.1956946850393702
20
2.3425924409448817
11
2.1970434645669292
21
2.3452899212598424
0
LINE
8
BLACK
6
CONTINUOUS
10
2.1970434645669292
20
2.3452899212598424
11
2.1970434645669292
21
2.3764638582677167
0
LINE
8
BLACK
6
CONTINUOUS
10
2.1970434645669292
20
2.3764638582677167
11
2.1971001968503936
21
2.3770399212598425
0
LINE
8
BLACK
6
CONTINUOUS
10
2.1971001968503936
20
2.3770399212598425
11
2.1975411023622047
21
2.3781043307086613
0
LINE
8
BLACK
6
CONTINUOUS
10
2.1975411023622047
20
2.3781043307086613
11
2.1983557480314961
21
2.3789189763779528
0
LINE
8
BLACK
6
CONTINUOUS
10
2.1983557480314961
20
2.3789189763779528
11
2.1994201574803149
21
2.3793598818897639
0
LINE
8
BLACK
6
CONTINUOUS
10
2.1994201574803149
20
2.3793598818897639
11
2.2005722834645667
21
2.3793598818897639
0
LINE
8
BLACK
6
CONTINUOUS
10
2.2005722834645667
20
2.3793598818897639
11
2.2016366929133859
21
2.3789189763779528
0
LINE
8
BLACK
6
CONTINUOUS
10
2.2016366929133859
20
2.3789189763779528
11
2.2024513385826769
21
2.3781043307086613
0
LINE
8
BLACK
6
CONTINUOUS
10
2.2024513385826769
20
2.3781043307086613
11
2.202892244094488
21
2.3770399212598425
0
LINE
8
BLACK
6
CONTINUOUS
10
2.202892244094488
20
2.3770399212598425
11
2.2029489763779528
21
2.3764638582677167
0
LINE
8
BLACK
6
CONTINUOUS
10
2.2029489763779528
20
2.3764638582677167
11
2.2029489763779528
21
2.3445928740157478
0
LINE
8
BLACK
6
CONTINUOUS
10
2.2029489763779528
20
2.3445928740157478
11
2.202892244094488
21
2.3440168110236219
0
LINE
8
BLACK
6
CONTINUOUS
10
2.202892244094488
20
2.3440168110236219
11
2.2028516535433069
21
2.3439188582677164
0
LINE
8
BLACK
6
CONTINUOUS
10
2.2028516535433069
20
2.3439188582677164
11
2.2028441338582678
21
2.3438129527559055
0
LINE
8
BLACK
6
CONTINUOUS
10
2.2028441338582678
20
2.3438129527559055
11
2.2026372440944884
21
2.3432723622047242
0
LINE
8
BLACK
6
CONTINUOUS
10
2.2026372440944884
20
2.3432723622047242
11
2.2007624803149608
21
2.3395228346456691
0
LINE
8
BLACK
6
CONTINUOUS
10
2.2007624803149608
20
2.3395228346456691
11
2.2006064173228346
21
2.339274960629921
0
LINE
8
BLACK
6
CONTINUOUS
10
2.2006064173228346
20
2.339274960629921
11
2.2005766141732281
21
2.3392029133858268
0
LINE
8
BLACK
6
CONTINUOUS
10
2.2005766141732281
20
2.3392029133858268
11
2.2005100787401575
21
2.3391218897637795
0
LINE
8
BLACK
6
CONTINUOUS
10
2.2005100787401575
20
2.3391218897637795
11
2.2004541338582677
21
2.3390329527559053
0
LINE
8
BLACK
6
CONTINUOUS
10
2.2004541338582677
20
2.3390329527559053
11
2.2003951181102361
21
2.338981811023622
0
LINE
8
BLACK
6
CONTINUOUS
10
2.2003951181102361
20
2.338981811023622
11
2.2002093700787402
21
2.3387554330708662
0
LINE
8
BLACK
6
CONTINUOUS
10
2.2002093700787402
20
2.3387554330708662
11
2.1983346456692914
21
2.3368806692913386
0
LINE
8
BLACK
6
CONTINUOUS
10
2.1983346456692914
20
2.3368806692913386
11
2.1981082677165356
21
2.3366949212598427
0
LINE
8
BLACK
6
CONTINUOUS
10
2.1981082677165356
20
2.3366949212598427
11
2.1980570866141731
21
2.3366358661417324
0
LINE
8
BLACK
6
CONTINUOUS
10
2.1980570866141731
20
2.3366358661417324
11
2.1979681102362205
21
2.3365798818897638
0
LINE
8
BLACK
6
CONTINUOUS
10
2.1979681102362205
20
2.3365798818897638
11
2.1978871653543308
21
2.3365134251968502
0
LINE
8
BLACK
6
CONTINUOUS
10
2.1978871653543308
20
2.3365134251968502
11
2.1978151968503936
21
2.3364836220472442
0
LINE
8
BLACK
6
CONTINUOUS
10
2.1978151968503936
20
2.3364836220472442
11
2.1975672047244093
21
2.3363275196850393
0
LINE
8
BLACK
6
CONTINUOUS
10
2.1975672047244093
20
2.3363275196850393
11
2.1938176771653541
21
2.3344527559055117
0
LINE
8
BLACK
6
CONTINUOUS
10
2.1938176771653541
20
2.3344527559055117
11
2.1932770472440946
21
2.3342458661417322
0
LINE
8
BLACK
6
CONTINUOUS
10
2.1932770472440946
20
2.3342458661417322
11
2.1931712204724407
21
2.3342383858267715
0
LINE
8
BLACK
6
CONTINUOUS
10
2.1931712204724407
20
2.3342383858267715
11
2.1930732283464565
21
2.3341977559055116
0
LINE
8
BLACK
6
CONTINUOUS
10
2.1930732283464565
20
2.3341977559055116
11
2.1924971653543306
21
2.3341410236220472
0
LINE
8
BLACK
6
CONTINUOUS
10
2.1924971653543306
20
2.3341410236220472
11
2.1849981102362204
21
2.3341410236220472
0
LINE
8
BLACK
6
CONTINUOUS
10
2.1849981102362204
20
2.3341410236220472
11
2.1844220472440945
21
2.3341977559055116
0
LINE
8
BLACK
6
CONTINUOUS
10
2.1844220472440945
20
2.3341977559055116
11
2.1843240551181102
21
2.3342383464566927
0
LINE
8
BLACK
6
CONTINUOUS
10
2.1843240551181102
20
2.3342383464566927
11
2.1842181889763781
21
2.3342458661417322
0
LINE
8
BLACK
6
CONTINUOUS
10
2.1842181889763781
20
2.3342458661417322
11
2.1836775984251968
21
2.3344527559055117
0
LINE
8
BLACK
6
CONTINUOUS
10
2.1836775984251968
20
2.3344527559055117
11
2.1799280708661417
21
2.3363275196850393
0
LINE
8
BLACK
6
CONTINUOUS
10
2.1799280708661417
20
2.3363275196850393
11
2.1796800393700786
21
2.3364836220472442
0
LINE
8
BLACK
6
CONTINUOUS
10
2.1796800393700786
20
2.3364836220472442
11
2.1796081102362206
21
2.3365134251968502
0
LINE
8
BLACK
6
CONTINUOUS
10
2.1796081102362206
20
2.3365134251968502
11
2.1795271259842521
21
2.3365798818897638
0
LINE
8
BLACK
6
CONTINUOUS
10
2.1795271259842521
20
2.3365798818897638
11
2.1794381889763779
21
2.3366358661417324
0
LINE
8
BLACK
6
CONTINUOUS
10
2.1794381889763779
20
2.3366358661417324
11
2.1793869685039371
21
2.3366949212598427
0
LINE
8
BLACK
6
CONTINUOUS
10
2.1793869685039371
20
2.3366949212598427
11
2.1791606299212596
21
2.3368806692913386
0
LINE
8
BLACK
6
CONTINUOUS
10
2.1791606299212596
20
2.3368806692913386
11
2.177285866141732
21
2.3387554724409449
0
LINE
8
BLACK
6
CONTINUOUS
10
2.177285866141732
20
2.3387554724409449
11
2.1771001181102361
21
2.338981811023622
0
LINE
8
BLACK
6
CONTINUOUS
10
2.1771001181102361
20
2.338981811023622
11
2.1770411417322832
21
2.3390329527559053
0
LINE
8
BLACK
6
CONTINUOUS
10
2.1770411417322832
20
2.3390329527559053
11
2.1769851574803147
21
2.3391218897637795
0
LINE
8
BLACK
6
CONTINUOUS
10
2.1769851574803147
20
2.3391218897637795
11
2.1769186614173228
21
2.3392029133858268
0
LINE
8
BLACK
6
CONTINUOUS
10
2.1769186614173228
20
2.3392029133858268
11
2.1768888188976376
21
2.339274960629921
0
LINE
8
BLACK
6
CONTINUOUS
10
2.1768888188976376
20
2.339274960629921
11
2.1767327952755906
21
2.3395228346456691
0
LINE
8
BLACK
6
CONTINUOUS
10
2.1767327952755906
20
2.3395228346456691
11
2.174858031496063
21
2.3432723622047242
0
LINE
8
BLACK
6
CONTINUOUS
10
2.174858031496063
20
2.3432723622047242
11
2.1746511417322836
21
2.3438129921259843
0
LINE
8
BLACK
6
CONTINUOUS
10
2.1746511417322836
20
2.3438129921259843
11
2.174643622047244
21
2.3439188188976376
0
LINE
8
BLACK
6
CONTINUOUS
10
2.174643622047244
20
2.3439188188976376
11
2.1746030314960629
21
2.3440168110236219
0
LINE
8
BLACK
6
CONTINUOUS
10
2.1746030314960629
20
2.3440168110236219
11
2.1745462992125986
21
2.3445928740157478
0
LINE
8
BLACK
6
CONTINUOUS
10
2.1745462992125986
20
2.3445928740157478
11
2.1745462992125986
21
2.3764638582677167
0
LINE
8
BLACK
6
CONTINUOUS
10
2.1745462992125986
20
2.3764638582677167
11
2.1746030314960629
21
2.3770399212598425
0
LINE
8
BLACK
6
CONTINUOUS
10
2.1746030314960629
20
2.3770399212598425
11
2.175043937007874
21
2.3781043307086613
0
LINE
8
BLACK
6
CONTINUOUS
10
2.175043937007874
20
2.3781043307086613
11
2.1758585826771655
21
2.3789189763779528
0
LINE
8
BLACK
6
CONTINUOUS
10
2.1758585826771655
20
2.3789189763779528
11
2.1769229921259843
21
2.3793598818897639
0
LINE
8
BLACK
6
CONTINUOUS
10
2.1769229921259843
20
2.3793598818897639
11
2.178075118110236
21
2.3793598818897639
0
LINE
8
BLACK
6
CONTINUOUS
10
2.178075118110236
20
2.3793598818897639
11
2.1791395275590553
21
2.3789189763779528
0
LINE
8
BLACK
6
CONTINUOUS
10
2.1520322440944883
20
2.381186496062992
11
2.1530626771653543
21
2.3806712992125982
0
LINE
8
BLACK
6
CONTINUOUS
10
2.1530626771653543
20
2.3806712992125982
11
2.1538175590551178
21
2.3798009448818895
0
LINE
8
BLACK
6
CONTINUOUS
10
2.1538175590551178
20
2.3798009448818895
11
2.1540535433070866
21
2.3792723622047243
0
LINE
8
BLACK
6
CONTINUOUS
10
2.1540535433070866
20
2.3792723622047243
11
2.1634273622047244
21
2.3511509448818897
0
LINE
8
BLACK
6
CONTINUOUS
10
2.1634273622047244
20
2.3511509448818897
11
2.1634922834645667
21
2.3508653149606298
0
LINE
8
BLACK
6
CONTINUOUS
10
2.1634922834645667
20
2.3508653149606298
11
2.1635221653543306
21
2.3507932283464568
0
LINE
8
BLACK
6
CONTINUOUS
10
2.1635221653543306
20
2.3507932283464568
11
2.1635221653543306
21
2.3507340157480314
0
LINE
8
BLACK
6
CONTINUOUS
10
2.1635221653543306
20
2.3507340157480314
11
2.1635557086614172
21
2.3505864960629919
0
LINE
8
BLACK
6
CONTINUOUS
10
2.1635557086614172
20
2.3505864960629919
11
2.1635221653543306
21
2.3501146456692914
0
LINE
8
BLACK
6
CONTINUOUS
10
2.1635221653543306
20
2.3501146456692914
11
2.1635221653543306
21
2.3496411023622046
0
LINE
8
BLACK
6
CONTINUOUS
10
2.1635221653543306
20
2.3496411023622046
11
2.163481496062992
21
2.3495430314960628
0
LINE
8
BLACK
6
CONTINUOUS
10
2.163481496062992
20
2.3495430314960628
11
2.1634740157480317
21
2.3494372834645669
0
LINE
8
BLACK
6
CONTINUOUS
10
2.1634740157480317
20
2.3494372834645669
11
2.163262440944882
21
2.3490141732283463
0
LINE
8
BLACK
6
CONTINUOUS
10
2.163262440944882
20
2.3490141732283463
11
2.1630812598425195
21
2.3485766929133858
0
LINE
8
BLACK
6
CONTINUOUS
10
2.1630812598425195
20
2.3485766929133858
11
2.163006220472441
21
2.348501692913386
0
LINE
8
BLACK
6
CONTINUOUS
10
2.163006220472441
20
2.348501692913386
11
2.1629588188976379
21
2.3484068110236218
0
LINE
8
BLACK
6
CONTINUOUS
10
2.1629588188976379
20
2.3484068110236218
11
2.162601338582677
21
2.348096811023622
0
LINE
8
BLACK
6
CONTINUOUS
10
2.162601338582677
20
2.348096811023622
11
2.1622666141732285
21
2.3477620472440943
0
LINE
8
BLACK
6
CONTINUOUS
10
2.1622666141732285
20
2.3477620472440943
11
2.1621685433070867
21
2.3477214566929132
0
LINE
8
BLACK
6
CONTINUOUS
10
2.1621685433070867
20
2.3477214566929132
11
2.1620884251968504
21
2.3476519291338582
0
LINE
8
BLACK
6
CONTINUOUS
10
2.1620884251968504
20
2.3476519291338582
11
2.1616395669291339
21
2.3475023228346457
0
LINE
8
BLACK
6
CONTINUOUS
10
2.1616395669291339
20
2.3475023228346457
11
2.1612022047244093
21
2.3473211417322832
0
LINE
8
BLACK
6
CONTINUOUS
10
2.1612022047244093
20
2.3473211417322832
11
2.1610515354330708
21
2.3473063385826771
0
LINE
8
BLACK
6
CONTINUOUS
10
2.1610515354330708
20
2.3473063385826771
11
2.1609954330708661
21
2.3472875984251966
0
LINE
8
BLACK
6
CONTINUOUS
10
2.1609954330708661
20
2.3472875984251966
11
2.1609176771653544
21
2.347293149606299
0
LINE
8
BLACK
6
CONTINUOUS
10
2.1609176771653544
20
2.347293149606299
11
2.1606261417322834
21
2.3472644094488189
0
LINE
8
BLACK
6
CONTINUOUS
10
2.1606261417322834
20
2.3472644094488189
11
2.1448312598425194
21
2.3472644094488189
0
LINE
8
BLACK
6
CONTINUOUS
10
2.1448312598425194
20
2.3472644094488189
11
2.1448312598425194
21
2.3370937795275588
0
LINE
8
BLACK
6
CONTINUOUS
10
2.1448312598425194
20
2.3370937795275588
11
2.1447745275590551
21
2.3365177165354329
0
LINE
8
BLACK
6
CONTINUOUS
10
2.1447745275590551
20
2.3365177165354329
11
2.144333622047244
21
2.3354533070866141
0
LINE
8
BLACK
6
CONTINUOUS
10
2.144333622047244
20
2.3354533070866141
11
2.1435189763779525
21
2.3346386614173227
0
LINE
8
BLACK
6
CONTINUOUS
10
2.1435189763779525
20
2.3346386614173227
11
2.1424545669291337
21
2.3341977559055116
0
LINE
8
BLACK
6
CONTINUOUS
10
2.1424545669291337
20
2.3341977559055116
11
2.141302440944882
21
2.3341977559055116
0
LINE
8
BLACK
6
CONTINUOUS
10
2.141302440944882
20
2.3341977559055116
11
2.1402380314960627
21
2.3346386614173227
0
LINE
8
BLACK
6
CONTINUOUS
10
2.1402380314960627
20
2.3346386614173227
11
2.1394233858267717
21
2.3354533070866141
0
LINE
8
BLACK
6
CONTINUOUS
10
2.1394233858267717
20
2.3354533070866141
11
2.1389824803149606
21
2.3365177165354329
0
LINE
8
BLACK
6
CONTINUOUS
10
2.1389824803149606
20
2.3365177165354329
11
2.1389257480314958
21
2.3370937795275588
0
LINE
8
BLACK
6
CONTINUOUS
10
2.1389257480314958
20
2.3370937795275588
11
2.1389257480314958
21
2.3472644094488189
0
LINE
8
BLACK
6
CONTINUOUS
10
2.1389257480314958
20
2.3472644094488189
11
2.1362542125984252
21
2.3472644094488189
0
LINE
8
BLACK
6
CONTINUOUS
10
2.1362542125984252
20
2.3472644094488189
11
2.1356781496062993
21
2.3473211417322832
0
LINE
8
BLACK
6
CONTINUOUS
10
2.1356781496062993
20
2.3473211417322832
11
2.1346137401574801
21
2.3477620472440943
0
LINE
8
BLACK
6
CONTINUOUS
10
2.1346137401574801
20
2.3477620472440943
11
2.1337990944881891
21
2.3485766929133858
0
LINE
8
BLACK
6
CONTINUOUS
10
2.1337990944881891
20
2.3485766929133858
11
2.133358188976378
21
2.3496411023622046
0
LINE
8
BLACK
6
CONTINUOUS
10
2.133358188976378
20
2.3496411023622046
11
2.133358188976378
21
2.3507932283464568
0
LINE
8
BLACK
6
CONTINUOUS
10
2.133358188976378
20
2.3507932283464568
11
2.1337990944881891
21
2.3518576377952756
0
LINE
8
BLACK
6
CONTINUOUS
10
2.1337990944881891
20
2.3518576377952756
11
2.1346137401574801
21
2.352672283464567
0
LINE
8
BLACK
6
CONTINUOUS
10
2.1346137401574801
20
2.352672283464567
11
2.1356781496062993
21
2.3531131889763781
0
LINE
8
BLACK
6
CONTINUOUS
10
2.1356781496062993
20
2.3531131889763781
11
2.1362542125984252
21
2.3531699212598425
0
LINE
8
BLACK
6
CONTINUOUS
10
2.1362542125984252
20
2.3531699212598425
11
2.1389257480314958
21
2.3531699212598425
0
LINE
8
BLACK
6
CONTINUOUS
10
2.1389257480314958
20
2.3531699212598425
11
2.1389257480314958
21
2.3633405118110238
0
LINE
8
BLACK
6
CONTINUOUS
10
2.1389257480314958
20
2.3633405118110238
11
2.1389824803149606
21
2.3639165748031497
0
LINE
8
BLACK
6
CONTINUOUS
10
2.1389824803149606
20
2.3639165748031497
11
2.1394233858267717
21
2.3649809842519685
0
LINE
8
BLACK
6
CONTINUOUS
10
2.1394233858267717
20
2.3649809842519685
11
2.1402380314960627
21
2.3657956299212599
0
LINE
8
BLACK
6
CONTINUOUS
10
2.1402380314960627
20
2.3657956299212599
11
2.141302440944882
21
2.366236535433071
0
LINE
8
BLACK
6
CONTINUOUS
10
2.141302440944882
20
2.366236535433071
11
2.1424545669291337
21
2.366236535433071
0
LINE
8
BLACK
6
CONTINUOUS
10
2.1424545669291337
20
2.366236535433071
11
2.1435189763779525
21
2.3657956299212599
0
LINE
8
BLACK
6
CONTINUOUS
10
2.1435189763779525
20
2.3657956299212599
11
2.144333622047244
21
2.3649809842519685
0
LINE
8
BLACK
6
CONTINUOUS
10
2.144333622047244
20
2.3649809842519685
11
2.1447745275590551
21
2.3639165748031497
0
LINE
8
BLACK
6
CONTINUOUS
10
2.1447745275590551
20
2.3639165748031497
11
2.1448312598425194
21
2.3633405118110238
0
LINE
8
BLACK
6
CONTINUOUS
10
2.1448312598425194
20
2.3633405118110238
11
2.1448312598425194
21
2.3531699212598425
0
LINE
8
BLACK
6
CONTINUOUS
10
2.1448312598425194
20
2.3531699212598425
11
2.1565294094488188
21
2.3531699212598425
0
LINE
8
BLACK
6
CONTINUOUS
10
2.1565294094488188
20
2.3531699212598425
11
2.1484511023622046
21
2.3774048818897637
0
LINE
8
BLACK
6
CONTINUOUS
10
2.1484511023622046
20
2.3774048818897637
11
2.1483227559055118
21
2.3779693307086616
0
LINE
8
BLACK
6
CONTINUOUS
10
2.1483227559055118
20
2.3779693307086616
11
2.1484044488188978
21
2.3791185433070865
0
LINE
8
BLACK
6
CONTINUOUS
10
2.1484044488188978
20
2.3791185433070865
11
2.1489196456692912
21
2.3801489763779529
0
LINE
8
BLACK
6
CONTINUOUS
10
2.1489196456692912
20
2.3801489763779529
11
2.1497899999999999
21
2.3809038582677164
0
LINE
8
BLACK
6
CONTINUOUS
10
2.1497899999999999
20
2.3809038582677164
11
2.150883031496063
21
2.381268188976378
0
LINE
8
BLACK
6
CONTINUOUS
10
2.150883031496063
20
2.381268188976378
11
2.1520322440944883
21
2.381186496062992
0
LINE
8
BLACK
6
CONTINUOUS
10
2.0453921653543308
20
2.4459225984251969
11
2.0466705905511811
21
2.4446441732283466
0
LINE
8
BLACK
6
CONTINUOUS
10
2.0466705905511811
20
2.4446441732283466
11
2.0468503937007871
21
2.4437401968503938
0
LINE
8
BLACK
6
CONTINUOUS
10
2.0468503937007871
20
2.4437401968503938
11
2.0468503937007871
21
2.4378346850393702
0
LINE
8
BLACK
6
CONTINUOUS
10
2.0468503937007871
20
2.4378346850393702
11
2.0466705905511811
21
2.4369307086614174
0
LINE
8
BLACK
6
CONTINUOUS
10
2.0466705905511811
20
2.4369307086614174
11
2.0453921653543308
21
2.4356522834645671
0
LINE
8
BLACK
6
CONTINUOUS
10
2.0453921653543308
20
2.4356522834645671
11
2.0435842125984252
21
2.4356522834645671
0
LINE
8
BLACK
6
CONTINUOUS
10
2.0435842125984252
20
2.4356522834645671
11
2.0423057874015749
21
2.4369307086614174
0
LINE
8
BLACK
6
CONTINUOUS
10
2.0423057874015749
20
2.4369307086614174
11
2.0421259842519683
21
2.4378346850393702
0
LINE
8
BLACK
6
CONTINUOUS
10
2.0421259842519683
20
2.4378346850393702
11
2.0421259842519683
21
2.4413779921259842
0
LINE
8
BLACK
6
CONTINUOUS
10
2.0421259842519683
20
2.4413779921259842
11
1.8578740157480313
21
2.4413779921259842
0
LINE
8
BLACK
6
CONTINUOUS
10
1.8578740157480313
20
2.4413779921259842
11
1.8578740157480313
21
2.4378346850393702
0
LINE
8
BLACK
6
CONTINUOUS
10
1.8578740157480313
20
2.4378346850393702
11
1.8576942125984253
21
2.4369307086614174
0
LINE
8
BLACK
6
CONTINUOUS
10
1.8576942125984253
20
2.4369307086614174
11
1.8564157874015748
21
2.4356522834645671
0
LINE
8
BLACK
6
CONTINUOUS
10
1.8564157874015748
20
2.4356522834645671
11
1.8546078346456691
21
2.4356522834645671
0
LINE
8
BLACK
6
CONTINUOUS
10
1.8546078346456691
20
2.4356522834645671
11
1.8533294094488189
21
2.4369307086614174
0
LINE
8
BLACK
6
CONTINUOUS
10
1.8533294094488189
20
2.4369307086614174
11
1.8531496062992125
21
2.4378346850393702
0
LINE
8
BLACK
6
CONTINUOUS
10
1.8531496062992125
20
2.4378346850393702
11
1.8531496062992125
21
2.4437401968503938
0
LINE
8
BLACK
6
CONTINUOUS
10
1.8531496062992125
20
2.4437401968503938
11
1.8533294094488189
21
2.4446441732283466
0
LINE
8
BLACK
6
CONTINUOUS
10
1.8533294094488189
20
2.4446441732283466
11
1.8546078346456691
21
2.4459225984251969
0
LINE
8
BLACK
6
CONTINUOUS
10
1.8546078346456691
20
2.4459225984251969
11
1.8555118110236219
21
2.446102401574803
0
LINE
8
BLACK
6
CONTINUOUS
10
1.8555118110236219
20
2.446102401574803
11
2.044488188976378
21
2.446102401574803
0
LINE
8
BLACK
6
CONTINUOUS
10
2.044488188976378
20
2.446102401574803
11
2.0453921653543308
21
2.4459225984251969
0
LINE
8
BLACK
6
CONTINUOUS
10
2.600576062992126
20
2.4628960236220472
11
2.6016404724409448
21
2.4624551181102361
0
LINE
8
BLACK
6
CONTINUOUS
10
2.6016404724409448
20
2.4624551181102361
11
2.6024551181102362
21
2.4616404724409446
0
LINE
8
BLACK
6
CONTINUOUS
10
2.6024551181102362
20
2.4616404724409446
11
2.6028960236220473
21
2.4605760629921258
0
LINE
8
BLACK
6
CONTINUOUS
10
2.6028960236220473
20
2.4605760629921258
11
2.6028960236220473
21
2.4594239370078741
0
LINE
8
BLACK
6
CONTINUOUS
10
2.6028960236220473
20
2.4594239370078741
11
2.6024551181102362
21
2.4583595275590548
0
LINE
8
BLACK
6
CONTINUOUS
10
2.6024551181102362
20
2.4583595275590548
11
2.6016404724409448
21
2.4575448818897638
0
LINE
8
BLACK
6
CONTINUOUS
10
2.6016404724409448
20
2.4575448818897638
11
2.600576062992126
21
2.4571039763779527
0
LINE
8
BLACK
6
CONTINUOUS
10
2.600576062992126
20
2.4571039763779527
11
2.6000000000000001
21
2.4570472440944879
0
LINE
8
BLACK
6
CONTINUOUS
10
2.6000000000000001
20
2.4570472440944879
11
2.54
21
2.4570472440944879
0
LINE
8
BLACK
6
CONTINUOUS
10
2.54
20
2.4570472440944879
11
2.5394239370078742
21
2.4571039763779527
0
LINE
8
BLACK
6
CONTINUOUS
10
2.5394239370078742
20
2.4571039763779527
11
2.5383595275590549
21
2.4575448818897638
0
LINE
8
BLACK
6
CONTINUOUS
10
2.5383595275590549
20
2.4575448818897638
11
2.5375448818897639
21
2.4583595275590548
0
LINE
8
BLACK
6
CONTINUOUS
10
2.5375448818897639
20
2.4583595275590548
11
2.5371039763779528
21
2.4594239370078741
0
LINE
8
BLACK
6
CONTINUOUS
10
2.5371039763779528
20
2.4594239370078741
11
2.5371039763779528
21
2.4605760629921258
0
LINE
8
BLACK
6
CONTINUOUS
10
2.5371039763779528
20
2.4605760629921258
11
2.5375448818897639
21
2.4616404724409446
0
LINE
8
BLACK
6
CONTINUOUS
10
2.5375448818897639
20
2.4616404724409446
11
2.5383595275590549
21
2.4624551181102361
0
LINE
8
BLACK
6
CONTINUOUS
10
2.5383595275590549
20
2.4624551181102361
11
2.5394239370078742
21
2.4628960236220472
0
LINE
8
BLACK
6
CONTINUOUS
10
2.5394239370078742
20
2.4628960236220472
11
2.54
21
2.4629527559055115
0
LINE
8
BLACK
6
CONTINUOUS
10
2.54
20
2.4629527559055115
11
2.6000000000000001
21
2.4629527559055115
0
LINE
8
BLACK
6
CONTINUOUS
10
2.6000000000000001
20
2.4629527559055115
11
2.600576062992126
21
2.4628960236220472
0
LINE
8
BLACK
6
CONTINUOUS
10
2.5421824015748031
20
2.5359039763779525
11
2.5423622047244092
21
2.5350000000000001
0
LINE
8
BLACK
6
CONTINUOUS
10
2.5423622047244092
20
2.5350000000000001
11
2.5423622047244092
21
2.5049999999999999
0
LINE
8
BLACK
6
CONTINUOUS
10
2.5423622047244092
20
2.5049999999999999
11
2.5421824015748031
21
2.5040960236220471
0
LINE
8
BLACK
6
CONTINUOUS
10
2.5421824015748031
20
2.5040960236220471
11
2.5409039763779528
21
2.5028175984251968
0
LINE
8
BLACK
6
CONTINUOUS
10
2.5409039763779528
20
2.5028175984251968
11
2.5390960236220472
21
2.5028175984251968
0
LINE
8
BLACK
6
CONTINUOUS
10
2.5390960236220472
20
2.5028175984251968
11
2.5378175984251969
21
2.5040960236220471
0
LINE
8
BLACK
6
CONTINUOUS
10
2.5378175984251969
20
2.5040960236220471
11
2.5376377952755904
21
2.5049999999999999
0
LINE
8
BLACK
6
CONTINUOUS
10
2.5376377952755904
20
2.5049999999999999
11
2.5376377952755904
21
2.5350000000000001
0
LINE
8
BLACK
6
CONTINUOUS
10
2.5376377952755904
20
2.5350000000000001
11
2.5378175984251969
21
2.5359039763779525
0
LINE
8
BLACK
6
CONTINUOUS
10
2.5378175984251969
20
2.5359039763779525
11
2.5390960236220472
21
2.5371824015748032
0
LINE
8
BLACK
6
CONTINUOUS
10
2.5390960236220472
20
2.5371824015748032
11
2.5409039763779528
21
2.5371824015748032
0
LINE
8
BLACK
6
CONTINUOUS
10
2.5409039763779528
20
2.5371824015748032
11
2.5421824015748031
21
2.5359039763779525
0
LINE
8
BLACK
6
CONTINUOUS
10
2.6021824015748032
20
2.5359039763779525
11
2.6023622047244093
21
2.5350000000000001
0
LINE
8
BLACK
6
CONTINUOUS
10
2.6023622047244093
20
2.5350000000000001
11
2.6023622047244093
21
2.5049999999999999
0
LINE
8
BLACK
6
CONTINUOUS
10
2.6023622047244093
20
2.5049999999999999
11
2.6021824015748032
21
2.5040960236220471
0
LINE
8
BLACK
6
CONTINUOUS
10
2.6021824015748032
20
2.5040960236220471
11
2.6009039763779529
21
2.5028175984251968
0
LINE
8
BLACK
6
CONTINUOUS
10
2.6009039763779529
20
2.5028175984251968
11
2.5990960236220473
21
2.5028175984251968
0
LINE
8
BLACK
6
CONTINUOUS
10
2.5990960236220473
20
2.5028175984251968
11
2.597817598425197
21
2.5040960236220471
0
LINE
8
BLACK
6
CONTINUOUS
10
2.597817598425197
20
2.5040960236220471
11
2.5976377952755905
21
2.5049999999999999
0
LINE
8
BLACK
6
CONTINUOUS
10
2.5976377952755905
20
2.5049999999999999
11
2.5976377952755905
21
2.5350000000000001
0
LINE
8
BLACK
6
CONTINUOUS
10
2.5976377952755905
20
2.5350000000000001
11
2.597817598425197
21
2.5359039763779525
0
LINE
8
BLACK
6
CONTINUOUS
10
2.597817598425197
20
2.5359039763779525
11
2.5990960236220473
21
2.5371824015748032
0
LINE
8
BLACK
6
CONTINUOUS
10
2.5990960236220473
20
2.5371824015748032
11
2.6009039763779529
21
2.5371824015748032
0
LINE
8
BLACK
6
CONTINUOUS
10
2.6009039763779529
20
2.5371824015748032
11
2.6021824015748032
21
2.5359039763779525
0
LINE
8
BLACK
6
CONTINUOUS
10
2.6332453937007871
20
2.5337879133858268
11
2.6334251968503937
21
2.532883937007874
0
LINE
8
BLACK
6
CONTINUOUS
10
2.6334251968503937
20
2.532883937007874
11
2.6334251968503937
21
2.5123129133858266
0
LINE
8
BLACK
6
CONTINUOUS
10
2.6334251968503937
20
2.5123129133858266
11
2.6332453937007871
21
2.5114089370078738
0
LINE
8
BLACK
6
CONTINUOUS
10
2.6332453937007871
20
2.5114089370078738
11
2.6319669685039369
21
2.5101305118110235
0
LINE
8
BLACK
6
CONTINUOUS
10
2.6319669685039369
20
2.5101305118110235
11
2.6301590157480312
21
2.5101305118110235
0
LINE
8
BLACK
6
CONTINUOUS
10
2.6301590157480312
20
2.5101305118110235
11
2.628880590551181
21
2.5114089370078738
0
LINE
8
BLACK
6
CONTINUOUS
10
2.628880590551181
20
2.5114089370078738
11
2.6287007874015749
21
2.5123129133858266
0
LINE
8
BLACK
6
CONTINUOUS
10
2.6287007874015749
20
2.5123129133858266
11
2.6287007874015749
21
2.532883937007874
0
LINE
8
BLACK
6
CONTINUOUS
10
2.6287007874015749
20
2.532883937007874
11
2.628880590551181
21
2.5337879133858268
0
LINE
8
BLACK
6
CONTINUOUS
10
2.628880590551181
20
2.5337879133858268
11
2.6301590157480312
21
2.535066338582677
0
LINE
8
BLACK
6
CONTINUOUS
10
2.6301590157480312
20
2.535066338582677
11
2.6319669685039369
21
2.535066338582677
0
LINE
8
BLACK
6
CONTINUOUS
10
2.6319669685039369
20
2.535066338582677
11
2.6332453937007871
21
2.5337879133858268
0
LINE
8
BLACK
6
CONTINUOUS
10
2.6911194094488189
20
2.5337879133858268
11
2.691299212598425
21
2.532883937007874
0
LINE
8
BLACK
6
CONTINUOUS
10
2.691299212598425
20
2.532883937007874
11
2.691299212598425
21
2.5123129133858266
0
LINE
8
BLACK
6
CONTINUOUS
10
2.691299212598425
20
2.5123129133858266
11
2.6911194094488189
21
2.5114089370078738
0
LINE
8
BLACK
6
CONTINUOUS
10
2.6911194094488189
20
2.5114089370078738
11
2.6898409842519686
21
2.5101305118110235
0
LINE
8
BLACK
6
CONTINUOUS
10
2.6898409842519686
20
2.5101305118110235
11
2.688033031496063
21
2.5101305118110235
0
LINE
8
BLACK
6
CONTINUOUS
10
2.688033031496063
20
2.5101305118110235
11
2.6867546062992127
21
2.5114089370078738
0
LINE
8
BLACK
6
CONTINUOUS
10
2.6867546062992127
20
2.5114089370078738
11
2.6865748031496062
21
2.5123129133858266
0
LINE
8
BLACK
6
CONTINUOUS
10
2.6865748031496062
20
2.5123129133858266
11
2.6865748031496062
21
2.532883937007874
0
LINE
8
BLACK
6
CONTINUOUS
10
2.6865748031496062
20
2.532883937007874
11
2.6867546062992127
21
2.5337879133858268
0
LINE
8
BLACK
6
CONTINUOUS
10
2.6867546062992127
20
2.5337879133858268
11
2.688033031496063
21
2.535066338582677
0
LINE
8
BLACK
6
CONTINUOUS
10
2.688033031496063
20
2.535066338582677
11
2.6898409842519686
21
2.535066338582677
0
LINE
8
BLACK
6
CONTINUOUS
10
2.6898409842519686
20
2.535066338582677
11
2.6911194094488189
21
2.5337879133858268
0
LINE
8
BLACK
6
CONTINUOUS
10
2.0705760629921262
20
2.5620627165354328
11
2.071640472440945
21
2.5616218110236222
0
LINE
8
BLACK
6
CONTINUOUS
10
2.071640472440945
20
2.5616218110236222
11
2.072455118110236
21
2.5608071653543307
0
LINE
8
BLACK
6
CONTINUOUS
10
2.072455118110236
20
2.5608071653543307
11
2.0728960236220471
21
2.5597427559055119
0
LINE
8
BLACK
6
CONTINUOUS
10
2.0728960236220471
20
2.5597427559055119
11
2.0728960236220471
21
2.5585906299212597
0
LINE
8
BLACK
6
CONTINUOUS
10
2.0728960236220471
20
2.5585906299212597
11
2.072455118110236
21
2.5575262204724409
0
LINE
8
BLACK
6
CONTINUOUS
10
2.072455118110236
20
2.5575262204724409
11
2.071640472440945
21
2.5567115748031495
0
LINE
8
BLACK
6
CONTINUOUS
10
2.071640472440945
20
2.5567115748031495
11
2.0705760629921262
21
2.5562706692913384
0
LINE
8
BLACK
6
CONTINUOUS
10
2.0705760629921262
20
2.5562706692913384
11
2.0699999999999998
21
2.556213937007874
0
LINE
8
BLACK
6
CONTINUOUS
10
2.0699999999999998
20
2.556213937007874
11
2.0099999999999998
21
2.556213937007874
0
LINE
8
BLACK
6
CONTINUOUS
10
2.0099999999999998
20
2.556213937007874
11
2.0094239370078739
21
2.5562706692913384
0
LINE
8
BLACK
6
CONTINUOUS
10
2.0094239370078739
20
2.5562706692913384
11
2.0083595275590551
21
2.5567115748031495
0
LINE
8
BLACK
6
CONTINUOUS
10
2.0083595275590551
20
2.5567115748031495
11
2.0075448818897637
21
2.5575262204724409
0
LINE
8
BLACK
6
CONTINUOUS
10
2.0075448818897637
20
2.5575262204724409
11
2.0071039763779526
21
2.5585906299212597
0
LINE
8
BLACK
6
CONTINUOUS
10
2.0071039763779526
20
2.5585906299212597
11
2.0071039763779526
21
2.5597427559055119
0
LINE
8
BLACK
6
CONTINUOUS
10
2.0071039763779526
20
2.5597427559055119
11
2.0075448818897637
21
2.5608071653543307
0
LINE
8
BLACK
6
CONTINUOUS
10
2.0075448818897637
20
2.5608071653543307
11
2.0083595275590551
21
2.5616218110236222
0
LINE
8
BLACK
6
CONTINUOUS
10
2.0083595275590551
20
2.5616218110236222
11
2.0094239370078739
21
2.5620627165354328
0
LINE
8
BLACK
6
CONTINUOUS
10
2.0094239370078739
20
2.5620627165354328
11
2.0099999999999998
21
2.5621194488188976
0
LINE
8
BLACK
6
CONTINUOUS
10
2.0099999999999998
20
2.5621194488188976
11
2.0699999999999998
21
2.5621194488188976
0
LINE
8
BLACK
6
CONTINUOUS
10
2.0699999999999998
20
2.5621194488188976
11
2.0705760629921262
21
2.5620627165354328
0
LINE
8
BLACK
6
CONTINUOUS
10
2.7772217716535432
20
2.7896441338582676
11
2.7774015748031498
21
2.7887401574803148
0
LINE
8
BLACK
6
CONTINUOUS
10
2.7774015748031498
20
2.7887401574803148
11
2.7774015748031498
21
2.5785039370078739
0
LINE
8
BLACK
6
CONTINUOUS
10
2.7774015748031498
20
2.5785039370078739
11
2.9025984251968504
21
2.5785039370078739
0
LINE
8
BLACK
6
CONTINUOUS
10
2.9025984251968504
20
2.5785039370078739
11
2.9025984251968504
21
2.7887401574803148
0
LINE
8
BLACK
6
CONTINUOUS
10
2.9025984251968504
20
2.7887401574803148
11
2.9027782283464565
21
2.7896441338582676
0
LINE
8
BLACK
6
CONTINUOUS
10
2.9027782283464565
20
2.7896441338582676
11
2.9040566535433072
21
2.7909225590551179
0
LINE
8
BLACK
6
CONTINUOUS
10
2.9040566535433072
20
2.7909225590551179
11
2.9058646062992124
21
2.7909225590551179
0
LINE
8
BLACK
6
CONTINUOUS
10
2.9058646062992124
20
2.7909225590551179
11
2.9071430314960631
21
2.7896441338582676
0
LINE
8
BLACK
6
CONTINUOUS
10
2.9071430314960631
20
2.7896441338582676
11
2.9073228346456692
21
2.7887401574803148
0
LINE
8
BLACK
6
CONTINUOUS
10
2.9073228346456692
20
2.7887401574803148
11
2.9073228346456692
21
2.5761417322834643
0
LINE
8
BLACK
6
CONTINUOUS
10
2.9073228346456692
20
2.5761417322834643
11
2.9071430314960631
21
2.575237755905512
0
LINE
8
BLACK
6
CONTINUOUS
10
2.9071430314960631
20
2.575237755905512
11
2.9058646062992124
21
2.5739593307086612
0
LINE
8
BLACK
6
CONTINUOUS
10
2.9058646062992124
20
2.5739593307086612
11
2.9049606299212596
21
2.5737795275590551
0
LINE
8
BLACK
6
CONTINUOUS
10
2.9049606299212596
20
2.5737795275590551
11
2.7750393700787401
21
2.5737795275590551
0
LINE
8
BLACK
6
CONTINUOUS
10
2.7750393700787401
20
2.5737795275590551
11
2.7741353937007873
21
2.5739593307086612
0
LINE
8
BLACK
6
CONTINUOUS
10
2.7741353937007873
20
2.5739593307086612
11
2.772856968503937
21
2.575237755905512
0
LINE
8
BLACK
6
CONTINUOUS
10
2.772856968503937
20
2.575237755905512
11
2.7726771653543305
21
2.5761417322834643
0
LINE
8
BLACK
6
CONTINUOUS
10
2.7726771653543305
20
2.5761417322834643
11
2.7726771653543305
21
2.7887401574803148
0
LINE
8
BLACK
6
CONTINUOUS
10
2.7726771653543305
20
2.7887401574803148
11
2.772856968503937
21
2.7896441338582676
0
LINE
8
BLACK
6
CONTINUOUS
10
2.772856968503937
20
2.7896441338582676
11
2.7741353937007873
21
2.7909225590551179
0
LINE
8
BLACK
6
CONTINUOUS
10
2.7741353937007873
20
2.7909225590551179
11
2.7759433464566929
21
2.7909225590551179
0
LINE
8
BLACK
6
CONTINUOUS
10
2.7759433464566929
20
2.7909225590551179
11
2.7772217716535432
21
2.7896441338582676
0
LINE
8
BLACK
6
CONTINUOUS
10
2.600576062992126
20
2.5828960236220473
11
2.6016404724409448
21
2.5824551181102362
0
LINE
8
BLACK
6
CONTINUOUS
10
2.6016404724409448
20
2.5824551181102362
11
2.6024551181102362
21
2.5816404724409447
0
LINE
8
BLACK
6
CONTINUOUS
10
2.6024551181102362
20
2.5816404724409447
11
2.6028960236220473
21
2.5805760629921259
0
LINE
8
BLACK
6
CONTINUOUS
10
2.6028960236220473
20
2.5805760629921259
11
2.6028960236220473
21
2.5794239370078738
0
LINE
8
BLACK
6
CONTINUOUS
10
2.6028960236220473
20
2.5794239370078738
11
2.6024551181102362
21
2.578359527559055
0
LINE
8
BLACK
6
CONTINUOUS
10
2.6024551181102362
20
2.578359527559055
11
2.6016404724409448
21
2.5775448818897639
0
LINE
8
BLACK
6
CONTINUOUS
10
2.6016404724409448
20
2.5775448818897639
11
2.600576062992126
21
2.5771039763779529
0
LINE
8
BLACK
6
CONTINUOUS
10
2.600576062992126
20
2.5771039763779529
11
2.6000000000000001
21
2.577047244094488
0
LINE
8
BLACK
6
CONTINUOUS
10
2.6000000000000001
20
2.577047244094488
11
2.54
21
2.577047244094488
0
LINE
8
BLACK
6
CONTINUOUS
10
2.54
20
2.577047244094488
11
2.5394239370078742
21
2.5771039763779529
0
LINE
8
BLACK
6
CONTINUOUS
10
2.5394239370078742
20
2.5771039763779529
11
2.5383595275590549
21
2.5775448818897639
0
LINE
8
BLACK
6
CONTINUOUS
10
2.5383595275590549
20
2.5775448818897639
11
2.5375448818897639
21
2.578359527559055
0
LINE
8
BLACK
6
CONTINUOUS
10
2.5375448818897639
20
2.578359527559055
11
2.5371039763779528
21
2.5794239370078738
0
LINE
8
BLACK
6
CONTINUOUS
10
2.5371039763779528
20
2.5794239370078738
11
2.5371039763779528
21
2.5805760629921259
0
LINE
8
BLACK
6
CONTINUOUS
10
2.5371039763779528
20
2.5805760629921259
11
2.5375448818897639
21
2.5816404724409447
0
LINE
8
BLACK
6
CONTINUOUS
10
2.5375448818897639
20
2.5816404724409447
11
2.5383595275590549
21
2.5824551181102362
0
LINE
8
BLACK
6
CONTINUOUS
10
2.5383595275590549
20
2.5824551181102362
11
2.5394239370078742
21
2.5828960236220473
0
LINE
8
BLACK
6
CONTINUOUS
10
2.5394239370078742
20
2.5828960236220473
11
2.54
21
2.5829527559055117
0
LINE
8
BLACK
6
CONTINUOUS
10
2.54
20
2.5829527559055117
11
2.6000000000000001
21
2.5829527559055117
0
LINE
8
BLACK
6
CONTINUOUS
10
2.6000000000000001
20
2.5829527559055117
11
2.600576062992126
21
2.5828960236220473
0
LINE
8
BLACK
6
CONTINUOUS
10
2.0121824015748033
20
2.6350706692913386
11
2.0123622047244094
21
2.6341666929133858
0
LINE
8
BLACK
6
CONTINUOUS
10
2.0123622047244094
20
2.6341666929133858
11
2.0123622047244094
21
2.604166692913386
0
LINE
8
BLACK
6
CONTINUOUS
10
2.0123622047244094
20
2.604166692913386
11
2.0121824015748033
21
2.6032627165354332
0
LINE
8
BLACK
6
CONTINUOUS
10
2.0121824015748033
20
2.6032627165354332
11
2.0109039763779526
21
2.6019842913385824
0
LINE
8
BLACK
6
CONTINUOUS
10
2.0109039763779526
20
2.6019842913385824
11
2.009096023622047
21
2.6019842913385824
0
LINE
8
BLACK
6
CONTINUOUS
10
2.009096023622047
20
2.6019842913385824
11
2.0078175984251967
21
2.6032627165354332
0
LINE
8
BLACK
6
CONTINUOUS
10
2.0078175984251967
20
2.6032627165354332
11
2.0076377952755906
21
2.604166692913386
0
LINE
8
BLACK
6
CONTINUOUS
10
2.0076377952755906
20
2.604166692913386
11
2.0076377952755906
21
2.6341666929133858
0
LINE
8
BLACK
6
CONTINUOUS
10
2.0076377952755906
20
2.6341666929133858
11
2.0078175984251967
21
2.6350706692913386
0
LINE
8
BLACK
6
CONTINUOUS
10
2.0078175984251967
20
2.6350706692913386
11
2.009096023622047
21
2.6363490944881889
0
LINE
8
BLACK
6
CONTINUOUS
10
2.009096023622047
20
2.6363490944881889
11
2.0109039763779526
21
2.6363490944881889
0
LINE
8
BLACK
6
CONTINUOUS
10
2.0109039763779526
20
2.6363490944881889
11
2.0121824015748033
21
2.6350706692913386
0
LINE
8
BLACK
6
CONTINUOUS
10
2.0721824015748029
20
2.6350706692913386
11
2.0723622047244095
21
2.6341666929133858
0
LINE
8
BLACK
6
CONTINUOUS
10
2.0723622047244095
20
2.6341666929133858
11
2.0723622047244095
21
2.604166692913386
0
LINE
8
BLACK
6
CONTINUOUS
10
2.0723622047244095
20
2.604166692913386
11
2.0721824015748029
21
2.6032627165354332
0
LINE
8
BLACK
6
CONTINUOUS
10
2.0721824015748029
20
2.6032627165354332
11
2.0709039763779526
21
2.6019842913385824
0
LINE
8
BLACK
6
CONTINUOUS
10
2.0709039763779526
20
2.6019842913385824
11
2.069096023622047
21
2.6019842913385824
0
LINE
8
BLACK
6
CONTINUOUS
10
2.069096023622047
20
2.6019842913385824
11
2.0678175984251967
21
2.6032627165354332
0
LINE
8
BLACK
6
CONTINUOUS
10
2.0678175984251967
20
2.6032627165354332
11
2.0676377952755907
21
2.604166692913386
0
LINE
8
BLACK
6
CONTINUOUS
10
2.0676377952755907
20
2.604166692913386
11
2.0676377952755907
21
2.6341666929133858
0
LINE
8
BLACK
6
CONTINUOUS
10
2.0676377952755907
20
2.6341666929133858
11
2.0678175984251967
21
2.6350706692913386
0
LINE
8
BLACK
6
CONTINUOUS
10
2.0678175984251967
20
2.6350706692913386
11
2.069096023622047
21
2.6363490944881889
0
LINE
8
BLACK
6
CONTINUOUS
10
2.069096023622047
20
2.6363490944881889
11
2.0709039763779526
21
2.6363490944881889
0
LINE
8
BLACK
6
CONTINUOUS
10
2.0709039763779526
20
2.6363490944881889
11
2.0721824015748029
21
2.6350706692913386
0
LINE
8
BLACK
6
CONTINUOUS
10
2.6777742913385825
20
2.6404564173228344
11
2.6785889763779527
21
2.6396417716535434
0
LINE
8
BLACK
6
CONTINUOUS
10
2.6785889763779527
20
2.6396417716535434
11
2.6788454330708662
21
2.639022559055118
0
LINE
8
BLACK
6
CONTINUOUS
10
2.6788454330708662
20
2.639022559055118
11
2.679029842519685
21
2.6385773622047242
0
LINE
8
BLACK
6
CONTINUOUS
10
2.679029842519685
20
2.6385773622047242
11
2.6790865748031494
21
2.6380012992125983
0
LINE
8
BLACK
6
CONTINUOUS
10
2.6790865748031494
20
2.6380012992125983
11
2.6790865748031494
21
2.6136293700787401
0
LINE
8
BLACK
6
CONTINUOUS
10
2.6790865748031494
20
2.6136293700787401
11
2.679029842519685
21
2.6130533070866142
0
LINE
8
BLACK
6
CONTINUOUS
10
2.679029842519685
20
2.6130533070866142
11
2.6785889370078739
21
2.6119888976377954
0
LINE
8
BLACK
6
CONTINUOUS
10
2.6785889370078739
20
2.6119888976377954
11
2.6777742913385825
21
2.6111742519685039
0
LINE
8
BLACK
6
CONTINUOUS
10
2.6777742913385825
20
2.6111742519685039
11
2.6767098818897637
21
2.6107333464566929
0
LINE
8
BLACK
6
CONTINUOUS
10
2.6767098818897637
20
2.6107333464566929
11
2.6755577559055119
21
2.6107333464566929
0
LINE
8
BLACK
6
CONTINUOUS
10
2.6755577559055119
20
2.6107333464566929
11
2.6744933464566927
21
2.6111742519685039
0
LINE
8
BLACK
6
CONTINUOUS
10
2.6744933464566927
20
2.6111742519685039
11
2.6736787007874017
21
2.6119888976377954
0
LINE
8
BLACK
6
CONTINUOUS
10
2.6736787007874017
20
2.6119888976377954
11
2.6732377952755906
21
2.6130533070866142
0
LINE
8
BLACK
6
CONTINUOUS
10
2.6732377952755906
20
2.6130533070866142
11
2.6731810629921258
21
2.6136293700787401
0
LINE
8
BLACK
6
CONTINUOUS
10
2.6731810629921258
20
2.6136293700787401
11
2.6731810629921258
21
2.6308727559055116
0
LINE
8
BLACK
6
CONTINUOUS
10
2.6731810629921258
20
2.6308727559055116
11
2.6557245275590549
21
2.6134162204724407
0
LINE
8
BLACK
6
CONTINUOUS
10
2.6557245275590549
20
2.6134162204724407
11
2.6552770866141731
21
2.6130490157480315
0
LINE
8
BLACK
6
CONTINUOUS
10
2.6552770866141731
20
2.6130490157480315
11
2.6551790157480313
21
2.6130084251968504
0
LINE
8
BLACK
6
CONTINUOUS
10
2.6551790157480313
20
2.6130084251968504
11
2.6550988976377954
21
2.6129388976377954
0
LINE
8
BLACK
6
CONTINUOUS
10
2.6550988976377954
20
2.6129388976377954
11
2.6545703543307084
21
2.6127029133858266
0
LINE
8
BLACK
6
CONTINUOUS
10
2.6545703543307084
20
2.6127029133858266
11
2.6489460629921258
21
2.6108281496062991
0
LINE
8
BLACK
6
CONTINUOUS
10
2.6489460629921258
20
2.6108281496062991
11
2.6486604724409446
21
2.6107632283464568
0
LINE
8
BLACK
6
CONTINUOUS
10
2.6486604724409446
20
2.6107632283464568
11
2.6485883858267716
21
2.6107333464566929
0
LINE
8
BLACK
6
CONTINUOUS
10
2.6485883858267716
20
2.6107333464566929
11
2.6484838582677166
21
2.6107230708661415
0
LINE
8
BLACK
6
CONTINUOUS
10
2.6484838582677166
20
2.6107230708661415
11
2.6483816141732284
21
2.6106998031496063
0
LINE
8
BLACK
6
CONTINUOUS
10
2.6483816141732284
20
2.6106998031496063
11
2.6483038582677163
21
2.6107053543307086
0
LINE
8
BLACK
6
CONTINUOUS
10
2.6483038582677163
20
2.6107053543307086
11
2.6480123228346457
21
2.6106766141732285
0
LINE
8
BLACK
6
CONTINUOUS
10
2.6480123228346457
20
2.6106766141732285
11
2.6442627952755906
21
2.6106766141732285
0
LINE
8
BLACK
6
CONTINUOUS
10
2.6442627952755906
20
2.6106766141732285
11
2.6436867322834643
21
2.6107333464566929
0
LINE
8
BLACK
6
CONTINUOUS
10
2.6436867322834643
20
2.6107333464566929
11
2.6435887401574805
21
2.610773937007874
0
LINE
8
BLACK
6
CONTINUOUS
10
2.6435887401574805
20
2.610773937007874
11
2.6434828740157479
21
2.6107814566929135
0
LINE
8
BLACK
6
CONTINUOUS
10
2.6434828740157479
20
2.6107814566929135
11
2.6429422834645671
21
2.610988346456693
0
LINE
8
BLACK
6
CONTINUOUS
10
2.6429422834645671
20
2.610988346456693
11
2.6391927559055119
21
2.6128631102362205
0
LINE
8
BLACK
6
CONTINUOUS
10
2.6391927559055119
20
2.6128631102362205
11
2.6389447244094488
21
2.6130192125984251
0
LINE
8
BLACK
6
CONTINUOUS
10
2.6389447244094488
20
2.6130192125984251
11
2.6388727952755904
21
2.6130490157480315
0
LINE
8
BLACK
6
CONTINUOUS
10
2.6388727952755904
20
2.6130490157480315
11
2.6387918110236219
21
2.6131155118110234
0
LINE
8
BLACK
6
CONTINUOUS
10
2.6387918110236219
20
2.6131155118110234
11
2.6387028740157481
21
2.6131714566929132
0
LINE
8
BLACK
6
CONTINUOUS
10
2.6387028740157481
20
2.6131714566929132
11
2.6386516929133856
21
2.6132304724409448
0
LINE
8
BLACK
6
CONTINUOUS
10
2.6386516929133856
20
2.6132304724409448
11
2.6384253543307086
21
2.6134162204724407
0
LINE
8
BLACK
6
CONTINUOUS
10
2.6384253543307086
20
2.6134162204724407
11
2.636550590551181
21
2.6152909842519683
0
LINE
8
BLACK
6
CONTINUOUS
10
2.636550590551181
20
2.6152909842519683
11
2.6363648031496063
21
2.6155173622047245
0
LINE
8
BLACK
6
CONTINUOUS
10
2.6363648031496063
20
2.6155173622047245
11
2.6363058267716535
21
2.6155685039370078
0
LINE
8
BLACK
6
CONTINUOUS
10
2.6363058267716535
20
2.6155685039370078
11
2.636249842519685
21
2.6156574803149604
0
LINE
8
BLACK
6
CONTINUOUS
10
2.636249842519685
20
2.6156574803149604
11
2.6361833858267718
21
2.6157384251968505
0
LINE
8
BLACK
6
CONTINUOUS
10
2.6361833858267718
20
2.6157384251968505
11
2.6361535433070866
21
2.6158103937007873
0
LINE
8
BLACK
6
CONTINUOUS
10
2.6361535433070866
20
2.6158103937007873
11
2.6359974803149604
21
2.6160583858267716
0
LINE
8
BLACK
6
CONTINUOUS
10
2.6359974803149604
20
2.6160583858267716
11
2.6341227165354328
21
2.6198079133858267
0
LINE
8
BLACK
6
CONTINUOUS
10
2.6341227165354328
20
2.6198079133858267
11
2.6339158267716534
21
2.6203485433070868
0
LINE
8
BLACK
6
CONTINUOUS
10
2.6339158267716534
20
2.6203485433070868
11
2.6339083070866143
21
2.6204543700787402
0
LINE
8
BLACK
6
CONTINUOUS
10
2.6339083070866143
20
2.6204543700787402
11
2.6338677165354332
21
2.6205523622047244
0
LINE
8
BLACK
6
CONTINUOUS
10
2.6338677165354332
20
2.6205523622047244
11
2.6338109842519684
21
2.6211284251968503
0
LINE
8
BLACK
6
CONTINUOUS
10
2.6338109842519684
20
2.6211284251968503
11
2.6338109842519684
21
2.6305022440944881
0
LINE
8
BLACK
6
CONTINUOUS
10
2.6338109842519684
20
2.6305022440944881
11
2.6338677165354332
21
2.6310783070866139
0
LINE
8
BLACK
6
CONTINUOUS
10
2.6338677165354332
20
2.6310783070866139
11
2.6339083070866143
21
2.631176338582677
0
LINE
8
BLACK
6
CONTINUOUS
10
2.6339083070866143
20
2.631176338582677
11
2.6339158267716534
21
2.631282125984252
0
LINE
8
BLACK
6
CONTINUOUS
10
2.6339158267716534
20
2.631282125984252
11
2.6341227165354328
21
2.6318227559055116
0
LINE
8
BLACK
6
CONTINUOUS
10
2.6341227165354328
20
2.6318227559055116
11
2.6359974803149604
21
2.6355722834645667
0
LINE
8
BLACK
6
CONTINUOUS
10
2.6359974803149604
20
2.6355722834645667
11
2.6361535433070866
21
2.6358203149606299
0
LINE
8
BLACK
6
CONTINUOUS
10
2.6361535433070866
20
2.6358203149606299
11
2.6361833858267718
21
2.6358922440944883
0
LINE
8
BLACK
6
CONTINUOUS
10
2.6361833858267718
20
2.6358922440944883
11
2.636249842519685
21
2.6359732283464568
0
LINE
8
BLACK
6
CONTINUOUS
10
2.636249842519685
20
2.6359732283464568
11
2.6363058267716535
21
2.6360621653543306
0
LINE
8
BLACK
6
CONTINUOUS
10
2.6363058267716535
20
2.6360621653543306
11
2.6363648031496063
21
2.636113346456693
0
LINE
8
BLACK
6
CONTINUOUS
10
2.6363648031496063
20
2.636113346456693
11
2.636550590551181
21
2.6363396850393701
0
LINE
8
BLACK
6
CONTINUOUS
10
2.636550590551181
20
2.6363396850393701
11
2.6384253543307086
21
2.6382144488188977
0
LINE
8
BLACK
6
CONTINUOUS
10
2.6384253543307086
20
2.6382144488188977
11
2.6388727952755904
21
2.6385816535433069
0
LINE
8
BLACK
6
CONTINUOUS
10
2.6388727952755904
20
2.6385816535433069
11
2.6399372047244092
21
2.639022559055118
0
LINE
8
BLACK
6
CONTINUOUS
10
2.6399372047244092
20
2.639022559055118
11
2.6410892913385826
21
2.639022559055118
0
LINE
8
BLACK
6
CONTINUOUS
10
2.6410892913385826
20
2.639022559055118
11
2.6421537007874014
21
2.6385816535433069
0
LINE
8
BLACK
6
CONTINUOUS
10
2.6421537007874014
20
2.6385816535433069
11
2.6429683858267716
21
2.6377669685039371
0
LINE
8
BLACK
6
CONTINUOUS
10
2.6429683858267716
20
2.6377669685039371
11
2.6434092913385827
21
2.6367025590551179
0
LINE
8
BLACK
6
CONTINUOUS
10
2.6434092913385827
20
2.6367025590551179
11
2.6434092913385827
21
2.6355504724409449
0
LINE
8
BLACK
6
CONTINUOUS
10
2.6434092913385827
20
2.6355504724409449
11
2.6429683858267716
21
2.6344860629921261
0
LINE
8
BLACK
6
CONTINUOUS
10
2.6429683858267716
20
2.6344860629921261
11
2.642601181102362
21
2.6340386220472438
0
LINE
8
BLACK
6
CONTINUOUS
10
2.642601181102362
20
2.6340386220472438
11
2.6410652362204723
21
2.6325026771653541
0
LINE
8
BLACK
6
CONTINUOUS
10
2.6410652362204723
20
2.6325026771653541
11
2.639716496062992
21
2.6298051968503935
0
LINE
8
BLACK
6
CONTINUOUS
10
2.639716496062992
20
2.6298051968503935
11
2.639716496062992
21
2.6218254724409449
0
LINE
8
BLACK
6
CONTINUOUS
10
2.639716496062992
20
2.6218254724409449
11
2.6410652362204723
21
2.6191279921259842
0
LINE
8
BLACK
6
CONTINUOUS
10
2.6410652362204723
20
2.6191279921259842
11
2.6422623622047245
21
2.6179308661417324
0
LINE
8
BLACK
6
CONTINUOUS
10
2.6422623622047245
20
2.6179308661417324
11
2.6449598425196852
21
2.6165821259842521
0
LINE
8
BLACK
6
CONTINUOUS
10
2.6449598425196852
20
2.6165821259842521
11
2.6475331889763778
21
2.6165821259842521
0
LINE
8
BLACK
6
CONTINUOUS
10
2.6475331889763778
20
2.6165821259842521
11
2.6520415748031496
21
2.618084960629921
0
LINE
8
BLACK
6
CONTINUOUS
10
2.6520415748031496
20
2.618084960629921
11
2.6740459055118109
21
2.6400892125984252
0
LINE
8
BLACK
6
CONTINUOUS
10
2.6740459055118109
20
2.6400892125984252
11
2.6744933464566927
21
2.6404564566929132
0
LINE
8
BLACK
6
CONTINUOUS
10
2.6744933464566927
20
2.6404564566929132
11
2.6752459842519682
21
2.6407682283464564
0
LINE
8
BLACK
6
CONTINUOUS
10
2.6752459842519682
20
2.6407682283464564
11
2.6755577559055119
21
2.6408973228346455
0
LINE
8
BLACK
6
CONTINUOUS
10
2.6755577559055119
20
2.6408973228346455
11
2.6767098818897637
21
2.6408973228346455
0
LINE
8
BLACK
6
CONTINUOUS
10
2.6767098818897637
20
2.6408973228346455
11
2.6777742913385825
21
2.6404564173228344
0
LINE
8
BLACK
6
CONTINUOUS
10
2.6759039763779526
20
2.6821824015748033
11
2.6771824015748029
21
2.6809039763779525
0
LINE
8
BLACK
6
CONTINUOUS
10
2.6771824015748029
20
2.6809039763779525
11
2.6771824015748029
21
2.6790960236220474
0
LINE
8
BLACK
6
CONTINUOUS
10
2.6771824015748029
20
2.6790960236220474
11
2.6759039763779526
21
2.6778175984251966
0
LINE
8
BLACK
6
CONTINUOUS
10
2.6759039763779526
20
2.6778175984251966
11
2.6749999999999998
21
2.6776377952755905
0
LINE
8
BLACK
6
CONTINUOUS
10
2.6749999999999998
20
2.6776377952755905
11
2.6628707480314961
21
2.6776377952755905
0
LINE
8
BLACK
6
CONTINUOUS
10
2.6628707480314961
20
2.6776377952755905
11
2.6674761023622047
21
2.6764864566929134
0
LINE
8
BLACK
6
CONTINUOUS
10
2.6674761023622047
20
2.6764864566929134
11
2.6675185826771655
21
2.6764712992125985
0
LINE
8
BLACK
6
CONTINUOUS
10
2.6675185826771655
20
2.6764712992125985
11
2.6675398425196848
21
2.6764697637795276
0
LINE
8
BLACK
6
CONTINUOUS
10
2.6675398425196848
20
2.6764697637795276
11
2.6677792519685037
21
2.6763781496062991
0
LINE
8
BLACK
6
CONTINUOUS
10
2.6677792519685037
20
2.6763781496062991
11
2.6680212204724407
21
2.6762916929133858
0
LINE
8
BLACK
6
CONTINUOUS
10
2.6680212204724407
20
2.6762916929133858
11
2.6680383464566928
21
2.6762790157480314
0
LINE
8
BLACK
6
CONTINUOUS
10
2.6680383464566928
20
2.6762790157480314
11
2.6680804724409448
21
2.6762628740157481
0
LINE
8
BLACK
6
CONTINUOUS
10
2.6680804724409448
20
2.6762628740157481
11
2.6718299999999999
21
2.6743881102362206
0
LINE
8
BLACK
6
CONTINUOUS
10
2.6718299999999999
20
2.6743881102362206
11
2.672077874015748
21
2.6742320866141731
0
LINE
8
BLACK
6
CONTINUOUS
10
2.672077874015748
20
2.6742320866141731
11
2.6721499212598423
21
2.6742022440944879
0
LINE
8
BLACK
6
CONTINUOUS
10
2.6721499212598423
20
2.6742022440944879
11
2.6722309448818895
21
2.674135748031496
0
LINE
8
BLACK
6
CONTINUOUS
10
2.6722309448818895
20
2.674135748031496
11
2.6723198818897638
21
2.6740797637795275
0
LINE
8
BLACK
6
CONTINUOUS
10
2.6723198818897638
20
2.6740797637795275
11
2.672371023622047
21
2.6740207874015747
0
LINE
8
BLACK
6
CONTINUOUS
10
2.672371023622047
20
2.6740207874015747
11
2.6725974015748033
21
2.673835
0
LINE
8
BLACK
6
CONTINUOUS
10
2.6725974015748033
20
2.673835
11
2.6763469685039372
21
2.6700854724409449
0
LINE
8
BLACK
6
CONTINUOUS
10
2.6763469685039372
20
2.6700854724409449
11
2.6767142125984251
21
2.669638031496063
0
LINE
8
BLACK
6
CONTINUOUS
10
2.6767142125984251
20
2.669638031496063
11
2.6767548031496062
21
2.66954
0
LINE
8
BLACK
6
CONTINUOUS
10
2.6767548031496062
20
2.66954
11
2.6768242913385825
21
2.6694598818897637
0
LINE
8
BLACK
6
CONTINUOUS
10
2.6768242913385825
20
2.6694598818897637
11
2.6770602755905513
21
2.6689312992125984
0
LINE
8
BLACK
6
CONTINUOUS
10
2.6770602755905513
20
2.6689312992125984
11
2.6789350393700788
21
2.6633070472440945
0
LINE
8
BLACK
6
CONTINUOUS
10
2.6789350393700788
20
2.6633070472440945
11
2.6789999606299211
21
2.6630214173228346
0
LINE
8
BLACK
6
CONTINUOUS
10
2.6789999606299211
20
2.6630214173228346
11
2.679029842519685
21
2.6629493307086616
0
LINE
8
BLACK
6
CONTINUOUS
10
2.679029842519685
20
2.6629493307086616
11
2.6790401181102363
21
2.6628448818897636
0
LINE
8
BLACK
6
CONTINUOUS
10
2.6790401181102363
20
2.6628448818897636
11
2.6790633858267716
21
2.6627425984251967
0
LINE
8
BLACK
6
CONTINUOUS
10
2.6790633858267716
20
2.6627425984251967
11
2.6790578346456693
21
2.6626648818897638
0
LINE
8
BLACK
6
CONTINUOUS
10
2.6790578346456693
20
2.6626648818897638
11
2.6790865748031494
21
2.6623732677165353
0
LINE
8
BLACK
6
CONTINUOUS
10
2.6790865748031494
20
2.6623732677165353
11
2.6790865748031494
21
2.6586237401574802
0
LINE
8
BLACK
6
CONTINUOUS
10
2.6790865748031494
20
2.6586237401574802
11
2.6790578346456693
21
2.6583321653543308
0
LINE
8
BLACK
6
CONTINUOUS
10
2.6790578346456693
20
2.6583321653543308
11
2.6790633858267716
21
2.6582544094488187
0
LINE
8
BLACK
6
CONTINUOUS
10
2.6790633858267716
20
2.6582544094488187
11
2.6790401181102363
21
2.6581521653543305
0
LINE
8
BLACK
6
CONTINUOUS
10
2.6790401181102363
20
2.6581521653543305
11
2.679029842519685
21
2.6580476771653543
0
LINE
8
BLACK
6
CONTINUOUS
10
2.679029842519685
20
2.6580476771653543
11
2.6789999606299211
21
2.6579756299212596
0
LINE
8
BLACK
6
CONTINUOUS
10
2.6789999606299211
20
2.6579756299212596
11
2.6789350393700788
21
2.6576899606299214
0
LINE
8
BLACK
6
CONTINUOUS
10
2.6789350393700788
20
2.6576899606299214
11
2.6770602755905513
21
2.6520657086614174
0
LINE
8
BLACK
6
CONTINUOUS
10
2.6770602755905513
20
2.6520657086614174
11
2.6768242913385825
21
2.6515371259842517
0
LINE
8
BLACK
6
CONTINUOUS
10
2.6768242913385825
20
2.6515371259842517
11
2.6767547244094487
21
2.6514569685039371
0
LINE
8
BLACK
6
CONTINUOUS
10
2.6767547244094487
20
2.6514569685039371
11
2.6767141732283464
21
2.6513589763779528
0
LINE
8
BLACK
6
CONTINUOUS
10
2.6767141732283464
20
2.6513589763779528
11
2.6763469291338584
21
2.6509114960629923
0
LINE
8
BLACK
6
CONTINUOUS
10
2.6763469291338584
20
2.6509114960629923
11
2.6744721259842521
21
2.6490367322834647
0
LINE
8
BLACK
6
CONTINUOUS
10
2.6744721259842521
20
2.6490367322834647
11
2.6740246850393699
21
2.648669527559055
0
LINE
8
BLACK
6
CONTINUOUS
10
2.6740246850393699
20
2.648669527559055
11
2.672960275590551
21
2.6482286614173227
0
LINE
8
BLACK
6
CONTINUOUS
10
2.672960275590551
20
2.6482286614173227
11
2.6718081889763781
21
2.6482286614173227
0
LINE
8
BLACK
6
CONTINUOUS
10
2.6718081889763781
20
2.6482286614173227
11
2.6707437795275588
21
2.6486695669291338
0
LINE
8
BLACK
6
CONTINUOUS
10
2.6707437795275588
20
2.6486695669291338
11
2.669929094488189
21
2.649484251968504
0
LINE
8
BLACK
6
CONTINUOUS
10
2.669929094488189
20
2.649484251968504
11
2.6694882283464567
21
2.6505486614173228
0
LINE
8
BLACK
6
CONTINUOUS
10
2.6694882283464567
20
2.6505486614173228
11
2.6694882283464567
21
2.6517007480314958
0
LINE
8
BLACK
6
CONTINUOUS
10
2.6694882283464567
20
2.6517007480314958
11
2.6699291338582678
21
2.6527651574803151
0
LINE
8
BLACK
6
CONTINUOUS
10
2.6699291338582678
20
2.6527651574803151
11
2.6702963779527558
21
2.6532126377952756
0
LINE
8
BLACK
6
CONTINUOUS
10
2.6702963779527558
20
2.6532126377952756
11
2.6716782677165352
21
2.654594527559055
0
LINE
8
BLACK
6
CONTINUOUS
10
2.6716782677165352
20
2.654594527559055
11
2.6731810629921258
21
2.6591028740157481
0
LINE
8
BLACK
6
CONTINUOUS
10
2.6731810629921258
20
2.6591028740157481
11
2.6731810629921258
21
2.6618941338582678
0
LINE
8
BLACK
6
CONTINUOUS
10
2.6731810629921258
20
2.6618941338582678
11
2.6716782677165352
21
2.6664025196850392
0
LINE
8
BLACK
6
CONTINUOUS
10
2.6716782677165352
20
2.6664025196850392
11
2.6687603937007873
21
2.6693203543307087
0
LINE
8
BLACK
6
CONTINUOUS
10
2.6687603937007873
20
2.6693203543307087
11
2.6657294094488186
21
2.6708358661417324
0
LINE
8
BLACK
6
CONTINUOUS
10
2.6657294094488186
20
2.6708358661417324
11
2.6588973622047245
21
2.6725438582677166
0
LINE
8
BLACK
6
CONTINUOUS
10
2.6588973622047245
20
2.6725438582677166
11
2.6540001574803149
21
2.6725438582677166
0
LINE
8
BLACK
6
CONTINUOUS
10
2.6540001574803149
20
2.6725438582677166
11
2.6471681102362203
21
2.6708358661417324
0
LINE
8
BLACK
6
CONTINUOUS
10
2.6471681102362203
20
2.6708358661417324
11
2.6441371259842521
21
2.6693203543307087
0
LINE
8
BLACK
6
CONTINUOUS
10
2.6441371259842521
20
2.6693203543307087
11
2.6412192913385826
21
2.6664025590551179
0
LINE
8
BLACK
6
CONTINUOUS
10
2.6412192913385826
20
2.6664025590551179
11
2.639716496062992
21
2.6618941338582678
0
LINE
8
BLACK
6
CONTINUOUS
10
2.639716496062992
20
2.6618941338582678
11
2.639716496062992
21
2.6591029133858268
0
LINE
8
BLACK
6
CONTINUOUS
10
2.639716496062992
20
2.6591029133858268
11
2.6412192913385826
21
2.6545944881889763
0
LINE
8
BLACK
6
CONTINUOUS
10
2.6412192913385826
20
2.6545944881889763
11
2.642601181102362
21
2.6532125984251969
0
LINE
8
BLACK
6
CONTINUOUS
10
2.642601181102362
20
2.6532125984251969
11
2.6429683858267716
21
2.6527651574803151
0
LINE
8
BLACK
6
CONTINUOUS
10
2.6429683858267716
20
2.6527651574803151
11
2.6434092913385827
21
2.6517007480314958
0
LINE
8
BLACK
6
CONTINUOUS
10
2.6434092913385827
20
2.6517007480314958
11
2.6434092913385827
21
2.6505486614173228
0
LINE
8
BLACK
6
CONTINUOUS
10
2.6434092913385827
20
2.6505486614173228
11
2.6429683858267716
21
2.649484251968504
0
LINE
8
BLACK
6
CONTINUOUS
10
2.6429683858267716
20
2.649484251968504
11
2.6421537007874014
21
2.6486695669291338
0
LINE
8
BLACK
6
CONTINUOUS
10
2.6421537007874014
20
2.6486695669291338
11
2.6410892913385826
21
2.6482286614173227
0
LINE
8
BLACK
6
CONTINUOUS
10
2.6410892913385826
20
2.6482286614173227
11
2.6399372047244092
21
2.6482286614173227
0
LINE
8
BLACK
6
CONTINUOUS
10
2.6399372047244092
20
2.6482286614173227
11
2.6388727952755904
21
2.6486695669291338
0
LINE
8
BLACK
6
CONTINUOUS
10
2.6388727952755904
20
2.6486695669291338
11
2.6384253543307086
21
2.6490367716535435
0
LINE
8
BLACK
6
CONTINUOUS
10
2.6384253543307086
20
2.6490367716535435
11
2.636550590551181
21
2.650911535433071
0
LINE
8
BLACK
6
CONTINUOUS
10
2.636550590551181
20
2.650911535433071
11
2.6361833858267718
21
2.6513589763779528
0
LINE
8
BLACK
6
CONTINUOUS
10
2.6361833858267718
20
2.6513589763779528
11
2.6361427559055119
21
2.6514570472440946
0
LINE
8
BLACK
6
CONTINUOUS
10
2.6361427559055119
20
2.6514570472440946
11
2.6360732677165353
21
2.6515371653543305
0
LINE
8
BLACK
6
CONTINUOUS
10
2.6360732677165353
20
2.6515371653543305
11
2.6358372834645669
21
2.6520657086614174
0
LINE
8
BLACK
6
CONTINUOUS
10
2.6358372834645669
20
2.6520657086614174
11
2.6339625196850394
21
2.6576900000000001
0
LINE
8
BLACK
6
CONTINUOUS
10
2.6339625196850394
20
2.6576900000000001
11
2.6338975590551179
21
2.6579755905511808
0
LINE
8
BLACK
6
CONTINUOUS
10
2.6338975590551179
20
2.6579755905511808
11
2.6338677165354332
21
2.6580476771653543
0
LINE
8
BLACK
6
CONTINUOUS
10
2.6338677165354332
20
2.6580476771653543
11
2.6338574015748031
21
2.6581522047244093
0
LINE
8
BLACK
6
CONTINUOUS
10
2.6338574015748031
20
2.6581522047244093
11
2.6338341732283466
21
2.6582544488188975
0
LINE
8
BLACK
6
CONTINUOUS
10
2.6338341732283466
20
2.6582544488188975
11
2.6338396850393702
21
2.6583322047244096
0
LINE
8
BLACK
6
CONTINUOUS
10
2.6338396850393702
20
2.6583322047244096
11
2.6338109842519684
21
2.6586237401574802
0
LINE
8
BLACK
6
CONTINUOUS
10
2.6338109842519684
20
2.6586237401574802
11
2.6338109842519684
21
2.6623732677165353
0
LINE
8
BLACK
6
CONTINUOUS
10
2.6338109842519684
20
2.6623732677165353
11
2.6338396850393702
21
2.662664842519685
0
LINE
8
BLACK
6
CONTINUOUS
10
2.6338396850393702
20
2.662664842519685
11
2.6338341732283466
21
2.6627425590551179
0
LINE
8
BLACK
6
CONTINUOUS
10
2.6338341732283466
20
2.6627425590551179
11
2.6338574015748031
21
2.6628448425196849
0
LINE
8
BLACK
6
CONTINUOUS
10
2.6338574015748031
20
2.6628448425196849
11
2.6338677165354332
21
2.6629493307086616
0
LINE
8
BLACK
6
CONTINUOUS
10
2.6338677165354332
20
2.6629493307086616
11
2.6338975590551179
21
2.6630214566929133
0
LINE
8
BLACK
6
CONTINUOUS
10
2.6338975590551179
20
2.6630214566929133
11
2.6339625196850394
21
2.6633070078740158
0
LINE
8
BLACK
6
CONTINUOUS
10
2.6339625196850394
20
2.6633070078740158
11
2.6358372834645669
21
2.6689312992125984
0
LINE
8
BLACK
6
CONTINUOUS
10
2.6358372834645669
20
2.6689312992125984
11
2.6360732677165353
21
2.6694598425196849
0
LINE
8
BLACK
6
CONTINUOUS
10
2.6360732677165353
20
2.6694598425196849
11
2.6361427559055119
21
2.66954
0
LINE
8
BLACK
6
CONTINUOUS
10
2.6361427559055119
20
2.66954
11
2.6361833858267718
21
2.669638031496063
0
LINE
8
BLACK
6
CONTINUOUS
10
2.6361833858267718
20
2.669638031496063
11
2.636550590551181
21
2.6700854724409449
0
LINE
8
BLACK
6
CONTINUOUS
10
2.636550590551181
20
2.6700854724409449
11
2.6403001181102361
21
2.673835
0
LINE
8
BLACK
6
CONTINUOUS
10
2.6403001181102361
20
2.673835
11
2.6405264960629919
21
2.6740208661417322
0
LINE
8
BLACK
6
CONTINUOUS
10
2.6405264960629919
20
2.6740208661417322
11
2.6405776377952757
21
2.6740797637795275
0
LINE
8
BLACK
6
CONTINUOUS
10
2.6405776377952757
20
2.6740797637795275
11
2.6406663779527557
21
2.6741356692913385
0
LINE
8
BLACK
6
CONTINUOUS
10
2.6406663779527557
20
2.6741356692913385
11
2.6407475590551179
21
2.6742022440944879
0
LINE
8
BLACK
6
CONTINUOUS
10
2.6407475590551179
20
2.6742022440944879
11
2.6408196850393701
21
2.6742321259842519
0
LINE
8
BLACK
6
CONTINUOUS
10
2.6408196850393701
20
2.6742321259842519
11
2.6410675196850395
21
2.6743881102362206
0
LINE
8
BLACK
6
CONTINUOUS
10
2.6410675196850395
20
2.6743881102362206
11
2.6448170472440946
21
2.6762628740157481
0
LINE
8
BLACK
6
CONTINUOUS
10
2.6448170472440946
20
2.6762628740157481
11
2.6448591338582679
21
2.6762790157480314
0
LINE
8
BLACK
6
CONTINUOUS
10
2.6448591338582679
20
2.6762790157480314
11
2.6448762992125983
21
2.6762916929133858
0
LINE
8
BLACK
6
CONTINUOUS
10
2.6448762992125983
20
2.6762916929133858
11
2.6451178740157482
21
2.6763780314960628
0
LINE
8
BLACK
6
CONTINUOUS
10
2.6451178740157482
20
2.6763780314960628
11
2.6453576377952754
21
2.6764697637795276
0
LINE
8
BLACK
6
CONTINUOUS
10
2.6453576377952754
20
2.6764697637795276
11
2.6453788976377952
21
2.6764712992125985
0
LINE
8
BLACK
6
CONTINUOUS
10
2.6453788976377952
20
2.6764712992125985
11
2.6454214173228348
21
2.6764864566929134
0
LINE
8
BLACK
6
CONTINUOUS
10
2.6454214173228348
20
2.6764864566929134
11
2.6500267716535433
21
2.6776377952755905
0
LINE
8
BLACK
6
CONTINUOUS
10
2.6500267716535433
20
2.6776377952755905
11
2.645
21
2.6776377952755905
0
LINE
8
BLACK
6
CONTINUOUS
10
2.645
20
2.6776377952755905
11
2.6440960236220472
21
2.6778175984251966
0
LINE
8
BLACK
6
CONTINUOUS
10
2.6440960236220472
20
2.6778175984251966
11
2.6428175984251969
21
2.6790960236220474
0
LINE
8
BLACK
6
CONTINUOUS
10
2.6428175984251969
20
2.6790960236220474
11
2.6428175984251969
21
2.6809039763779525
0
LINE
8
BLACK
6
CONTINUOUS
10
2.6428175984251969
20
2.6809039763779525
11
2.6440960236220472
21
2.6821824015748033
0
LINE
8
BLACK
6
CONTINUOUS
10
2.6440960236220472
20
2.6821824015748033
11
2.645
21
2.6823622047244093
0
LINE
8
BLACK
6
CONTINUOUS
10
2.645
20
2.6823622047244093
11
2.6749999999999998
21
2.6823622047244093
0
LINE
8
BLACK
6
CONTINUOUS
10
2.6749999999999998
20
2.6823622047244093
11
2.6759039763779526
21
2.6821824015748033
0
LINE
8
BLACK
6
CONTINUOUS
10
2.1840885433070865
20
2.7172765354330708
11
2.1851529527559053
21
2.7168356299212597
0
LINE
8
BLACK
6
CONTINUOUS
10
2.1851529527559053
20
2.7168356299212597
11
2.1859675984251967
21
2.7160209842519683
0
LINE
8
BLACK
6
CONTINUOUS
10
2.1859675984251967
20
2.7160209842519683
11
2.1864085039370078
21
2.7149565748031494
0
LINE
8
BLACK
6
CONTINUOUS
10
2.1864085039370078
20
2.7149565748031494
11
2.1864085039370078
21
2.7138044488188977
0
LINE
8
BLACK
6
CONTINUOUS
10
2.1864085039370078
20
2.7138044488188977
11
2.1859675984251967
21
2.7127400393700785
0
LINE
8
BLACK
6
CONTINUOUS
10
2.1859675984251967
20
2.7127400393700785
11
2.1851529527559053
21
2.7119253937007874
0
LINE
8
BLACK
6
CONTINUOUS
10
2.1851529527559053
20
2.7119253937007874
11
2.1840885433070865
21
2.7114844881889764
0
LINE
8
BLACK
6
CONTINUOUS
10
2.1840885433070865
20
2.7114844881889764
11
2.1835124803149606
21
2.7114277559055115
0
LINE
8
BLACK
6
CONTINUOUS
10
2.1835124803149606
20
2.7114277559055115
11
2.1656477165354331
21
2.7114277559055115
0
LINE
8
BLACK
6
CONTINUOUS
10
2.1656477165354331
20
2.7114277559055115
11
2.1744860629921261
21
2.7013268110236219
0
LINE
8
BLACK
6
CONTINUOUS
10
2.1744860629921261
20
2.7013268110236219
11
2.17466405511811
21
2.7010778346456692
0
LINE
8
BLACK
6
CONTINUOUS
10
2.17466405511811
20
2.7010778346456692
11
2.1747190157480314
21
2.7010228740157478
0
LINE
8
BLACK
6
CONTINUOUS
10
2.1747190157480314
20
2.7010228740157478
11
2.1747405905511812
21
2.7009707874015749
0
LINE
8
BLACK
6
CONTINUOUS
10
2.1747405905511812
20
2.7009707874015749
11
2.174822716535433
21
2.7008559055118111
0
LINE
8
BLACK
6
CONTINUOUS
10
2.174822716535433
20
2.7008559055118111
11
2.1749762992125983
21
2.7004016929133856
0
LINE
8
BLACK
6
CONTINUOUS
10
2.1749762992125983
20
2.7004016929133856
11
2.1751599212598425
21
2.699958464566929
0
LINE
8
BLACK
6
CONTINUOUS
10
2.1751599212598425
20
2.699958464566929
11
2.1751599212598425
21
2.6998588582677163
0
LINE
8
BLACK
6
CONTINUOUS
10
2.1751599212598425
20
2.6998588582677163
11
2.1751918110236219
21
2.6997645275590552
0
LINE
8
BLACK
6
CONTINUOUS
10
2.1751918110236219
20
2.6997645275590552
11
2.1751599212598425
21
2.699286062992126
0
LINE
8
BLACK
6
CONTINUOUS
10
2.1751599212598425
20
2.699286062992126
11
2.1751599212598425
21
2.6988063385826773
0
LINE
8
BLACK
6
CONTINUOUS
10
2.1751599212598425
20
2.6988063385826773
11
2.1751218110236219
21
2.6987143700787399
0
LINE
8
BLACK
6
CONTINUOUS
10
2.1751218110236219
20
2.6987143700787399
11
2.1751151968503937
21
2.6986149999999998
0
LINE
8
BLACK
6
CONTINUOUS
10
2.1751151968503937
20
2.6986149999999998
11
2.1749024803149606
21
2.6981848818897638
0
LINE
8
BLACK
6
CONTINUOUS
10
2.1749024803149606
20
2.6981848818897638
11
2.1747190157480314
21
2.697741929133858
0
LINE
8
BLACK
6
CONTINUOUS
10
2.1747190157480314
20
2.697741929133858
11
2.1746486614173226
21
2.6976716141732284
0
LINE
8
BLACK
6
CONTINUOUS
10
2.1746486614173226
20
2.6976716141732284
11
2.1746044881889763
21
2.6975822440944883
0
LINE
8
BLACK
6
CONTINUOUS
10
2.1746044881889763
20
2.6975822440944883
11
2.1742433464566928
21
2.6972662992125982
0
LINE
8
BLACK
6
CONTINUOUS
10
2.1742433464566928
20
2.6972662992125982
11
2.1739043700787399
21
2.696927283464567
0
LINE
8
BLACK
6
CONTINUOUS
10
2.1739043700787399
20
2.696927283464567
11
2.1738123622047243
21
2.6968891732283464
0
LINE
8
BLACK
6
CONTINUOUS
10
2.1738123622047243
20
2.6968891732283464
11
2.1737374015748032
21
2.6968235826771654
0
LINE
8
BLACK
6
CONTINUOUS
10
2.1737374015748032
20
2.6968235826771654
11
2.173283149606299
21
2.6966700000000001
0
LINE
8
BLACK
6
CONTINUOUS
10
2.173283149606299
20
2.6966700000000001
11
2.1728399606299211
21
2.6964863779527559
0
LINE
8
BLACK
6
CONTINUOUS
10
2.1728399606299211
20
2.6964863779527559
11
2.1726993700787403
21
2.6964725590551182
0
LINE
8
BLACK
6
CONTINUOUS
10
2.1726993700787403
20
2.6964725590551182
11
2.1726460236220473
21
2.6964544881889765
0
LINE
8
BLACK
6
CONTINUOUS
10
2.1726460236220473
20
2.6964544881889765
11
2.1725685433070865
21
2.6964596850393701
0
LINE
8
BLACK
6
CONTINUOUS
10
2.1725685433070865
20
2.6964596850393701
11
2.1722638976377953
21
2.6964296456692911
0
LINE
8
BLACK
6
CONTINUOUS
10
2.1722638976377953
20
2.6964296456692911
11
2.1673366535433072
21
2.6964296456692911
0
LINE
8
BLACK
6
CONTINUOUS
10
2.1673366535433072
20
2.6964296456692911
11
2.1646391732283465
21
2.6950809055118108
0
LINE
8
BLACK
6
CONTINUOUS
10
2.1646391732283465
20
2.6950809055118108
11
2.1634420472440943
21
2.693883779527559
0
LINE
8
BLACK
6
CONTINUOUS
10
2.1634420472440943
20
2.693883779527559
11
2.162093307086614
21
2.6911862992125983
0
LINE
8
BLACK
6
CONTINUOUS
10
2.162093307086614
20
2.6911862992125983
11
2.162093307086614
21
2.6832065748031497
0
LINE
8
BLACK
6
CONTINUOUS
10
2.162093307086614
20
2.6832065748031497
11
2.1634420472440943
21
2.6805090944881891
0
LINE
8
BLACK
6
CONTINUOUS
10
2.1634420472440943
20
2.6805090944881891
11
2.1646391732283465
21
2.6793119291338581
0
LINE
8
BLACK
6
CONTINUOUS
10
2.1646391732283465
20
2.6793119291338581
11
2.1673366535433072
21
2.6779631889763778
0
LINE
8
BLACK
6
CONTINUOUS
10
2.1673366535433072
20
2.6779631889763778
11
2.1771911417322833
21
2.6779631889763778
0
LINE
8
BLACK
6
CONTINUOUS
10
2.1771911417322833
20
2.6779631889763778
11
2.1798885826771652
21
2.6793119291338581
0
LINE
8
BLACK
6
CONTINUOUS
10
2.1798885826771652
20
2.6793119291338581
11
2.1814245275590549
21
2.6808478740157478
0
LINE
8
BLACK
6
CONTINUOUS
10
2.1814245275590549
20
2.6808478740157478
11
2.1818720078740159
21
2.6812151181102362
0
LINE
8
BLACK
6
CONTINUOUS
10
2.1818720078740159
20
2.6812151181102362
11
2.1829364173228347
21
2.6816560236220472
0
LINE
8
BLACK
6
CONTINUOUS
10
2.1829364173228347
20
2.6816560236220472
11
2.1840885039370077
21
2.6816560236220472
0
LINE
8
BLACK
6
CONTINUOUS
10
2.1840885039370077
20
2.6816560236220472
11
2.1851529133858265
21
2.6812151574803149
0
LINE
8
BLACK
6
CONTINUOUS
10
2.1851529133858265
20
2.6812151574803149
11
2.1859675984251967
21
2.6804004724409447
0
LINE
8
BLACK
6
CONTINUOUS
10
2.1859675984251967
20
2.6804004724409447
11
2.1864085039370078
21
2.6793360629921259
0
LINE
8
BLACK
6
CONTINUOUS
10
2.1864085039370078
20
2.6793360629921259
11
2.1864085039370078
21
2.6781839763779529
0
LINE
8
BLACK
6
CONTINUOUS
10
2.1864085039370078
20
2.6781839763779529
11
2.1859676377952755
21
2.6771195669291337
0
LINE
8
BLACK
6
CONTINUOUS
10
2.1859676377952755
20
2.6771195669291337
11
2.1856003937007875
21
2.6766720866141731
0
LINE
8
BLACK
6
CONTINUOUS
10
2.1856003937007875
20
2.6766720866141731
11
2.1837256692913387
21
2.6747973228346456
0
LINE
8
BLACK
6
CONTINUOUS
10
2.1837256692913387
20
2.6747973228346456
11
2.1834992913385824
21
2.6746115748031496
0
LINE
8
BLACK
6
CONTINUOUS
10
2.1834992913385824
20
2.6746115748031496
11
2.1834481102362204
21
2.6745525196850393
0
LINE
8
BLACK
6
CONTINUOUS
10
2.1834481102362204
20
2.6745525196850393
11
2.1833591338582679
21
2.6744965354330708
0
LINE
8
BLACK
6
CONTINUOUS
10
2.1833591338582679
20
2.6744965354330708
11
2.1832781889763777
21
2.6744300787401576
0
LINE
8
BLACK
6
CONTINUOUS
10
2.1832781889763777
20
2.6744300787401576
11
2.183206220472441
21
2.6744002755905512
0
LINE
8
BLACK
6
CONTINUOUS
10
2.183206220472441
20
2.6744002755905512
11
2.1829582283464566
21
2.6742441732283462
0
LINE
8
BLACK
6
CONTINUOUS
10
2.1829582283464566
20
2.6742441732283462
11
2.1792087007874015
21
2.6723694094488186
0
LINE
8
BLACK
6
CONTINUOUS
10
2.1792087007874015
20
2.6723694094488186
11
2.1786680708661419
21
2.6721625196850392
0
LINE
8
BLACK
6
CONTINUOUS
10
2.1786680708661419
20
2.6721625196850392
11
2.1785622440944881
21
2.6721550393700788
0
LINE
8
BLACK
6
CONTINUOUS
10
2.1785622440944881
20
2.6721550393700788
11
2.1784642519685038
21
2.672114409448819
0
LINE
8
BLACK
6
CONTINUOUS
10
2.1784642519685038
20
2.672114409448819
11
2.1778881889763779
21
2.6720576771653541
0
LINE
8
BLACK
6
CONTINUOUS
10
2.1778881889763779
20
2.6720576771653541
11
2.1666396062992126
21
2.6720576771653541
0
LINE
8
BLACK
6
CONTINUOUS
10
2.1666396062992126
20
2.6720576771653541
11
2.1660635433070867
21
2.672114409448819
0
LINE
8
BLACK
6
CONTINUOUS
10
2.1660635433070867
20
2.672114409448819
11
2.1659655511811025
21
2.6721550000000001
0
LINE
8
BLACK
6
CONTINUOUS
10
2.1659655511811025
20
2.6721550000000001
11
2.1658596850393699
21
2.6721625196850392
0
LINE
8
BLACK
6
CONTINUOUS
10
2.1658596850393699
20
2.6721625196850392
11
2.165319094488189
21
2.6723694094488186
0
LINE
8
BLACK
6
CONTINUOUS
10
2.165319094488189
20
2.6723694094488186
11
2.1615695669291339
21
2.6742441732283462
0
LINE
8
BLACK
6
CONTINUOUS
10
2.1615695669291339
20
2.6742441732283462
11
2.1613215354330708
21
2.6744002755905512
0
LINE
8
BLACK
6
CONTINUOUS
10
2.1613215354330708
20
2.6744002755905512
11
2.1612496062992124
21
2.6744300787401576
0
LINE
8
BLACK
6
CONTINUOUS
10
2.1612496062992124
20
2.6744300787401576
11
2.1611686220472439
21
2.6744965354330708
0
LINE
8
BLACK
6
CONTINUOUS
10
2.1611686220472439
20
2.6744965354330708
11
2.1610796850393701
21
2.6745525196850393
0
LINE
8
BLACK
6
CONTINUOUS
10
2.1610796850393701
20
2.6745525196850393
11
2.1610284645669289
21
2.6746115748031496
0
LINE
8
BLACK
6
CONTINUOUS
10
2.1610284645669289
20
2.6746115748031496
11
2.1608021259842518
21
2.6747973228346456
0
LINE
8
BLACK
6
CONTINUOUS
10
2.1608021259842518
20
2.6747973228346456
11
2.1589273622047243
21
2.6766721259842519
0
LINE
8
BLACK
6
CONTINUOUS
10
2.1589273622047243
20
2.6766721259842519
11
2.1587416141732283
21
2.6768984645669289
0
LINE
8
BLACK
6
CONTINUOUS
10
2.1587416141732283
20
2.6768984645669289
11
2.1586826377952755
21
2.6769496062992126
0
LINE
8
BLACK
6
CONTINUOUS
10
2.1586826377952755
20
2.6769496062992126
11
2.158626653543307
21
2.6770385433070865
0
LINE
8
BLACK
6
CONTINUOUS
10
2.158626653543307
20
2.6770385433070865
11
2.158560157480315
21
2.6771195669291337
0
LINE
8
BLACK
6
CONTINUOUS
10
2.158560157480315
20
2.6771195669291337
11
2.1585303149606299
21
2.6771916141732284
0
LINE
8
BLACK
6
CONTINUOUS
10
2.1585303149606299
20
2.6771916141732284
11
2.1583742913385828
21
2.6774394881889765
0
LINE
8
BLACK
6
CONTINUOUS
10
2.1583742913385828
20
2.6774394881889765
11
2.1564995275590553
21
2.6811890157480316
0
LINE
8
BLACK
6
CONTINUOUS
10
2.1564995275590553
20
2.6811890157480316
11
2.1562926377952754
21
2.6817296456692912
0
LINE
8
BLACK
6
CONTINUOUS
10
2.1562926377952754
20
2.6817296456692912
11
2.1562851181102363
21
2.681835472440945
0
LINE
8
BLACK
6
CONTINUOUS
10
2.1562851181102363
20
2.681835472440945
11
2.1562445275590552
21
2.6819334645669293
0
LINE
8
BLACK
6
CONTINUOUS
10
2.1562445275590552
20
2.6819334645669293
11
2.1561877952755903
21
2.6825095275590551
0
LINE
8
BLACK
6
CONTINUOUS
10
2.1561877952755903
20
2.6825095275590551
11
2.1561877952755903
21
2.6918833464566929
0
LINE
8
BLACK
6
CONTINUOUS
10
2.1561877952755903
20
2.6918833464566929
11
2.1562445275590552
21
2.6924594094488188
0
LINE
8
BLACK
6
CONTINUOUS
10
2.1562445275590552
20
2.6924594094488188
11
2.1562851181102363
21
2.6925574409448818
0
LINE
8
BLACK
6
CONTINUOUS
10
2.1562851181102363
20
2.6925574409448818
11
2.1562926377952754
21
2.6926632283464564
0
LINE
8
BLACK
6
CONTINUOUS
10
2.1562926377952754
20
2.6926632283464564
11
2.1564995275590553
21
2.6932038582677165
0
LINE
8
BLACK
6
CONTINUOUS
10
2.1564995275590553
20
2.6932038582677165
11
2.1583742913385828
21
2.6969533858267716
0
LINE
8
BLACK
6
CONTINUOUS
10
2.1583742913385828
20
2.6969533858267716
11
2.1585303543307086
21
2.6972014173228347
0
LINE
8
BLACK
6
CONTINUOUS
10
2.1585303543307086
20
2.6972014173228347
11
2.1585601968503938
21
2.6972733464566927
0
LINE
8
BLACK
6
CONTINUOUS
10
2.1585601968503938
20
2.6972733464566927
11
2.158626653543307
21
2.6973543307086612
0
LINE
8
BLACK
6
CONTINUOUS
10
2.158626653543307
20
2.6973543307086612
11
2.1586826377952755
21
2.6974432677165354
0
LINE
8
BLACK
6
CONTINUOUS
10
2.1586826377952755
20
2.6974432677165354
11
2.1587416141732283
21
2.6974944488188974
0
LINE
8
BLACK
6
CONTINUOUS
10
2.1587416141732283
20
2.6974944488188974
11
2.158927401574803
21
2.6977207874015749
0
LINE
8
BLACK
6
CONTINUOUS
10
2.158927401574803
20
2.6977207874015749
11
2.1608021653543306
21
2.6995955511811025
0
LINE
8
BLACK
6
CONTINUOUS
10
2.1608021653543306
20
2.6995955511811025
11
2.1610285039370076
21
2.6997813385826772
0
LINE
8
BLACK
6
CONTINUOUS
10
2.1610285039370076
20
2.6997813385826772
11
2.1610796850393701
21
2.69984031496063
0
LINE
8
BLACK
6
CONTINUOUS
10
2.1610796850393701
20
2.69984031496063
11
2.1611686220472439
21
2.6998962992125985
0
LINE
8
BLACK
6
CONTINUOUS
10
2.1611686220472439
20
2.6998962992125985
11
2.1612496062992124
21
2.6999627559055117
0
LINE
8
BLACK
6
CONTINUOUS
10
2.1612496062992124
20
2.6999627559055117
11
2.1613215354330708
21
2.6999925984251969
0
LINE
8
BLACK
6
CONTINUOUS
10
2.1613215354330708
20
2.6999925984251969
11
2.1615695669291339
21
2.7001486614173227
0
LINE
8
BLACK
6
CONTINUOUS
10
2.1615695669291339
20
2.7001486614173227
11
2.165319094488189
21
2.7020234251968502
0
LINE
8
BLACK
6
CONTINUOUS
10
2.165319094488189
20
2.7020234251968502
11
2.1658512598425195
21
2.7022271259842521
0
LINE
8
BLACK
6
CONTINUOUS
10
2.1658512598425195
20
2.7022271259842521
11
2.1569183858267715
21
2.7124361023622048
0
LINE
8
BLACK
6
CONTINUOUS
10
2.1569183858267715
20
2.7124361023622048
11
2.1567403543307084
21
2.7126851181102363
0
LINE
8
BLACK
6
CONTINUOUS
10
2.1567403543307084
20
2.7126851181102363
11
2.1566854330708662
21
2.7127400393700785
0
LINE
8
BLACK
6
CONTINUOUS
10
2.1566854330708662
20
2.7127400393700785
11
2.1566638188976377
21
2.7127921653543305
0
LINE
8
BLACK
6
CONTINUOUS
10
2.1566638188976377
20
2.7127921653543305
11
2.1565817322834646
21
2.7129070078740156
0
LINE
8
BLACK
6
CONTINUOUS
10
2.1565817322834646
20
2.7129070078740156
11
2.1564281102362206
21
2.7133612598425194
0
LINE
8
BLACK
6
CONTINUOUS
10
2.1564281102362206
20
2.7133612598425194
11
2.1562445275590552
21
2.7138044488188977
0
LINE
8
BLACK
6
CONTINUOUS
10
2.1562445275590552
20
2.7138044488188977
11
2.1562445275590552
21
2.7139040944881887
0
LINE
8
BLACK
6
CONTINUOUS
10
2.1562445275590552
20
2.7139040944881887
11
2.1562126377952757
21
2.7139983858267716
0
LINE
8
BLACK
6
CONTINUOUS
10
2.1562126377952757
20
2.7139983858267716
11
2.1562445275590552
21
2.7144768897637794
0
LINE
8
BLACK
6
CONTINUOUS
10
2.1562445275590552
20
2.7144768897637794
11
2.1562445275590552
21
2.7149565748031494
0
LINE
8
BLACK
6
CONTINUOUS
10
2.1562445275590552
20
2.7149565748031494
11
2.156282598425197
21
2.7150485826771651
0
LINE
8
BLACK
6
CONTINUOUS
10
2.156282598425197
20
2.7150485826771651
11
2.156289251968504
21
2.7151479133858265
0
LINE
8
BLACK
6
CONTINUOUS
10
2.156289251968504
20
2.7151479133858265
11
2.1565019291338583
21
2.7155780708661417
0
LINE
8
BLACK
6
CONTINUOUS
10
2.1565019291338583
20
2.7155780708661417
11
2.1566854330708662
21
2.7160209842519683
0
LINE
8
BLACK
6
CONTINUOUS
10
2.1566854330708662
20
2.7160209842519683
11
2.1567557480314958
21
2.716091338582677
0
LINE
8
BLACK
6
CONTINUOUS
10
2.1567557480314958
20
2.716091338582677
11
2.1567999606299213
21
2.7161806692913384
0
LINE
8
BLACK
6
CONTINUOUS
10
2.1567999606299213
20
2.7161806692913384
11
2.1571610629921261
21
2.7164966535433068
0
LINE
8
BLACK
6
CONTINUOUS
10
2.1571610629921261
20
2.7164966535433068
11
2.1575000787401573
21
2.7168356299212597
0
LINE
8
BLACK
6
CONTINUOUS
10
2.1575000787401573
20
2.7168356299212597
11
2.1575920472440946
21
2.716873779527559
0
LINE
8
BLACK
6
CONTINUOUS
10
2.1575920472440946
20
2.716873779527559
11
2.1576670472440944
21
2.7169393307086613
0
LINE
8
BLACK
6
CONTINUOUS
10
2.1576670472440944
20
2.7169393307086613
11
2.1581212598425195
21
2.7170929527559053
0
LINE
8
BLACK
6
CONTINUOUS
10
2.1581212598425195
20
2.7170929527559053
11
2.1585644881889765
21
2.7172765354330708
0
LINE
8
BLACK
6
CONTINUOUS
10
2.1585644881889765
20
2.7172765354330708
11
2.1587050393700786
21
2.7172903937007873
0
LINE
8
BLACK
6
CONTINUOUS
10
2.1587050393700786
20
2.7172903937007873
11
2.1587584251968504
21
2.7173084251968502
0
LINE
8
BLACK
6
CONTINUOUS
10
2.1587584251968504
20
2.7173084251968502
11
2.1588358661417324
21
2.7173032677165354
0
LINE
8
BLACK
6
CONTINUOUS
10
2.1588358661417324
20
2.7173032677165354
11
2.1591405511811024
21
2.7173332677165352
0
LINE
8
BLACK
6
CONTINUOUS
10
2.1591405511811024
20
2.7173332677165352
11
2.1835124803149606
21
2.7173332677165352
0
LINE
8
BLACK
6
CONTINUOUS
10
2.1835124803149606
20
2.7173332677165352
11
2.1840885433070865
21
2.7172765354330708
0
LINE
8
BLACK
6
CONTINUOUS
10
2.2001511023622045
20
2.7168356299212597
11
2.2009657480314959
21
2.7160209842519683
0
LINE
8
BLACK
6
CONTINUOUS
10
2.2009657480314959
20
2.7160209842519683
11
2.201406653543307
21
2.7149565748031494
0
LINE
8
BLACK
6
CONTINUOUS
10
2.201406653543307
20
2.7149565748031494
11
2.2014633858267718
21
2.7143805118110236
0
LINE
8
BLACK
6
CONTINUOUS
10
2.2014633858267718
20
2.7143805118110236
11
2.2014633858267718
21
2.6832065748031497
0
LINE
8
BLACK
6
CONTINUOUS
10
2.2014633858267718
20
2.6832065748031497
11
2.2028121259842521
21
2.6805090944881891
0
LINE
8
BLACK
6
CONTINUOUS
10
2.2028121259842521
20
2.6805090944881891
11
2.2040092519685039
21
2.6793119291338581
0
LINE
8
BLACK
6
CONTINUOUS
10
2.2040092519685039
20
2.6793119291338581
11
2.2067067322834646
21
2.6779631889763778
0
LINE
8
BLACK
6
CONTINUOUS
10
2.2067067322834646
20
2.6779631889763778
11
2.2128116929133856
21
2.6779631889763778
0
LINE
8
BLACK
6
CONTINUOUS
10
2.2128116929133856
20
2.6779631889763778
11
2.2155091338582675
21
2.6793119291338581
0
LINE
8
BLACK
6
CONTINUOUS
10
2.2155091338582675
20
2.6793119291338581
11
2.2167062598425198
21
2.6805090944881891
0
LINE
8
BLACK
6
CONTINUOUS
10
2.2167062598425198
20
2.6805090944881891
11
2.2180550393700789
21
2.6832065748031497
0
LINE
8
BLACK
6
CONTINUOUS
10
2.2180550393700789
20
2.6832065748031497
11
2.2180550393700789
21
2.7143805118110236
0
LINE
8
BLACK
6
CONTINUOUS
10
2.2180550393700789
20
2.7143805118110236
11
2.2181117716535432
21
2.7149565748031494
0
LINE
8
BLACK
6
CONTINUOUS
10
2.2181117716535432
20
2.7149565748031494
11
2.2185526771653543
21
2.7160209842519683
0
LINE
8
BLACK
6
CONTINUOUS
10
2.2185526771653543
20
2.7160209842519683
11
2.2193673228346458
21
2.7168356299212597
0
LINE
8
BLACK
6
CONTINUOUS
10
2.2193673228346458
20
2.7168356299212597
11
2.2204317322834646
21
2.7172765354330708
0
LINE
8
BLACK
6
CONTINUOUS
10
2.2204317322834646
20
2.7172765354330708
11
2.2215838582677163
21
2.7172765354330708
0
LINE
8
BLACK
6
CONTINUOUS
10
2.2215838582677163
20
2.7172765354330708
11
2.2226482677165356
21
2.7168356299212597
0
LINE
8
BLACK
6
CONTINUOUS
10
2.2226482677165356
20
2.7168356299212597
11
2.2234629133858266
21
2.7160209842519683
0
LINE
8
BLACK
6
CONTINUOUS
10
2.2234629133858266
20
2.7160209842519683
11
2.2239038188976377
21
2.7149565748031494
0
LINE
8
BLACK
6
CONTINUOUS
10
2.2239038188976377
20
2.7149565748031494
11
2.2239605511811025
21
2.7143805118110236
0
LINE
8
BLACK
6
CONTINUOUS
10
2.2239605511811025
20
2.7143805118110236
11
2.2239605511811025
21
2.6825095275590551
0
LINE
8
BLACK
6
CONTINUOUS
10
2.2239605511811025
20
2.6825095275590551
11
2.2239038188976377
21
2.6819334645669293
0
LINE
8
BLACK
6
CONTINUOUS
10
2.2239038188976377
20
2.6819334645669293
11
2.2238632283464566
21
2.6818355118110238
0
LINE
8
BLACK
6
CONTINUOUS
10
2.2238632283464566
20
2.6818355118110238
11
2.2238557086614175
21
2.6817296062992124
0
LINE
8
BLACK
6
CONTINUOUS
10
2.2238557086614175
20
2.6817296062992124
11
2.2236488188976375
21
2.6811890157480316
0
LINE
8
BLACK
6
CONTINUOUS
10
2.2236488188976375
20
2.6811890157480316
11
2.22177405511811
21
2.6774394881889765
0
LINE
8
BLACK
6
CONTINUOUS
10
2.22177405511811
20
2.6774394881889765
11
2.2216179921259842
21
2.6771916141732284
0
LINE
8
BLACK
6
CONTINUOUS
10
2.2216179921259842
20
2.6771916141732284
11
2.2215881889763778
21
2.6771195669291337
0
LINE
8
BLACK
6
CONTINUOUS
10
2.2215881889763778
20
2.6771195669291337
11
2.2215216535433071
21
2.6770385433070865
0
LINE
8
BLACK
6
CONTINUOUS
10
2.2215216535433071
20
2.6770385433070865
11
2.2214657086614173
21
2.6769496062992126
0
LINE
8
BLACK
6
CONTINUOUS
10
2.2214657086614173
20
2.6769496062992126
11
2.2214066929133858
21
2.6768984645669289
0
LINE
8
BLACK
6
CONTINUOUS
10
2.2214066929133858
20
2.6768984645669289
11
2.2212209448818898
21
2.6766720866141731
0
LINE
8
BLACK
6
CONTINUOUS
10
2.2212209448818898
20
2.6766720866141731
11
2.219346220472441
21
2.6747973228346456
0
LINE
8
BLACK
6
CONTINUOUS
10
2.219346220472441
20
2.6747973228346456
11
2.2191198425196852
21
2.6746115748031496
0
LINE
8
BLACK
6
CONTINUOUS
10
2.2191198425196852
20
2.6746115748031496
11
2.2190686614173227
21
2.6745525196850393
0
LINE
8
BLACK
6
CONTINUOUS
10
2.2190686614173227
20
2.6745525196850393
11
2.2189796850393702
21
2.6744965354330708
0
LINE
8
BLACK
6
CONTINUOUS
10
2.2189796850393702
20
2.6744965354330708
11
2.2188987401574805
21
2.6744300787401576
0
LINE
8
BLACK
6
CONTINUOUS
10
2.2188987401574805
20
2.6744300787401576
11
2.2188267716535433
21
2.6744002755905512
0
LINE
8
BLACK
6
CONTINUOUS
10
2.2188267716535433
20
2.6744002755905512
11
2.2185787795275589
21
2.6742441732283462
0
LINE
8
BLACK
6
CONTINUOUS
10
2.2185787795275589
20
2.6742441732283462
11
2.2148292519685038
21
2.6723694094488186
0
LINE
8
BLACK
6
CONTINUOUS
10
2.2148292519685038
20
2.6723694094488186
11
2.2142886220472442
21
2.6721625196850392
0
LINE
8
BLACK
6
CONTINUOUS
10
2.2142886220472442
20
2.6721625196850392
11
2.2141827952755904
21
2.6721550393700788
0
LINE
8
BLACK
6
CONTINUOUS
10
2.2141827952755904
20
2.6721550393700788
11
2.2140848031496061
21
2.672114409448819
0
LINE
8
BLACK
6
CONTINUOUS
10
2.2140848031496061
20
2.672114409448819
11
2.2135087401574802
21
2.6720576771653541
0
LINE
8
BLACK
6
CONTINUOUS
10
2.2135087401574802
20
2.6720576771653541
11
2.20600968503937
21
2.6720576771653541
0
LINE
8
BLACK
6
CONTINUOUS
10
2.20600968503937
20
2.6720576771653541
11
2.2054336220472441
21
2.672114409448819
0
LINE
8
BLACK
6
CONTINUOUS
10
2.2054336220472441
20
2.672114409448819
11
2.2053356299212599
21
2.6721550000000001
0
LINE
8
BLACK
6
CONTINUOUS
10
2.2053356299212599
20
2.6721550000000001
11
2.2052297637795277
21
2.6721625196850392
0
LINE
8
BLACK
6
CONTINUOUS
10
2.2052297637795277
20
2.6721625196850392
11
2.2046891732283465
21
2.6723694094488186
0
LINE
8
BLACK
6
CONTINUOUS
10
2.2046891732283465
20
2.6723694094488186
11
2.2009396456692913
21
2.6742441732283462
0
LINE
8
BLACK
6
CONTINUOUS
10
2.2009396456692913
20
2.6742441732283462
11
2.2006916141732282
21
2.6744002755905512
0
LINE
8
BLACK
6
CONTINUOUS
10
2.2006916141732282
20
2.6744002755905512
11
2.2006196850393702
21
2.6744300787401576
0
LINE
8
BLACK
6
CONTINUOUS
10
2.2006196850393702
20
2.6744300787401576
11
2.2005387007874013
21
2.6744965354330708
0
LINE
8
BLACK
6
CONTINUOUS
10
2.2005387007874013
20
2.6744965354330708
11
2.2004497637795275
21
2.6745525196850393
0
LINE
8
BLACK
6
CONTINUOUS
10
2.2004497637795275
20
2.6745525196850393
11
2.2003985433070867
21
2.6746115748031496
0
LINE
8
BLACK
6
CONTINUOUS
10
2.2003985433070867
20
2.6746115748031496
11
2.2001722047244092
21
2.6747973228346456
0
LINE
8
BLACK
6
CONTINUOUS
10
2.2001722047244092
20
2.6747973228346456
11
2.1982974409448817
21
2.6766721259842519
0
LINE
8
BLACK
6
CONTINUOUS
10
2.1982974409448817
20
2.6766721259842519
11
2.1981116929133857
21
2.6768984645669289
0
LINE
8
BLACK
6
CONTINUOUS
10
2.1981116929133857
20
2.6768984645669289
11
2.1980527165354329
21
2.6769496062992126
0
LINE
8
BLACK
6
CONTINUOUS
10
2.1980527165354329
20
2.6769496062992126
11
2.1979967322834644
21
2.6770385433070865
0
LINE
8
BLACK
6
CONTINUOUS
10
2.1979967322834644
20
2.6770385433070865
11
2.1979302362204725
21
2.6771195669291337
0
LINE
8
BLACK
6
CONTINUOUS
10
2.1979302362204725
20
2.6771195669291337
11
2.1979003937007873
21
2.6771916141732284
0
LINE
8
BLACK
6
CONTINUOUS
10
2.1979003937007873
20
2.6771916141732284
11
2.1977443700787402
21
2.6774394881889765
0
LINE
8
BLACK
6
CONTINUOUS
10
2.1977443700787402
20
2.6774394881889765
11
2.1958696062992127
21
2.6811890157480316
0
LINE
8
BLACK
6
CONTINUOUS
10
2.1958696062992127
20
2.6811890157480316
11
2.1956627165354332
21
2.6817296456692912
0
LINE
8
BLACK
6
CONTINUOUS
10
2.1956627165354332
20
2.6817296456692912
11
2.1956551968503937
21
2.681835472440945
0
LINE
8
BLACK
6
CONTINUOUS
10
2.1956551968503937
20
2.681835472440945
11
2.1956146062992126
21
2.6819334645669293
0
LINE
8
BLACK
6
CONTINUOUS
10
2.1956146062992126
20
2.6819334645669293
11
2.1955578740157482
21
2.6825095275590551
0
LINE
8
BLACK
6
CONTINUOUS
10
2.1955578740157482
20
2.6825095275590551
11
2.1955578740157482
21
2.7143805118110236
0
LINE
8
BLACK
6
CONTINUOUS
10
2.1955578740157482
20
2.7143805118110236
11
2.1956146062992126
21
2.7149565748031494
0
LINE
8
BLACK
6
CONTINUOUS
10
2.1956146062992126
20
2.7149565748031494
11
2.1960555118110237
21
2.7160209842519683
0
LINE
8
BLACK
6
CONTINUOUS
10
2.1960555118110237
20
2.7160209842519683
11
2.1968701574803151
21
2.7168356299212597
0
LINE
8
BLACK
6
CONTINUOUS
10
2.1968701574803151
20
2.7168356299212597
11
2.1979345669291339
21
2.7172765354330708
0
LINE
8
BLACK
6
CONTINUOUS
10
2.1979345669291339
20
2.7172765354330708
11
2.1990866929133857
21
2.7172765354330708
0
LINE
8
BLACK
6
CONTINUOUS
10
2.1990866929133857
20
2.7172765354330708
11
2.2001511023622045
21
2.7168356299212597
0
LINE
8
BLACK
6
CONTINUOUS
10
2.9289898425196852
20
2.7044114566929132
11
2.9300203543307086
21
2.7038961811023623
0
LINE
8
BLACK
6
CONTINUOUS
10
2.9300203543307086
20
2.7038961811023623
11
2.9307751968503934
21
2.7030258267716536
0
LINE
8
BLACK
6
CONTINUOUS
10
2.9307751968503934
20
2.7030258267716536
11
2.931139527559055
21
2.7019328346456692
0
LINE
8
BLACK
6
CONTINUOUS
10
2.931139527559055
20
2.7019328346456692
11
2.9310578740157478
21
2.7007836220472439
0
LINE
8
BLACK
6
CONTINUOUS
10
2.9310578740157478
20
2.7007836220472439
11
2.9308509842519683
21
2.700243031496063
0
LINE
8
BLACK
6
CONTINUOUS
10
2.9308509842519683
20
2.700243031496063
11
2.9289762204724408
21
2.6964935039370079
0
LINE
8
BLACK
6
CONTINUOUS
10
2.9289762204724408
20
2.6964935039370079
11
2.9288201968503937
21
2.6962457086614173
0
LINE
8
BLACK
6
CONTINUOUS
10
2.9288201968503937
20
2.6962457086614173
11
2.9287903543307086
21
2.6961735433070864
0
LINE
8
BLACK
6
CONTINUOUS
10
2.9287903543307086
20
2.6961735433070864
11
2.9287237401574804
21
2.6960924015748029
0
LINE
8
BLACK
6
CONTINUOUS
10
2.9287237401574804
20
2.6960924015748029
11
2.9286678740157481
21
2.6960036220472441
0
LINE
8
BLACK
6
CONTINUOUS
10
2.9286678740157481
20
2.6960036220472441
11
2.9286089370078741
21
2.6959525196850391
0
LINE
8
BLACK
6
CONTINUOUS
10
2.9286089370078741
20
2.6959525196850391
11
2.9284231102362206
21
2.6957261023622046
0
LINE
8
BLACK
6
CONTINUOUS
10
2.9284231102362206
20
2.6957261023622046
11
2.9259647244094489
21
2.6932677165354328
0
LINE
8
BLACK
6
CONTINUOUS
10
2.9259647244094489
20
2.6932677165354328
11
2.9533787007874017
21
2.6932677165354328
0
LINE
8
BLACK
6
CONTINUOUS
10
2.9533787007874017
20
2.6932677165354328
11
2.9533787007874017
21
2.7015635433070866
0
LINE
8
BLACK
6
CONTINUOUS
10
2.9533787007874017
20
2.7015635433070866
11
2.9534354330708661
21
2.7021396062992125
0
LINE
8
BLACK
6
CONTINUOUS
10
2.9534354330708661
20
2.7021396062992125
11
2.9538763385826772
21
2.7032040157480313
0
LINE
8
BLACK
6
CONTINUOUS
10
2.9538763385826772
20
2.7032040157480313
11
2.9546909842519686
21
2.7040186614173227
0
LINE
8
BLACK
6
CONTINUOUS
10
2.9546909842519686
20
2.7040186614173227
11
2.9557553937007874
21
2.7044595669291338
0
LINE
8
BLACK
6
CONTINUOUS
10
2.9557553937007874
20
2.7044595669291338
11
2.9569075196850392
21
2.7044595669291338
0
LINE
8
BLACK
6
CONTINUOUS
10
2.9569075196850392
20
2.7044595669291338
11
2.957971929133858
21
2.7040186614173227
0
LINE
8
BLACK
6
CONTINUOUS
10
2.957971929133858
20
2.7040186614173227
11
2.9587865748031494
21
2.7032040157480313
0
LINE
8
BLACK
6
CONTINUOUS
10
2.9587865748031494
20
2.7032040157480313
11
2.9592274803149605
21
2.7021396062992125
0
LINE
8
BLACK
6
CONTINUOUS
10
2.9592274803149605
20
2.7021396062992125
11
2.9592842125984253
21
2.7015635433070866
0
LINE
8
BLACK
6
CONTINUOUS
10
2.9592842125984253
20
2.7015635433070866
11
2.9592842125984253
21
2.6790663779527559
0
LINE
8
BLACK
6
CONTINUOUS
10
2.9592842125984253
20
2.6790663779527559
11
2.9592274803149605
21
2.6784903149606301
0
LINE
8
BLACK
6
CONTINUOUS
10
2.9592274803149605
20
2.6784903149606301
11
2.9587865748031494
21
2.6774259055118108
0
LINE
8
BLACK
6
CONTINUOUS
10
2.9587865748031494
20
2.6774259055118108
11
2.957971929133858
21
2.6766112598425198
0
LINE
8
BLACK
6
CONTINUOUS
10
2.957971929133858
20
2.6766112598425198
11
2.9569075196850392
21
2.6761703543307087
0
LINE
8
BLACK
6
CONTINUOUS
10
2.9569075196850392
20
2.6761703543307087
11
2.9557553937007874
21
2.6761703543307087
0
LINE
8
BLACK
6
CONTINUOUS
10
2.9557553937007874
20
2.6761703543307087
11
2.9546909842519686
21
2.6766112598425198
0
LINE
8
BLACK
6
CONTINUOUS
10
2.9546909842519686
20
2.6766112598425198
11
2.9538763385826772
21
2.6774259055118108
0
LINE
8
BLACK
6
CONTINUOUS
10
2.9538763385826772
20
2.6774259055118108
11
2.9534354330708661
21
2.6784903149606301
0
LINE
8
BLACK
6
CONTINUOUS
10
2.9534354330708661
20
2.6784903149606301
11
2.9533787007874017
21
2.6790663779527559
0
LINE
8
BLACK
6
CONTINUOUS
10
2.9533787007874017
20
2.6790663779527559
11
2.9533787007874017
21
2.6873622047244092
0
LINE
8
BLACK
6
CONTINUOUS
10
2.9533787007874017
20
2.6873622047244092
11
2.9169613779527559
21
2.6873622047244092
0
LINE
8
BLACK
6
CONTINUOUS
10
2.9169613779527559
20
2.6873622047244092
11
2.9169592913385824
21
2.6873624409448817
0
LINE
8
BLACK
6
CONTINUOUS
10
2.9169592913385824
20
2.6873624409448817
11
2.9169582677165353
21
2.6873622047244092
0
LINE
8
BLACK
6
CONTINUOUS
10
2.9169582677165353
20
2.6873622047244092
11
2.9169552362204723
21
2.6873628346456693
0
LINE
8
BLACK
6
CONTINUOUS
10
2.9169552362204723
20
2.6873628346456693
11
2.91638531496063
21
2.687418937007874
0
LINE
8
BLACK
6
CONTINUOUS
10
2.91638531496063
20
2.687418937007874
11
2.9161151968503938
21
2.6875308267716536
0
LINE
8
BLACK
6
CONTINUOUS
10
2.9161151968503938
20
2.6875308267716536
11
2.9158285826771655
21
2.6875881496062992
0
LINE
8
BLACK
6
CONTINUOUS
10
2.9158285826771655
20
2.6875881496062992
11
2.9155881889763777
21
2.6877491338582677
0
LINE
8
BLACK
6
CONTINUOUS
10
2.9155881889763777
20
2.6877491338582677
11
2.9153209055118108
21
2.6878598425196851
0
LINE
8
BLACK
6
CONTINUOUS
10
2.9153209055118108
20
2.6878598425196851
11
2.9151141732283463
21
2.6880665748031496
0
LINE
8
BLACK
6
CONTINUOUS
10
2.9151141732283463
20
2.6880665748031496
11
2.9148712992125985
21
2.6882292125984253
0
LINE
8
BLACK
6
CONTINUOUS
10
2.9148712992125985
20
2.6882292125984253
11
2.9147107874015745
21
2.6884699606299214
0
LINE
8
BLACK
6
CONTINUOUS
10
2.9147107874015745
20
2.6884699606299214
11
2.9145062598425198
21
2.6886744881889761
0
LINE
8
BLACK
6
CONTINUOUS
10
2.9145062598425198
20
2.6886744881889761
11
2.9143943700787402
21
2.6889446062992124
0
LINE
8
BLACK
6
CONTINUOUS
10
2.9143943700787402
20
2.6889446062992124
11
2.9142322047244096
21
2.689187834645669
0
LINE
8
BLACK
6
CONTINUOUS
10
2.9142322047244096
20
2.689187834645669
11
2.9141760629921261
21
2.6894716535433072
0
LINE
8
BLACK
6
CONTINUOUS
10
2.9141760629921261
20
2.6894716535433072
11
2.9140653543307087
21
2.6897388976377954
0
LINE
8
BLACK
6
CONTINUOUS
10
2.9140653543307087
20
2.6897388976377954
11
2.9140653543307087
21
2.6900312992125985
0
LINE
8
BLACK
6
CONTINUOUS
10
2.9140653543307087
20
2.6900312992125985
11
2.9140086220472439
21
2.6903180708661418
0
LINE
8
BLACK
6
CONTINUOUS
10
2.9140086220472439
20
2.6903180708661418
11
2.9140653543307087
21
2.6906017322834646
0
LINE
8
BLACK
6
CONTINUOUS
10
2.9140653543307087
20
2.6906017322834646
11
2.9140653543307087
21
2.6908910236220471
0
LINE
8
BLACK
6
CONTINUOUS
10
2.9140653543307087
20
2.6908910236220471
11
2.9141772047244094
21
2.6911611417322834
0
LINE
8
BLACK
6
CONTINUOUS
10
2.9141772047244094
20
2.6911611417322834
11
2.9142345669291339
21
2.6914477559055117
0
LINE
8
BLACK
6
CONTINUOUS
10
2.9142345669291339
20
2.6914477559055117
11
2.9143955118110236
21
2.691688149606299
0
LINE
8
BLACK
6
CONTINUOUS
10
2.9143955118110236
20
2.691688149606299
11
2.9145062598425198
21
2.6919554330708659
0
LINE
8
BLACK
6
CONTINUOUS
10
2.9145062598425198
20
2.6919554330708659
11
2.9147129527559055
21
2.6921621653543308
0
LINE
8
BLACK
6
CONTINUOUS
10
2.9147129527559055
20
2.6921621653543308
11
2.9148756299212599
21
2.6924050393700787
0
LINE
8
BLACK
6
CONTINUOUS
10
2.9148756299212599
20
2.6924050393700787
11
2.9153188582677165
21
2.6927680708661414
0
LINE
8
BLACK
6
CONTINUOUS
10
2.9153188582677165
20
2.6927680708661414
11
2.9153209055118108
21
2.6927700787401574
0
LINE
8
BLACK
6
CONTINUOUS
10
2.9153209055118108
20
2.6927700787401574
11
2.9153217716535433
21
2.6927704724409449
0
LINE
8
BLACK
6
CONTINUOUS
10
2.9153217716535433
20
2.6927704724409449
11
2.9153234645669293
21
2.6927718110236221
0
LINE
8
BLACK
6
CONTINUOUS
10
2.9153234645669293
20
2.6927718110236221
11
2.9207044881889761
21
2.6963591732283465
0
LINE
8
BLACK
6
CONTINUOUS
10
2.9207044881889761
20
2.6963591732283465
11
2.9239084645669289
21
2.6995631102362205
0
LINE
8
BLACK
6
CONTINUOUS
10
2.9239084645669289
20
2.6995631102362205
11
2.9255689370078741
21
2.7028840551181101
0
LINE
8
BLACK
6
CONTINUOUS
10
2.9255689370078741
20
2.7028840551181101
11
2.9258772834645668
21
2.703373937007874
0
LINE
8
BLACK
6
CONTINUOUS
10
2.9258772834645668
20
2.703373937007874
11
2.9267476771653542
21
2.7041287795275588
0
LINE
8
BLACK
6
CONTINUOUS
10
2.9267476771653542
20
2.7041287795275588
11
2.9278406299212598
21
2.7044931102362204
0
LINE
8
BLACK
6
CONTINUOUS
10
2.9278406299212598
20
2.7044931102362204
11
2.9289898425196852
21
2.7044114566929132
0
LINE
8
BLACK
6
CONTINUOUS
10
2.0705760629921262
20
2.6820627165354329
11
2.071640472440945
21
2.6816218110236218
0
LINE
8
BLACK
6
CONTINUOUS
10
2.071640472440945
20
2.6816218110236218
11
2.072455118110236
21
2.6808071653543308
0
LINE
8
BLACK
6
CONTINUOUS
10
2.072455118110236
20
2.6808071653543308
11
2.0728960236220471
21
2.6797427559055116
0
LINE
8
BLACK
6
CONTINUOUS
10
2.0728960236220471
20
2.6797427559055116
11
2.0728960236220471
21
2.6785906299212598
0
LINE
8
BLACK
6
CONTINUOUS
10
2.0728960236220471
20
2.6785906299212598
11
2.072455118110236
21
2.677526220472441
0
LINE
8
BLACK
6
CONTINUOUS
10
2.072455118110236
20
2.677526220472441
11
2.071640472440945
21
2.6767115748031496
0
LINE
8
BLACK
6
CONTINUOUS
10
2.071640472440945
20
2.6767115748031496
11
2.0705760629921262
21
2.6762706692913385
0
LINE
8
BLACK
6
CONTINUOUS
10
2.0705760629921262
20
2.6762706692913385
11
2.0699999999999998
21
2.6762139370078741
0
LINE
8
BLACK
6
CONTINUOUS
10
2.0699999999999998
20
2.6762139370078741
11
2.0099999999999998
21
2.6762139370078741
0
LINE
8
BLACK
6
CONTINUOUS
10
2.0099999999999998
20
2.6762139370078741
11
2.0094239370078739
21
2.6762706692913385
0
LINE
8
BLACK
6
CONTINUOUS
10
2.0094239370078739
20
2.6762706692913385
11
2.0083595275590551
21
2.6767115748031496
0
LINE
8
BLACK
6
CONTINUOUS
10
2.0083595275590551
20
2.6767115748031496
11
2.0075448818897637
21
2.677526220472441
0
LINE
8
BLACK
6
CONTINUOUS
10
2.0075448818897637
20
2.677526220472441
11
2.0071039763779526
21
2.6785906299212598
0
LINE
8
BLACK
6
CONTINUOUS
10
2.0071039763779526
20
2.6785906299212598
11
2.0071039763779526
21
2.6797427559055116
0
LINE
8
BLACK
6
CONTINUOUS
10
2.0071039763779526
20
2.6797427559055116
11
2.0075448818897637
21
2.6808071653543308
0
LINE
8
BLACK
6
CONTINUOUS
10
2.0075448818897637
20
2.6808071653543308
11
2.0083595275590551
21
2.6816218110236218
0
LINE
8
BLACK
6
CONTINUOUS
10
2.0083595275590551
20
2.6816218110236218
11
2.0094239370078739
21
2.6820627165354329
0
LINE
8
BLACK
6
CONTINUOUS
10
2.0094239370078739
20
2.6820627165354329
11
2.0099999999999998
21
2.6821194488188977
0
LINE
8
BLACK
6
CONTINUOUS
10
2.0099999999999998
20
2.6821194488188977
11
2.0699999999999998
21
2.6821194488188977
0
LINE
8
BLACK
6
CONTINUOUS
10
2.0699999999999998
20
2.6821194488188977
11
2.0705760629921262
21
2.6820627165354329
0
LINE
8
BLACK
6
CONTINUOUS
10
2.6016404724409448
20
2.7424551181102363
11
2.6024551181102362
21
2.7416404724409449
0
LINE
8
BLACK
6
CONTINUOUS
10
2.6024551181102362
20
2.7416404724409449
11
2.6028960236220473
21
2.7405760629921261
0
LINE
8
BLACK
6
CONTINUOUS
10
2.6028960236220473
20
2.7405760629921261
11
2.6029527559055117
21
2.7399999999999998
0
LINE
8
BLACK
6
CONTINUOUS
10
2.6029527559055117
20
2.7399999999999998
11
2.6029527559055117
21
2.6800000000000002
0
LINE
8
BLACK
6
CONTINUOUS
10
2.6029527559055117
20
2.6800000000000002
11
2.6028960236220473
21
2.6794239370078738
0
LINE
8
BLACK
6
CONTINUOUS
10
2.6028960236220473
20
2.6794239370078738
11
2.6024551181102362
21
2.678359527559055
0
LINE
8
BLACK
6
CONTINUOUS
10
2.6024551181102362
20
2.678359527559055
11
2.6016404724409448
21
2.6775448818897636
0
LINE
8
BLACK
6
CONTINUOUS
10
2.6016404724409448
20
2.6775448818897636
11
2.600576062992126
21
2.6771039763779525
0
LINE
8
BLACK
6
CONTINUOUS
10
2.600576062992126
20
2.6771039763779525
11
2.5994239370078738
21
2.6771039763779525
0
LINE
8
BLACK
6
CONTINUOUS
10
2.5994239370078738
20
2.6771039763779525
11
2.598359527559055
21
2.6775448818897636
0
LINE
8
BLACK
6
CONTINUOUS
10
2.598359527559055
20
2.6775448818897636
11
2.5975448818897635
21
2.678359527559055
0
LINE
8
BLACK
6
CONTINUOUS
10
2.5975448818897635
20
2.678359527559055
11
2.5971039763779529
21
2.6794239370078738
0
LINE
8
BLACK
6
CONTINUOUS
10
2.5971039763779529
20
2.6794239370078738
11
2.5970472440944881
21
2.6800000000000002
0
LINE
8
BLACK
6
CONTINUOUS
10
2.5970472440944881
20
2.6800000000000002
11
2.5970472440944881
21
2.7399999999999998
0
LINE
8
BLACK
6
CONTINUOUS
10
2.5970472440944881
20
2.7399999999999998
11
2.5971039763779529
21
2.7405760629921261
0
LINE
8
BLACK
6
CONTINUOUS
10
2.5971039763779529
20
2.7405760629921261
11
2.5975448818897635
21
2.7416404724409449
0
LINE
8
BLACK
6
CONTINUOUS
10
2.5975448818897635
20
2.7416404724409449
11
2.598359527559055
21
2.7424551181102363
0
LINE
8
BLACK
6
CONTINUOUS
10
2.598359527559055
20
2.7424551181102363
11
2.5994239370078738
21
2.742896023622047
0
LINE
8
BLACK
6
CONTINUOUS
10
2.5994239370078738
20
2.742896023622047
11
2.600576062992126
21
2.742896023622047
0
LINE
8
BLACK
6
CONTINUOUS
10
2.600576062992126
20
2.742896023622047
11
2.6016404724409448
21
2.7424551181102363
0
LINE
8
BLACK
6
CONTINUOUS
10
2.7216404724409449
20
2.7424551181102363
11
2.7224551181102363
21
2.7416404724409449
0
LINE
8
BLACK
6
CONTINUOUS
10
2.7224551181102363
20
2.7416404724409449
11
2.722896023622047
21
2.7405760629921261
0
LINE
8
BLACK
6
CONTINUOUS
10
2.722896023622047
20
2.7405760629921261
11
2.7229527559055118
21
2.7399999999999998
0
LINE
8
BLACK
6
CONTINUOUS
10
2.7229527559055118
20
2.7399999999999998
11
2.7229527559055118
21
2.6800000000000002
0
LINE
8
BLACK
6
CONTINUOUS
10
2.7229527559055118
20
2.6800000000000002
11
2.722896023622047
21
2.6794239370078738
0
LINE
8
BLACK
6
CONTINUOUS
10
2.722896023622047
20
2.6794239370078738
11
2.7224551181102363
21
2.678359527559055
0
LINE
8
BLACK
6
CONTINUOUS
10
2.7224551181102363
20
2.678359527559055
11
2.7216404724409449
21
2.6775448818897636
0
LINE
8
BLACK
6
CONTINUOUS
10
2.7216404724409449
20
2.6775448818897636
11
2.7205760629921261
21
2.6771039763779525
0
LINE
8
BLACK
6
CONTINUOUS
10
2.7205760629921261
20
2.6771039763779525
11
2.7194239370078739
21
2.6771039763779525
0
LINE
8
BLACK
6
CONTINUOUS
10
2.7194239370078739
20
2.6771039763779525
11
2.7183595275590551
21
2.6775448818897636
0
LINE
8
BLACK
6
CONTINUOUS
10
2.7183595275590551
20
2.6775448818897636
11
2.7175448818897636
21
2.678359527559055
0
LINE
8
BLACK
6
CONTINUOUS
10
2.7175448818897636
20
2.678359527559055
11
2.7171039763779525
21
2.6794239370078738
0
LINE
8
BLACK
6
CONTINUOUS
10
2.7171039763779525
20
2.6794239370078738
11
2.7170472440944882
21
2.6800000000000002
0
LINE
8
BLACK
6
CONTINUOUS
10
2.7170472440944882
20
2.6800000000000002
11
2.7170472440944882
21
2.7399999999999998
0
LINE
8
BLACK
6
CONTINUOUS
10
2.7170472440944882
20
2.7399999999999998
11
2.7171039763779525
21
2.7405760629921261
0
LINE
8
BLACK
6
CONTINUOUS
10
2.7171039763779525
20
2.7405760629921261
11
2.7175448818897636
21
2.7416404724409449
0
LINE
8
BLACK
6
CONTINUOUS
10
2.7175448818897636
20
2.7416404724409449
11
2.7183595275590551
21
2.7424551181102363
0
LINE
8
BLACK
6
CONTINUOUS
10
2.7183595275590551
20
2.7424551181102363
11
2.7194239370078739
21
2.742896023622047
0
LINE
8
BLACK
6
CONTINUOUS
10
2.7194239370078739
20
2.742896023622047
11
2.7205760629921261
21
2.742896023622047
0
LINE
8
BLACK
6
CONTINUOUS
10
2.7205760629921261
20
2.742896023622047
11
2.7216404724409449
21
2.7424551181102363
0
LINE
8
BLACK
6
CONTINUOUS
10
1.8564157874015748
20
2.7160144488188975
11
1.8576942125984253
21
2.7147360236220472
0
LINE
8
BLACK
6
CONTINUOUS
10
1.8576942125984253
20
2.7147360236220472
11
1.8578740157480313
21
2.7138320472440944
0
LINE
8
BLACK
6
CONTINUOUS
10
1.8578740157480313
20
2.7138320472440944
11
1.8578740157480313
21
2.7102887401574804
0
LINE
8
BLACK
6
CONTINUOUS
10
1.8578740157480313
20
2.7102887401574804
11
2.0421259842519683
21
2.7102887401574804
0
LINE
8
BLACK
6
CONTINUOUS
10
2.0421259842519683
20
2.7102887401574804
11
2.0421259842519683
21
2.7138320472440944
0
LINE
8
BLACK
6
CONTINUOUS
10
2.0421259842519683
20
2.7138320472440944
11
2.0423057874015749
21
2.7147360236220472
0
LINE
8
BLACK
6
CONTINUOUS
10
2.0423057874015749
20
2.7147360236220472
11
2.0435842125984252
21
2.7160144488188975
0
LINE
8
BLACK
6
CONTINUOUS
10
2.0435842125984252
20
2.7160144488188975
11
2.0453921653543308
21
2.7160144488188975
0
LINE
8
BLACK
6
CONTINUOUS
10
2.0453921653543308
20
2.7160144488188975
11
2.0466705905511811
21
2.7147360236220472
0
LINE
8
BLACK
6
CONTINUOUS
10
2.0466705905511811
20
2.7147360236220472
11
2.0468503937007871
21
2.7138320472440944
0
LINE
8
BLACK
6
CONTINUOUS
10
2.0468503937007871
20
2.7138320472440944
11
2.0468503937007871
21
2.7079265354330708
0
LINE
8
BLACK
6
CONTINUOUS
10
2.0468503937007871
20
2.7079265354330708
11
2.0466705905511811
21
2.707022559055118
0
LINE
8
BLACK
6
CONTINUOUS
10
2.0466705905511811
20
2.707022559055118
11
2.0453921653543308
21
2.7057441338582677
0
LINE
8
BLACK
6
CONTINUOUS
10
2.0453921653543308
20
2.7057441338582677
11
2.044488188976378
21
2.7055643307086612
0
LINE
8
BLACK
6
CONTINUOUS
10
2.044488188976378
20
2.7055643307086612
11
1.8555118110236219
21
2.7055643307086612
0
LINE
8
BLACK
6
CONTINUOUS
10
1.8555118110236219
20
2.7055643307086612
11
1.8546078346456691
21
2.7057441338582677
0
LINE
8
BLACK
6
CONTINUOUS
10
1.8546078346456691
20
2.7057441338582677
11
1.8533294094488189
21
2.707022559055118
0
LINE
8
BLACK
6
CONTINUOUS
10
1.8533294094488189
20
2.707022559055118
11
1.8531496062992125
21
2.7079265354330708
0
LINE
8
BLACK
6
CONTINUOUS
10
1.8531496062992125
20
2.7079265354330708
11
1.8531496062992125
21
2.7114698425196848
0
LINE
8
BLACK
6
CONTINUOUS
10
1.8531496062992125
20
2.7114698425196848
11
1.7885826771653544
21
2.7114698425196848
0
LINE
8
BLACK
6
CONTINUOUS
10
1.7885826771653544
20
2.7114698425196848
11
1.7876787007874015
21
2.7116496456692913
0
LINE
8
BLACK
6
CONTINUOUS
10
1.7876787007874015
20
2.7116496456692913
11
1.786400275590551
21
2.7129280708661416
0
LINE
8
BLACK
6
CONTINUOUS
10
1.786400275590551
20
2.7129280708661416
11
1.786400275590551
21
2.7147360236220472
0
LINE
8
BLACK
6
CONTINUOUS
10
1.786400275590551
20
2.7147360236220472
11
1.7876787007874015
21
2.7160144488188975
0
LINE
8
BLACK
6
CONTINUOUS
10
1.7876787007874015
20
2.7160144488188975
11
1.7885826771653544
21
2.7161942519685041
0
LINE
8
BLACK
6
CONTINUOUS
10
1.7885826771653544
20
2.7161942519685041
11
1.8555118110236219
21
2.7161942519685041
0
LINE
8
BLACK
6
CONTINUOUS
10
1.8555118110236219
20
2.7161942519685041
11
1.8564157874015748
21
2.7160144488188975
0
LINE
8
BLACK
6
CONTINUOUS
10
2.9569075196850392
20
2.7419548818897637
11
2.957971929133858
21
2.7415139763779526
0
LINE
8
BLACK
6
CONTINUOUS
10
2.957971929133858
20
2.7415139763779526
11
2.9587865748031494
21
2.7406993307086616
0
LINE
8
BLACK
6
CONTINUOUS
10
2.9587865748031494
20
2.7406993307086616
11
2.9592274803149605
21
2.7396349212598423
0
LINE
8
BLACK
6
CONTINUOUS
10
2.9592274803149605
20
2.7396349212598423
11
2.9592842125984253
21
2.7390588582677164
0
LINE
8
BLACK
6
CONTINUOUS
10
2.9592842125984253
20
2.7390588582677164
11
2.9592842125984253
21
2.7296850393700787
0
LINE
8
BLACK
6
CONTINUOUS
10
2.9592842125984253
20
2.7296850393700787
11
2.9592554724409448
21
2.7293934645669289
0
LINE
8
BLACK
6
CONTINUOUS
10
2.9592554724409448
20
2.7293934645669289
11
2.9592610236220471
21
2.7293157086614173
0
LINE
8
BLACK
6
CONTINUOUS
10
2.9592610236220471
20
2.7293157086614173
11
2.9592377559055119
21
2.729213464566929
0
LINE
8
BLACK
6
CONTINUOUS
10
2.9592377559055119
20
2.729213464566929
11
2.9592274803149605
21
2.7291089763779528
0
LINE
8
BLACK
6
CONTINUOUS
10
2.9592274803149605
20
2.7291089763779528
11
2.9591975984251966
21
2.7290369291338581
0
LINE
8
BLACK
6
CONTINUOUS
10
2.9591975984251966
20
2.7290369291338581
11
2.9591326771653543
21
2.7287512598425194
0
LINE
8
BLACK
6
CONTINUOUS
10
2.9591326771653543
20
2.7287512598425194
11
2.9572579133858268
21
2.7231270078740155
0
LINE
8
BLACK
6
CONTINUOUS
10
2.9572579133858268
20
2.7231270078740155
11
2.9570219291338584
21
2.7225984251968502
0
LINE
8
BLACK
6
CONTINUOUS
10
2.9570219291338584
20
2.7225984251968502
11
2.9569524409448817
21
2.7225183464566927
0
LINE
8
BLACK
6
CONTINUOUS
10
2.9569524409448817
20
2.7225183464566927
11
2.9569118503937006
21
2.7224202755905513
0
LINE
8
BLACK
6
CONTINUOUS
10
2.9569118503937006
20
2.7224202755905513
11
2.9565446062992127
21
2.7219728346456691
0
LINE
8
BLACK
6
CONTINUOUS
10
2.9565446062992127
20
2.7219728346456691
11
2.9527950393700788
21
2.718223307086614
0
LINE
8
BLACK
6
CONTINUOUS
10
2.9527950393700788
20
2.718223307086614
11
2.9525686614173225
21
2.718037559055118
0
LINE
8
BLACK
6
CONTINUOUS
10
2.9525686614173225
20
2.718037559055118
11
2.9525175196850393
21
2.7179785433070864
0
LINE
8
BLACK
6
CONTINUOUS
10
2.9525175196850393
20
2.7179785433070864
11
2.9524285826771655
21
2.7179225984251967
0
LINE
8
BLACK
6
CONTINUOUS
10
2.9524285826771655
20
2.7179225984251967
11
2.9523475590551183
21
2.717856062992126
0
LINE
8
BLACK
6
CONTINUOUS
10
2.9523475590551183
20
2.717856062992126
11
2.9522755118110235
21
2.7178262598425196
0
LINE
8
BLACK
6
CONTINUOUS
10
2.9522755118110235
20
2.7178262598425196
11
2.9520276377952754
21
2.7176701968503938
0
LINE
8
BLACK
6
CONTINUOUS
10
2.9520276377952754
20
2.7176701968503938
11
2.9482781102362203
21
2.7157954330708662
0
LINE
8
BLACK
6
CONTINUOUS
10
2.9482781102362203
20
2.7157954330708662
11
2.9482359842519683
21
2.7157793307086613
0
LINE
8
BLACK
6
CONTINUOUS
10
2.9482359842519683
20
2.7157793307086613
11
2.9482188582677167
21
2.7157666141732282
0
LINE
8
BLACK
6
CONTINUOUS
10
2.9482188582677167
20
2.7157666141732282
11
2.9479768897637793
21
2.7156801968503936
0
LINE
8
BLACK
6
CONTINUOUS
10
2.9479768897637793
20
2.7156801968503936
11
2.9477374803149607
21
2.7155885433070868
0
LINE
8
BLACK
6
CONTINUOUS
10
2.9477374803149607
20
2.7155885433070868
11
2.947716220472441
21
2.7155870472440946
0
LINE
8
BLACK
6
CONTINUOUS
10
2.947716220472441
20
2.7155870472440946
11
2.9476737401574802
21
2.7155718503937005
0
LINE
8
BLACK
6
CONTINUOUS
10
2.9476737401574802
20
2.7155718503937005
11
2.94017468503937
21
2.713697086614173
0
LINE
8
BLACK
6
CONTINUOUS
10
2.94017468503937
20
2.713697086614173
11
2.9400748031496065
21
2.7136823228346456
0
LINE
8
BLACK
6
CONTINUOUS
10
2.9400748031496065
20
2.7136823228346456
11
2.9400346062992124
21
2.7136656692913386
0
LINE
8
BLACK
6
CONTINUOUS
10
2.9400346062992124
20
2.7136656692913386
11
2.9398175590551179
21
2.7136443307086613
0
LINE
8
BLACK
6
CONTINUOUS
10
2.9398175590551179
20
2.7136443307086613
11
2.939602086614173
21
2.7136124409448819
0
LINE
8
BLACK
6
CONTINUOUS
10
2.939602086614173
20
2.7136124409448819
11
2.9395590551181101
21
2.7136188582677163
0
LINE
8
BLACK
6
CONTINUOUS
10
2.9395590551181101
20
2.7136188582677163
11
2.9394585433070866
21
2.7136089370078738
0
LINE
8
BLACK
6
CONTINUOUS
10
2.9394585433070866
20
2.7136089370078738
11
2.9338342519685039
21
2.7136089370078738
0
LINE
8
BLACK
6
CONTINUOUS
10
2.9338342519685039
20
2.7136089370078738
11
2.9337337007874016
21
2.7136188582677163
0
LINE
8
BLACK
6
CONTINUOUS
10
2.9337337007874016
20
2.7136188582677163
11
2.9336907086614175
21
2.7136124409448819
0
LINE
8
BLACK
6
CONTINUOUS
10
2.9336907086614175
20
2.7136124409448819
11
2.9334751968503938
21
2.7136443307086613
0
LINE
8
BLACK
6
CONTINUOUS
10
2.9334751968503938
20
2.7136443307086613
11
2.933258188976378
21
2.7136656692913386
0
LINE
8
BLACK
6
CONTINUOUS
10
2.933258188976378
20
2.7136656692913386
11
2.9332179527559052
21
2.7136823228346456
0
LINE
8
BLACK
6
CONTINUOUS
10
2.9332179527559052
20
2.7136823228346456
11
2.9331181102362205
21
2.713697086614173
0
LINE
8
BLACK
6
CONTINUOUS
10
2.9331181102362205
20
2.713697086614173
11
2.9256190551181103
21
2.7155718503937005
0
LINE
8
BLACK
6
CONTINUOUS
10
2.9256190551181103
20
2.7155718503937005
11
2.9255765354330707
21
2.7155870472440946
0
LINE
8
BLACK
6
CONTINUOUS
10
2.9255765354330707
20
2.7155870472440946
11
2.925555275590551
21
2.7155885433070868
0
LINE
8
BLACK
6
CONTINUOUS
10
2.925555275590551
20
2.7155885433070868
11
2.9253155118110237
21
2.7156803149606299
0
LINE
8
BLACK
6
CONTINUOUS
10
2.9253155118110237
20
2.7156803149606299
11
2.9250739370078738
21
2.7157666141732282
0
LINE
8
BLACK
6
CONTINUOUS
10
2.9250739370078738
20
2.7157666141732282
11
2.9250567716535434
21
2.7157793307086613
0
LINE
8
BLACK
6
CONTINUOUS
10
2.9250567716535434
20
2.7157793307086613
11
2.9250146850393701
21
2.7157954330708662
0
LINE
8
BLACK
6
CONTINUOUS
10
2.9250146850393701
20
2.7157954330708662
11
2.921265157480315
21
2.7176701968503938
0
LINE
8
BLACK
6
CONTINUOUS
10
2.921265157480315
20
2.7176701968503938
11
2.9210173228346457
21
2.7178262204724408
0
LINE
8
BLACK
6
CONTINUOUS
10
2.9210173228346457
20
2.7178262204724408
11
2.9209451968503934
21
2.717856062992126
0
LINE
8
BLACK
6
CONTINUOUS
10
2.9209451968503934
20
2.717856062992126
11
2.9208640157480312
21
2.7179226771653542
0
LINE
8
BLACK
6
CONTINUOUS
10
2.9208640157480312
20
2.7179226771653542
11
2.9207752755905512
21
2.7179785433070864
0
LINE
8
BLACK
6
CONTINUOUS
10
2.9207752755905512
20
2.7179785433070864
11
2.9207241338582675
21
2.7180374803149605
0
LINE
8
BLACK
6
CONTINUOUS
10
2.9207241338582675
20
2.7180374803149605
11
2.9204977559055116
21
2.718223307086614
0
LINE
8
BLACK
6
CONTINUOUS
10
2.9204977559055116
20
2.718223307086614
11
2.9167482283464565
21
2.7219728346456691
0
LINE
8
BLACK
6
CONTINUOUS
10
2.9167482283464565
20
2.7219728346456691
11
2.9163810236220473
21
2.7224202755905513
0
LINE
8
BLACK
6
CONTINUOUS
10
2.9163810236220473
20
2.7224202755905513
11
2.9163403937007875
21
2.7225183464566927
0
LINE
8
BLACK
6
CONTINUOUS
10
2.9163403937007875
20
2.7225183464566927
11
2.9162709055118108
21
2.722598464566929
0
LINE
8
BLACK
6
CONTINUOUS
10
2.9162709055118108
20
2.722598464566929
11
2.9160349212598424
21
2.7231270078740155
0
LINE
8
BLACK
6
CONTINUOUS
10
2.9160349212598424
20
2.7231270078740155
11
2.9141601574803149
21
2.7287512992125982
0
LINE
8
BLACK
6
CONTINUOUS
10
2.9141601574803149
20
2.7287512992125982
11
2.9140951968503934
21
2.7290368897637793
0
LINE
8
BLACK
6
CONTINUOUS
10
2.9140951968503934
20
2.7290368897637793
11
2.9140653543307087
21
2.7291089763779528
0
LINE
8
BLACK
6
CONTINUOUS
10
2.9140653543307087
20
2.7291089763779528
11
2.9140550393700786
21
2.7292135039370078
0
LINE
8
BLACK
6
CONTINUOUS
10
2.9140550393700786
20
2.7292135039370078
11
2.9140318110236221
21
2.729315748031496
0
LINE
8
BLACK
6
CONTINUOUS
10
2.9140318110236221
20
2.729315748031496
11
2.9140373228346457
21
2.7293935039370076
0
LINE
8
BLACK
6
CONTINUOUS
10
2.9140373228346457
20
2.7293935039370076
11
2.9140086220472439
21
2.7296850393700787
0
LINE
8
BLACK
6
CONTINUOUS
10
2.9140086220472439
20
2.7296850393700787
11
2.9140086220472439
21
2.7390588582677164
0
LINE
8
BLACK
6
CONTINUOUS
10
2.9140086220472439
20
2.7390588582677164
11
2.9140653543307087
21
2.7396349212598423
0
LINE
8
BLACK
6
CONTINUOUS
10
2.9140653543307087
20
2.7396349212598423
11
2.9145062598425198
21
2.7406993307086616
0
LINE
8
BLACK
6
CONTINUOUS
10
2.9145062598425198
20
2.7406993307086616
11
2.9153209055118108
21
2.7415139763779526
0
LINE
8
BLACK
6
CONTINUOUS
10
2.9153209055118108
20
2.7415139763779526
11
2.91638531496063
21
2.7419548818897637
0
LINE
8
BLACK
6
CONTINUOUS
10
2.91638531496063
20
2.7419548818897637
11
2.9169613779527559
21
2.7420116141732285
0
LINE
8
BLACK
6
CONTINUOUS
10
2.9169613779527559
20
2.7420116141732285
11
2.9563314566929133
21
2.7420116141732285
0
LINE
8
BLACK
6
CONTINUOUS
10
2.9563314566929133
20
2.7420116141732285
11
2.9569075196850392
21
2.7419548818897637
0
LINE
8
BLACK
6
CONTINUOUS
10
2.9199141338582675
20
2.7301642125984253
11
2.9214169291338581
21
2.7256557874015748
0
LINE
8
BLACK
6
CONTINUOUS
10
2.9214169291338581
20
2.7256557874015748
11
2.9243347637795276
21
2.7227379527559052
0
LINE
8
BLACK
6
CONTINUOUS
10
2.9243347637795276
20
2.7227379527559052
11
2.9273657480314959
21
2.7212224803149607
0
LINE
8
BLACK
6
CONTINUOUS
10
2.9273657480314959
20
2.7212224803149607
11
2.9341977952755904
21
2.7195144488188974
0
LINE
8
BLACK
6
CONTINUOUS
10
2.9341977952755904
20
2.7195144488188974
11
2.939095
21
2.7195144488188974
0
LINE
8
BLACK
6
CONTINUOUS
10
2.939095
20
2.7195144488188974
11
2.9459270472440946
21
2.7212224803149607
0
LINE
8
BLACK
6
CONTINUOUS
10
2.9459270472440946
20
2.7212224803149607
11
2.9489580314960628
21
2.722737992125984
0
LINE
8
BLACK
6
CONTINUOUS
10
2.9489580314960628
20
2.722737992125984
11
2.9518759055118111
21
2.7256558267716535
0
LINE
8
BLACK
6
CONTINUOUS
10
2.9518759055118111
20
2.7256558267716535
11
2.9533787007874017
21
2.7301641732283466
0
LINE
8
BLACK
6
CONTINUOUS
10
2.9533787007874017
20
2.7301641732283466
11
2.9533787007874017
21
2.7361061023622049
0
LINE
8
BLACK
6
CONTINUOUS
10
2.9533787007874017
20
2.7361061023622049
11
2.9199141338582675
21
2.7361061023622049
0
LINE
8
BLACK
6
CONTINUOUS
10
2.9199141338582675
20
2.7361061023622049
11
2.9199141338582675
21
2.7301642125984253
0
LINE
8
BLACK
6
CONTINUOUS
10
2.6759039763779526
20
2.7421824015748033
11
2.6771824015748029
21
2.7409039763779526
0
LINE
8
BLACK
6
CONTINUOUS
10
2.6771824015748029
20
2.7409039763779526
11
2.6771824015748029
21
2.739096023622047
0
LINE
8
BLACK
6
CONTINUOUS
10
2.6771824015748029
20
2.739096023622047
11
2.6759039763779526
21
2.7378175984251967
0
LINE
8
BLACK
6
CONTINUOUS
10
2.6759039763779526
20
2.7378175984251967
11
2.6749999999999998
21
2.7376377952755906
0
LINE
8
BLACK
6
CONTINUOUS
10
2.6749999999999998
20
2.7376377952755906
11
2.645
21
2.7376377952755906
0
LINE
8
BLACK
6
CONTINUOUS
10
2.645
20
2.7376377952755906
11
2.6440960236220472
21
2.7378175984251967
0
LINE
8
BLACK
6
CONTINUOUS
10
2.6440960236220472
20
2.7378175984251967
11
2.6428175984251969
21
2.739096023622047
0
LINE
8
BLACK
6
CONTINUOUS
10
2.6428175984251969
20
2.739096023622047
11
2.6428175984251969
21
2.7409039763779526
0
LINE
8
BLACK
6
CONTINUOUS
10
2.6428175984251969
20
2.7409039763779526
11
2.6440960236220472
21
2.7421824015748033
0
LINE
8
BLACK
6
CONTINUOUS
10
2.6440960236220472
20
2.7421824015748033
11
2.645
21
2.7423622047244094
0
LINE
8
BLACK
6
CONTINUOUS
10
2.645
20
2.7423622047244094
11
2.6749999999999998
21
2.7423622047244094
0
LINE
8
BLACK
6
CONTINUOUS
10
2.6749999999999998
20
2.7423622047244094
11
2.6759039763779526
21
2.7421824015748033
0
LINE
8
BLACK
6
CONTINUOUS
10
2.6016404724409448
20
2.842455118110236
11
2.6024551181102362
21
2.841640472440945
0
LINE
8
BLACK
6
CONTINUOUS
10
2.6024551181102362
20
2.841640472440945
11
2.6028960236220473
21
2.8405760629921257
0
LINE
8
BLACK
6
CONTINUOUS
10
2.6028960236220473
20
2.8405760629921257
11
2.6029527559055117
21
2.8399999999999999
0
LINE
8
BLACK
6
CONTINUOUS
10
2.6029527559055117
20
2.8399999999999999
11
2.6029527559055117
21
2.7799999999999998
0
LINE
8
BLACK
6
CONTINUOUS
10
2.6029527559055117
20
2.7799999999999998
11
2.6028960236220473
21
2.7794239370078739
0
LINE
8
BLACK
6
CONTINUOUS
10
2.6028960236220473
20
2.7794239370078739
11
2.6024551181102362
21
2.7783595275590551
0
LINE
8
BLACK
6
CONTINUOUS
10
2.6024551181102362
20
2.7783595275590551
11
2.6016404724409448
21
2.7775448818897637
0
LINE
8
BLACK
6
CONTINUOUS
10
2.6016404724409448
20
2.7775448818897637
11
2.600576062992126
21
2.7771039763779526
0
LINE
8
BLACK
6
CONTINUOUS
10
2.600576062992126
20
2.7771039763779526
11
2.5994239370078738
21
2.7771039763779526
0
LINE
8
BLACK
6
CONTINUOUS
10
2.5994239370078738
20
2.7771039763779526
11
2.598359527559055
21
2.7775448818897637
0
LINE
8
BLACK
6
CONTINUOUS
10
2.598359527559055
20
2.7775448818897637
11
2.5975448818897635
21
2.7783595275590551
0
LINE
8
BLACK
6
CONTINUOUS
10
2.5975448818897635
20
2.7783595275590551
11
2.5971039763779529
21
2.7794239370078739
0
LINE
8
BLACK
6
CONTINUOUS
10
2.5971039763779529
20
2.7794239370078739
11
2.5970472440944881
21
2.7799999999999998
0
LINE
8
BLACK
6
CONTINUOUS
10
2.5970472440944881
20
2.7799999999999998
11
2.5970472440944881
21
2.8399999999999999
0
LINE
8
BLACK
6
CONTINUOUS
10
2.5970472440944881
20
2.8399999999999999
11
2.5971039763779529
21
2.8405760629921257
0
LINE
8
BLACK
6
CONTINUOUS
10
2.5971039763779529
20
2.8405760629921257
11
2.5975448818897635
21
2.841640472440945
0
LINE
8
BLACK
6
CONTINUOUS
10
2.5975448818897635
20
2.841640472440945
11
2.598359527559055
21
2.842455118110236
0
LINE
8
BLACK
6
CONTINUOUS
10
2.598359527559055
20
2.842455118110236
11
2.5994239370078738
21
2.8428960236220471
0
LINE
8
BLACK
6
CONTINUOUS
10
2.5994239370078738
20
2.8428960236220471
11
2.600576062992126
21
2.8428960236220471
0
LINE
8
BLACK
6
CONTINUOUS
10
2.600576062992126
20
2.8428960236220471
11
2.6016404724409448
21
2.842455118110236
0
LINE
8
BLACK
6
CONTINUOUS
10
2.7216404724409449
20
2.842455118110236
11
2.7224551181102363
21
2.841640472440945
0
LINE
8
BLACK
6
CONTINUOUS
10
2.7224551181102363
20
2.841640472440945
11
2.722896023622047
21
2.8405760629921257
0
LINE
8
BLACK
6
CONTINUOUS
10
2.722896023622047
20
2.8405760629921257
11
2.7229527559055118
21
2.8399999999999999
0
LINE
8
BLACK
6
CONTINUOUS
10
2.7229527559055118
20
2.8399999999999999
11
2.7229527559055118
21
2.7799999999999998
0
LINE
8
BLACK
6
CONTINUOUS
10
2.7229527559055118
20
2.7799999999999998
11
2.722896023622047
21
2.7794239370078739
0
LINE
8
BLACK
6
CONTINUOUS
10
2.722896023622047
20
2.7794239370078739
11
2.7224551181102363
21
2.7783595275590551
0
LINE
8
BLACK
6
CONTINUOUS
10
2.7224551181102363
20
2.7783595275590551
11
2.7216404724409449
21
2.7775448818897637
0
LINE
8
BLACK
6
CONTINUOUS
10
2.7216404724409449
20
2.7775448818897637
11
2.7205760629921261
21
2.7771039763779526
0
LINE
8
BLACK
6
CONTINUOUS
10
2.7205760629921261
20
2.7771039763779526
11
2.7194239370078739
21
2.7771039763779526
0
LINE
8
BLACK
6
CONTINUOUS
10
2.7194239370078739
20
2.7771039763779526
11
2.7183595275590551
21
2.7775448818897637
0
LINE
8
BLACK
6
CONTINUOUS
10
2.7183595275590551
20
2.7775448818897637
11
2.7175448818897636
21
2.7783595275590551
0
LINE
8
BLACK
6
CONTINUOUS
10
2.7175448818897636
20
2.7783595275590551
11
2.7171039763779525
21
2.7794239370078739
0
LINE
8
BLACK
6
CONTINUOUS
10
2.7171039763779525
20
2.7794239370078739
11
2.7170472440944882
21
2.7799999999999998
0
LINE
8
BLACK
6
CONTINUOUS
10
2.7170472440944882
20
2.7799999999999998
11
2.7170472440944882
21
2.8399999999999999
0
LINE
8
BLACK
6
CONTINUOUS
10
2.7170472440944882
20
2.8399999999999999
11
2.7171039763779525
21
2.8405760629921257
0
LINE
8
BLACK
6
CONTINUOUS
10
2.7171039763779525
20
2.8405760629921257
11
2.7175448818897636
21
2.841640472440945
0
LINE
8
BLACK
6
CONTINUOUS
10
2.7175448818897636
20
2.841640472440945
11
2.7183595275590551
21
2.842455118110236
0
LINE
8
BLACK
6
CONTINUOUS
10
2.7183595275590551
20
2.842455118110236
11
2.7194239370078739
21
2.8428960236220471
0
LINE
8
BLACK
6
CONTINUOUS
10
2.7194239370078739
20
2.8428960236220471
11
2.7205760629921261
21
2.8428960236220471
0
LINE
8
BLACK
6
CONTINUOUS
10
2.7205760629921261
20
2.8428960236220471
11
2.7216404724409449
21
2.842455118110236
0
LINE
8
BLACK
6
CONTINUOUS
10
2.6759039763779526
20
2.7821824015748029
11
2.6771824015748029
21
2.7809039763779526
0
LINE
8
BLACK
6
CONTINUOUS
10
2.6771824015748029
20
2.7809039763779526
11
2.6771824015748029
21
2.779096023622047
0
LINE
8
BLACK
6
CONTINUOUS
10
2.6771824015748029
20
2.779096023622047
11
2.6759039763779526
21
2.7778175984251967
0
LINE
8
BLACK
6
CONTINUOUS
10
2.6759039763779526
20
2.7778175984251967
11
2.6749999999999998
21
2.7776377952755906
0
LINE
8
BLACK
6
CONTINUOUS
10
2.6749999999999998
20
2.7776377952755906
11
2.645
21
2.7776377952755906
0
LINE
8
BLACK
6
CONTINUOUS
10
2.645
20
2.7776377952755906
11
2.6440960236220472
21
2.7778175984251967
0
LINE
8
BLACK
6
CONTINUOUS
10
2.6440960236220472
20
2.7778175984251967
11
2.6428175984251969
21
2.779096023622047
0
LINE
8
BLACK
6
CONTINUOUS
10
2.6428175984251969
20
2.779096023622047
11
2.6428175984251969
21
2.7809039763779526
0
LINE
8
BLACK
6
CONTINUOUS
10
2.6428175984251969
20
2.7809039763779526
11
2.6440960236220472
21
2.7821824015748029
0
LINE
8
BLACK
6
CONTINUOUS
10
2.6440960236220472
20
2.7821824015748029
11
2.645
21
2.7823622047244094
0
LINE
8
BLACK
6
CONTINUOUS
10
2.645
20
2.7823622047244094
11
2.6749999999999998
21
2.7823622047244094
0
LINE
8
BLACK
6
CONTINUOUS
10
2.6749999999999998
20
2.7823622047244094
11
2.6759039763779526
21
2.7821824015748029
0
LINE
8
BLACK
6
CONTINUOUS
10
2.6759039763779526
20
2.842182401574803
11
2.6771824015748029
21
2.8409039763779527
0
LINE
8
BLACK
6
CONTINUOUS
10
2.6771824015748029
20
2.8409039763779527
11
2.6771824015748029
21
2.839096023622047
0
LINE
8
BLACK
6
CONTINUOUS
10
2.6771824015748029
20
2.839096023622047
11
2.6759039763779526
21
2.8378175984251968
0
LINE
8
BLACK
6
CONTINUOUS
10
2.6759039763779526
20
2.8378175984251968
11
2.6749999999999998
21
2.8376377952755907
0
LINE
8
BLACK
6
CONTINUOUS
10
2.6749999999999998
20
2.8376377952755907
11
2.645
21
2.8376377952755907
0
LINE
8
BLACK
6
CONTINUOUS
10
2.645
20
2.8376377952755907
11
2.6440960236220472
21
2.8378175984251968
0
LINE
8
BLACK
6
CONTINUOUS
10
2.6440960236220472
20
2.8378175984251968
11
2.6428175984251969
21
2.839096023622047
0
LINE
8
BLACK
6
CONTINUOUS
10
2.6428175984251969
20
2.839096023622047
11
2.6428175984251969
21
2.8409039763779527
0
LINE
8
BLACK
6
CONTINUOUS
10
2.6428175984251969
20
2.8409039763779527
11
2.6440960236220472
21
2.842182401574803
0
LINE
8
BLACK
6
CONTINUOUS
10
2.6440960236220472
20
2.842182401574803
11
2.645
21
2.8423622047244095
0
LINE
8
BLACK
6
CONTINUOUS
10
2.645
20
2.8423622047244095
11
2.6749999999999998
21
2.8423622047244095
0
LINE
8
BLACK
6
CONTINUOUS
10
2.6749999999999998
20
2.8423622047244095
11
2.6759039763779526
21
2.842182401574803
0
LINE
8
BLACK
6
CONTINUOUS
10
2.0453921653543308
20
2.867589251968504
11
2.0466705905511811
21
2.8663108267716533
0
LINE
8
BLACK
6
CONTINUOUS
10
2.0466705905511811
20
2.8663108267716533
11
2.0468503937007871
21
2.8654068503937009
0
LINE
8
BLACK
6
CONTINUOUS
10
2.0468503937007871
20
2.8654068503937009
11
2.0468503937007871
21
2.8595013385826773
0
LINE
8
BLACK
6
CONTINUOUS
10
2.0468503937007871
20
2.8595013385826773
11
2.0466705905511811
21
2.8585973622047245
0
LINE
8
BLACK
6
CONTINUOUS
10
2.0466705905511811
20
2.8585973622047245
11
2.0453921653543308
21
2.8573189370078738
0
LINE
8
BLACK
6
CONTINUOUS
10
2.0453921653543308
20
2.8573189370078738
11
2.0435842125984252
21
2.8573189370078738
0
LINE
8
BLACK
6
CONTINUOUS
10
2.0435842125984252
20
2.8573189370078738
11
2.0423057874015749
21
2.8585973622047245
0
LINE
8
BLACK
6
CONTINUOUS
10
2.0423057874015749
20
2.8585973622047245
11
2.0421259842519683
21
2.8595013385826773
0
LINE
8
BLACK
6
CONTINUOUS
10
2.0421259842519683
20
2.8595013385826773
11
2.0421259842519683
21
2.8630446456692913
0
LINE
8
BLACK
6
CONTINUOUS
10
2.0421259842519683
20
2.8630446456692913
11
1.8578740157480313
21
2.8630446456692913
0
LINE
8
BLACK
6
CONTINUOUS
10
1.8578740157480313
20
2.8630446456692913
11
1.8578740157480313
21
2.8595013385826773
0
LINE
8
BLACK
6
CONTINUOUS
10
1.8578740157480313
20
2.8595013385826773
11
1.8576942125984253
21
2.8585973622047245
0
LINE
8
BLACK
6
CONTINUOUS
10
1.8576942125984253
20
2.8585973622047245
11
1.8564157874015748
21
2.8573189370078738
0
LINE
8
BLACK
6
CONTINUOUS
10
1.8564157874015748
20
2.8573189370078738
11
1.8546078346456691
21
2.8573189370078738
0
LINE
8
BLACK
6
CONTINUOUS
10
1.8546078346456691
20
2.8573189370078738
11
1.8533294094488189
21
2.8585973622047245
0
LINE
8
BLACK
6
CONTINUOUS
10
1.8533294094488189
20
2.8585973622047245
11
1.8531496062992125
21
2.8595013385826773
0
LINE
8
BLACK
6
CONTINUOUS
10
1.8531496062992125
20
2.8595013385826773
11
1.8531496062992125
21
2.8654068503937009
0
LINE
8
BLACK
6
CONTINUOUS
10
1.8531496062992125
20
2.8654068503937009
11
1.8533294094488189
21
2.8663108267716533
0
LINE
8
BLACK
6
CONTINUOUS
10
1.8533294094488189
20
2.8663108267716533
11
1.8546078346456691
21
2.867589251968504
0
LINE
8
BLACK
6
CONTINUOUS
10
1.8546078346456691
20
2.867589251968504
11
1.8555118110236219
21
2.8677690551181101
0
LINE
8
BLACK
6
CONTINUOUS
10
1.8555118110236219
20
2.8677690551181101
11
2.044488188976378
21
2.8677690551181101
0
LINE
8
BLACK
6
CONTINUOUS
10
2.044488188976378
20
2.8677690551181101
11
2.0453921653543308
21
2.867589251968504
0
LINE
8
BLACK
6
CONTINUOUS
10
2.6016404724409448
20
2.9424551181102361
11
2.6024551181102362
21
2.9416404724409446
0
LINE
8
BLACK
6
CONTINUOUS
10
2.6024551181102362
20
2.9416404724409446
11
2.6028960236220473
21
2.9405760629921258
0
LINE
8
BLACK
6
CONTINUOUS
10
2.6028960236220473
20
2.9405760629921258
11
2.6029527559055117
21
2.9399999999999999
0
LINE
8
BLACK
6
CONTINUOUS
10
2.6029527559055117
20
2.9399999999999999
11
2.6029527559055117
21
2.8799999999999999
0
LINE
8
BLACK
6
CONTINUOUS
10
2.6029527559055117
20
2.8799999999999999
11
2.6028960236220473
21
2.879423937007874
0
LINE
8
BLACK
6
CONTINUOUS
10
2.6028960236220473
20
2.879423937007874
11
2.6024551181102362
21
2.8783595275590552
0
LINE
8
BLACK
6
CONTINUOUS
10
2.6024551181102362
20
2.8783595275590552
11
2.6016404724409448
21
2.8775448818897638
0
LINE
8
BLACK
6
CONTINUOUS
10
2.6016404724409448
20
2.8775448818897638
11
2.600576062992126
21
2.8771039763779527
0
LINE
8
BLACK
6
CONTINUOUS
10
2.600576062992126
20
2.8771039763779527
11
2.5994239370078738
21
2.8771039763779527
0
LINE
8
BLACK
6
CONTINUOUS
10
2.5994239370078738
20
2.8771039763779527
11
2.598359527559055
21
2.8775448818897638
0
LINE
8
BLACK
6
CONTINUOUS
10
2.598359527559055
20
2.8775448818897638
11
2.5975448818897635
21
2.8783595275590552
0
LINE
8
BLACK
6
CONTINUOUS
10
2.5975448818897635
20
2.8783595275590552
11
2.5971039763779529
21
2.879423937007874
0
LINE
8
BLACK
6
CONTINUOUS
10
2.5971039763779529
20
2.879423937007874
11
2.5970472440944881
21
2.8799999999999999
0
LINE
8
BLACK
6
CONTINUOUS
10
2.5970472440944881
20
2.8799999999999999
11
2.5970472440944881
21
2.9399999999999999
0
LINE
8
BLACK
6
CONTINUOUS
10
2.5970472440944881
20
2.9399999999999999
11
2.5971039763779529
21
2.9405760629921258
0
LINE
8
BLACK
6
CONTINUOUS
10
2.5971039763779529
20
2.9405760629921258
11
2.5975448818897635
21
2.9416404724409446
0
LINE
8
BLACK
6
CONTINUOUS
10
2.5975448818897635
20
2.9416404724409446
11
2.598359527559055
21
2.9424551181102361
0
LINE
8
BLACK
6
CONTINUOUS
10
2.598359527559055
20
2.9424551181102361
11
2.5994239370078738
21
2.9428960236220472
0
LINE
8
BLACK
6
CONTINUOUS
10
2.5994239370078738
20
2.9428960236220472
11
2.600576062992126
21
2.9428960236220472
0
LINE
8
BLACK
6
CONTINUOUS
10
2.600576062992126
20
2.9428960236220472
11
2.6016404724409448
21
2.9424551181102361
0
LINE
8
BLACK
6
CONTINUOUS
10
2.7216404724409449
20
2.9424551181102361
11
2.7224551181102363
21
2.9416404724409446
0
LINE
8
BLACK
6
CONTINUOUS
10
2.7224551181102363
20
2.9416404724409446
11
2.722896023622047
21
2.9405760629921258
0
LINE
8
BLACK
6
CONTINUOUS
10
2.722896023622047
20
2.9405760629921258
11
2.7229527559055118
21
2.9399999999999999
0
LINE
8
BLACK
6
CONTINUOUS
10
2.7229527559055118
20
2.9399999999999999
11
2.7229527559055118
21
2.8799999999999999
0
LINE
8
BLACK
6
CONTINUOUS
10
2.7229527559055118
20
2.8799999999999999
11
2.722896023622047
21
2.879423937007874
0
LINE
8
BLACK
6
CONTINUOUS
10
2.722896023622047
20
2.879423937007874
11
2.7224551181102363
21
2.8783595275590552
0
LINE
8
BLACK
6
CONTINUOUS
10
2.7224551181102363
20
2.8783595275590552
11
2.7216404724409449
21
2.8775448818897638
0
LINE
8
BLACK
6
CONTINUOUS
10
2.7216404724409449
20
2.8775448818897638
11
2.7205760629921261
21
2.8771039763779527
0
LINE
8
BLACK
6
CONTINUOUS
10
2.7205760629921261
20
2.8771039763779527
11
2.7194239370078739
21
2.8771039763779527
0
LINE
8
BLACK
6
CONTINUOUS
10
2.7194239370078739
20
2.8771039763779527
11
2.7183595275590551
21
2.8775448818897638
0
LINE
8
BLACK
6
CONTINUOUS
10
2.7183595275590551
20
2.8775448818897638
11
2.7175448818897636
21
2.8783595275590552
0
LINE
8
BLACK
6
CONTINUOUS
10
2.7175448818897636
20
2.8783595275590552
11
2.7171039763779525
21
2.879423937007874
0
LINE
8
BLACK
6
CONTINUOUS
10
2.7171039763779525
20
2.879423937007874
11
2.7170472440944882
21
2.8799999999999999
0
LINE
8
BLACK
6
CONTINUOUS
10
2.7170472440944882
20
2.8799999999999999
11
2.7170472440944882
21
2.9399999999999999
0
LINE
8
BLACK
6
CONTINUOUS
10
2.7170472440944882
20
2.9399999999999999
11
2.7171039763779525
21
2.9405760629921258
0
LINE
8
BLACK
6
CONTINUOUS
10
2.7171039763779525
20
2.9405760629921258
11
2.7175448818897636
21
2.9416404724409446
0
LINE
8
BLACK
6
CONTINUOUS
10
2.7175448818897636
20
2.9416404724409446
11
2.7183595275590551
21
2.9424551181102361
0
LINE
8
BLACK
6
CONTINUOUS
10
2.7183595275590551
20
2.9424551181102361
11
2.7194239370078739
21
2.9428960236220472
0
LINE
8
BLACK
6
CONTINUOUS
10
2.7194239370078739
20
2.9428960236220472
11
2.7205760629921261
21
2.9428960236220472
0
LINE
8
BLACK
6
CONTINUOUS
10
2.7205760629921261
20
2.9428960236220472
11
2.7216404724409449
21
2.9424551181102361
0
LINE
8
BLACK
6
CONTINUOUS
10
2.6759039763779526
20
2.882182401574803
11
2.6771824015748029
21
2.8809039763779527
0
LINE
8
BLACK
6
CONTINUOUS
10
2.6771824015748029
20
2.8809039763779527
11
2.6771824015748029
21
2.8790960236220471
0
LINE
8
BLACK
6
CONTINUOUS
10
2.6771824015748029
20
2.8790960236220471
11
2.6759039763779526
21
2.8778175984251968
0
LINE
8
BLACK
6
CONTINUOUS
10
2.6759039763779526
20
2.8778175984251968
11
2.6749999999999998
21
2.8776377952755903
0
LINE
8
BLACK
6
CONTINUOUS
10
2.6749999999999998
20
2.8776377952755903
11
2.645
21
2.8776377952755903
0
LINE
8
BLACK
6
CONTINUOUS
10
2.645
20
2.8776377952755903
11
2.6440960236220472
21
2.8778175984251968
0
LINE
8
BLACK
6
CONTINUOUS
10
2.6440960236220472
20
2.8778175984251968
11
2.6428175984251969
21
2.8790960236220471
0
LINE
8
BLACK
6
CONTINUOUS
10
2.6428175984251969
20
2.8790960236220471
11
2.6428175984251969
21
2.8809039763779527
0
LINE
8
BLACK
6
CONTINUOUS
10
2.6428175984251969
20
2.8809039763779527
11
2.6440960236220472
21
2.882182401574803
0
LINE
8
BLACK
6
CONTINUOUS
10
2.6440960236220472
20
2.882182401574803
11
2.645
21
2.8823622047244095
0
LINE
8
BLACK
6
CONTINUOUS
10
2.645
20
2.8823622047244095
11
2.6749999999999998
21
2.8823622047244095
0
LINE
8
BLACK
6
CONTINUOUS
10
2.6749999999999998
20
2.8823622047244095
11
2.6759039763779526
21
2.882182401574803
0
LINE
8
BLACK
6
CONTINUOUS
10
2.6759039763779526
20
2.942182401574803
11
2.6771824015748029
21
2.9409039763779528
0
LINE
8
BLACK
6
CONTINUOUS
10
2.6771824015748029
20
2.9409039763779528
11
2.6771824015748029
21
2.9390960236220471
0
LINE
8
BLACK
6
CONTINUOUS
10
2.6771824015748029
20
2.9390960236220471
11
2.6759039763779526
21
2.9378175984251969
0
LINE
8
BLACK
6
CONTINUOUS
10
2.6759039763779526
20
2.9378175984251969
11
2.6749999999999998
21
2.9376377952755903
0
LINE
8
BLACK
6
CONTINUOUS
10
2.6749999999999998
20
2.9376377952755903
11
2.645
21
2.9376377952755903
0
LINE
8
BLACK
6
CONTINUOUS
10
2.645
20
2.9376377952755903
11
2.6440960236220472
21
2.9378175984251969
0
LINE
8
BLACK
6
CONTINUOUS
10
2.6440960236220472
20
2.9378175984251969
11
2.6428175984251969
21
2.9390960236220471
0
LINE
8
BLACK
6
CONTINUOUS
10
2.6428175984251969
20
2.9390960236220471
11
2.6428175984251969
21
2.9409039763779528
0
LINE
8
BLACK
6
CONTINUOUS
10
2.6428175984251969
20
2.9409039763779528
11
2.6440960236220472
21
2.942182401574803
0
LINE
8
BLACK
6
CONTINUOUS
10
2.6440960236220472
20
2.942182401574803
11
2.645
21
2.9423622047244096
0
LINE
8
BLACK
6
CONTINUOUS
10
2.645
20
2.9423622047244096
11
2.6749999999999998
21
2.9423622047244096
0
LINE
8
BLACK
6
CONTINUOUS
10
2.6749999999999998
20
2.9423622047244096
11
2.6759039763779526
21
2.942182401574803
0
LINE
8
BLACK
6
CONTINUOUS
10
2.0705760629921262
20
2.9824793700787402
11
2.071640472440945
21
2.9820384645669291
0
LINE
8
BLACK
6
CONTINUOUS
10
2.071640472440945
20
2.9820384645669291
11
2.072455118110236
21
2.9812238188976377
0
LINE
8
BLACK
6
CONTINUOUS
10
2.072455118110236
20
2.9812238188976377
11
2.0728960236220471
21
2.9801594094488189
0
LINE
8
BLACK
6
CONTINUOUS
10
2.0728960236220471
20
2.9801594094488189
11
2.0728960236220471
21
2.9790072834645667
0
LINE
8
BLACK
6
CONTINUOUS
10
2.0728960236220471
20
2.9790072834645667
11
2.072455118110236
21
2.9779428740157479
0
LINE
8
BLACK
6
CONTINUOUS
10
2.072455118110236
20
2.9779428740157479
11
2.071640472440945
21
2.9771282283464564
0
LINE
8
BLACK
6
CONTINUOUS
10
2.071640472440945
20
2.9771282283464564
11
2.0705760629921262
21
2.9766873228346458
0
LINE
8
BLACK
6
CONTINUOUS
10
2.0705760629921262
20
2.9766873228346458
11
2.0699999999999998
21
2.976630590551181
0
LINE
8
BLACK
6
CONTINUOUS
10
2.0699999999999998
20
2.976630590551181
11
2.0099999999999998
21
2.976630590551181
0
LINE
8
BLACK
6
CONTINUOUS
10
2.0099999999999998
20
2.976630590551181
11
2.0094239370078739
21
2.9766873228346458
0
LINE
8
BLACK
6
CONTINUOUS
10
2.0094239370078739
20
2.9766873228346458
11
2.0083595275590551
21
2.9771282283464564
0
LINE
8
BLACK
6
CONTINUOUS
10
2.0083595275590551
20
2.9771282283464564
11
2.0075448818897637
21
2.9779428740157479
0
LINE
8
BLACK
6
CONTINUOUS
10
2.0075448818897637
20
2.9779428740157479
11
2.0071039763779526
21
2.9790072834645667
0
LINE
8
BLACK
6
CONTINUOUS
10
2.0071039763779526
20
2.9790072834645667
11
2.0071039763779526
21
2.9801594094488189
0
LINE
8
BLACK
6
CONTINUOUS
10
2.0071039763779526
20
2.9801594094488189
11
2.0075448818897637
21
2.9812238188976377
0
LINE
8
BLACK
6
CONTINUOUS
10
2.0075448818897637
20
2.9812238188976377
11
2.0083595275590551
21
2.9820384645669291
0
LINE
8
BLACK
6
CONTINUOUS
10
2.0083595275590551
20
2.9820384645669291
11
2.0094239370078739
21
2.9824793700787402
0
LINE
8
BLACK
6
CONTINUOUS
10
2.0094239370078739
20
2.9824793700787402
11
2.0099999999999998
21
2.9825361023622046
0
LINE
8
BLACK
6
CONTINUOUS
10
2.0099999999999998
20
2.9825361023622046
11
2.0699999999999998
21
2.9825361023622046
0
LINE
8
BLACK
6
CONTINUOUS
10
2.0699999999999998
20
2.9825361023622046
11
2.0705760629921262
21
2.9824793700787402
0
LINE
8
BLACK
6
CONTINUOUS
10
2.6016404724409448
20
3.0424551181102362
11
2.6024551181102362
21
3.0416404724409447
0
LINE
8
BLACK
6
CONTINUOUS
10
2.6024551181102362
20
3.0416404724409447
11
2.6028960236220473
21
3.0405760629921259
0
LINE
8
BLACK
6
CONTINUOUS
10
2.6028960236220473
20
3.0405760629921259
11
2.6029527559055117
21
3.04
0
LINE
8
BLACK
6
CONTINUOUS
10
2.6029527559055117
20
3.04
11
2.6029527559055117
21
2.98
0
LINE
8
BLACK
6
CONTINUOUS
10
2.6029527559055117
20
2.98
11
2.6028960236220473
21
2.9794239370078741
0
LINE
8
BLACK
6
CONTINUOUS
10
2.6028960236220473
20
2.9794239370078741
11
2.6024551181102362
21
2.9783595275590549
0
LINE
8
BLACK
6
CONTINUOUS
10
2.6024551181102362
20
2.9783595275590549
11
2.6016404724409448
21
2.9775448818897639
0
LINE
8
BLACK
6
CONTINUOUS
10
2.6016404724409448
20
2.9775448818897639
11
2.600576062992126
21
2.9771039763779528
0
LINE
8
BLACK
6
CONTINUOUS
10
2.600576062992126
20
2.9771039763779528
11
2.5994239370078738
21
2.9771039763779528
0
LINE
8
BLACK
6
CONTINUOUS
10
2.5994239370078738
20
2.9771039763779528
11
2.598359527559055
21
2.9775448818897639
0
LINE
8
BLACK
6
CONTINUOUS
10
2.598359527559055
20
2.9775448818897639
11
2.5975448818897635
21
2.9783595275590549
0
LINE
8
BLACK
6
CONTINUOUS
10
2.5975448818897635
20
2.9783595275590549
11
2.5971039763779529
21
2.9794239370078741
0
LINE
8
BLACK
6
CONTINUOUS
10
2.5971039763779529
20
2.9794239370078741
11
2.5970472440944881
21
2.98
0
LINE
8
BLACK
6
CONTINUOUS
10
2.5970472440944881
20
2.98
11
2.5970472440944881
21
3.04
0
LINE
8
BLACK
6
CONTINUOUS
10
2.5970472440944881
20
3.04
11
2.5971039763779529
21
3.0405760629921259
0
LINE
8
BLACK
6
CONTINUOUS
10
2.5971039763779529
20
3.0405760629921259
11
2.5975448818897635
21
3.0416404724409447
0
LINE
8
BLACK
6
CONTINUOUS
10
2.5975448818897635
20
3.0416404724409447
11
2.598359527559055
21
3.0424551181102362
0
LINE
8
BLACK
6
CONTINUOUS
10
2.598359527559055
20
3.0424551181102362
11
2.5994239370078738
21
3.0428960236220473
0
LINE
8
BLACK
6
CONTINUOUS
10
2.5994239370078738
20
3.0428960236220473
11
2.600576062992126
21
3.0428960236220473
0
LINE
8
BLACK
6
CONTINUOUS
10
2.600576062992126
20
3.0428960236220473
11
2.6016404724409448
21
3.0424551181102362
0
LINE
8
BLACK
6
CONTINUOUS
10
2.7216404724409449
20
3.0424551181102362
11
2.7224551181102363
21
3.0416404724409447
0
LINE
8
BLACK
6
CONTINUOUS
10
2.7224551181102363
20
3.0416404724409447
11
2.722896023622047
21
3.0405760629921259
0
LINE
8
BLACK
6
CONTINUOUS
10
2.722896023622047
20
3.0405760629921259
11
2.7229527559055118
21
3.04
0
LINE
8
BLACK
6
CONTINUOUS
10
2.7229527559055118
20
3.04
11
2.7229527559055118
21
2.98
0
LINE
8
BLACK
6
CONTINUOUS
10
2.7229527559055118
20
2.98
11
2.722896023622047
21
2.9794239370078741
0
LINE
8
BLACK
6
CONTINUOUS
10
2.722896023622047
20
2.9794239370078741
11
2.7224551181102363
21
2.9783595275590549
0
LINE
8
BLACK
6
CONTINUOUS
10
2.7224551181102363
20
2.9783595275590549
11
2.7216404724409449
21
2.9775448818897639
0
LINE
8
BLACK
6
CONTINUOUS
10
2.7216404724409449
20
2.9775448818897639
11
2.7205760629921261
21
2.9771039763779528
0
LINE
8
BLACK
6
CONTINUOUS
10
2.7205760629921261
20
2.9771039763779528
11
2.7194239370078739
21
2.9771039763779528
0
LINE
8
BLACK
6
CONTINUOUS
10
2.7194239370078739
20
2.9771039763779528
11
2.7183595275590551
21
2.9775448818897639
0
LINE
8
BLACK
6
CONTINUOUS
10
2.7183595275590551
20
2.9775448818897639
11
2.7175448818897636
21
2.9783595275590549
0
LINE
8
BLACK
6
CONTINUOUS
10
2.7175448818897636
20
2.9783595275590549
11
2.7171039763779525
21
2.9794239370078741
0
LINE
8
BLACK
6
CONTINUOUS
10
2.7171039763779525
20
2.9794239370078741
11
2.7170472440944882
21
2.98
0
LINE
8
BLACK
6
CONTINUOUS
10
2.7170472440944882
20
2.98
11
2.7170472440944882
21
3.04
0
LINE
8
BLACK
6
CONTINUOUS
10
2.7170472440944882
20
3.04
11
2.7171039763779525
21
3.0405760629921259
0
LINE
8
BLACK
6
CONTINUOUS
10
2.7171039763779525
20
3.0405760629921259
11
2.7175448818897636
21
3.0416404724409447
0
LINE
8
BLACK
6
CONTINUOUS
10
2.7175448818897636
20
3.0416404724409447
11
2.7183595275590551
21
3.0424551181102362
0
LINE
8
BLACK
6
CONTINUOUS
10
2.7183595275590551
20
3.0424551181102362
11
2.7194239370078739
21
3.0428960236220473
0
LINE
8
BLACK
6
CONTINUOUS
10
2.7194239370078739
20
3.0428960236220473
11
2.7205760629921261
21
3.0428960236220473
0
LINE
8
BLACK
6
CONTINUOUS
10
2.7205760629921261
20
3.0428960236220473
11
2.7216404724409449
21
3.0424551181102362
0
LINE
8
BLACK
6
CONTINUOUS
10
2.6759039763779526
20
2.9821824015748031
11
2.6771824015748029
21
2.9809039763779528
0
LINE
8
BLACK
6
CONTINUOUS
10
2.6771824015748029
20
2.9809039763779528
11
2.6771824015748029
21
2.9790960236220472
0
LINE
8
BLACK
6
CONTINUOUS
10
2.6771824015748029
20
2.9790960236220472
11
2.6759039763779526
21
2.9778175984251969
0
LINE
8
BLACK
6
CONTINUOUS
10
2.6759039763779526
20
2.9778175984251969
11
2.6749999999999998
21
2.9776377952755904
0
LINE
8
BLACK
6
CONTINUOUS
10
2.6749999999999998
20
2.9776377952755904
11
2.645
21
2.9776377952755904
0
LINE
8
BLACK
6
CONTINUOUS
10
2.645
20
2.9776377952755904
11
2.6440960236220472
21
2.9778175984251969
0
LINE
8
BLACK
6
CONTINUOUS
10
2.6440960236220472
20
2.9778175984251969
11
2.6428175984251969
21
2.9790960236220472
0
LINE
8
BLACK
6
CONTINUOUS
10
2.6428175984251969
20
2.9790960236220472
11
2.6428175984251969
21
2.9809039763779528
0
LINE
8
BLACK
6
CONTINUOUS
10
2.6428175984251969
20
2.9809039763779528
11
2.6440960236220472
21
2.9821824015748031
0
LINE
8
BLACK
6
CONTINUOUS
10
2.6440960236220472
20
2.9821824015748031
11
2.645
21
2.9823622047244092
0
LINE
8
BLACK
6
CONTINUOUS
10
2.645
20
2.9823622047244092
11
2.6749999999999998
21
2.9823622047244092
0
LINE
8
BLACK
6
CONTINUOUS
10
2.6749999999999998
20
2.9823622047244092
11
2.6759039763779526
21
2.9821824015748031
0
LINE
8
BLACK
6
CONTINUOUS
10
2.0121824015748033
20
3.0554873228346455
11
2.0123622047244094
21
3.0545833464566927
0
LINE
8
BLACK
6
CONTINUOUS
10
2.0123622047244094
20
3.0545833464566927
11
2.0123622047244094
21
3.0245833464566929
0
LINE
8
BLACK
6
CONTINUOUS
10
2.0123622047244094
20
3.0245833464566929
11
2.0121824015748033
21
3.0236793700787401
0
LINE
8
BLACK
6
CONTINUOUS
10
2.0121824015748033
20
3.0236793700787401
11
2.0109039763779526
21
3.0224009448818898
0
LINE
8
BLACK
6
CONTINUOUS
10
2.0109039763779526
20
3.0224009448818898
11
2.009096023622047
21
3.0224009448818898
0
LINE
8
BLACK
6
CONTINUOUS
10
2.009096023622047
20
3.0224009448818898
11
2.0078175984251967
21
3.0236793700787401
0
LINE
8
BLACK
6
CONTINUOUS
10
2.0078175984251967
20
3.0236793700787401
11
2.0076377952755906
21
3.0245833464566929
0
LINE
8
BLACK
6
CONTINUOUS
10
2.0076377952755906
20
3.0245833464566929
11
2.0076377952755906
21
3.0545833464566927
0
LINE
8
BLACK
6
CONTINUOUS
10
2.0076377952755906
20
3.0545833464566927
11
2.0078175984251967
21
3.0554873228346455
0
LINE
8
BLACK
6
CONTINUOUS
10
2.0078175984251967
20
3.0554873228346455
11
2.009096023622047
21
3.0567657480314958
0
LINE
8
BLACK
6
CONTINUOUS
10
2.009096023622047
20
3.0567657480314958
11
2.0109039763779526
21
3.0567657480314958
0
LINE
8
BLACK
6
CONTINUOUS
10
2.0109039763779526
20
3.0567657480314958
11
2.0121824015748033
21
3.0554873228346455
0
LINE
8
BLACK
6
CONTINUOUS
10
2.0721824015748029
20
3.0554873228346455
11
2.0723622047244095
21
3.0545833464566927
0
LINE
8
BLACK
6
CONTINUOUS
10
2.0723622047244095
20
3.0545833464566927
11
2.0723622047244095
21
3.0245833464566929
0
LINE
8
BLACK
6
CONTINUOUS
10
2.0723622047244095
20
3.0245833464566929
11
2.0721824015748029
21
3.0236793700787401
0
LINE
8
BLACK
6
CONTINUOUS
10
2.0721824015748029
20
3.0236793700787401
11
2.0709039763779526
21
3.0224009448818898
0
LINE
8
BLACK
6
CONTINUOUS
10
2.0709039763779526
20
3.0224009448818898
11
2.069096023622047
21
3.0224009448818898
0
LINE
8
BLACK
6
CONTINUOUS
10
2.069096023622047
20
3.0224009448818898
11
2.0678175984251967
21
3.0236793700787401
0
LINE
8
BLACK
6
CONTINUOUS
10
2.0678175984251967
20
3.0236793700787401
11
2.0676377952755907
21
3.0245833464566929
0
LINE
8
BLACK
6
CONTINUOUS
10
2.0676377952755907
20
3.0245833464566929
11
2.0676377952755907
21
3.0545833464566927
0
LINE
8
BLACK
6
CONTINUOUS
10
2.0676377952755907
20
3.0545833464566927
11
2.0678175984251967
21
3.0554873228346455
0
LINE
8
BLACK
6
CONTINUOUS
10
2.0678175984251967
20
3.0554873228346455
11
2.069096023622047
21
3.0567657480314958
0
LINE
8
BLACK
6
CONTINUOUS
10
2.069096023622047
20
3.0567657480314958
11
2.0709039763779526
21
3.0567657480314958
0
LINE
8
BLACK
6
CONTINUOUS
10
2.0709039763779526
20
3.0567657480314958
11
2.0721824015748029
21
3.0554873228346455
0
LINE
8
BLACK
6
CONTINUOUS
10
2.6759039763779526
20
3.0421824015748031
11
2.6771824015748029
21
3.0409039763779528
0
LINE
8
BLACK
6
CONTINUOUS
10
2.6771824015748029
20
3.0409039763779528
11
2.6771824015748029
21
3.0390960236220472
0
LINE
8
BLACK
6
CONTINUOUS
10
2.6771824015748029
20
3.0390960236220472
11
2.6759039763779526
21
3.0378175984251969
0
LINE
8
BLACK
6
CONTINUOUS
10
2.6759039763779526
20
3.0378175984251969
11
2.6749999999999998
21
3.0376377952755904
0
LINE
8
BLACK
6
CONTINUOUS
10
2.6749999999999998
20
3.0376377952755904
11
2.645
21
3.0376377952755904
0
LINE
8
BLACK
6
CONTINUOUS
10
2.645
20
3.0376377952755904
11
2.6440960236220472
21
3.0378175984251969
0
LINE
8
BLACK
6
CONTINUOUS
10
2.6440960236220472
20
3.0378175984251969
11
2.6428175984251969
21
3.0390960236220472
0
LINE
8
BLACK
6
CONTINUOUS
10
2.6428175984251969
20
3.0390960236220472
11
2.6428175984251969
21
3.0409039763779528
0
LINE
8
BLACK
6
CONTINUOUS
10
2.6428175984251969
20
3.0409039763779528
11
2.6440960236220472
21
3.0421824015748031
0
LINE
8
BLACK
6
CONTINUOUS
10
2.6440960236220472
20
3.0421824015748031
11
2.645
21
3.0423622047244092
0
LINE
8
BLACK
6
CONTINUOUS
10
2.645
20
3.0423622047244092
11
2.6749999999999998
21
3.0423622047244092
0
LINE
8
BLACK
6
CONTINUOUS
10
2.6749999999999998
20
3.0423622047244092
11
2.6759039763779526
21
3.0421824015748031
0
LINE
8
BLACK
6
CONTINUOUS
10
2.6016404724409448
20
3.1424551181102363
11
2.6024551181102362
21
3.1416404724409448
0
LINE
8
BLACK
6
CONTINUOUS
10
2.6024551181102362
20
3.1416404724409448
11
2.6028960236220473
21
3.140576062992126
0
LINE
8
BLACK
6
CONTINUOUS
10
2.6028960236220473
20
3.140576062992126
11
2.6029527559055117
21
3.1400000000000001
0
LINE
8
BLACK
6
CONTINUOUS
10
2.6029527559055117
20
3.1400000000000001
11
2.6029527559055117
21
3.0800000000000001
0
LINE
8
BLACK
6
CONTINUOUS
10
2.6029527559055117
20
3.0800000000000001
11
2.6028960236220473
21
3.0794239370078738
0
LINE
8
BLACK
6
CONTINUOUS
10
2.6028960236220473
20
3.0794239370078738
11
2.6024551181102362
21
3.078359527559055
0
LINE
8
BLACK
6
CONTINUOUS
10
2.6024551181102362
20
3.078359527559055
11
2.6016404724409448
21
3.0775448818897635
0
LINE
8
BLACK
6
CONTINUOUS
10
2.6016404724409448
20
3.0775448818897635
11
2.600576062992126
21
3.0771039763779529
0
LINE
8
BLACK
6
CONTINUOUS
10
2.600576062992126
20
3.0771039763779529
11
2.5994239370078738
21
3.0771039763779529
0
LINE
8
BLACK
6
CONTINUOUS
10
2.5994239370078738
20
3.0771039763779529
11
2.598359527559055
21
3.0775448818897635
0
LINE
8
BLACK
6
CONTINUOUS
10
2.598359527559055
20
3.0775448818897635
11
2.5975448818897635
21
3.078359527559055
0
LINE
8
BLACK
6
CONTINUOUS
10
2.5975448818897635
20
3.078359527559055
11
2.5971039763779529
21
3.0794239370078738
0
LINE
8
BLACK
6
CONTINUOUS
10
2.5971039763779529
20
3.0794239370078738
11
2.5970472440944881
21
3.0800000000000001
0
LINE
8
BLACK
6
CONTINUOUS
10
2.5970472440944881
20
3.0800000000000001
11
2.5970472440944881
21
3.1400000000000001
0
LINE
8
BLACK
6
CONTINUOUS
10
2.5970472440944881
20
3.1400000000000001
11
2.5971039763779529
21
3.140576062992126
0
LINE
8
BLACK
6
CONTINUOUS
10
2.5971039763779529
20
3.140576062992126
11
2.5975448818897635
21
3.1416404724409448
0
LINE
8
BLACK
6
CONTINUOUS
10
2.5975448818897635
20
3.1416404724409448
11
2.598359527559055
21
3.1424551181102363
0
LINE
8
BLACK
6
CONTINUOUS
10
2.598359527559055
20
3.1424551181102363
11
2.5994239370078738
21
3.1428960236220473
0
LINE
8
BLACK
6
CONTINUOUS
10
2.5994239370078738
20
3.1428960236220473
11
2.600576062992126
21
3.1428960236220473
0
LINE
8
BLACK
6
CONTINUOUS
10
2.600576062992126
20
3.1428960236220473
11
2.6016404724409448
21
3.1424551181102363
0
LINE
8
BLACK
6
CONTINUOUS
10
2.7216404724409449
20
3.1424551181102363
11
2.7224551181102363
21
3.1416404724409448
0
LINE
8
BLACK
6
CONTINUOUS
10
2.7224551181102363
20
3.1416404724409448
11
2.722896023622047
21
3.140576062992126
0
LINE
8
BLACK
6
CONTINUOUS
10
2.722896023622047
20
3.140576062992126
11
2.7229527559055118
21
3.1400000000000001
0
LINE
8
BLACK
6
CONTINUOUS
10
2.7229527559055118
20
3.1400000000000001
11
2.7229527559055118
21
3.0800000000000001
0
LINE
8
BLACK
6
CONTINUOUS
10
2.7229527559055118
20
3.0800000000000001
11
2.722896023622047
21
3.0794239370078738
0
LINE
8
BLACK
6
CONTINUOUS
10
2.722896023622047
20
3.0794239370078738
11
2.7224551181102363
21
3.078359527559055
0
LINE
8
BLACK
6
CONTINUOUS
10
2.7224551181102363
20
3.078359527559055
11
2.7216404724409449
21
3.0775448818897635
0
LINE
8
BLACK
6
CONTINUOUS
10
2.7216404724409449
20
3.0775448818897635
11
2.7205760629921261
21
3.0771039763779529
0
LINE
8
BLACK
6
CONTINUOUS
10
2.7205760629921261
20
3.0771039763779529
11
2.7194239370078739
21
3.0771039763779529
0
LINE
8
BLACK
6
CONTINUOUS
10
2.7194239370078739
20
3.0771039763779529
11
2.7183595275590551
21
3.0775448818897635
0
LINE
8
BLACK
6
CONTINUOUS
10
2.7183595275590551
20
3.0775448818897635
11
2.7175448818897636
21
3.078359527559055
0
LINE
8
BLACK
6
CONTINUOUS
10
2.7175448818897636
20
3.078359527559055
11
2.7171039763779525
21
3.0794239370078738
0
LINE
8
BLACK
6
CONTINUOUS
10
2.7171039763779525
20
3.0794239370078738
11
2.7170472440944882
21
3.0800000000000001
0
LINE
8
BLACK
6
CONTINUOUS
10
2.7170472440944882
20
3.0800000000000001
11
2.7170472440944882
21
3.1400000000000001
0
LINE
8
BLACK
6
CONTINUOUS
10
2.7170472440944882
20
3.1400000000000001
11
2.7171039763779525
21
3.140576062992126
0
LINE
8
BLACK
6
CONTINUOUS
10
2.7171039763779525
20
3.140576062992126
11
2.7175448818897636
21
3.1416404724409448
0
LINE
8
BLACK
6
CONTINUOUS
10
2.7175448818897636
20
3.1416404724409448
11
2.7183595275590551
21
3.1424551181102363
0
LINE
8
BLACK
6
CONTINUOUS
10
2.7183595275590551
20
3.1424551181102363
11
2.7194239370078739
21
3.1428960236220473
0
LINE
8
BLACK
6
CONTINUOUS
10
2.7194239370078739
20
3.1428960236220473
11
2.7205760629921261
21
3.1428960236220473
0
LINE
8
BLACK
6
CONTINUOUS
10
2.7205760629921261
20
3.1428960236220473
11
2.7216404724409449
21
3.1424551181102363
0
LINE
8
BLACK
6
CONTINUOUS
10
2.6759039763779526
20
3.0821824015748032
11
2.6771824015748029
21
3.0809039763779529
0
LINE
8
BLACK
6
CONTINUOUS
10
2.6771824015748029
20
3.0809039763779529
11
2.6771824015748029
21
3.0790960236220473
0
LINE
8
BLACK
6
CONTINUOUS
10
2.6771824015748029
20
3.0790960236220473
11
2.6759039763779526
21
3.077817598425197
0
LINE
8
BLACK
6
CONTINUOUS
10
2.6759039763779526
20
3.077817598425197
11
2.6749999999999998
21
3.0776377952755904
0
LINE
8
BLACK
6
CONTINUOUS
10
2.6749999999999998
20
3.0776377952755904
11
2.645
21
3.0776377952755904
0
LINE
8
BLACK
6
CONTINUOUS
10
2.645
20
3.0776377952755904
11
2.6440960236220472
21
3.077817598425197
0
LINE
8
BLACK
6
CONTINUOUS
10
2.6440960236220472
20
3.077817598425197
11
2.6428175984251969
21
3.0790960236220473
0
LINE
8
BLACK
6
CONTINUOUS
10
2.6428175984251969
20
3.0790960236220473
11
2.6428175984251969
21
3.0809039763779529
0
LINE
8
BLACK
6
CONTINUOUS
10
2.6428175984251969
20
3.0809039763779529
11
2.6440960236220472
21
3.0821824015748032
0
LINE
8
BLACK
6
CONTINUOUS
10
2.6440960236220472
20
3.0821824015748032
11
2.645
21
3.0823622047244092
0
LINE
8
BLACK
6
CONTINUOUS
10
2.645
20
3.0823622047244092
11
2.6749999999999998
21
3.0823622047244092
0
LINE
8
BLACK
6
CONTINUOUS
10
2.6749999999999998
20
3.0823622047244092
11
2.6759039763779526
21
3.0821824015748032
0
LINE
8
BLACK
6
CONTINUOUS
10
1.9355779133858266
20
3.1263939763779525
11
1.9356759055118109
21
3.1263533858267718
0
LINE
8
BLACK
6
CONTINUOUS
10
1.9356759055118109
20
3.1263533858267718
11
1.9357817322834645
21
3.1263458661417323
0
LINE
8
BLACK
6
CONTINUOUS
10
1.9357817322834645
20
3.1263458661417323
11
1.9363223622047243
21
3.1261389763779528
0
LINE
8
BLACK
6
CONTINUOUS
10
1.9363223622047243
20
3.1261389763779528
11
1.9400718897637794
21
3.1242642125984252
0
LINE
8
BLACK
6
CONTINUOUS
10
1.9400718897637794
20
3.1242642125984252
11
1.9403198818897638
21
3.124108149606299
0
LINE
8
BLACK
6
CONTINUOUS
10
1.9403198818897638
20
3.124108149606299
11
1.9403918503937008
21
3.1240783070866143
0
LINE
8
BLACK
6
CONTINUOUS
10
1.9403918503937008
20
3.1240783070866143
11
1.9404727952755905
21
3.1240118503937007
0
LINE
8
BLACK
6
CONTINUOUS
10
1.9404727952755905
20
3.1240118503937007
11
1.9405617716535433
21
3.1239558661417322
0
LINE
8
BLACK
6
CONTINUOUS
10
1.9405617716535433
20
3.1239558661417322
11
1.9406129133858268
21
3.1238968897637793
0
LINE
8
BLACK
6
CONTINUOUS
10
1.9406129133858268
20
3.1238968897637793
11
1.9408392913385826
21
3.1237111023622046
0
LINE
8
BLACK
6
CONTINUOUS
10
1.9408392913385826
20
3.1237111023622046
11
1.9427140551181101
21
3.1218363385826771
0
LINE
8
BLACK
6
CONTINUOUS
10
1.9427140551181101
20
3.1218363385826771
11
1.9430812598425196
21
3.1213888976377953
0
LINE
8
BLACK
6
CONTINUOUS
10
1.9430812598425196
20
3.1213888976377953
11
1.9435221653543306
21
3.1203244881889765
0
LINE
8
BLACK
6
CONTINUOUS
10
1.9435221653543306
20
3.1203244881889765
11
1.9435221653543306
21
3.119172401574803
0
LINE
8
BLACK
6
CONTINUOUS
10
1.9435221653543306
20
3.119172401574803
11
1.9430812598425196
21
3.1181079921259842
0
LINE
8
BLACK
6
CONTINUOUS
10
1.9430812598425196
20
3.1181079921259842
11
1.9422665748031496
21
3.117293307086614
0
LINE
8
BLACK
6
CONTINUOUS
10
1.9422665748031496
20
3.117293307086614
11
1.9412021653543308
21
3.1168524015748029
0
LINE
8
BLACK
6
CONTINUOUS
10
1.9412021653543308
20
3.1168524015748029
11
1.9400500787401573
21
3.1168524015748029
0
LINE
8
BLACK
6
CONTINUOUS
10
1.9400500787401573
20
3.1168524015748029
11
1.9389856692913385
21
3.117293307086614
0
LINE
8
BLACK
6
CONTINUOUS
10
1.9389856692913385
20
3.117293307086614
11
1.9385382283464567
21
3.1176605118110237
0
LINE
8
BLACK
6
CONTINUOUS
10
1.9385382283464567
20
3.1176605118110237
11
1.9370022834645668
21
3.1191964566929133
0
LINE
8
BLACK
6
CONTINUOUS
10
1.9370022834645668
20
3.1191964566929133
11
1.9343048031496062
21
3.1205451968503937
0
LINE
8
BLACK
6
CONTINUOUS
10
1.9343048031496062
20
3.1205451968503937
11
1.9263250787401573
21
3.1205451968503937
0
LINE
8
BLACK
6
CONTINUOUS
10
1.9263250787401573
20
3.1205451968503937
11
1.9236275984251967
21
3.1191964566929133
0
LINE
8
BLACK
6
CONTINUOUS
10
1.9236275984251967
20
3.1191964566929133
11
1.9224304724409449
21
3.1179993307086615
0
LINE
8
BLACK
6
CONTINUOUS
10
1.9224304724409449
20
3.1179993307086615
11
1.9210817322834646
21
3.1153018503937009
0
LINE
8
BLACK
6
CONTINUOUS
10
1.9210817322834646
20
3.1153018503937009
11
1.9210817322834646
21
3.1127285433070866
0
LINE
8
BLACK
6
CONTINUOUS
10
1.9210817322834646
20
3.1127285433070866
11
1.9225845275590552
21
3.108220118110236
0
LINE
8
BLACK
6
CONTINUOUS
10
1.9225845275590552
20
3.108220118110236
11
1.9445888188976377
21
3.0862157874015748
0
LINE
8
BLACK
6
CONTINUOUS
10
1.9445888188976377
20
3.0862157874015748
11
1.9449560629921259
21
3.085768346456693
0
LINE
8
BLACK
6
CONTINUOUS
10
1.9449560629921259
20
3.085768346456693
11
1.9453969291338582
21
3.0847038976377954
0
LINE
8
BLACK
6
CONTINUOUS
10
1.9453969291338582
20
3.0847038976377954
11
1.9453969291338582
21
3.083551811023622
0
LINE
8
BLACK
6
CONTINUOUS
10
1.9453969291338582
20
3.083551811023622
11
1.9449560236220471
21
3.0824874015748032
0
LINE
8
BLACK
6
CONTINUOUS
10
1.9449560236220471
20
3.0824874015748032
11
1.9441413779527559
21
3.081672716535433
0
LINE
8
BLACK
6
CONTINUOUS
10
1.9441413779527559
20
3.081672716535433
11
1.9433887007874016
21
3.0813609842519685
0
LINE
8
BLACK
6
CONTINUOUS
10
1.9433887007874016
20
3.0813609842519685
11
1.9430769685039371
21
3.0812318503937006
0
LINE
8
BLACK
6
CONTINUOUS
10
1.9430769685039371
20
3.0812318503937006
11
1.942500905511811
21
3.0811751181102363
0
LINE
8
BLACK
6
CONTINUOUS
10
1.942500905511811
20
3.0811751181102363
11
1.9181289763779528
21
3.0811751181102363
0
LINE
8
BLACK
6
CONTINUOUS
10
1.9181289763779528
20
3.0811751181102363
11
1.9175529133858267
21
3.0812318503937006
0
LINE
8
BLACK
6
CONTINUOUS
10
1.9175529133858267
20
3.0812318503937006
11
1.9164885039370079
21
3.0816727559055117
0
LINE
8
BLACK
6
CONTINUOUS
10
1.9164885039370079
20
3.0816727559055117
11
1.9156738582677164
21
3.0824874015748032
0
LINE
8
BLACK
6
CONTINUOUS
10
1.9156738582677164
20
3.0824874015748032
11
1.9152329527559055
21
3.083551811023622
0
LINE
8
BLACK
6
CONTINUOUS
10
1.9152329527559055
20
3.083551811023622
11
1.9152329527559055
21
3.0847039370078742
0
LINE
8
BLACK
6
CONTINUOUS
10
1.9152329527559055
20
3.0847039370078742
11
1.9156738582677164
21
3.085768346456693
0
LINE
8
BLACK
6
CONTINUOUS
10
1.9156738582677164
20
3.085768346456693
11
1.9164885039370079
21
3.086582992125984
0
LINE
8
BLACK
6
CONTINUOUS
10
1.9164885039370079
20
3.086582992125984
11
1.9175529133858267
21
3.0870238976377951
0
LINE
8
BLACK
6
CONTINUOUS
10
1.9175529133858267
20
3.0870238976377951
11
1.9181289763779528
21
3.0870806299212599
0
LINE
8
BLACK
6
CONTINUOUS
10
1.9181289763779528
20
3.0870806299212599
11
1.9353723228346456
21
3.0870806299212599
0
LINE
8
BLACK
6
CONTINUOUS
10
1.9353723228346456
20
3.0870806299212599
11
1.9179158267716534
21
3.1045371653543308
0
LINE
8
BLACK
6
CONTINUOUS
10
1.9179158267716534
20
3.1045371653543308
11
1.917548622047244
21
3.1049846062992126
0
LINE
8
BLACK
6
CONTINUOUS
10
1.917548622047244
20
3.1049846062992126
11
1.9175079921259841
21
3.1050826771653544
0
LINE
8
BLACK
6
CONTINUOUS
10
1.9175079921259841
20
3.1050826771653544
11
1.9174385039370079
21
3.1051627952755907
0
LINE
8
BLACK
6
CONTINUOUS
10
1.9174385039370079
20
3.1051627952755907
11
1.9172025196850393
21
3.1056913385826772
0
LINE
8
BLACK
6
CONTINUOUS
10
1.9172025196850393
20
3.1056913385826772
11
1.9153277559055117
21
3.1113156299212599
0
LINE
8
BLACK
6
CONTINUOUS
10
1.9153277559055117
20
3.1113156299212599
11
1.9152627952755905
21
3.111601220472441
0
LINE
8
BLACK
6
CONTINUOUS
10
1.9152627952755905
20
3.111601220472441
11
1.9152329527559055
21
3.111673307086614
0
LINE
8
BLACK
6
CONTINUOUS
10
1.9152329527559055
20
3.111673307086614
11
1.9152226377952755
21
3.111777834645669
0
LINE
8
BLACK
6
CONTINUOUS
10
1.9152226377952755
20
3.111777834645669
11
1.9151994094488189
21
3.1118800787401573
0
LINE
8
BLACK
6
CONTINUOUS
10
1.9151994094488189
20
3.1118800787401573
11
1.9152049212598425
21
3.1119578346456693
0
LINE
8
BLACK
6
CONTINUOUS
10
1.9152049212598425
20
3.1119578346456693
11
1.915176220472441
21
3.1122493700787399
0
LINE
8
BLACK
6
CONTINUOUS
10
1.915176220472441
20
3.1122493700787399
11
1.915176220472441
21
3.115998897637795
0
LINE
8
BLACK
6
CONTINUOUS
10
1.915176220472441
20
3.115998897637795
11
1.9152329527559055
21
3.1165749606299213
0
LINE
8
BLACK
6
CONTINUOUS
10
1.9152329527559055
20
3.1165749606299213
11
1.9152735433070867
21
3.1166729921259844
0
LINE
8
BLACK
6
CONTINUOUS
10
1.9152735433070867
20
3.1166729921259844
11
1.915281062992126
21
3.116778779527559
0
LINE
8
BLACK
6
CONTINUOUS
10
1.915281062992126
20
3.116778779527559
11
1.9154879527559054
21
3.117319409448819
0
LINE
8
BLACK
6
CONTINUOUS
10
1.9154879527559054
20
3.117319409448819
11
1.917362716535433
21
3.1210689370078741
0
LINE
8
BLACK
6
CONTINUOUS
10
1.917362716535433
20
3.1210689370078741
11
1.917518779527559
21
3.1213169685039368
0
LINE
8
BLACK
6
CONTINUOUS
10
1.917518779527559
20
3.1213169685039368
11
1.917548622047244
21
3.1213888976377953
0
LINE
8
BLACK
6
CONTINUOUS
10
1.917548622047244
20
3.1213888976377953
11
1.9176150787401574
21
3.1214698818897637
0
LINE
8
BLACK
6
CONTINUOUS
10
1.9176150787401574
20
3.1214698818897637
11
1.9176710629921259
21
3.1215588188976375
0
LINE
8
BLACK
6
CONTINUOUS
10
1.9176710629921259
20
3.1215588188976375
11
1.9177300393700787
21
3.12161
0
LINE
8
BLACK
6
CONTINUOUS
10
1.9177300393700787
20
3.12161
11
1.9179158267716534
21
3.1218363385826771
0
LINE
8
BLACK
6
CONTINUOUS
10
1.9179158267716534
20
3.1218363385826771
11
1.919790590551181
21
3.1237111023622046
0
LINE
8
BLACK
6
CONTINUOUS
10
1.919790590551181
20
3.1237111023622046
11
1.9200169291338582
21
3.1238968897637793
0
LINE
8
BLACK
6
CONTINUOUS
10
1.9200169291338582
20
3.1238968897637793
11
1.9200681102362205
21
3.1239558661417322
0
LINE
8
BLACK
6
CONTINUOUS
10
1.9200681102362205
20
3.1239558661417322
11
1.9201570472440945
21
3.1240118503937007
0
LINE
8
BLACK
6
CONTINUOUS
10
1.9201570472440945
20
3.1240118503937007
11
1.920238031496063
21
3.1240783070866143
0
LINE
8
BLACK
6
CONTINUOUS
10
1.920238031496063
20
3.1240783070866143
11
1.9203099606299212
21
3.124108149606299
0
LINE
8
BLACK
6
CONTINUOUS
10
1.9203099606299212
20
3.124108149606299
11
1.9205579921259841
21
3.1242642125984252
0
LINE
8
BLACK
6
CONTINUOUS
10
1.9205579921259841
20
3.1242642125984252
11
1.9243075196850394
21
3.1261389763779528
0
LINE
8
BLACK
6
CONTINUOUS
10
1.9243075196850394
20
3.1261389763779528
11
1.9248481102362205
21
3.1263458661417323
0
LINE
8
BLACK
6
CONTINUOUS
10
1.9248481102362205
20
3.1263458661417323
11
1.9249539763779526
21
3.1263534251968501
0
LINE
8
BLACK
6
CONTINUOUS
10
1.9249539763779526
20
3.1263534251968501
11
1.9250519685039369
21
3.1263939763779525
0
LINE
8
BLACK
6
CONTINUOUS
10
1.9250519685039369
20
3.1263939763779525
11
1.925628031496063
21
3.1264507086614173
0
LINE
8
BLACK
6
CONTINUOUS
10
1.925628031496063
20
3.1264507086614173
11
1.9350018503937008
21
3.1264507086614173
0
LINE
8
BLACK
6
CONTINUOUS
10
1.9350018503937008
20
3.1264507086614173
11
1.9355779133858266
21
3.1263939763779525
0
LINE
8
BLACK
6
CONTINUOUS
10
1.9591395275590551
20
3.1259530708661418
11
1.9599541732283463
21
3.1251384251968504
0
LINE
8
BLACK
6
CONTINUOUS
10
1.9599541732283463
20
3.1251384251968504
11
1.9603950787401574
21
3.1240740157480316
0
LINE
8
BLACK
6
CONTINUOUS
10
1.9603950787401574
20
3.1240740157480316
11
1.960451811023622
21
3.1234979527559052
0
LINE
8
BLACK
6
CONTINUOUS
10
1.960451811023622
20
3.1234979527559052
11
1.960451811023622
21
3.0923240157480314
0
LINE
8
BLACK
6
CONTINUOUS
10
1.960451811023622
20
3.0923240157480314
11
1.9618005511811023
21
3.0896265354330708
0
LINE
8
BLACK
6
CONTINUOUS
10
1.9618005511811023
20
3.0896265354330708
11
1.9629976771653543
21
3.0884293700787402
0
LINE
8
BLACK
6
CONTINUOUS
10
1.9629976771653543
20
3.0884293700787402
11
1.965695157480315
21
3.0870806299212599
0
LINE
8
BLACK
6
CONTINUOUS
10
1.965695157480315
20
3.0870806299212599
11
1.9718001181102363
21
3.0870806299212599
0
LINE
8
BLACK
6
CONTINUOUS
10
1.9718001181102363
20
3.0870806299212599
11
1.9744975590551181
21
3.0884293700787402
0
LINE
8
BLACK
6
CONTINUOUS
10
1.9744975590551181
20
3.0884293700787402
11
1.97569468503937
21
3.0896265354330708
0
LINE
8
BLACK
6
CONTINUOUS
10
1.97569468503937
20
3.0896265354330708
11
1.977043464566929
21
3.0923240157480314
0
LINE
8
BLACK
6
CONTINUOUS
10
1.977043464566929
20
3.0923240157480314
11
1.977043464566929
21
3.1234979527559052
0
LINE
8
BLACK
6
CONTINUOUS
10
1.977043464566929
20
3.1234979527559052
11
1.9771001968503936
21
3.1240740157480316
0
LINE
8
BLACK
6
CONTINUOUS
10
1.9771001968503936
20
3.1240740157480316
11
1.9775411023622047
21
3.1251384251968504
0
LINE
8
BLACK
6
CONTINUOUS
10
1.9775411023622047
20
3.1251384251968504
11
1.9783557480314959
21
3.1259530708661418
0
LINE
8
BLACK
6
CONTINUOUS
10
1.9783557480314959
20
3.1259530708661418
11
1.979420157480315
21
3.1263939763779525
0
LINE
8
BLACK
6
CONTINUOUS
10
1.979420157480315
20
3.1263939763779525
11
1.9805722834645669
21
3.1263939763779525
0
LINE
8
BLACK
6
CONTINUOUS
10
1.9805722834645669
20
3.1263939763779525
11
1.9816366929133857
21
3.1259530708661418
0
LINE
8
BLACK
6
CONTINUOUS
10
1.9816366929133857
20
3.1259530708661418
11
1.9824513385826772
21
3.1251384251968504
0
LINE
8
BLACK
6
CONTINUOUS
10
1.9824513385826772
20
3.1251384251968504
11
1.9828922440944881
21
3.1240740157480316
0
LINE
8
BLACK
6
CONTINUOUS
10
1.9828922440944881
20
3.1240740157480316
11
1.9829489763779526
21
3.1234979527559052
0
LINE
8
BLACK
6
CONTINUOUS
10
1.9829489763779526
20
3.1234979527559052
11
1.9829489763779526
21
3.0916269685039368
0
LINE
8
BLACK
6
CONTINUOUS
10
1.9829489763779526
20
3.0916269685039368
11
1.9828922440944881
21
3.0910509055118109
0
LINE
8
BLACK
6
CONTINUOUS
10
1.9828922440944881
20
3.0910509055118109
11
1.9828516535433069
21
3.0909529527559054
0
LINE
8
BLACK
6
CONTINUOUS
10
1.9828516535433069
20
3.0909529527559054
11
1.9828441338582676
21
3.0908470472440945
0
LINE
8
BLACK
6
CONTINUOUS
10
1.9828441338582676
20
3.0908470472440945
11
1.9826372440944882
21
3.0903064566929133
0
LINE
8
BLACK
6
CONTINUOUS
10
1.9826372440944882
20
3.0903064566929133
11
1.9807624803149606
21
3.0865569291338582
0
LINE
8
BLACK
6
CONTINUOUS
10
1.9807624803149606
20
3.0865569291338582
11
1.9806064173228346
21
3.08630905511811
0
LINE
8
BLACK
6
CONTINUOUS
10
1.9806064173228346
20
3.08630905511811
11
1.9805766141732284
21
3.0862370078740158
0
LINE
8
BLACK
6
CONTINUOUS
10
1.9805766141732284
20
3.0862370078740158
11
1.9805100787401575
21
3.0861559842519686
0
LINE
8
BLACK
6
CONTINUOUS
10
1.9805100787401575
20
3.0861559842519686
11
1.9804541338582677
21
3.0860670472440943
0
LINE
8
BLACK
6
CONTINUOUS
10
1.9804541338582677
20
3.0860670472440943
11
1.9803951181102362
21
3.086015905511811
0
LINE
8
BLACK
6
CONTINUOUS
10
1.9803951181102362
20
3.086015905511811
11
1.9802093700787402
21
3.0857895275590552
0
LINE
8
BLACK
6
CONTINUOUS
10
1.9802093700787402
20
3.0857895275590552
11
1.9783346456692914
21
3.0839147637795277
0
LINE
8
BLACK
6
CONTINUOUS
10
1.9783346456692914
20
3.0839147637795277
11
1.9781082677165354
21
3.0837290157480313
0
LINE
8
BLACK
6
CONTINUOUS
10
1.9781082677165354
20
3.0837290157480313
11
1.9780570866141731
21
3.0836699606299214
0
LINE
8
BLACK
6
CONTINUOUS
10
1.9780570866141731
20
3.0836699606299214
11
1.9779681102362203
21
3.0836139763779529
0
LINE
8
BLACK
6
CONTINUOUS
10
1.9779681102362203
20
3.0836139763779529
11
1.9778871653543306
21
3.0835475196850393
0
LINE
8
BLACK
6
CONTINUOUS
10
1.9778871653543306
20
3.0835475196850393
11
1.9778151968503936
21
3.0835177165354328
0
LINE
8
BLACK
6
CONTINUOUS
10
1.9778151968503936
20
3.0835177165354328
11
1.9775672047244095
21
3.0833616141732283
0
LINE
8
BLACK
6
CONTINUOUS
10
1.9775672047244095
20
3.0833616141732283
11
1.9738176771653544
21
3.0814868503937007
0
LINE
8
BLACK
6
CONTINUOUS
10
1.9738176771653544
20
3.0814868503937007
11
1.9732770472440944
21
3.0812799606299213
0
LINE
8
BLACK
6
CONTINUOUS
10
1.9732770472440944
20
3.0812799606299213
11
1.973171220472441
21
3.0812724803149605
0
LINE
8
BLACK
6
CONTINUOUS
10
1.973171220472441
20
3.0812724803149605
11
1.9730732283464567
21
3.0812318503937006
0
LINE
8
BLACK
6
CONTINUOUS
10
1.9730732283464567
20
3.0812318503937006
11
1.9724971653543306
21
3.0811751181102363
0
LINE
8
BLACK
6
CONTINUOUS
10
1.9724971653543306
20
3.0811751181102363
11
1.9649981102362204
21
3.0811751181102363
0
LINE
8
BLACK
6
CONTINUOUS
10
1.9649981102362204
20
3.0811751181102363
11
1.9644220472440945
21
3.0812318503937006
0
LINE
8
BLACK
6
CONTINUOUS
10
1.9644220472440945
20
3.0812318503937006
11
1.9643240551181103
21
3.0812724409448817
0
LINE
8
BLACK
6
CONTINUOUS
10
1.9643240551181103
20
3.0812724409448817
11
1.9642181889763779
21
3.0812799606299213
0
LINE
8
BLACK
6
CONTINUOUS
10
1.9642181889763779
20
3.0812799606299213
11
1.9636775984251968
21
3.0814868503937007
0
LINE
8
BLACK
6
CONTINUOUS
10
1.9636775984251968
20
3.0814868503937007
11
1.9599280708661417
21
3.0833616141732283
0
LINE
8
BLACK
6
CONTINUOUS
10
1.9599280708661417
20
3.0833616141732283
11
1.9596800393700786
21
3.0835177165354328
0
LINE
8
BLACK
6
CONTINUOUS
10
1.9596800393700786
20
3.0835177165354328
11
1.9596081102362204
21
3.0835475196850393
0
LINE
8
BLACK
6
CONTINUOUS
10
1.9596081102362204
20
3.0835475196850393
11
1.9595271259842519
21
3.0836139763779529
0
LINE
8
BLACK
6
CONTINUOUS
10
1.9595271259842519
20
3.0836139763779529
11
1.9594381889763779
21
3.0836699606299214
0
LINE
8
BLACK
6
CONTINUOUS
10
1.9594381889763779
20
3.0836699606299214
11
1.9593869685039369
21
3.0837290157480313
0
LINE
8
BLACK
6
CONTINUOUS
10
1.9593869685039369
20
3.0837290157480313
11
1.9591606299212598
21
3.0839147637795277
0
LINE
8
BLACK
6
CONTINUOUS
10
1.9591606299212598
20
3.0839147637795277
11
1.9572858661417323
21
3.085789566929134
0
LINE
8
BLACK
6
CONTINUOUS
10
1.9572858661417323
20
3.085789566929134
11
1.9571001181102361
21
3.086015905511811
0
LINE
8
BLACK
6
CONTINUOUS
10
1.9571001181102361
20
3.086015905511811
11
1.9570411417322835
21
3.0860670472440943
0
LINE
8
BLACK
6
CONTINUOUS
10
1.9570411417322835
20
3.0860670472440943
11
1.956985157480315
21
3.0861559842519686
0
LINE
8
BLACK
6
CONTINUOUS
10
1.956985157480315
20
3.0861559842519686
11
1.9569186614173228
21
3.0862370078740158
0
LINE
8
BLACK
6
CONTINUOUS
10
1.9569186614173228
20
3.0862370078740158
11
1.9568888188976377
21
3.08630905511811
0
LINE
8
BLACK
6
CONTINUOUS
10
1.9568888188976377
20
3.08630905511811
11
1.9567327952755904
21
3.0865569291338582
0
LINE
8
BLACK
6
CONTINUOUS
10
1.9567327952755904
20
3.0865569291338582
11
1.9548580314960629
21
3.0903064566929133
0
LINE
8
BLACK
6
CONTINUOUS
10
1.9548580314960629
20
3.0903064566929133
11
1.9546511417322834
21
3.0908470866141733
0
LINE
8
BLACK
6
CONTINUOUS
10
1.9546511417322834
20
3.0908470866141733
11
1.9546436220472441
21
3.0909529133858267
0
LINE
8
BLACK
6
CONTINUOUS
10
1.9546436220472441
20
3.0909529133858267
11
1.954603031496063
21
3.0910509055118109
0
LINE
8
BLACK
6
CONTINUOUS
10
1.954603031496063
20
3.0910509055118109
11
1.9545462992125984
21
3.0916269685039368
0
LINE
8
BLACK
6
CONTINUOUS
10
1.9545462992125984
20
3.0916269685039368
11
1.9545462992125984
21
3.1234979527559052
0
LINE
8
BLACK
6
CONTINUOUS
10
1.9545462992125984
20
3.1234979527559052
11
1.954603031496063
21
3.1240740157480316
0
LINE
8
BLACK
6
CONTINUOUS
10
1.954603031496063
20
3.1240740157480316
11
1.955043937007874
21
3.1251384251968504
0
LINE
8
BLACK
6
CONTINUOUS
10
1.955043937007874
20
3.1251384251968504
11
1.9558585826771653
21
3.1259530708661418
0
LINE
8
BLACK
6
CONTINUOUS
10
1.9558585826771653
20
3.1259530708661418
11
1.9569229921259843
21
3.1263939763779525
0
LINE
8
BLACK
6
CONTINUOUS
10
1.9569229921259843
20
3.1263939763779525
11
1.9580751181102363
21
3.1263939763779525
0
LINE
8
BLACK
6
CONTINUOUS
10
1.9580751181102363
20
3.1263939763779525
11
1.9591395275590551
21
3.1259530708661418
0
LINE
8
BLACK
6
CONTINUOUS
10
2.0705760629921262
20
3.1024793700787403
11
2.071640472440945
21
3.1020384645669292
0
LINE
8
BLACK
6
CONTINUOUS
10
2.071640472440945
20
3.1020384645669292
11
2.072455118110236
21
3.1012238188976378
0
LINE
8
BLACK
6
CONTINUOUS
10
2.072455118110236
20
3.1012238188976378
11
2.0728960236220471
21
3.100159409448819
0
LINE
8
BLACK
6
CONTINUOUS
10
2.0728960236220471
20
3.100159409448819
11
2.0728960236220471
21
3.0990072834645668
0
LINE
8
BLACK
6
CONTINUOUS
10
2.0728960236220471
20
3.0990072834645668
11
2.072455118110236
21
3.097942874015748
0
LINE
8
BLACK
6
CONTINUOUS
10
2.072455118110236
20
3.097942874015748
11
2.071640472440945
21
3.0971282283464565
0
LINE
8
BLACK
6
CONTINUOUS
10
2.071640472440945
20
3.0971282283464565
11
2.0705760629921262
21
3.0966873228346454
0
LINE
8
BLACK
6
CONTINUOUS
10
2.0705760629921262
20
3.0966873228346454
11
2.0699999999999998
21
3.0966305905511811
0
LINE
8
BLACK
6
CONTINUOUS
10
2.0699999999999998
20
3.0966305905511811
11
2.0099999999999998
21
3.0966305905511811
0
LINE
8
BLACK
6
CONTINUOUS
10
2.0099999999999998
20
3.0966305905511811
11
2.0094239370078739
21
3.0966873228346454
0
LINE
8
BLACK
6
CONTINUOUS
10
2.0094239370078739
20
3.0966873228346454
11
2.0083595275590551
21
3.0971282283464565
0
LINE
8
BLACK
6
CONTINUOUS
10
2.0083595275590551
20
3.0971282283464565
11
2.0075448818897637
21
3.097942874015748
0
LINE
8
BLACK
6
CONTINUOUS
10
2.0075448818897637
20
3.097942874015748
11
2.0071039763779526
21
3.0990072834645668
0
LINE
8
BLACK
6
CONTINUOUS
10
2.0071039763779526
20
3.0990072834645668
11
2.0071039763779526
21
3.100159409448819
0
LINE
8
BLACK
6
CONTINUOUS
10
2.0071039763779526
20
3.100159409448819
11
2.0075448818897637
21
3.1012238188976378
0
LINE
8
BLACK
6
CONTINUOUS
10
2.0075448818897637
20
3.1012238188976378
11
2.0083595275590551
21
3.1020384645669292
0
LINE
8
BLACK
6
CONTINUOUS
10
2.0083595275590551
20
3.1020384645669292
11
2.0094239370078739
21
3.1024793700787403
0
LINE
8
BLACK
6
CONTINUOUS
10
2.0094239370078739
20
3.1024793700787403
11
2.0099999999999998
21
3.1025361023622047
0
LINE
8
BLACK
6
CONTINUOUS
10
2.0099999999999998
20
3.1025361023622047
11
2.0699999999999998
21
3.1025361023622047
0
LINE
8
BLACK
6
CONTINUOUS
10
2.0699999999999998
20
3.1025361023622047
11
2.0705760629921262
21
3.1024793700787403
0
LINE
8
BLACK
6
CONTINUOUS
10
1.8564157874015748
20
3.1376811023622047
11
1.8576942125984253
21
3.1364026771653544
0
LINE
8
BLACK
6
CONTINUOUS
10
1.8576942125984253
20
3.1364026771653544
11
1.8578740157480313
21
3.1354987007874016
0
LINE
8
BLACK
6
CONTINUOUS
10
1.8578740157480313
20
3.1354987007874016
11
1.8578740157480313
21
3.1319553937007871
0
LINE
8
BLACK
6
CONTINUOUS
10
1.8578740157480313
20
3.1319553937007871
11
2.0421259842519683
21
3.1319553937007871
0
LINE
8
BLACK
6
CONTINUOUS
10
2.0421259842519683
20
3.1319553937007871
11
2.0421259842519683
21
3.1354987007874016
0
LINE
8
BLACK
6
CONTINUOUS
10
2.0421259842519683
20
3.1354987007874016
11
2.0423057874015749
21
3.1364026771653544
0
LINE
8
BLACK
6
CONTINUOUS
10
2.0423057874015749
20
3.1364026771653544
11
2.0435842125984252
21
3.1376811023622047
0
LINE
8
BLACK
6
CONTINUOUS
10
2.0435842125984252
20
3.1376811023622047
11
2.0453921653543308
21
3.1376811023622047
0
LINE
8
BLACK
6
CONTINUOUS
10
2.0453921653543308
20
3.1376811023622047
11
2.0466705905511811
21
3.1364026771653544
0
LINE
8
BLACK
6
CONTINUOUS
10
2.0466705905511811
20
3.1364026771653544
11
2.0468503937007871
21
3.1354987007874016
0
LINE
8
BLACK
6
CONTINUOUS
10
2.0468503937007871
20
3.1354987007874016
11
2.0468503937007871
21
3.1295931889763779
0
LINE
8
BLACK
6
CONTINUOUS
10
2.0468503937007871
20
3.1295931889763779
11
2.0466705905511811
21
3.1286892125984251
0
LINE
8
BLACK
6
CONTINUOUS
10
2.0466705905511811
20
3.1286892125984251
11
2.0453921653543308
21
3.1274107874015749
0
LINE
8
BLACK
6
CONTINUOUS
10
2.0453921653543308
20
3.1274107874015749
11
2.044488188976378
21
3.1272309842519683
0
LINE
8
BLACK
6
CONTINUOUS
10
2.044488188976378
20
3.1272309842519683
11
1.8555118110236219
21
3.1272309842519683
0
LINE
8
BLACK
6
CONTINUOUS
10
1.8555118110236219
20
3.1272309842519683
11
1.8546078346456691
21
3.1274107874015749
0
LINE
8
BLACK
6
CONTINUOUS
10
1.8546078346456691
20
3.1274107874015749
11
1.8533294094488189
21
3.1286892125984251
0
LINE
8
BLACK
6
CONTINUOUS
10
1.8533294094488189
20
3.1286892125984251
11
1.8531496062992125
21
3.1295931889763779
0
LINE
8
BLACK
6
CONTINUOUS
10
1.8531496062992125
20
3.1295931889763779
11
1.8531496062992125
21
3.1331364960629919
0
LINE
8
BLACK
6
CONTINUOUS
10
1.8531496062992125
20
3.1331364960629919
11
1.7885826771653544
21
3.1331364960629919
0
LINE
8
BLACK
6
CONTINUOUS
10
1.7885826771653544
20
3.1331364960629919
11
1.7876787007874015
21
3.1333162992125985
0
LINE
8
BLACK
6
CONTINUOUS
10
1.7876787007874015
20
3.1333162992125985
11
1.786400275590551
21
3.1345947244094488
0
LINE
8
BLACK
6
CONTINUOUS
10
1.786400275590551
20
3.1345947244094488
11
1.786400275590551
21
3.1364026771653544
0
LINE
8
BLACK
6
CONTINUOUS
10
1.786400275590551
20
3.1364026771653544
11
1.7876787007874015
21
3.1376811023622047
0
LINE
8
BLACK
6
CONTINUOUS
10
1.7876787007874015
20
3.1376811023622047
11
1.7885826771653544
21
3.1378609055118107
0
LINE
8
BLACK
6
CONTINUOUS
10
1.7885826771653544
20
3.1378609055118107
11
1.8555118110236219
21
3.1378609055118107
0
LINE
8
BLACK
6
CONTINUOUS
10
1.8555118110236219
20
3.1378609055118107
11
1.8564157874015748
21
3.1376811023622047
0
LINE
8
BLACK
6
CONTINUOUS
10
2.6759039763779526
20
3.1421824015748032
11
2.6771824015748029
21
3.1409039763779525
0
LINE
8
BLACK
6
CONTINUOUS
10
2.6771824015748029
20
3.1409039763779525
11
2.6771824015748029
21
3.1390960236220473
0
LINE
8
BLACK
6
CONTINUOUS
10
2.6771824015748029
20
3.1390960236220473
11
2.6759039763779526
21
3.1378175984251966
0
LINE
8
BLACK
6
CONTINUOUS
10
2.6759039763779526
20
3.1378175984251966
11
2.6749999999999998
21
3.1376377952755905
0
LINE
8
BLACK
6
CONTINUOUS
10
2.6749999999999998
20
3.1376377952755905
11
2.645
21
3.1376377952755905
0
LINE
8
BLACK
6
CONTINUOUS
10
2.645
20
3.1376377952755905
11
2.6440960236220472
21
3.1378175984251966
0
LINE
8
BLACK
6
CONTINUOUS
10
2.6440960236220472
20
3.1378175984251966
11
2.6428175984251969
21
3.1390960236220473
0
LINE
8
BLACK
6
CONTINUOUS
10
2.6428175984251969
20
3.1390960236220473
11
2.6428175984251969
21
3.1409039763779525
0
LINE
8
BLACK
6
CONTINUOUS
10
2.6428175984251969
20
3.1409039763779525
11
2.6440960236220472
21
3.1421824015748032
0
LINE
8
BLACK
6
CONTINUOUS
10
2.6440960236220472
20
3.1421824015748032
11
2.645
21
3.1423622047244093
0
LINE
8
BLACK
6
CONTINUOUS
10
2.645
20
3.1423622047244093
11
2.6749999999999998
21
3.1423622047244093
0
LINE
8
BLACK
6
CONTINUOUS
10
2.6749999999999998
20
3.1423622047244093
11
2.6759039763779526
21
3.1421824015748032
0
LINE
8
BLACK
6
CONTINUOUS
10
2.6016404724409448
20
3.2424551181102363
11
2.6024551181102362
21
3.2416404724409449
0
LINE
8
BLACK
6
CONTINUOUS
10
2.6024551181102362
20
3.2416404724409449
11
2.6028960236220473
21
3.2405760629921261
0
LINE
8
BLACK
6
CONTINUOUS
10
2.6028960236220473
20
3.2405760629921261
11
2.6029527559055117
21
3.2399999999999998
0
LINE
8
BLACK
6
CONTINUOUS
10
2.6029527559055117
20
3.2399999999999998
11
2.6029527559055117
21
3.1799999999999997
0
LINE
8
BLACK
6
CONTINUOUS
10
2.6029527559055117
20
3.1799999999999997
11
2.6028960236220473
21
3.1794239370078738
0
LINE
8
BLACK
6
CONTINUOUS
10
2.6028960236220473
20
3.1794239370078738
11
2.6024551181102362
21
3.178359527559055
0
LINE
8
BLACK
6
CONTINUOUS
10
2.6024551181102362
20
3.178359527559055
11
2.6016404724409448
21
3.1775448818897636
0
LINE
8
BLACK
6
CONTINUOUS
10
2.6016404724409448
20
3.1775448818897636
11
2.600576062992126
21
3.1771039763779525
0
LINE
8
BLACK
6
CONTINUOUS
10
2.600576062992126
20
3.1771039763779525
11
2.5994239370078738
21
3.1771039763779525
0
LINE
8
BLACK
6
CONTINUOUS
10
2.5994239370078738
20
3.1771039763779525
11
2.598359527559055
21
3.1775448818897636
0
LINE
8
BLACK
6
CONTINUOUS
10
2.598359527559055
20
3.1775448818897636
11
2.5975448818897635
21
3.178359527559055
0
LINE
8
BLACK
6
CONTINUOUS
10
2.5975448818897635
20
3.178359527559055
11
2.5971039763779529
21
3.1794239370078738
0
LINE
8
BLACK
6
CONTINUOUS
10
2.5971039763779529
20
3.1794239370078738
11
2.5970472440944881
21
3.1799999999999997
0
LINE
8
BLACK
6
CONTINUOUS
10
2.5970472440944881
20
3.1799999999999997
11
2.5970472440944881
21
3.2399999999999998
0
LINE
8
BLACK
6
CONTINUOUS
10
2.5970472440944881
20
3.2399999999999998
11
2.5971039763779529
21
3.2405760629921261
0
LINE
8
BLACK
6
CONTINUOUS
10
2.5971039763779529
20
3.2405760629921261
11
2.5975448818897635
21
3.2416404724409449
0
LINE
8
BLACK
6
CONTINUOUS
10
2.5975448818897635
20
3.2416404724409449
11
2.598359527559055
21
3.2424551181102363
0
LINE
8
BLACK
6
CONTINUOUS
10
2.598359527559055
20
3.2424551181102363
11
2.5994239370078738
21
3.242896023622047
0
LINE
8
BLACK
6
CONTINUOUS
10
2.5994239370078738
20
3.242896023622047
11
2.600576062992126
21
3.242896023622047
0
LINE
8
BLACK
6
CONTINUOUS
10
2.600576062992126
20
3.242896023622047
11
2.6016404724409448
21
3.2424551181102363
0
LINE
8
BLACK
6
CONTINUOUS
10
2.7216404724409449
20
3.2424551181102363
11
2.7224551181102363
21
3.2416404724409449
0
LINE
8
BLACK
6
CONTINUOUS
10
2.7224551181102363
20
3.2416404724409449
11
2.722896023622047
21
3.2405760629921261
0
LINE
8
BLACK
6
CONTINUOUS
10
2.722896023622047
20
3.2405760629921261
11
2.7229527559055118
21
3.2399999999999998
0
LINE
8
BLACK
6
CONTINUOUS
10
2.7229527559055118
20
3.2399999999999998
11
2.7229527559055118
21
3.1799999999999997
0
LINE
8
BLACK
6
CONTINUOUS
10
2.7229527559055118
20
3.1799999999999997
11
2.722896023622047
21
3.1794239370078738
0
LINE
8
BLACK
6
CONTINUOUS
10
2.722896023622047
20
3.1794239370078738
11
2.7224551181102363
21
3.178359527559055
0
LINE
8
BLACK
6
CONTINUOUS
10
2.7224551181102363
20
3.178359527559055
11
2.7216404724409449
21
3.1775448818897636
0
LINE
8
BLACK
6
CONTINUOUS
10
2.7216404724409449
20
3.1775448818897636
11
2.7205760629921261
21
3.1771039763779525
0
LINE
8
BLACK
6
CONTINUOUS
10
2.7205760629921261
20
3.1771039763779525
11
2.7194239370078739
21
3.1771039763779525
0
LINE
8
BLACK
6
CONTINUOUS
10
2.7194239370078739
20
3.1771039763779525
11
2.7183595275590551
21
3.1775448818897636
0
LINE
8
BLACK
6
CONTINUOUS
10
2.7183595275590551
20
3.1775448818897636
11
2.7175448818897636
21
3.178359527559055
0
LINE
8
BLACK
6
CONTINUOUS
10
2.7175448818897636
20
3.178359527559055
11
2.7171039763779525
21
3.1794239370078738
0
LINE
8
BLACK
6
CONTINUOUS
10
2.7171039763779525
20
3.1794239370078738
11
2.7170472440944882
21
3.1799999999999997
0
LINE
8
BLACK
6
CONTINUOUS
10
2.7170472440944882
20
3.1799999999999997
11
2.7170472440944882
21
3.2399999999999998
0
LINE
8
BLACK
6
CONTINUOUS
10
2.7170472440944882
20
3.2399999999999998
11
2.7171039763779525
21
3.2405760629921261
0
LINE
8
BLACK
6
CONTINUOUS
10
2.7171039763779525
20
3.2405760629921261
11
2.7175448818897636
21
3.2416404724409449
0
LINE
8
BLACK
6
CONTINUOUS
10
2.7175448818897636
20
3.2416404724409449
11
2.7183595275590551
21
3.2424551181102363
0
LINE
8
BLACK
6
CONTINUOUS
10
2.7183595275590551
20
3.2424551181102363
11
2.7194239370078739
21
3.242896023622047
0
LINE
8
BLACK
6
CONTINUOUS
10
2.7194239370078739
20
3.242896023622047
11
2.7205760629921261
21
3.242896023622047
0
LINE
8
BLACK
6
CONTINUOUS
10
2.7205760629921261
20
3.242896023622047
11
2.7216404724409449
21
3.2424551181102363
0
LINE
8
BLACK
6
CONTINUOUS
10
2.6759039763779526
20
3.1821824015748033
11
2.6771824015748029
21
3.1809039763779525
0
LINE
8
BLACK
6
CONTINUOUS
10
2.6771824015748029
20
3.1809039763779525
11
2.6771824015748029
21
3.1790960236220474
0
LINE
8
BLACK
6
CONTINUOUS
10
2.6771824015748029
20
3.1790960236220474
11
2.6759039763779526
21
3.1778175984251966
0
LINE
8
BLACK
6
CONTINUOUS
10
2.6759039763779526
20
3.1778175984251966
11
2.6749999999999998
21
3.1776377952755905
0
LINE
8
BLACK
6
CONTINUOUS
10
2.6749999999999998
20
3.1776377952755905
11
2.645
21
3.1776377952755905
0
LINE
8
BLACK
6
CONTINUOUS
10
2.645
20
3.1776377952755905
11
2.6440960236220472
21
3.1778175984251966
0
LINE
8
BLACK
6
CONTINUOUS
10
2.6440960236220472
20
3.1778175984251966
11
2.6428175984251969
21
3.1790960236220474
0
LINE
8
BLACK
6
CONTINUOUS
10
2.6428175984251969
20
3.1790960236220474
11
2.6428175984251969
21
3.1809039763779525
0
LINE
8
BLACK
6
CONTINUOUS
10
2.6428175984251969
20
3.1809039763779525
11
2.6440960236220472
21
3.1821824015748033
0
LINE
8
BLACK
6
CONTINUOUS
10
2.6440960236220472
20
3.1821824015748033
11
2.645
21
3.1823622047244093
0
LINE
8
BLACK
6
CONTINUOUS
10
2.645
20
3.1823622047244093
11
2.6749999999999998
21
3.1823622047244093
0
LINE
8
BLACK
6
CONTINUOUS
10
2.6749999999999998
20
3.1823622047244093
11
2.6759039763779526
21
3.1821824015748033
0
LINE
8
BLACK
6
CONTINUOUS
10
2.6759039763779526
20
3.2421824015748029
11
2.6771824015748029
21
3.2409039763779526
0
LINE
8
BLACK
6
CONTINUOUS
10
2.6771824015748029
20
3.2409039763779526
11
2.6771824015748029
21
3.239096023622047
0
LINE
8
BLACK
6
CONTINUOUS
10
2.6771824015748029
20
3.239096023622047
11
2.6759039763779526
21
3.2378175984251967
0
LINE
8
BLACK
6
CONTINUOUS
10
2.6759039763779526
20
3.2378175984251967
11
2.6749999999999998
21
3.2376377952755906
0
LINE
8
BLACK
6
CONTINUOUS
10
2.6749999999999998
20
3.2376377952755906
11
2.645
21
3.2376377952755906
0
LINE
8
BLACK
6
CONTINUOUS
10
2.645
20
3.2376377952755906
11
2.6440960236220472
21
3.2378175984251967
0
LINE
8
BLACK
6
CONTINUOUS
10
2.6440960236220472
20
3.2378175984251967
11
2.6428175984251969
21
3.239096023622047
0
LINE
8
BLACK
6
CONTINUOUS
10
2.6428175984251969
20
3.239096023622047
11
2.6428175984251969
21
3.2409039763779526
0
LINE
8
BLACK
6
CONTINUOUS
10
2.6428175984251969
20
3.2409039763779526
11
2.6440960236220472
21
3.2421824015748029
0
LINE
8
BLACK
6
CONTINUOUS
10
2.6440960236220472
20
3.2421824015748029
11
2.645
21
3.2423622047244094
0
LINE
8
BLACK
6
CONTINUOUS
10
2.645
20
3.2423622047244094
11
2.6749999999999998
21
3.2423622047244094
0
LINE
8
BLACK
6
CONTINUOUS
10
2.6749999999999998
20
3.2423622047244094
11
2.6759039763779526
21
3.2421824015748029
0
LINE
8
BLACK
6
CONTINUOUS
10
2.6016404724409448
20
3.342455118110236
11
2.6024551181102362
21
3.341640472440945
0
LINE
8
BLACK
6
CONTINUOUS
10
2.6024551181102362
20
3.341640472440945
11
2.6028960236220473
21
3.3405760629921257
0
LINE
8
BLACK
6
CONTINUOUS
10
2.6028960236220473
20
3.3405760629921257
11
2.6029527559055117
21
3.3399999999999999
0
LINE
8
BLACK
6
CONTINUOUS
10
2.6029527559055117
20
3.3399999999999999
11
2.6029527559055117
21
3.2799999999999998
0
LINE
8
BLACK
6
CONTINUOUS
10
2.6029527559055117
20
3.2799999999999998
11
2.6028960236220473
21
3.2794239370078739
0
LINE
8
BLACK
6
CONTINUOUS
10
2.6028960236220473
20
3.2794239370078739
11
2.6024551181102362
21
3.2783595275590551
0
LINE
8
BLACK
6
CONTINUOUS
10
2.6024551181102362
20
3.2783595275590551
11
2.6016404724409448
21
3.2775448818897637
0
LINE
8
BLACK
6
CONTINUOUS
10
2.6016404724409448
20
3.2775448818897637
11
2.600576062992126
21
3.2771039763779526
0
LINE
8
BLACK
6
CONTINUOUS
10
2.600576062992126
20
3.2771039763779526
11
2.5994239370078738
21
3.2771039763779526
0
LINE
8
BLACK
6
CONTINUOUS
10
2.5994239370078738
20
3.2771039763779526
11
2.598359527559055
21
3.2775448818897637
0
LINE
8
BLACK
6
CONTINUOUS
10
2.598359527559055
20
3.2775448818897637
11
2.5975448818897635
21
3.2783595275590551
0
LINE
8
BLACK
6
CONTINUOUS
10
2.5975448818897635
20
3.2783595275590551
11
2.5971039763779529
21
3.2794239370078739
0
LINE
8
BLACK
6
CONTINUOUS
10
2.5971039763779529
20
3.2794239370078739
11
2.5970472440944881
21
3.2799999999999998
0
LINE
8
BLACK
6
CONTINUOUS
10
2.5970472440944881
20
3.2799999999999998
11
2.5970472440944881
21
3.3399999999999999
0
LINE
8
BLACK
6
CONTINUOUS
10
2.5970472440944881
20
3.3399999999999999
11
2.5971039763779529
21
3.3405760629921257
0
LINE
8
BLACK
6
CONTINUOUS
10
2.5971039763779529
20
3.3405760629921257
11
2.5975448818897635
21
3.341640472440945
0
LINE
8
BLACK
6
CONTINUOUS
10
2.5975448818897635
20
3.341640472440945
11
2.598359527559055
21
3.342455118110236
0
LINE
8
BLACK
6
CONTINUOUS
10
2.598359527559055
20
3.342455118110236
11
2.5994239370078738
21
3.3428960236220471
0
LINE
8
BLACK
6
CONTINUOUS
10
2.5994239370078738
20
3.3428960236220471
11
2.600576062992126
21
3.3428960236220471
0
LINE
8
BLACK
6
CONTINUOUS
10
2.600576062992126
20
3.3428960236220471
11
2.6016404724409448
21
3.342455118110236
0
LINE
8
BLACK
6
CONTINUOUS
10
2.7216404724409449
20
3.342455118110236
11
2.7224551181102363
21
3.341640472440945
0
LINE
8
BLACK
6
CONTINUOUS
10
2.7224551181102363
20
3.341640472440945
11
2.722896023622047
21
3.3405760629921257
0
LINE
8
BLACK
6
CONTINUOUS
10
2.722896023622047
20
3.3405760629921257
11
2.7229527559055118
21
3.3399999999999999
0
LINE
8
BLACK
6
CONTINUOUS
10
2.7229527559055118
20
3.3399999999999999
11
2.7229527559055118
21
3.2799999999999998
0
LINE
8
BLACK
6
CONTINUOUS
10
2.7229527559055118
20
3.2799999999999998
11
2.722896023622047
21
3.2794239370078739
0
LINE
8
BLACK
6
CONTINUOUS
10
2.722896023622047
20
3.2794239370078739
11
2.7224551181102363
21
3.2783595275590551
0
LINE
8
BLACK
6
CONTINUOUS
10
2.7224551181102363
20
3.2783595275590551
11
2.7216404724409449
21
3.2775448818897637
0
LINE
8
BLACK
6
CONTINUOUS
10
2.7216404724409449
20
3.2775448818897637
11
2.7205760629921261
21
3.2771039763779526
0
LINE
8
BLACK
6
CONTINUOUS
10
2.7205760629921261
20
3.2771039763779526
11
2.7194239370078739
21
3.2771039763779526
0
LINE
8
BLACK
6
CONTINUOUS
10
2.7194239370078739
20
3.2771039763779526
11
2.7183595275590551
21
3.2775448818897637
0
LINE
8
BLACK
6
CONTINUOUS
10
2.7183595275590551
20
3.2775448818897637
11
2.7175448818897636
21
3.2783595275590551
0
LINE
8
BLACK
6
CONTINUOUS
10
2.7175448818897636
20
3.2783595275590551
11
2.7171039763779525
21
3.2794239370078739
0
LINE
8
BLACK
6
CONTINUOUS
10
2.7171039763779525
20
3.2794239370078739
11
2.7170472440944882
21
3.2799999999999998
0
LINE
8
BLACK
6
CONTINUOUS
10
2.7170472440944882
20
3.2799999999999998
11
2.7170472440944882
21
3.3399999999999999
0
LINE
8
BLACK
6
CONTINUOUS
10
2.7170472440944882
20
3.3399999999999999
11
2.7171039763779525
21
3.3405760629921257
0
LINE
8
BLACK
6
CONTINUOUS
10
2.7171039763779525
20
3.3405760629921257
11
2.7175448818897636
21
3.341640472440945
0
LINE
8
BLACK
6
CONTINUOUS
10
2.7175448818897636
20
3.341640472440945
11
2.7183595275590551
21
3.342455118110236
0
LINE
8
BLACK
6
CONTINUOUS
10
2.7183595275590551
20
3.342455118110236
11
2.7194239370078739
21
3.3428960236220471
0
LINE
8
BLACK
6
CONTINUOUS
10
2.7194239370078739
20
3.3428960236220471
11
2.7205760629921261
21
3.3428960236220471
0
LINE
8
BLACK
6
CONTINUOUS
10
2.7205760629921261
20
3.3428960236220471
11
2.7216404724409449
21
3.342455118110236
0
LINE
8
BLACK
6
CONTINUOUS
10
2.6759039763779526
20
3.2821824015748029
11
2.6771824015748029
21
3.2809039763779526
0
LINE
8
BLACK
6
CONTINUOUS
10
2.6771824015748029
20
3.2809039763779526
11
2.6771824015748029
21
3.279096023622047
0
LINE
8
BLACK
6
CONTINUOUS
10
2.6771824015748029
20
3.279096023622047
11
2.6759039763779526
21
3.2778175984251967
0
LINE
8
BLACK
6
CONTINUOUS
10
2.6759039763779526
20
3.2778175984251967
11
2.6749999999999998
21
3.2776377952755906
0
LINE
8
BLACK
6
CONTINUOUS
10
2.6749999999999998
20
3.2776377952755906
11
2.645
21
3.2776377952755906
0
LINE
8
BLACK
6
CONTINUOUS
10
2.645
20
3.2776377952755906
11
2.6440960236220472
21
3.2778175984251967
0
LINE
8
BLACK
6
CONTINUOUS
10
2.6440960236220472
20
3.2778175984251967
11
2.6428175984251969
21
3.279096023622047
0
LINE
8
BLACK
6
CONTINUOUS
10
2.6428175984251969
20
3.279096023622047
11
2.6428175984251969
21
3.2809039763779526
0
LINE
8
BLACK
6
CONTINUOUS
10
2.6428175984251969
20
3.2809039763779526
11
2.6440960236220472
21
3.2821824015748029
0
LINE
8
BLACK
6
CONTINUOUS
10
2.6440960236220472
20
3.2821824015748029
11
2.645
21
3.2823622047244094
0
LINE
8
BLACK
6
CONTINUOUS
10
2.645
20
3.2823622047244094
11
2.6749999999999998
21
3.2823622047244094
0
LINE
8
BLACK
6
CONTINUOUS
10
2.6749999999999998
20
3.2823622047244094
11
2.6759039763779526
21
3.2821824015748029
0
LINE
8
BLACK
6
CONTINUOUS
10
2.0453921653543308
20
3.2892559055118111
11
2.0466705905511811
21
3.2879774803149604
0
LINE
8
BLACK
6
CONTINUOUS
10
2.0466705905511811
20
3.2879774803149604
11
2.0468503937007871
21
3.2870735039370076
0
LINE
8
BLACK
6
CONTINUOUS
10
2.0468503937007871
20
3.2870735039370076
11
2.0468503937007871
21
3.281167992125984
0
LINE
8
BLACK
6
CONTINUOUS
10
2.0468503937007871
20
3.281167992125984
11
2.0466705905511811
21
3.2802640157480316
0
LINE
8
BLACK
6
CONTINUOUS
10
2.0466705905511811
20
3.2802640157480316
11
2.0453921653543308
21
3.2789855905511809
0
LINE
8
BLACK
6
CONTINUOUS
10
2.0453921653543308
20
3.2789855905511809
11
2.0435842125984252
21
3.2789855905511809
0
LINE
8
BLACK
6
CONTINUOUS
10
2.0435842125984252
20
3.2789855905511809
11
2.0423057874015749
21
3.2802640157480316
0
LINE
8
BLACK
6
CONTINUOUS
10
2.0423057874015749
20
3.2802640157480316
11
2.0421259842519683
21
3.281167992125984
0
LINE
8
BLACK
6
CONTINUOUS
10
2.0421259842519683
20
3.281167992125984
11
2.0421259842519683
21
3.2847112992125984
0
LINE
8
BLACK
6
CONTINUOUS
10
2.0421259842519683
20
3.2847112992125984
11
1.8578740157480313
21
3.2847112992125984
0
LINE
8
BLACK
6
CONTINUOUS
10
1.8578740157480313
20
3.2847112992125984
11
1.8578740157480313
21
3.281167992125984
0
LINE
8
BLACK
6
CONTINUOUS
10
1.8578740157480313
20
3.281167992125984
11
1.8576942125984253
21
3.2802640157480316
0
LINE
8
BLACK
6
CONTINUOUS
10
1.8576942125984253
20
3.2802640157480316
11
1.8564157874015748
21
3.2789855905511809
0
LINE
8
BLACK
6
CONTINUOUS
10
1.8564157874015748
20
3.2789855905511809
11
1.8546078346456691
21
3.2789855905511809
0
LINE
8
BLACK
6
CONTINUOUS
10
1.8546078346456691
20
3.2789855905511809
11
1.8533294094488189
21
3.2802640157480316
0
LINE
8
BLACK
6
CONTINUOUS
10
1.8533294094488189
20
3.2802640157480316
11
1.8531496062992125
21
3.281167992125984
0
LINE
8
BLACK
6
CONTINUOUS
10
1.8531496062992125
20
3.281167992125984
11
1.8531496062992125
21
3.2870735039370076
0
LINE
8
BLACK
6
CONTINUOUS
10
1.8531496062992125
20
3.2870735039370076
11
1.8533294094488189
21
3.2879774803149604
0
LINE
8
BLACK
6
CONTINUOUS
10
1.8533294094488189
20
3.2879774803149604
11
1.8546078346456691
21
3.2892559055118111
0
LINE
8
BLACK
6
CONTINUOUS
10
1.8546078346456691
20
3.2892559055118111
11
1.8555118110236219
21
3.2894357086614172
0
LINE
8
BLACK
6
CONTINUOUS
10
1.8555118110236219
20
3.2894357086614172
11
2.044488188976378
21
3.2894357086614172
0
LINE
8
BLACK
6
CONTINUOUS
10
2.044488188976378
20
3.2894357086614172
11
2.0453921653543308
21
3.2892559055118111
0
LINE
8
BLACK
6
CONTINUOUS
10
2.6759039763779526
20
3.342182401574803
11
2.6771824015748029
21
3.3409039763779527
0
LINE
8
BLACK
6
CONTINUOUS
10
2.6771824015748029
20
3.3409039763779527
11
2.6771824015748029
21
3.339096023622047
0
LINE
8
BLACK
6
CONTINUOUS
10
2.6771824015748029
20
3.339096023622047
11
2.6759039763779526
21
3.3378175984251968
0
LINE
8
BLACK
6
CONTINUOUS
10
2.6759039763779526
20
3.3378175984251968
11
2.6749999999999998
21
3.3376377952755907
0
LINE
8
BLACK
6
CONTINUOUS
10
2.6749999999999998
20
3.3376377952755907
11
2.645
21
3.3376377952755907
0
LINE
8
BLACK
6
CONTINUOUS
10
2.645
20
3.3376377952755907
11
2.6440960236220472
21
3.3378175984251968
0
LINE
8
BLACK
6
CONTINUOUS
10
2.6440960236220472
20
3.3378175984251968
11
2.6428175984251969
21
3.339096023622047
0
LINE
8
BLACK
6
CONTINUOUS
10
2.6428175984251969
20
3.339096023622047
11
2.6428175984251969
21
3.3409039763779527
0
LINE
8
BLACK
6
CONTINUOUS
10
2.6428175984251969
20
3.3409039763779527
11
2.6440960236220472
21
3.342182401574803
0
LINE
8
BLACK
6
CONTINUOUS
10
2.6440960236220472
20
3.342182401574803
11
2.645
21
3.3423622047244095
0
LINE
8
BLACK
6
CONTINUOUS
10
2.645
20
3.3423622047244095
11
2.6749999999999998
21
3.3423622047244095
0
LINE
8
BLACK
6
CONTINUOUS
10
2.6749999999999998
20
3.3423622047244095
11
2.6759039763779526
21
3.342182401574803
0
LINE
8
BLACK
6
CONTINUOUS
10
2.0705760629921262
20
3.4028960236220471
11
2.071640472440945
21
3.402455118110236
0
LINE
8
BLACK
6
CONTINUOUS
10
2.071640472440945
20
3.402455118110236
11
2.072455118110236
21
3.4016404724409446
0
LINE
8
BLACK
6
CONTINUOUS
10
2.072455118110236
20
3.4016404724409446
11
2.0728960236220471
21
3.4005760629921258
0
LINE
8
BLACK
6
CONTINUOUS
10
2.0728960236220471
20
3.4005760629921258
11
2.0728960236220471
21
3.399423937007874
0
LINE
8
BLACK
6
CONTINUOUS
10
2.0728960236220471
20
3.399423937007874
11
2.072455118110236
21
3.3983595275590552
0
LINE
8
BLACK
6
CONTINUOUS
10
2.072455118110236
20
3.3983595275590552
11
2.071640472440945
21
3.3975448818897638
0
LINE
8
BLACK
6
CONTINUOUS
10
2.071640472440945
20
3.3975448818897638
11
2.0705760629921262
21
3.3971039763779527
0
LINE
8
BLACK
6
CONTINUOUS
10
2.0705760629921262
20
3.3971039763779527
11
2.0699999999999998
21
3.3970472440944883
0
LINE
8
BLACK
6
CONTINUOUS
10
2.0699999999999998
20
3.3970472440944883
11
2.0099999999999998
21
3.3970472440944883
0
LINE
8
BLACK
6
CONTINUOUS
10
2.0099999999999998
20
3.3970472440944883
11
2.0094239370078739
21
3.3971039763779527
0
LINE
8
BLACK
6
CONTINUOUS
10
2.0094239370078739
20
3.3971039763779527
11
2.0083595275590551
21
3.3975448818897638
0
LINE
8
BLACK
6
CONTINUOUS
10
2.0083595275590551
20
3.3975448818897638
11
2.0075448818897637
21
3.3983595275590552
0
LINE
8
BLACK
6
CONTINUOUS
10
2.0075448818897637
20
3.3983595275590552
11
2.0071039763779526
21
3.399423937007874
0
LINE
8
BLACK
6
CONTINUOUS
10
2.0071039763779526
20
3.399423937007874
11
2.0071039763779526
21
3.4005760629921258
0
LINE
8
BLACK
6
CONTINUOUS
10
2.0071039763779526
20
3.4005760629921258
11
2.0075448818897637
21
3.4016404724409446
0
LINE
8
BLACK
6
CONTINUOUS
10
2.0075448818897637
20
3.4016404724409446
11
2.0083595275590551
21
3.402455118110236
0
LINE
8
BLACK
6
CONTINUOUS
10
2.0083595275590551
20
3.402455118110236
11
2.0094239370078739
21
3.4028960236220471
0
LINE
8
BLACK
6
CONTINUOUS
10
2.0094239370078739
20
3.4028960236220471
11
2.0099999999999998
21
3.4029527559055119
0
LINE
8
BLACK
6
CONTINUOUS
10
2.0099999999999998
20
3.4029527559055119
11
2.0699999999999998
21
3.4029527559055119
0
LINE
8
BLACK
6
CONTINUOUS
10
2.0699999999999998
20
3.4029527559055119
11
2.0705760629921262
21
3.4028960236220471
0
LINE
8
BLACK
6
CONTINUOUS
10
2.0121824015748033
20
3.4759039763779529
11
2.0123622047244094
21
3.4750000000000001
0
LINE
8
BLACK
6
CONTINUOUS
10
2.0123622047244094
20
3.4750000000000001
11
2.0123622047244094
21
3.4449999999999998
0
LINE
8
BLACK
6
CONTINUOUS
10
2.0123622047244094
20
3.4449999999999998
11
2.0121824015748033
21
3.444096023622047
0
LINE
8
BLACK
6
CONTINUOUS
10
2.0121824015748033
20
3.444096023622047
11
2.0109039763779526
21
3.4428175984251967
0
LINE
8
BLACK
6
CONTINUOUS
10
2.0109039763779526
20
3.4428175984251967
11
2.009096023622047
21
3.4428175984251967
0
LINE
8
BLACK
6
CONTINUOUS
10
2.009096023622047
20
3.4428175984251967
11
2.0078175984251967
21
3.444096023622047
0
LINE
8
BLACK
6
CONTINUOUS
10
2.0078175984251967
20
3.444096023622047
11
2.0076377952755906
21
3.4449999999999998
0
LINE
8
BLACK
6
CONTINUOUS
10
2.0076377952755906
20
3.4449999999999998
11
2.0076377952755906
21
3.4750000000000001
0
LINE
8
BLACK
6
CONTINUOUS
10
2.0076377952755906
20
3.4750000000000001
11
2.0078175984251967
21
3.4759039763779529
0
LINE
8
BLACK
6
CONTINUOUS
10
2.0078175984251967
20
3.4759039763779529
11
2.009096023622047
21
3.4771824015748032
0
LINE
8
BLACK
6
CONTINUOUS
10
2.009096023622047
20
3.4771824015748032
11
2.0109039763779526
21
3.4771824015748032
0
LINE
8
BLACK
6
CONTINUOUS
10
2.0109039763779526
20
3.4771824015748032
11
2.0121824015748033
21
3.4759039763779529
0
LINE
8
BLACK
6
CONTINUOUS
10
2.0721824015748029
20
3.4759039763779529
11
2.0723622047244095
21
3.4750000000000001
0
LINE
8
BLACK
6
CONTINUOUS
10
2.0723622047244095
20
3.4750000000000001
11
2.0723622047244095
21
3.4449999999999998
0
LINE
8
BLACK
6
CONTINUOUS
10
2.0723622047244095
20
3.4449999999999998
11
2.0721824015748029
21
3.444096023622047
0
LINE
8
BLACK
6
CONTINUOUS
10
2.0721824015748029
20
3.444096023622047
11
2.0709039763779526
21
3.4428175984251967
0
LINE
8
BLACK
6
CONTINUOUS
10
2.0709039763779526
20
3.4428175984251967
11
2.069096023622047
21
3.4428175984251967
0
LINE
8
BLACK
6
CONTINUOUS
10
2.069096023622047
20
3.4428175984251967
11
2.0678175984251967
21
3.444096023622047
0
LINE
8
BLACK
6
CONTINUOUS
10
2.0678175984251967
20
3.444096023622047
11
2.0676377952755907
21
3.4449999999999998
0
LINE
8
BLACK
6
CONTINUOUS
10
2.0676377952755907
20
3.4449999999999998
11
2.0676377952755907
21
3.4750000000000001
0
LINE
8
BLACK
6
CONTINUOUS
10
2.0676377952755907
20
3.4750000000000001
11
2.0678175984251967
21
3.4759039763779529
0
LINE
8
BLACK
6
CONTINUOUS
10
2.0678175984251967
20
3.4759039763779529
11
2.069096023622047
21
3.4771824015748032
0
LINE
8
BLACK
6
CONTINUOUS
10
2.069096023622047
20
3.4771824015748032
11
2.0709039763779526
21
3.4771824015748032
0
LINE
8
BLACK
6
CONTINUOUS
10
2.0709039763779526
20
3.4771824015748032
11
2.0721824015748029
21
3.4759039763779529
0
LINE
8
BLACK
6
CONTINUOUS
10
1.9296643307086614
20
3.5480606299212596
11
1.929953622047244
21
3.5480606299212596
0
LINE
8
BLACK
6
CONTINUOUS
10
1.929953622047244
20
3.5480606299212596
11
1.9302237007874015
21
3.5479487795275588
0
LINE
8
BLACK
6
CONTINUOUS
10
1.9302237007874015
20
3.5479487795275588
11
1.9305103543307087
21
3.5478914173228344
0
LINE
8
BLACK
6
CONTINUOUS
10
1.9305103543307087
20
3.5478914173228344
11
1.9307507086614173
21
3.5477304724409446
0
LINE
8
BLACK
6
CONTINUOUS
10
1.9307507086614173
20
3.5477304724409446
11
1.931018031496063
21
3.5476197244094489
0
LINE
8
BLACK
6
CONTINUOUS
10
1.931018031496063
20
3.5476197244094489
11
1.9312247244094487
21
3.5474130314960628
0
LINE
8
BLACK
6
CONTINUOUS
10
1.9312247244094487
20
3.5474130314960628
11
1.9314676377952755
21
3.5472503543307088
0
LINE
8
BLACK
6
CONTINUOUS
10
1.9314676377952755
20
3.5472503543307088
11
1.9318306299212598
21
3.5468071259842517
0
LINE
8
BLACK
6
CONTINUOUS
10
1.9318306299212598
20
3.5468071259842517
11
1.9318326771653542
21
3.5468050787401575
0
LINE
8
BLACK
6
CONTINUOUS
10
1.9318326771653542
20
3.5468050787401575
11
1.931833031496063
21
3.5468042125984249
0
LINE
8
BLACK
6
CONTINUOUS
10
1.931833031496063
20
3.5468042125984249
11
1.9318344094488189
21
3.5468025196850395
0
LINE
8
BLACK
6
CONTINUOUS
10
1.9318344094488189
20
3.5468025196850395
11
1.9354217322834646
21
3.5414214960629922
0
LINE
8
BLACK
6
CONTINUOUS
10
1.9354217322834646
20
3.5414214960629922
11
1.9386257086614174
21
3.5382175196850394
0
LINE
8
BLACK
6
CONTINUOUS
10
1.9386257086614174
20
3.5382175196850394
11
1.941946653543307
21
3.5365570472440946
0
LINE
8
BLACK
6
CONTINUOUS
10
1.941946653543307
20
3.5365570472440946
11
1.9424365354330708
21
3.5362487007874015
0
LINE
8
BLACK
6
CONTINUOUS
10
1.9424365354330708
20
3.5362487007874015
11
1.9431913779527559
21
3.535378307086614
0
LINE
8
BLACK
6
CONTINUOUS
10
1.9431913779527559
20
3.535378307086614
11
1.9435557086614172
21
3.5342853543307085
0
LINE
8
BLACK
6
CONTINUOUS
10
1.9435557086614172
20
3.5342853543307085
11
1.9434740551181102
21
3.5331361417322835
0
LINE
8
BLACK
6
CONTINUOUS
10
1.9434740551181102
20
3.5331361417322835
11
1.9429587795275589
21
3.5321056299212596
0
LINE
8
BLACK
6
CONTINUOUS
10
1.9429587795275589
20
3.5321056299212596
11
1.9420884251968504
21
3.5313507874015748
0
LINE
8
BLACK
6
CONTINUOUS
10
1.9420884251968504
20
3.5313507874015748
11
1.9409954330708661
21
3.5309864566929132
0
LINE
8
BLACK
6
CONTINUOUS
10
1.9409954330708661
20
3.5309864566929132
11
1.9398462204724409
21
3.5310681102362205
0
LINE
8
BLACK
6
CONTINUOUS
10
1.9398462204724409
20
3.5310681102362205
11
1.9393056299212599
21
3.5312749999999999
0
LINE
8
BLACK
6
CONTINUOUS
10
1.9393056299212599
20
3.5312749999999999
11
1.9355561023622048
21
3.5331497637795275
0
LINE
8
BLACK
6
CONTINUOUS
10
1.9355561023622048
20
3.5331497637795275
11
1.9353082677165354
21
3.5333057874015745
0
LINE
8
BLACK
6
CONTINUOUS
10
1.9353082677165354
20
3.5333057874015745
11
1.9352361417322834
21
3.5333356299212597
0
LINE
8
BLACK
6
CONTINUOUS
10
1.9352361417322834
20
3.5333356299212597
11
1.9351549606299212
21
3.5334022440944879
0
LINE
8
BLACK
6
CONTINUOUS
10
1.9351549606299212
20
3.5334022440944879
11
1.9350662204724409
21
3.5334581102362206
0
LINE
8
BLACK
6
CONTINUOUS
10
1.9350662204724409
20
3.5334581102362206
11
1.9350150787401574
21
3.5335170472440942
0
LINE
8
BLACK
6
CONTINUOUS
10
1.9350150787401574
20
3.5335170472440942
11
1.9347887007874016
21
3.5337028740157481
0
LINE
8
BLACK
6
CONTINUOUS
10
1.9347887007874016
20
3.5337028740157481
11
1.9323303149606299
21
3.5361612598425194
0
LINE
8
BLACK
6
CONTINUOUS
10
1.9323303149606299
20
3.5361612598425194
11
1.9323303149606299
21
3.508747283464567
0
LINE
8
BLACK
6
CONTINUOUS
10
1.9323303149606299
20
3.508747283464567
11
1.9406261417322834
21
3.508747283464567
0
LINE
8
BLACK
6
CONTINUOUS
10
1.9406261417322834
20
3.508747283464567
11
1.9412022047244093
21
3.5086905511811022
0
LINE
8
BLACK
6
CONTINUOUS
10
1.9412022047244093
20
3.5086905511811022
11
1.9422666141732283
21
3.5082496456692911
0
LINE
8
BLACK
6
CONTINUOUS
10
1.9422666141732283
20
3.5082496456692911
11
1.9430812598425196
21
3.5074350000000001
0
LINE
8
BLACK
6
CONTINUOUS
10
1.9430812598425196
20
3.5074350000000001
11
1.9435221653543306
21
3.5063705905511808
0
LINE
8
BLACK
6
CONTINUOUS
10
1.9435221653543306
20
3.5063705905511808
11
1.9435221653543306
21
3.5052184645669291
0
LINE
8
BLACK
6
CONTINUOUS
10
1.9435221653543306
20
3.5052184645669291
11
1.9430812598425196
21
3.5041540551181103
0
LINE
8
BLACK
6
CONTINUOUS
10
1.9430812598425196
20
3.5041540551181103
11
1.9422666141732283
21
3.5033394094488188
0
LINE
8
BLACK
6
CONTINUOUS
10
1.9422666141732283
20
3.5033394094488188
11
1.9412022047244093
21
3.5028985039370077
0
LINE
8
BLACK
6
CONTINUOUS
10
1.9412022047244093
20
3.5028985039370077
11
1.9406261417322834
21
3.5028417716535434
0
LINE
8
BLACK
6
CONTINUOUS
10
1.9406261417322834
20
3.5028417716535434
11
1.9181289763779528
21
3.5028417716535434
0
LINE
8
BLACK
6
CONTINUOUS
10
1.9181289763779528
20
3.5028417716535434
11
1.9175529133858267
21
3.5028985039370077
0
LINE
8
BLACK
6
CONTINUOUS
10
1.9175529133858267
20
3.5028985039370077
11
1.9164885039370079
21
3.5033394094488188
0
LINE
8
BLACK
6
CONTINUOUS
10
1.9164885039370079
20
3.5033394094488188
11
1.9156738582677164
21
3.5041540551181103
0
LINE
8
BLACK
6
CONTINUOUS
10
1.9156738582677164
20
3.5041540551181103
11
1.9152329527559055
21
3.5052184645669291
0
LINE
8
BLACK
6
CONTINUOUS
10
1.9152329527559055
20
3.5052184645669291
11
1.9152329527559055
21
3.5063705905511808
0
LINE
8
BLACK
6
CONTINUOUS
10
1.9152329527559055
20
3.5063705905511808
11
1.9156738582677164
21
3.5074350000000001
0
LINE
8
BLACK
6
CONTINUOUS
10
1.9156738582677164
20
3.5074350000000001
11
1.9164885039370079
21
3.5082496456692911
0
LINE
8
BLACK
6
CONTINUOUS
10
1.9164885039370079
20
3.5082496456692911
11
1.9175529133858267
21
3.5086905511811022
0
LINE
8
BLACK
6
CONTINUOUS
10
1.9175529133858267
20
3.5086905511811022
11
1.9181289763779528
21
3.508747283464567
0
LINE
8
BLACK
6
CONTINUOUS
10
1.9181289763779528
20
3.508747283464567
11
1.9264248031496063
21
3.508747283464567
0
LINE
8
BLACK
6
CONTINUOUS
10
1.9264248031496063
20
3.508747283464567
11
1.9264248031496063
21
3.5451646062992124
0
LINE
8
BLACK
6
CONTINUOUS
10
1.9264248031496063
20
3.5451646062992124
11
1.9264250000000001
21
3.5451666929133858
0
LINE
8
BLACK
6
CONTINUOUS
10
1.9264250000000001
20
3.5451666929133858
11
1.9264248031496063
21
3.5451677165354329
0
LINE
8
BLACK
6
CONTINUOUS
10
1.9264248031496063
20
3.5451677165354329
11
1.9264253937007874
21
3.545170748031496
0
LINE
8
BLACK
6
CONTINUOUS
10
1.9264253937007874
20
3.545170748031496
11
1.9264815354330709
21
3.5457406692913387
0
LINE
8
BLACK
6
CONTINUOUS
10
1.9264815354330709
20
3.5457406692913387
11
1.9265933858267716
21
3.5460107874015749
0
LINE
8
BLACK
6
CONTINUOUS
10
1.9265933858267716
20
3.5460107874015749
11
1.9266507480314961
21
3.5462974015748032
0
LINE
8
BLACK
6
CONTINUOUS
10
1.9266507480314961
20
3.5462974015748032
11
1.9268116929133858
21
3.5465377952755905
0
LINE
8
BLACK
6
CONTINUOUS
10
1.9268116929133858
20
3.5465377952755905
11
1.9269224409448817
21
3.5468050787401575
0
LINE
8
BLACK
6
CONTINUOUS
10
1.9269224409448817
20
3.5468050787401575
11
1.9271291338582677
21
3.547011811023622
0
LINE
8
BLACK
6
CONTINUOUS
10
1.9271291338582677
20
3.547011811023622
11
1.9272918110236219
21
3.5472546850393698
0
LINE
8
BLACK
6
CONTINUOUS
10
1.9272918110236219
20
3.5472546850393698
11
1.9275325196850392
21
3.5474151968503937
0
LINE
8
BLACK
6
CONTINUOUS
10
1.9275325196850392
20
3.5474151968503937
11
1.9277370866141732
21
3.5476197244094489
0
LINE
8
BLACK
6
CONTINUOUS
10
1.9277370866141732
20
3.5476197244094489
11
1.9280071653543307
21
3.5477316141732285
0
LINE
8
BLACK
6
CONTINUOUS
10
1.9280071653543307
20
3.5477316141732285
11
1.9282504330708661
21
3.5478937795275591
0
LINE
8
BLACK
6
CONTINUOUS
10
1.9282504330708661
20
3.5478937795275591
11
1.9285342125984251
21
3.5479499212598427
0
LINE
8
BLACK
6
CONTINUOUS
10
1.9285342125984251
20
3.5479499212598427
11
1.928801496062992
21
3.5480606299212596
0
LINE
8
BLACK
6
CONTINUOUS
10
1.928801496062992
20
3.5480606299212596
11
1.9290938976377952
21
3.5480606299212596
0
LINE
8
BLACK
6
CONTINUOUS
10
1.9290938976377952
20
3.5480606299212596
11
1.9293806692913384
21
3.5481173622047244
0
LINE
8
BLACK
6
CONTINUOUS
10
1.9293806692913384
20
3.5481173622047244
11
1.9296643307086614
21
3.5480606299212596
0
LINE
8
BLACK
6
CONTINUOUS
10
1.9591395275590551
20
3.5476197244094489
11
1.9599541732283463
21
3.5468050787401575
0
LINE
8
BLACK
6
CONTINUOUS
10
1.9599541732283463
20
3.5468050787401575
11
1.9603950787401574
21
3.5457406692913387
0
LINE
8
BLACK
6
CONTINUOUS
10
1.9603950787401574
20
3.5457406692913387
11
1.960451811023622
21
3.5451646062992124
0
LINE
8
BLACK
6
CONTINUOUS
10
1.960451811023622
20
3.5451646062992124
11
1.960451811023622
21
3.5139906692913385
0
LINE
8
BLACK
6
CONTINUOUS
10
1.960451811023622
20
3.5139906692913385
11
1.9618005511811023
21
3.5112931889763779
0
LINE
8
BLACK
6
CONTINUOUS
10
1.9618005511811023
20
3.5112931889763779
11
1.9629976771653543
21
3.5100960236220473
0
LINE
8
BLACK
6
CONTINUOUS
10
1.9629976771653543
20
3.5100960236220473
11
1.965695157480315
21
3.508747283464567
0
LINE
8
BLACK
6
CONTINUOUS
10
1.965695157480315
20
3.508747283464567
11
1.9718001181102363
21
3.508747283464567
0
LINE
8
BLACK
6
CONTINUOUS
10
1.9718001181102363
20
3.508747283464567
11
1.9744975590551181
21
3.5100960236220473
0
LINE
8
BLACK
6
CONTINUOUS
10
1.9744975590551181
20
3.5100960236220473
11
1.97569468503937
21
3.5112931889763779
0
LINE
8
BLACK
6
CONTINUOUS
10
1.97569468503937
20
3.5112931889763779
11
1.977043464566929
21
3.5139906692913385
0
LINE
8
BLACK
6
CONTINUOUS
10
1.977043464566929
20
3.5139906692913385
11
1.977043464566929
21
3.5451646062992124
0
LINE
8
BLACK
6
CONTINUOUS
10
1.977043464566929
20
3.5451646062992124
11
1.9771001968503936
21
3.5457406692913387
0
LINE
8
BLACK
6
CONTINUOUS
10
1.9771001968503936
20
3.5457406692913387
11
1.9775411023622047
21
3.5468050787401575
0
LINE
8
BLACK
6
CONTINUOUS
10
1.9775411023622047
20
3.5468050787401575
11
1.9783557480314959
21
3.5476197244094489
0
LINE
8
BLACK
6
CONTINUOUS
10
1.9783557480314959
20
3.5476197244094489
11
1.979420157480315
21
3.5480606299212596
0
LINE
8
BLACK
6
CONTINUOUS
10
1.979420157480315
20
3.5480606299212596
11
1.9805722834645669
21
3.5480606299212596
0
LINE
8
BLACK
6
CONTINUOUS
10
1.9805722834645669
20
3.5480606299212596
11
1.9816366929133857
21
3.5476197244094489
0
LINE
8
BLACK
6
CONTINUOUS
10
1.9816366929133857
20
3.5476197244094489
11
1.9824513385826772
21
3.5468050787401575
0
LINE
8
BLACK
6
CONTINUOUS
10
1.9824513385826772
20
3.5468050787401575
11
1.9828922440944881
21
3.5457406692913387
0
LINE
8
BLACK
6
CONTINUOUS
10
1.9828922440944881
20
3.5457406692913387
11
1.9829489763779526
21
3.5451646062992124
0
LINE
8
BLACK
6
CONTINUOUS
10
1.9829489763779526
20
3.5451646062992124
11
1.9829489763779526
21
3.5132936220472439
0
LINE
8
BLACK
6
CONTINUOUS
10
1.9829489763779526
20
3.5132936220472439
11
1.9828922440944881
21
3.5127175590551181
0
LINE
8
BLACK
6
CONTINUOUS
10
1.9828922440944881
20
3.5127175590551181
11
1.9828516535433069
21
3.5126196062992125
0
LINE
8
BLACK
6
CONTINUOUS
10
1.9828516535433069
20
3.5126196062992125
11
1.9828441338582676
21
3.5125137007874017
0
LINE
8
BLACK
6
CONTINUOUS
10
1.9828441338582676
20
3.5125137007874017
11
1.9826372440944882
21
3.5119731102362204
0
LINE
8
BLACK
6
CONTINUOUS
10
1.9826372440944882
20
3.5119731102362204
11
1.9807624803149606
21
3.5082235826771653
0
LINE
8
BLACK
6
CONTINUOUS
10
1.9807624803149606
20
3.5082235826771653
11
1.9806064173228346
21
3.5079757086614172
0
LINE
8
BLACK
6
CONTINUOUS
10
1.9806064173228346
20
3.5079757086614172
11
1.9805766141732284
21
3.5079036614173229
0
LINE
8
BLACK
6
CONTINUOUS
10
1.9805766141732284
20
3.5079036614173229
11
1.9805100787401575
21
3.5078226377952757
0
LINE
8
BLACK
6
CONTINUOUS
10
1.9805100787401575
20
3.5078226377952757
11
1.9804541338582677
21
3.5077337007874014
0
LINE
8
BLACK
6
CONTINUOUS
10
1.9804541338582677
20
3.5077337007874014
11
1.9803951181102362
21
3.5076825590551182
0
LINE
8
BLACK
6
CONTINUOUS
10
1.9803951181102362
20
3.5076825590551182
11
1.9802093700787402
21
3.5074561811023619
0
LINE
8
BLACK
6
CONTINUOUS
10
1.9802093700787402
20
3.5074561811023619
11
1.9783346456692914
21
3.5055814173228343
0
LINE
8
BLACK
6
CONTINUOUS
10
1.9783346456692914
20
3.5055814173228343
11
1.9781082677165354
21
3.5053956692913384
0
LINE
8
BLACK
6
CONTINUOUS
10
1.9781082677165354
20
3.5053956692913384
11
1.9780570866141731
21
3.5053366141732281
0
LINE
8
BLACK
6
CONTINUOUS
10
1.9780570866141731
20
3.5053366141732281
11
1.9779681102362203
21
3.5052806299212595
0
LINE
8
BLACK
6
CONTINUOUS
10
1.9779681102362203
20
3.5052806299212595
11
1.9778871653543306
21
3.5052141732283464
0
LINE
8
BLACK
6
CONTINUOUS
10
1.9778871653543306
20
3.5052141732283464
11
1.9778151968503936
21
3.50518437007874
0
LINE
8
BLACK
6
CONTINUOUS
10
1.9778151968503936
20
3.50518437007874
11
1.9775672047244095
21
3.5050282677165354
0
LINE
8
BLACK
6
CONTINUOUS
10
1.9775672047244095
20
3.5050282677165354
11
1.9738176771653544
21
3.5031535039370079
0
LINE
8
BLACK
6
CONTINUOUS
10
1.9738176771653544
20
3.5031535039370079
11
1.9732770472440944
21
3.5029466141732284
0
LINE
8
BLACK
6
CONTINUOUS
10
1.9732770472440944
20
3.5029466141732284
11
1.973171220472441
21
3.5029391338582676
0
LINE
8
BLACK
6
CONTINUOUS
10
1.973171220472441
20
3.5029391338582676
11
1.9730732283464567
21
3.5028985039370077
0
LINE
8
BLACK
6
CONTINUOUS
10
1.9730732283464567
20
3.5028985039370077
11
1.9724971653543306
21
3.5028417716535434
0
LINE
8
BLACK
6
CONTINUOUS
10
1.9724971653543306
20
3.5028417716535434
11
1.9649981102362204
21
3.5028417716535434
0
LINE
8
BLACK
6
CONTINUOUS
10
1.9649981102362204
20
3.5028417716535434
11
1.9644220472440945
21
3.5028985039370077
0
LINE
8
BLACK
6
CONTINUOUS
10
1.9644220472440945
20
3.5028985039370077
11
1.9643240551181103
21
3.5029390944881889
0
LINE
8
BLACK
6
CONTINUOUS
10
1.9643240551181103
20
3.5029390944881889
11
1.9642181889763779
21
3.5029466141732284
0
LINE
8
BLACK
6
CONTINUOUS
10
1.9642181889763779
20
3.5029466141732284
11
1.9636775984251968
21
3.5031535039370079
0
LINE
8
BLACK
6
CONTINUOUS
10
1.9636775984251968
20
3.5031535039370079
11
1.9599280708661417
21
3.5050282677165354
0
LINE
8
BLACK
6
CONTINUOUS
10
1.9599280708661417
20
3.5050282677165354
11
1.9596800393700786
21
3.50518437007874
0
LINE
8
BLACK
6
CONTINUOUS
10
1.9596800393700786
20
3.50518437007874
11
1.9596081102362204
21
3.5052141732283464
0
LINE
8
BLACK
6
CONTINUOUS
10
1.9596081102362204
20
3.5052141732283464
11
1.9595271259842519
21
3.5052806299212595
0
LINE
8
BLACK
6
CONTINUOUS
10
1.9595271259842519
20
3.5052806299212595
11
1.9594381889763779
21
3.5053366141732281
0
LINE
8
BLACK
6
CONTINUOUS
10
1.9594381889763779
20
3.5053366141732281
11
1.9593869685039369
21
3.5053956692913384
0
LINE
8
BLACK
6
CONTINUOUS
10
1.9593869685039369
20
3.5053956692913384
11
1.9591606299212598
21
3.5055814173228343
0
LINE
8
BLACK
6
CONTINUOUS
10
1.9591606299212598
20
3.5055814173228343
11
1.9572858661417323
21
3.5074562204724407
0
LINE
8
BLACK
6
CONTINUOUS
10
1.9572858661417323
20
3.5074562204724407
11
1.9571001181102361
21
3.5076825590551182
0
LINE
8
BLACK
6
CONTINUOUS
10
1.9571001181102361
20
3.5076825590551182
11
1.9570411417322835
21
3.5077337007874014
0
LINE
8
BLACK
6
CONTINUOUS
10
1.9570411417322835
20
3.5077337007874014
11
1.956985157480315
21
3.5078226377952757
0
LINE
8
BLACK
6
CONTINUOUS
10
1.956985157480315
20
3.5078226377952757
11
1.9569186614173228
21
3.5079036614173229
0
LINE
8
BLACK
6
CONTINUOUS
10
1.9569186614173228
20
3.5079036614173229
11
1.9568888188976377
21
3.5079757086614172
0
LINE
8
BLACK
6
CONTINUOUS
10
1.9568888188976377
20
3.5079757086614172
11
1.9567327952755904
21
3.5082235826771653
0
LINE
8
BLACK
6
CONTINUOUS
10
1.9567327952755904
20
3.5082235826771653
11
1.9548580314960629
21
3.5119731102362204
0
LINE
8
BLACK
6
CONTINUOUS
10
1.9548580314960629
20
3.5119731102362204
11
1.9546511417322834
21
3.5125137401574804
0
LINE
8
BLACK
6
CONTINUOUS
10
1.9546511417322834
20
3.5125137401574804
11
1.9546436220472441
21
3.5126195669291338
0
LINE
8
BLACK
6
CONTINUOUS
10
1.9546436220472441
20
3.5126195669291338
11
1.954603031496063
21
3.5127175590551181
0
LINE
8
BLACK
6
CONTINUOUS
10
1.954603031496063
20
3.5127175590551181
11
1.9545462992125984
21
3.5132936220472439
0
LINE
8
BLACK
6
CONTINUOUS
10
1.9545462992125984
20
3.5132936220472439
11
1.9545462992125984
21
3.5451646062992124
0
LINE
8
BLACK
6
CONTINUOUS
10
1.9545462992125984
20
3.5451646062992124
11
1.954603031496063
21
3.5457406692913387
0
LINE
8
BLACK
6
CONTINUOUS
10
1.954603031496063
20
3.5457406692913387
11
1.955043937007874
21
3.5468050787401575
0
LINE
8
BLACK
6
CONTINUOUS
10
1.955043937007874
20
3.5468050787401575
11
1.9558585826771653
21
3.5476197244094489
0
LINE
8
BLACK
6
CONTINUOUS
10
1.9558585826771653
20
3.5476197244094489
11
1.9569229921259843
21
3.5480606299212596
0
LINE
8
BLACK
6
CONTINUOUS
10
1.9569229921259843
20
3.5480606299212596
11
1.9580751181102363
21
3.5480606299212596
0
LINE
8
BLACK
6
CONTINUOUS
10
1.9580751181102363
20
3.5480606299212596
11
1.9591395275590551
21
3.5476197244094489
0
LINE
8
BLACK
6
CONTINUOUS
10
2.0705760629921262
20
3.5228960236220472
11
2.071640472440945
21
3.5224551181102361
0
LINE
8
BLACK
6
CONTINUOUS
10
2.071640472440945
20
3.5224551181102361
11
2.072455118110236
21
3.5216404724409447
0
LINE
8
BLACK
6
CONTINUOUS
10
2.072455118110236
20
3.5216404724409447
11
2.0728960236220471
21
3.5205760629921259
0
LINE
8
BLACK
6
CONTINUOUS
10
2.0728960236220471
20
3.5205760629921259
11
2.0728960236220471
21
3.5194239370078741
0
LINE
8
BLACK
6
CONTINUOUS
10
2.0728960236220471
20
3.5194239370078741
11
2.072455118110236
21
3.5183595275590549
0
LINE
8
BLACK
6
CONTINUOUS
10
2.072455118110236
20
3.5183595275590549
11
2.071640472440945
21
3.5175448818897639
0
LINE
8
BLACK
6
CONTINUOUS
10
2.071640472440945
20
3.5175448818897639
11
2.0705760629921262
21
3.5171039763779528
0
LINE
8
BLACK
6
CONTINUOUS
10
2.0705760629921262
20
3.5171039763779528
11
2.0699999999999998
21
3.517047244094488
0
LINE
8
BLACK
6
CONTINUOUS
10
2.0699999999999998
20
3.517047244094488
11
2.0099999999999998
21
3.517047244094488
0
LINE
8
BLACK
6
CONTINUOUS
10
2.0099999999999998
20
3.517047244094488
11
2.0094239370078739
21
3.5171039763779528
0
LINE
8
BLACK
6
CONTINUOUS
10
2.0094239370078739
20
3.5171039763779528
11
2.0083595275590551
21
3.5175448818897639
0
LINE
8
BLACK
6
CONTINUOUS
10
2.0083595275590551
20
3.5175448818897639
11
2.0075448818897637
21
3.5183595275590549
0
LINE
8
BLACK
6
CONTINUOUS
10
2.0075448818897637
20
3.5183595275590549
11
2.0071039763779526
21
3.5194239370078741
0
LINE
8
BLACK
6
CONTINUOUS
10
2.0071039763779526
20
3.5194239370078741
11
2.0071039763779526
21
3.5205760629921259
0
LINE
8
BLACK
6
CONTINUOUS
10
2.0071039763779526
20
3.5205760629921259
11
2.0075448818897637
21
3.5216404724409447
0
LINE
8
BLACK
6
CONTINUOUS
10
2.0075448818897637
20
3.5216404724409447
11
2.0083595275590551
21
3.5224551181102361
0
LINE
8
BLACK
6
CONTINUOUS
10
2.0083595275590551
20
3.5224551181102361
11
2.0094239370078739
21
3.5228960236220472
0
LINE
8
BLACK
6
CONTINUOUS
10
2.0094239370078739
20
3.5228960236220472
11
2.0099999999999998
21
3.5229527559055116
0
LINE
8
BLACK
6
CONTINUOUS
10
2.0099999999999998
20
3.5229527559055116
11
2.0699999999999998
21
3.5229527559055116
0
LINE
8
BLACK
6
CONTINUOUS
10
2.0699999999999998
20
3.5229527559055116
11
2.0705760629921262
21
3.5228960236220472
0
LINE
8
BLACK
6
CONTINUOUS
10
1.8564157874015748
20
3.5593477559055118
11
1.8576942125984253
21
3.5580693307086615
0
LINE
8
BLACK
6
CONTINUOUS
10
1.8576942125984253
20
3.5580693307086615
11
1.8578740157480313
21
3.5571653543307087
0
LINE
8
BLACK
6
CONTINUOUS
10
1.8578740157480313
20
3.5571653543307087
11
1.8578740157480313
21
3.5536220472440943
0
LINE
8
BLACK
6
CONTINUOUS
10
1.8578740157480313
20
3.5536220472440943
11
2.0421259842519683
21
3.5536220472440943
0
LINE
8
BLACK
6
CONTINUOUS
10
2.0421259842519683
20
3.5536220472440943
11
2.0421259842519683
21
3.5571653543307087
0
LINE
8
BLACK
6
CONTINUOUS
10
2.0421259842519683
20
3.5571653543307087
11
2.0423057874015749
21
3.5580693307086615
0
LINE
8
BLACK
6
CONTINUOUS
10
2.0423057874015749
20
3.5580693307086615
11
2.0435842125984252
21
3.5593477559055118
0
LINE
8
BLACK
6
CONTINUOUS
10
2.0435842125984252
20
3.5593477559055118
11
2.0453921653543308
21
3.5593477559055118
0
LINE
8
BLACK
6
CONTINUOUS
10
2.0453921653543308
20
3.5593477559055118
11
2.0466705905511811
21
3.5580693307086615
0
LINE
8
BLACK
6
CONTINUOUS
10
2.0466705905511811
20
3.5580693307086615
11
2.0468503937007871
21
3.5571653543307087
0
LINE
8
BLACK
6
CONTINUOUS
10
2.0468503937007871
20
3.5571653543307087
11
2.0468503937007871
21
3.5512598425196851
0
LINE
8
BLACK
6
CONTINUOUS
10
2.0468503937007871
20
3.5512598425196851
11
2.0466705905511811
21
3.5503558661417323
0
LINE
8
BLACK
6
CONTINUOUS
10
2.0466705905511811
20
3.5503558661417323
11
2.0453921653543308
21
3.549077440944882
0
LINE
8
BLACK
6
CONTINUOUS
10
2.0453921653543308
20
3.549077440944882
11
2.044488188976378
21
3.5488976377952755
0
LINE
8
BLACK
6
CONTINUOUS
10
2.044488188976378
20
3.5488976377952755
11
1.8555118110236219
21
3.5488976377952755
0
LINE
8
BLACK
6
CONTINUOUS
10
1.8555118110236219
20
3.5488976377952755
11
1.8546078346456691
21
3.549077440944882
0
LINE
8
BLACK
6
CONTINUOUS
10
1.8546078346456691
20
3.549077440944882
11
1.8533294094488189
21
3.5503558661417323
0
LINE
8
BLACK
6
CONTINUOUS
10
1.8533294094488189
20
3.5503558661417323
11
1.8531496062992125
21
3.5512598425196851
0
LINE
8
BLACK
6
CONTINUOUS
10
1.8531496062992125
20
3.5512598425196851
11
1.8531496062992125
21
3.5548031496062991
0
LINE
8
BLACK
6
CONTINUOUS
10
1.8531496062992125
20
3.5548031496062991
11
1.7885826771653544
21
3.5548031496062991
0
LINE
8
BLACK
6
CONTINUOUS
10
1.7885826771653544
20
3.5548031496062991
11
1.7876787007874015
21
3.5549829527559056
0
LINE
8
BLACK
6
CONTINUOUS
10
1.7876787007874015
20
3.5549829527559056
11
1.786400275590551
21
3.5562613779527559
0
LINE
8
BLACK
6
CONTINUOUS
10
1.786400275590551
20
3.5562613779527559
11
1.786400275590551
21
3.5580693307086615
0
LINE
8
BLACK
6
CONTINUOUS
10
1.786400275590551
20
3.5580693307086615
11
1.7876787007874015
21
3.5593477559055118
0
LINE
8
BLACK
6
CONTINUOUS
10
1.7876787007874015
20
3.5593477559055118
11
1.7885826771653544
21
3.5595275590551179
0
LINE
8
BLACK
6
CONTINUOUS
10
1.7885826771653544
20
3.5595275590551179
11
1.8555118110236219
21
3.5595275590551179
0
LINE
8
BLACK
6
CONTINUOUS
10
1.8555118110236219
20
3.5595275590551179
11
1.8564157874015748
21
3.5593477559055118
0
LINE
8
BLACK
6
CONTINUOUS
10
2.0453921653543308
20
3.7109225590551178
11
2.0466705905511811
21
3.7096441338582675
0
LINE
8
BLACK
6
CONTINUOUS
10
2.0466705905511811
20
3.7096441338582675
11
2.0468503937007871
21
3.7087401574803147
0
LINE
8
BLACK
6
CONTINUOUS
10
2.0468503937007871
20
3.7087401574803147
11
2.0468503937007871
21
3.7028346456692911
0
LINE
8
BLACK
6
CONTINUOUS
10
2.0468503937007871
20
3.7028346456692911
11
2.0466705905511811
21
3.7019306692913383
0
LINE
8
BLACK
6
CONTINUOUS
10
2.0466705905511811
20
3.7019306692913383
11
2.0453921653543308
21
3.700652244094488
0
LINE
8
BLACK
6
CONTINUOUS
10
2.0453921653543308
20
3.700652244094488
11
2.0435842125984252
21
3.700652244094488
0
LINE
8
BLACK
6
CONTINUOUS
10
2.0435842125984252
20
3.700652244094488
11
2.0423057874015749
21
3.7019306692913383
0
LINE
8
BLACK
6
CONTINUOUS
10
2.0423057874015749
20
3.7019306692913383
11
2.0421259842519683
21
3.7028346456692911
0
LINE
8
BLACK
6
CONTINUOUS
10
2.0421259842519683
20
3.7028346456692911
11
2.0421259842519683
21
3.7063779527559055
0
LINE
8
BLACK
6
CONTINUOUS
10
2.0421259842519683
20
3.7063779527559055
11
1.8578740157480313
21
3.7063779527559055
0
LINE
8
BLACK
6
CONTINUOUS
10
1.8578740157480313
20
3.7063779527559055
11
1.8578740157480313
21
3.7028346456692911
0
LINE
8
BLACK
6
CONTINUOUS
10
1.8578740157480313
20
3.7028346456692911
11
1.8576942125984253
21
3.7019306692913383
0
LINE
8
BLACK
6
CONTINUOUS
10
1.8576942125984253
20
3.7019306692913383
11
1.8564157874015748
21
3.700652244094488
0
LINE
8
BLACK
6
CONTINUOUS
10
1.8564157874015748
20
3.700652244094488
11
1.8546078346456691
21
3.700652244094488
0
LINE
8
BLACK
6
CONTINUOUS
10
1.8546078346456691
20
3.700652244094488
11
1.8533294094488189
21
3.7019306692913383
0
LINE
8
BLACK
6
CONTINUOUS
10
1.8533294094488189
20
3.7019306692913383
11
1.8531496062992125
21
3.7028346456692911
0
LINE
8
BLACK
6
CONTINUOUS
10
1.8531496062992125
20
3.7028346456692911
11
1.8531496062992125
21
3.7087401574803147
0
LINE
8
BLACK
6
CONTINUOUS
10
1.8531496062992125
20
3.7087401574803147
11
1.8533294094488189
21
3.7096441338582675
0
LINE
8
BLACK
6
CONTINUOUS
10
1.8533294094488189
20
3.7096441338582675
11
1.8546078346456691
21
3.7109225590551178
0
LINE
8
BLACK
6
CONTINUOUS
10
1.8546078346456691
20
3.7109225590551178
11
1.8555118110236219
21
3.7111023622047243
0
LINE
8
BLACK
6
CONTINUOUS
10
1.8555118110236219
20
3.7111023622047243
11
2.044488188976378
21
3.7111023622047243
0
LINE
8
BLACK
6
CONTINUOUS
10
2.044488188976378
20
3.7111023622047243
11
2.0453921653543308
21
3.7109225590551178
0
CIRCLE
8
BLACK
10
0.430240157480315
20
2.8954330708661415
40
0.0068897637795276
0
CIRCLE
8
BLACK
10
0.6270905511811024
20
2.8954330708661415
40
0.0068897637795276
0
CIRCLE
8
BLACK
10
2.7999999999999998
20
3.6000000000000001
40
0.0068897637795276
0
CIRCLE
8
BLACK
10
0.430240157480315
20
2.698582677165354
40
0.0068897637795276
0
CIRCLE
8
BLACK
10
0.6270905511811024
20
2.698582677165354
40
0.0068897637795276
0
CIRCLE
8
BLACK
10
2.7999999999999998
20
0.4
40
0.0068897637795276
0
CIRCLE
8
BLACK
10
2.7794389763779526
20
0.8154330708661417
40
0.0068897637795276
0
CIRCLE
8
BLACK
10
2.5825885826771655
20
0.8154330708661417
40
0.0068897637795276
0
CIRCLE
8
BLACK
10
1.3385826771653544
20
1.8718223622047243
40
0.0068897637795276
0
CIRCLE
8
BLACK
10
1.5354330708661417
20
1.8718223622047243
40
0.0068897637795276
0
CIRCLE
8
BLACK
10
0.430240157480315
20
3.2891338582677165
40
0.0068897637795276
0
CIRCLE
8
BLACK
10
0.6270905511811024
20
3.2891338582677165
40
0.0068897637795276
0
CIRCLE
8
BLACK
10
2.7794389763779526
20
1.0122834645669292
40
0.0068897637795276
0
CIRCLE
8
BLACK
10
2.5825885826771655
20
1.0122834645669292
40
0.0068897637795276
0
CIRCLE
8
BLACK
10
0.430240157480315
20
2.108031496062992
40
0.0068897637795276
0
CIRCLE
8
BLACK
10
0.6270905511811024
20
2.108031496062992
40
0.0068897637795276
0
CIRCLE
8
BLACK
10
0.878267716535433
20
0.6369291338582677
40
0.0068897637795276
0
CIRCLE
8
BLACK
10
0.878267716535433
20
0.5030708661417322
40
0.0068897637795276
0
CIRCLE
8
BLACK
10
1.261732283464567
20
0.6369291338582677
40
0.0068897637795276
0
CIRCLE
8
BLACK
10
1.261732283464567
20
0.5030708661417322
40
0.0068897637795276
0
CIRCLE
8
BLACK
10
0.430240157480315
20
1.1237795275590552
40
0.0068897637795276
0
CIRCLE
8
BLACK
10
0.6270905511811024
20
1.1237795275590552
40
0.0068897637795276
0
CIRCLE
8
BLACK
10
1.3385826771653544
20
3.1254359055118108
40
0.0068897637795276
0
CIRCLE
8
BLACK
10
1.5354330708661417
20
3.1254359055118108
40
0.0068897637795276
0
CIRCLE
8
BLACK
10
2.7825590551181101
20
1.2130708661417322
40
0.0068897637795276
0
CIRCLE
8
BLACK
10
2.5857086614173226
20
1.2130708661417322
40
0.0068897637795276
0
CIRCLE
8
BLACK
10
2.4100000000000001
20
3.3100000000000001
40
0.0068897637795276
0
CIRCLE
8
BLACK
10
2.5099999999999998
20
3.3100000000000001
40
0.0068897637795276
0
CIRCLE
8
BLACK
10
2.4100000000000001
20
3.21
40
0.0068897637795276
0
CIRCLE
8
BLACK
10
2.5099999999999998
20
3.21
40
0.0068897637795276
0
CIRCLE
8
BLACK
10
2.4100000000000001
20
3.1099999999999999
40
0.0068897637795276
0
CIRCLE
8
BLACK
10
2.5099999999999998
20
3.1099999999999999
40
0.0068897637795276
0
CIRCLE
8
BLACK
10
2.4100000000000001
20
3.0099999999999998
40
0.0068897637795276
0
CIRCLE
8
BLACK
10
2.5099999999999998
20
3.0099999999999998
40
0.0068897637795276
0
CIRCLE
8
BLACK
10
2.4100000000000001
20
2.9100000000000001
40
0.0068897637795276
0
CIRCLE
8
BLACK
10
2.5099999999999998
20
2.9100000000000001
40
0.0068897637795276
0
CIRCLE
8
BLACK
10
2.4100000000000001
20
2.8100000000000001
40
0.0068897637795276
0
CIRCLE
8
BLACK
10
2.5099999999999998
20
2.8100000000000001
40
0.0068897637795276
0
CIRCLE
8
BLACK
10
2.4100000000000001
20
2.71
40
0.0068897637795276
0
CIRCLE
8
BLACK
10
2.5099999999999998
20
2.71
40
0.0068897637795276
0
CIRCLE
8
BLACK
10
0.430240157480315
20
2.501732283464567
40
0.0068897637795276
0
CIRCLE
8
BLACK
10
0.6270905511811024
20
2.501732283464567
40
0.0068897637795276
0
CIRCLE
8
BLACK
10
0.430240157480315
20
1.7143307086614172
40
0.0068897637795276
0
CIRCLE
8
BLACK
10
0.6270905511811024
20
1.7143307086614172
40
0.0068897637795276
0
CIRCLE
8
BLACK
10
0.4
20
0.4
40
0.0068897637795276
0
CIRCLE
8
BLACK
10
1.3385826771653544
20
1.4539511811023622
40
0.0068897637795276
0
CIRCLE
8
BLACK
10
1.5354330708661417
20
1.4539511811023622
40
0.0068897637795276
0
CIRCLE
8
BLACK
10
2.7825590551181101
20
1.4099212598425197
40
0.0068897637795276
0
CIRCLE
8
BLACK
10
2.5857086614173226
20
1.4099212598425197
40
0.0068897637795276
0
CIRCLE
8
BLACK
10
1.3385826771653544
20
3.5433070866141732
40
0.0068897637795276
0
CIRCLE
8
BLACK
10
1.5354330708661417
20
3.5433070866141732
40
0.0068897637795276
0
CIRCLE
8
BLACK
10
0.430240157480315
20
1.51748031496063
40
0.0068897637795276
0
CIRCLE
8
BLACK
10
0.6270905511811024
20
1.51748031496063
40
0.0068897637795276
0
CIRCLE
8
BLACK
10
0.4
20
3.6000000000000001
40
0.0068897637795276
0
CIRCLE
8
BLACK
10
0.430240157480315
20
3.092283464566929
40
0.0068897637795276
0
CIRCLE
8
BLACK
10
0.6270905511811024
20
3.092283464566929
40
0.0068897637795276
0
CIRCLE
8
BLACK
10
1.981732283464567
20
0.5030708661417322
40
0.0068897637795276
0
CIRCLE
8
BLACK
10
1.981732283464567
20
0.6369291338582677
40
0.0068897637795276
0
CIRCLE
8
BLACK
10
1.5982677165354331
20
0.5030708661417322
40
0.0068897637795276
0
CIRCLE
8
BLACK
10
1.5982677165354331
20
0.6369291338582677
40
0.0068897637795276
0
CIRCLE
8
BLACK
10
1.3385826771653544
20
2.707564724409449
40
0.0068897637795276
0
CIRCLE
8
BLACK
10
1.5354330708661417
20
2.707564724409449
40
0.0068897637795276
0
CIRCLE
8
BLACK
10
2.7059055118110233
20
2.3153543307086615
40
0.0068897637795276
0
CIRCLE
8
BLACK
10
2.8059055118110234
20
2.3153543307086615
40
0.0068897637795276
0
CIRCLE
8
BLACK
10
2.7059055118110233
20
2.2153543307086614
40
0.0068897637795276
0
CIRCLE
8
BLACK
10
2.8059055118110234
20
2.2153543307086614
40
0.0068897637795276
0
CIRCLE
8
BLACK
10
2.7059055118110233
20
2.1153543307086613
40
0.0068897637795276
0
CIRCLE
8
BLACK
10
2.8059055118110234
20
2.1153543307086613
40
0.0068897637795276
0
CIRCLE
8
BLACK
10
2.7059055118110233
20
2.0153543307086612
40
0.0068897637795276
0
CIRCLE
8
BLACK
10
2.8059055118110234
20
2.0153543307086612
40
0.0068897637795276
0
CIRCLE
8
BLACK
10
1.3385826771653544
20
1.0360799999999999
40
0.0068897637795276
0
CIRCLE
8
BLACK
10
1.5354330708661417
20
1.0360799999999999
40
0.0068897637795276
0
CIRCLE
8
BLACK
10
0.430240157480315
20
2.3048818897637795
40
0.0068897637795276
0
CIRCLE
8
BLACK
10
0.6270905511811024
20
2.3048818897637795
40
0.0068897637795276
0
CIRCLE
8
BLACK
10
2.4696850393700789
20
2.3153543307086615
40
0.0068897637795276
0
CIRCLE
8
BLACK
10
2.5696850393700785
20
2.3153543307086615
40
0.0068897637795276
0
CIRCLE
8
BLACK
10
2.4696850393700789
20
2.2153543307086614
40
0.0068897637795276
0
CIRCLE
8
BLACK
10
2.5696850393700785
20
2.2153543307086614
40
0.0068897637795276
0
CIRCLE
8
BLACK
10
2.4696850393700789
20
2.1153543307086613
40
0.0068897637795276
0
CIRCLE
8
BLACK
10
2.5696850393700785
20
2.1153543307086613
40
0.0068897637795276
0
CIRCLE
8
BLACK
10
2.4696850393700789
20
2.0153543307086612
40
0.0068897637795276
0
CIRCLE
8
BLACK
10
2.5696850393700785
20
2.0153543307086612
40
0.0068897637795276
0
CIRCLE
8
BLACK
10
0.430240157480315
20
1.3206299212598425
40
0.0068897637795276
0
CIRCLE
8
BLACK
10
0.6270905511811024
20
1.3206299212598425
40
0.0068897637795276
0
CIRCLE
8
BLACK
10
1.3385826771653544
20
2.2896935433070866
40
0.0068897637795276
0
CIRCLE
8
BLACK
10
1.5354330708661417
20
2.2896935433070866
40
0.0068897637795276
0
CIRCLE
8
BLACK
10
0.430240157480315
20
1.9111811023622047
40
0.0068897637795276
0
CIRCLE
8
BLACK
10
0.6270905511811024
20
1.9111811023622047
40
0.0068897637795276
0
CIRCLE
8
BLACK
10
2.9100000000000001
20
2.9399999999999999
40
0.0068897637795276
0
CIRCLE
8
BLACK
10
2.8100000000000001
20
2.9399999999999999
40
0.0068897637795276
0
CIRCLE
8
BLACK
10
2.9100000000000001
20
3.04
40
0.0068897637795276
0
CIRCLE
8
BLACK
10
2.8100000000000001
20
3.04
40
0.0068897637795276
0
CIRCLE
8
BLACK
10
2.9100000000000001
20
3.1400000000000001
40
0.0068897637795276
0
CIRCLE
8
BLACK
10
2.8100000000000001
20
3.1400000000000001
40
0.0068897637795276
0
CIRCLE
8
BLACK
10
1.8799999999999999
20
2.1699999999999999
40
0.0068897637795276
0
CIRCLE
8
BLACK
10
2.4149015748031495
20
1.2268503937007873
40
0.0068897637795276
0
CIRCLE
8
BLACK
10
2.3823129921259842
20
0.8396062992125984
40
0.0068897637795276
0
CIRCLE
8
BLACK
10
1.8799999999999999
20
3.0099999999999998
40
0.0068897637795276
0
CIRCLE
8
BLACK
10
1.8799999999999999
20
0.91
40
0.0068897637795276
0
CIRCLE
8
BLACK
10
1.8799999999999999
20
1.3300000000000001
40
0.0068897637795276
0
CIRCLE
8
BLACK
10
1.8799999999999999
20
2.5899999999999999
40
0.0068897637795276
0
CIRCLE
8
BLACK
10
1.8799999999999999
20
1.75
40
0.0068897637795276
0
CIRCLE
8
BLACK
10
1.8799999999999999
20
3.4299999999999997
40
0.0068897637795276
0
CIRCLE
8
BLACK
10
0.430240157480315
20
2.8954330708661415
40
0.0068897637795276
0
CIRCLE
8
BLACK
10
0.6270905511811024
20
2.8954330708661415
40
0.0068897637795276
0
CIRCLE
8
BLACK
10
2.7999999999999998
20
3.6000000000000001
40
0.0068897637795276
0
CIRCLE
8
BLACK
10
0.430240157480315
20
2.698582677165354
40
0.0068897637795276
0
CIRCLE
8
BLACK
10
0.6270905511811024
20
2.698582677165354
40
0.0068897637795276
0
CIRCLE
8
BLACK
10
2.7999999999999998
20
0.4
40
0.0068897637795276
0
CIRCLE
8
BLACK
10
2.7794389763779526
20
0.8154330708661417
40
0.0068897637795276
0
CIRCLE
8
BLACK
10
2.5825885826771655
20
0.8154330708661417
40
0.0068897637795276
0
CIRCLE
8
BLACK
10
1.3385826771653544
20
1.8718223622047243
40
0.0068897637795276
0
CIRCLE
8
BLACK
10
1.5354330708661417
20
1.8718223622047243
40
0.0068897637795276
0
CIRCLE
8
BLACK
10
0.430240157480315
20
3.2891338582677165
40
0.0068897637795276
0
CIRCLE
8
BLACK
10
0.6270905511811024
20
3.2891338582677165
40
0.0068897637795276
0
CIRCLE
8
BLACK
10
2.7794389763779526
20
1.0122834645669292
40
0.0068897637795276
0
CIRCLE
8
BLACK
10
2.5825885826771655
20
1.0122834645669292
40
0.0068897637795276
0
CIRCLE
8
BLACK
10
0.430240157480315
20
2.108031496062992
40
0.0068897637795276
0
CIRCLE
8
BLACK
10
0.6270905511811024
20
2.108031496062992
40
0.0068897637795276
0
CIRCLE
8
BLACK
10
0.878267716535433
20
0.6369291338582677
40
0.0068897637795276
0
CIRCLE
8
BLACK
10
0.878267716535433
20
0.5030708661417322
40
0.0068897637795276
0
CIRCLE
8
BLACK
10
1.261732283464567
20
0.6369291338582677
40
0.0068897637795276
0
CIRCLE
8
BLACK
10
1.261732283464567
20
0.5030708661417322
40
0.0068897637795276
0
CIRCLE
8
BLACK
10
0.430240157480315
20
1.1237795275590552
40
0.0068897637795276
0
CIRCLE
8
BLACK
10
0.6270905511811024
20
1.1237795275590552
40
0.0068897637795276
0
CIRCLE
8
BLACK
10
1.3385826771653544
20
3.1254359055118108
40
0.0068897637795276
0
CIRCLE
8
BLACK
10
1.5354330708661417
20
3.1254359055118108
40
0.0068897637795276
0
CIRCLE
8
BLACK
10
2.7825590551181101
20
1.2130708661417322
40
0.0068897637795276
0
CIRCLE
8
BLACK
10
2.5857086614173226
20
1.2130708661417322
40
0.0068897637795276
0
CIRCLE
8
BLACK
10
2.4100000000000001
20
3.3100000000000001
40
0.0068897637795276
0
CIRCLE
8
BLACK
10
2.5099999999999998
20
3.3100000000000001
40
0.0068897637795276
0
CIRCLE
8
BLACK
10
2.4100000000000001
20
3.21
40
0.0068897637795276
0
CIRCLE
8
BLACK
10
2.5099999999999998
20
3.21
40
0.0068897637795276
0
CIRCLE
8
BLACK
10
2.4100000000000001
20
3.1099999999999999
40
0.0068897637795276
0
CIRCLE
8
BLACK
10
2.5099999999999998
20
3.1099999999999999
40
0.0068897637795276
0
CIRCLE
8
BLACK
10
2.4100000000000001
20
3.0099999999999998
40
0.0068897637795276
0
CIRCLE
8
BLACK
10
2.5099999999999998
20
3.0099999999999998
40
0.0068897637795276
0
CIRCLE
8
BLACK
10
2.4100000000000001
20
2.9100000000000001
40
0.0068897637795276
0
CIRCLE
8
BLACK
10
2.5099999999999998
20
2.9100000000000001
40
0.0068897637795276
0
CIRCLE
8
BLACK
10
2.4100000000000001
20
2.8100000000000001
40
0.0068897637795276
0
CIRCLE
8
BLACK
10
2.5099999999999998
20
2.8100000000000001
40
0.0068897637795276
0
CIRCLE
8
BLACK
10
2.4100000000000001
20
2.71
40
0.0068897637795276
0
CIRCLE
8
BLACK
10
2.5099999999999998
20
2.71
40
0.0068897637795276
0
CIRCLE
8
BLACK
10
0.430240157480315
20
2.501732283464567
40
0.0068897637795276
0
CIRCLE
8
BLACK
10
0.6270905511811024
20
2.501732283464567
40
0.0068897637795276
0
CIRCLE
8
BLACK
10
0.430240157480315
20
1.7143307086614172
40
0.0068897637795276
0
CIRCLE
8
BLACK
10
0.6270905511811024
20
1.7143307086614172
40
0.0068897637795276
0
CIRCLE
8
BLACK
10
0.4
20
0.4
40
0.0068897637795276
0
CIRCLE
8
BLACK
10
1.3385826771653544
20
1.4539511811023622
40
0.0068897637795276
0
CIRCLE
8
BLACK
10
1.5354330708661417
20
1.4539511811023622
40
0.0068897637795276
0
CIRCLE
8
BLACK
10
2.7825590551181101
20
1.4099212598425197
40
0.0068897637795276
0
CIRCLE
8
BLACK
10
2.5857086614173226
20
1.4099212598425197
40
0.0068897637795276
0
CIRCLE
8
BLACK
10
1.3385826771653544
20
3.5433070866141732
40
0.0068897637795276
0
CIRCLE
8
BLACK
10
1.5354330708661417
20
3.5433070866141732
40
0.0068897637795276
0
CIRCLE
8
BLACK
10
0.430240157480315
20
1.51748031496063
40
0.0068897637795276
0
CIRCLE
8
BLACK
10
0.6270905511811024
20
1.51748031496063
40
0.0068897637795276
0
CIRCLE
8
BLACK
10
0.4
20
3.6000000000000001
40
0.0068897637795276
0
CIRCLE
8
BLACK
10
0.430240157480315
20
3.092283464566929
40
0.0068897637795276
0
CIRCLE
8
BLACK
10
0.6270905511811024
20
3.092283464566929
40
0.0068897637795276
0
CIRCLE
8
BLACK
10
1.981732283464567
20
0.5030708661417322
40
0.0068897637795276
0
CIRCLE
8
BLACK
10
1.981732283464567
20
0.6369291338582677
40
0.0068897637795276
0
CIRCLE
8
BLACK
10
1.5982677165354331
20
0.5030708661417322
40
0.0068897637795276
0
CIRCLE
8
BLACK
10
1.5982677165354331
20
0.6369291338582677
40
0.0068897637795276
0
CIRCLE
8
BLACK
10
1.3385826771653544
20
2.707564724409449
40
0.0068897637795276
0
CIRCLE
8
BLACK
10
1.5354330708661417
20
2.707564724409449
40
0.0068897637795276
0
CIRCLE
8
BLACK
10
2.7059055118110233
20
2.3153543307086615
40
0.0068897637795276
0
CIRCLE
8
BLACK
10
2.8059055118110234
20
2.3153543307086615
40
0.0068897637795276
0
CIRCLE
8
BLACK
10
2.7059055118110233
20
2.2153543307086614
40
0.0068897637795276
0
CIRCLE
8
BLACK
10
2.8059055118110234
20
2.2153543307086614
40
0.0068897637795276
0
CIRCLE
8
BLACK
10
2.7059055118110233
20
2.1153543307086613
40
0.0068897637795276
0
CIRCLE
8
BLACK
10
2.8059055118110234
20
2.1153543307086613
40
0.0068897637795276
0
CIRCLE
8
BLACK
10
2.7059055118110233
20
2.0153543307086612
40
0.0068897637795276
0
CIRCLE
8
BLACK
10
2.8059055118110234
20
2.0153543307086612
40
0.0068897637795276
0
CIRCLE
8
BLACK
10
1.3385826771653544
20
1.0360799999999999
40
0.0068897637795276
0
CIRCLE
8
BLACK
10
1.5354330708661417
20
1.0360799999999999
40
0.0068897637795276
0
CIRCLE
8
BLACK
10
0.430240157480315
20
2.3048818897637795
40
0.0068897637795276
0
CIRCLE
8
BLACK
10
0.6270905511811024
20
2.3048818897637795
40
0.0068897637795276
0
CIRCLE
8
BLACK
10
2.4696850393700789
20
2.3153543307086615
40
0.0068897637795276
0
CIRCLE
8
BLACK
10
2.5696850393700785
20
2.3153543307086615
40
0.0068897637795276
0
CIRCLE
8
BLACK
10
2.4696850393700789
20
2.2153543307086614
40
0.0068897637795276
0
CIRCLE
8
BLACK
10
2.5696850393700785
20
2.2153543307086614
40
0.0068897637795276
0
CIRCLE
8
BLACK
10
2.4696850393700789
20
2.1153543307086613
40
0.0068897637795276
0
CIRCLE
8
BLACK
10
2.5696850393700785
20
2.1153543307086613
40
0.0068897637795276
0
CIRCLE
8
BLACK
10
2.4696850393700789
20
2.0153543307086612
40
0.0068897637795276
0
CIRCLE
8
BLACK
10
2.5696850393700785
20
2.0153543307086612
40
0.0068897637795276
0
CIRCLE
8
BLACK
10
0.430240157480315
20
1.3206299212598425
40
0.0068897637795276
0
CIRCLE
8
BLACK
10
0.6270905511811024
20
1.3206299212598425
40
0.0068897637795276
0
CIRCLE
8
BLACK
10
1.3385826771653544
20
2.2896935433070866
40
0.0068897637795276
0
CIRCLE
8
BLACK
10
1.5354330708661417
20
2.2896935433070866
40
0.0068897637795276
0
CIRCLE
8
BLACK
10
0.430240157480315
20
1.9111811023622047
40
0.0068897637795276
0
CIRCLE
8
BLACK
10
0.6270905511811024
20
1.9111811023622047
40
0.0068897637795276
0
CIRCLE
8
BLACK
10
2.9100000000000001
20
2.9399999999999999
40
0.0068897637795276
0
CIRCLE
8
BLACK
10
2.8100000000000001
20
2.9399999999999999
40
0.0068897637795276
0
CIRCLE
8
BLACK
10
2.9100000000000001
20
3.04
40
0.0068897637795276
0
CIRCLE
8
BLACK
10
2.8100000000000001
20
3.04
40
0.0068897637795276
0
CIRCLE
8
BLACK
10
2.9100000000000001
20
3.1400000000000001
40
0.0068897637795276
0
CIRCLE
8
BLACK
10
2.8100000000000001
20
3.1400000000000001
40
0.0068897637795276
0
CIRCLE
8
BLACK
10
1.8799999999999999
20
2.1699999999999999
40
0.0068897637795276
0
CIRCLE
8
BLACK
10
2.4149015748031495
20
1.2268503937007873
40
0.0068897637795276
0
CIRCLE
8
BLACK
10
2.3823129921259842
20
0.8396062992125984
40
0.0068897637795276
0
CIRCLE
8
BLACK
10
1.8799999999999999
20
3.0099999999999998
40
0.0068897637795276
0
CIRCLE
8
BLACK
10
1.8799999999999999
20
0.91
40
0.0068897637795276
0
CIRCLE
8
BLACK
10
1.8799999999999999
20
1.3300000000000001
40
0.0068897637795276
0
CIRCLE
8
BLACK
10
1.8799999999999999
20
2.5899999999999999
40
0.0068897637795276
0
CIRCLE
8
BLACK
10
1.8799999999999999
20
1.75
40
0.0068897637795276
0
CIRCLE
8
BLACK
10
1.8799999999999999
20
3.4299999999999997
40
0.0068897637795276
  0
ENDSEC
  0
EOF
