  0
SECTION
  2
HEADER
  9
$ANGBASE
  50
0.0
  9
$ANGDIR
  70
1
  9
$MEASUREMENT
  70
0
  0
ENDSEC
  0
SECTION
  2
TABLES
  0
TABLE
  2
LTYPE
  70
4
  0
LTYPE
  5
40F
  2
CONTINUOUS
  70
0
  3
Solid line
  72
65
  73
0
  40
0.0
  0
LTYPE
  5
410
  2
DASHDOT
 70
0
  3
Dash Dot ____ _ ____ _
 72
65
 73
4
 40
2.0
 49
1.25
 49
-0.25
 49
0.25
 49
-0.25
  0
LTYPE
  5
411
  2
DASHED
 70
0
  3
Dashed __ __ __ __ __
 72
65
 73
2
 40
0.75
 49
0.5
 49
-0.25
  0
LTYPE
  5
43B
  2
DOTTED
 70
0
  3
Dotted .  .  .  .
 72
65
 73
2
 40
0.2
 49
0.0
 49
-0.2
  0
ENDTAB
  0
TABLE
  2
STYLE
  70
4
  0
STYLE
  2
KICAD
  70
0
  40
0
  41
1
  42
1
  50
0
  71
0
  3
isocp.shx
  0
STYLE
  2
KICADB
  70
0
  40
0
  41
1
  42
1
  50
0
  71
0
  3
isocp.shx
  0
STYLE
  2
KICADI
  70
0
  40
0
  41
1
  42
1
  50
15
  71
0
  3
isocp.shx
  0
STYLE
  2
KICADBI
  70
0
  40
0
  41
1
  42
1
  50
15
  71
0
  3
isocp.shx
  0
ENDTAB
  0
TABLE
  2
LAYER
  70
1
  0
LAYER
  2
BLACK
  70
0
  62
7
  6
CONTINUOUS
  0
ENDTAB
  0
ENDSEC
  0
SECTION
  2
ENTITIES
0
LINE
8
BLACK
6
CONTINUOUS
10
0.1984908661417323
20
0.3927700787401575
11
0.1993055118110236
21
0.3919554330708661
0
LINE
8
BLACK
6
CONTINUOUS
10
0.1993055118110236
20
0.3919554330708661
11
0.1997464173228346
21
0.3908910236220473
0
LINE
8
BLACK
6
CONTINUOUS
10
0.1997464173228346
20
0.3908910236220473
11
0.1998031496062992
21
0.3903149606299213
0
LINE
8
BLACK
6
CONTINUOUS
10
0.1998031496062992
20
0.3903149606299213
11
0.1998031496062992
21
-0.0001339763779528
0
LINE
8
BLACK
6
CONTINUOUS
10
0.1998031496062992
20
-0.0001339763779528
11
0.2398375196850394
21
0.0207065748031496
0
LINE
8
BLACK
6
CONTINUOUS
10
0.2398375196850394
20
0.0207065748031496
11
0.2403746850393701
21
0.0209222440944882
0
LINE
8
BLACK
6
CONTINUOUS
10
0.2403746850393701
20
0.0209222440944882
11
0.2415224015748031
21
0.0210226377952756
0
LINE
8
BLACK
6
CONTINUOUS
10
0.2415224015748031
20
0.0210226377952756
11
0.2426211811023622
21
0.0206761811023622
0
LINE
8
BLACK
6
CONTINUOUS
10
0.2426211811023622
20
0.0206761811023622
11
0.2435037401574803
21
0.0199356299212598
0
LINE
8
BLACK
6
CONTINUOUS
10
0.2435037401574803
20
0.0199356299212598
11
0.2440357480314961
21
0.0189137007874016
0
LINE
8
BLACK
6
CONTINUOUS
10
0.2440357480314961
20
0.0189137007874016
11
0.2441361417322835
21
0.0177659842519685
0
LINE
8
BLACK
6
CONTINUOUS
10
0.2441361417322835
20
0.0177659842519685
11
0.2437896850393701
21
0.0166672047244094
0
LINE
8
BLACK
6
CONTINUOUS
10
0.2437896850393701
20
0.0166672047244094
11
0.2430491338582677
21
0.0157846456692913
0
LINE
8
BLACK
6
CONTINUOUS
10
0.2430491338582677
20
0.0157846456692913
11
0.2425643700787402
21
0.0154683070866142
0
LINE
8
BLACK
6
CONTINUOUS
10
0.2425643700787402
20
0.0154683070866142
11
0.2089173228346457
21
-0.0020472440944882
0
LINE
8
BLACK
6
CONTINUOUS
10
0.2089173228346457
20
-0.0020472440944882
11
2.9847834645669291
21
-0.0020472440944882
0
LINE
8
BLACK
6
CONTINUOUS
10
2.9847834645669291
20
-0.0020472440944882
11
2.9511364173228345
21
0.0154683070866142
0
LINE
8
BLACK
6
CONTINUOUS
10
2.9511364173228345
20
0.0154683070866142
11
2.9506516141732284
21
0.0157846456692913
0
LINE
8
BLACK
6
CONTINUOUS
10
2.9506516141732284
20
0.0157846456692913
11
2.9499110629921259
21
0.0166672047244094
0
LINE
8
BLACK
6
CONTINUOUS
10
2.9499110629921259
20
0.0166672047244094
11
2.9495646456692914
21
0.0177659842519685
0
LINE
8
BLACK
6
CONTINUOUS
10
2.9495646456692914
20
0.0177659842519685
11
2.9496650393700787
21
0.0189137007874016
0
LINE
8
BLACK
6
CONTINUOUS
10
2.9496650393700787
20
0.0189137007874016
11
2.9501970472440946
21
0.0199356692913386
0
LINE
8
BLACK
6
CONTINUOUS
10
2.9501970472440946
20
0.0199356692913386
11
2.9510796062992126
21
0.0206762204724409
0
LINE
8
BLACK
6
CONTINUOUS
10
2.9510796062992126
20
0.0206762204724409
11
2.9521783858267714
21
0.0210226377952756
0
LINE
8
BLACK
6
CONTINUOUS
10
2.9521783858267714
20
0.0210226377952756
11
2.9533261023622046
21
0.0209222440944882
0
LINE
8
BLACK
6
CONTINUOUS
10
2.9533261023622046
20
0.0209222440944882
11
2.9538632677165353
21
0.0207065748031496
0
LINE
8
BLACK
6
CONTINUOUS
10
2.9538632677165353
20
0.0207065748031496
11
2.9938976377952757
21
-0.0001339763779528
0
LINE
8
BLACK
6
CONTINUOUS
10
2.9938976377952757
20
-0.0001339763779528
11
2.9938976377952757
21
0.3903149606299213
0
LINE
8
BLACK
6
CONTINUOUS
10
2.9938976377952757
20
0.3903149606299213
11
2.9939543700787401
21
0.3908910236220473
0
LINE
8
BLACK
6
CONTINUOUS
10
2.9939543700787401
20
0.3908910236220473
11
2.9943952755905512
21
0.3919554330708661
0
LINE
8
BLACK
6
CONTINUOUS
10
2.9943952755905512
20
0.3919554330708661
11
2.9952099212598426
21
0.3927700787401575
0
LINE
8
BLACK
6
CONTINUOUS
10
2.9952099212598426
20
0.3927700787401575
11
2.9962743307086614
21
0.3932109842519685
0
LINE
8
BLACK
6
CONTINUOUS
10
2.9962743307086614
20
0.3932109842519685
11
2.9974264566929132
21
0.3932109842519685
0
LINE
8
BLACK
6
CONTINUOUS
10
2.9974264566929132
20
0.3932109842519685
11
2.9984908661417324
21
0.3927700787401575
0
LINE
8
BLACK
6
CONTINUOUS
10
2.9984908661417324
20
0.3927700787401575
11
2.9993055118110235
21
0.3919554330708661
0
LINE
8
BLACK
6
CONTINUOUS
10
2.9993055118110235
20
0.3919554330708661
11
2.9997464173228345
21
0.3908910236220473
0
LINE
8
BLACK
6
CONTINUOUS
10
2.9997464173228345
20
0.3908910236220473
11
2.9998031496062993
21
0.3903149606299213
0
LINE
8
BLACK
6
CONTINUOUS
10
2.9998031496062993
20
0.3903149606299213
11
2.9998031496062993
21
-0.0280874015748031
0
LINE
8
BLACK
6
CONTINUOUS
10
2.9998031496062993
20
-0.0280874015748031
11
2.9997464173228345
21
-0.0286634645669291
0
LINE
8
BLACK
6
CONTINUOUS
10
2.9997464173228345
20
-0.0286634645669291
11
2.9993055118110235
21
-0.029727874015748
0
LINE
8
BLACK
6
CONTINUOUS
10
2.9993055118110235
20
-0.029727874015748
11
2.9984908661417324
21
-0.0305425196850394
0
LINE
8
BLACK
6
CONTINUOUS
10
2.9984908661417324
20
-0.0305425196850394
11
2.9974264566929132
21
-0.0309834251968504
0
LINE
8
BLACK
6
CONTINUOUS
10
2.9974264566929132
20
-0.0309834251968504
11
2.9962743307086614
21
-0.0309834251968504
0
LINE
8
BLACK
6
CONTINUOUS
10
2.9962743307086614
20
-0.0309834251968504
11
2.9952099212598426
21
-0.0305425196850394
0
LINE
8
BLACK
6
CONTINUOUS
10
2.9952099212598426
20
-0.0305425196850394
11
2.9943952755905512
21
-0.029727874015748
0
LINE
8
BLACK
6
CONTINUOUS
10
2.9943952755905512
20
-0.029727874015748
11
2.9939543700787401
21
-0.0286634645669291
0
LINE
8
BLACK
6
CONTINUOUS
10
2.9939543700787401
20
-0.0286634645669291
11
2.9938976377952757
21
-0.0280874015748031
0
LINE
8
BLACK
6
CONTINUOUS
10
2.9938976377952757
20
-0.0280874015748031
11
2.9938976377952757
21
-0.0098659842519685
0
LINE
8
BLACK
6
CONTINUOUS
10
2.9938976377952757
20
-0.0098659842519685
11
2.9538632677165353
21
-0.0307065748031496
0
LINE
8
BLACK
6
CONTINUOUS
10
2.9538632677165353
20
-0.0307065748031496
11
2.9533261023622046
21
-0.0309222440944882
0
LINE
8
BLACK
6
CONTINUOUS
10
2.9533261023622046
20
-0.0309222440944882
11
2.9521783858267714
21
-0.0310226377952756
0
LINE
8
BLACK
6
CONTINUOUS
10
2.9521783858267714
20
-0.0310226377952756
11
2.9510796062992126
21
-0.0306762204724409
0
LINE
8
BLACK
6
CONTINUOUS
10
2.9510796062992126
20
-0.0306762204724409
11
2.9501970472440946
21
-0.0299356692913386
0
LINE
8
BLACK
6
CONTINUOUS
10
2.9501970472440946
20
-0.0299356692913386
11
2.9496650393700787
21
-0.0289137007874016
0
LINE
8
BLACK
6
CONTINUOUS
10
2.9496650393700787
20
-0.0289137007874016
11
2.9495646456692914
21
-0.0277659842519685
0
LINE
8
BLACK
6
CONTINUOUS
10
2.9495646456692914
20
-0.0277659842519685
11
2.9499110629921259
21
-0.0266672047244094
0
LINE
8
BLACK
6
CONTINUOUS
10
2.9499110629921259
20
-0.0266672047244094
11
2.9506516141732284
21
-0.0257846456692913
0
LINE
8
BLACK
6
CONTINUOUS
10
2.9506516141732284
20
-0.0257846456692913
11
2.9511364173228345
21
-0.0254683070866142
0
LINE
8
BLACK
6
CONTINUOUS
10
2.9511364173228345
20
-0.0254683070866142
11
2.9847834645669291
21
-0.0079527559055118
0
LINE
8
BLACK
6
CONTINUOUS
10
2.9847834645669291
20
-0.0079527559055118
11
0.2089173228346457
21
-0.0079527559055118
0
LINE
8
BLACK
6
CONTINUOUS
10
0.2089173228346457
20
-0.0079527559055118
11
0.2425643700787402
21
-0.0254683070866142
0
LINE
8
BLACK
6
CONTINUOUS
10
0.2425643700787402
20
-0.0254683070866142
11
0.2430491338582677
21
-0.0257846456692913
0
LINE
8
BLACK
6
CONTINUOUS
10
0.2430491338582677
20
-0.0257846456692913
11
0.2437896850393701
21
-0.0266672047244094
0
LINE
8
BLACK
6
CONTINUOUS
10
0.2437896850393701
20
-0.0266672047244094
11
0.2441361417322835
21
-0.0277659842519685
0
LINE
8
BLACK
6
CONTINUOUS
10
0.2441361417322835
20
-0.0277659842519685
11
0.2440357480314961
21
-0.0289137007874016
0
LINE
8
BLACK
6
CONTINUOUS
10
0.2440357480314961
20
-0.0289137007874016
11
0.2435037401574803
21
-0.0299356299212598
0
LINE
8
BLACK
6
CONTINUOUS
10
0.2435037401574803
20
-0.0299356299212598
11
0.2426211811023622
21
-0.0306761811023622
0
LINE
8
BLACK
6
CONTINUOUS
10
0.2426211811023622
20
-0.0306761811023622
11
0.2415224015748031
21
-0.0310226377952756
0
LINE
8
BLACK
6
CONTINUOUS
10
0.2415224015748031
20
-0.0310226377952756
11
0.2403746850393701
21
-0.0309222440944882
0
LINE
8
BLACK
6
CONTINUOUS
10
0.2403746850393701
20
-0.0309222440944882
11
0.2398375196850394
21
-0.0307065748031496
0
LINE
8
BLACK
6
CONTINUOUS
10
0.2398375196850394
20
-0.0307065748031496
11
0.1998031496062992
21
-0.0098659842519685
0
LINE
8
BLACK
6
CONTINUOUS
10
0.1998031496062992
20
-0.0098659842519685
11
0.1998031496062992
21
-0.0280874015748031
0
LINE
8
BLACK
6
CONTINUOUS
10
0.1998031496062992
20
-0.0280874015748031
11
0.1997464173228346
21
-0.0286634645669291
0
LINE
8
BLACK
6
CONTINUOUS
10
0.1997464173228346
20
-0.0286634645669291
11
0.1993055118110236
21
-0.029727874015748
0
LINE
8
BLACK
6
CONTINUOUS
10
0.1993055118110236
20
-0.029727874015748
11
0.1984908661417323
21
-0.0305425196850394
0
LINE
8
BLACK
6
CONTINUOUS
10
0.1984908661417323
20
-0.0305425196850394
11
0.1974264566929134
21
-0.0309834251968504
0
LINE
8
BLACK
6
CONTINUOUS
10
0.1974264566929134
20
-0.0309834251968504
11
0.1962743307086614
21
-0.0309834251968504
0
LINE
8
BLACK
6
CONTINUOUS
10
0.1962743307086614
20
-0.0309834251968504
11
0.1952099212598425
21
-0.0305425196850394
0
LINE
8
BLACK
6
CONTINUOUS
10
0.1952099212598425
20
-0.0305425196850394
11
0.1943952755905512
21
-0.029727874015748
0
LINE
8
BLACK
6
CONTINUOUS
10
0.1943952755905512
20
-0.029727874015748
11
0.1939543700787401
21
-0.0286634645669291
0
LINE
8
BLACK
6
CONTINUOUS
10
0.1939543700787401
20
-0.0286634645669291
11
0.1938976377952756
21
-0.0280874015748031
0
LINE
8
BLACK
6
CONTINUOUS
10
0.1938976377952756
20
-0.0280874015748031
11
0.1938976377952756
21
0.3903149606299213
0
LINE
8
BLACK
6
CONTINUOUS
10
0.1938976377952756
20
0.3903149606299213
11
0.1939543700787401
21
0.3908910236220473
0
LINE
8
BLACK
6
CONTINUOUS
10
0.1939543700787401
20
0.3908910236220473
11
0.1943952755905512
21
0.3919554330708661
0
LINE
8
BLACK
6
CONTINUOUS
10
0.1943952755905512
20
0.3919554330708661
11
0.1952099212598425
21
0.3927700787401575
0
LINE
8
BLACK
6
CONTINUOUS
10
0.1952099212598425
20
0.3927700787401575
11
0.1962743307086614
21
0.3932109842519685
0
LINE
8
BLACK
6
CONTINUOUS
10
0.1962743307086614
20
0.3932109842519685
11
0.1974264566929134
21
0.3932109842519685
0
LINE
8
BLACK
6
CONTINUOUS
10
0.1974264566929134
20
0.3932109842519685
11
0.1984908661417323
21
0.3927700787401575
0
LINE
8
BLACK
6
CONTINUOUS
10
1.4680675984251967
20
0.0646354330708661
11
1.468165590551181
21
0.064594842519685
0
LINE
8
BLACK
6
CONTINUOUS
10
1.468165590551181
20
0.064594842519685
11
1.4682714173228346
21
0.0645873228346457
0
LINE
8
BLACK
6
CONTINUOUS
10
1.4682714173228346
20
0.0645873228346457
11
1.4688120472440944
21
0.0643804330708661
0
LINE
8
BLACK
6
CONTINUOUS
10
1.4688120472440944
20
0.0643804330708661
11
1.4725615748031495
21
0.0625056692913386
0
LINE
8
BLACK
6
CONTINUOUS
10
1.4725615748031495
20
0.0625056692913386
11
1.4728095669291339
21
0.0623496062992126
0
LINE
8
BLACK
6
CONTINUOUS
10
1.4728095669291339
20
0.0623496062992126
11
1.4728815354330709
21
0.0623197637795276
0
LINE
8
BLACK
6
CONTINUOUS
10
1.4728815354330709
20
0.0623197637795276
11
1.4729624803149606
21
0.0622533070866142
0
LINE
8
BLACK
6
CONTINUOUS
10
1.4729624803149606
20
0.0622533070866142
11
1.4730514566929134
21
0.0621973228346457
0
LINE
8
BLACK
6
CONTINUOUS
10
1.4730514566929134
20
0.0621973228346457
11
1.4731025984251969
21
0.0621383464566929
0
LINE
8
BLACK
6
CONTINUOUS
10
1.4731025984251969
20
0.0621383464566929
11
1.4733289763779527
21
0.0619525590551181
0
LINE
8
BLACK
6
CONTINUOUS
10
1.4733289763779527
20
0.0619525590551181
11
1.4752037401574802
21
0.0600777952755905
0
LINE
8
BLACK
6
CONTINUOUS
10
1.4752037401574802
20
0.0600777952755905
11
1.4753894881889764
21
0.0598514566929134
0
LINE
8
BLACK
6
CONTINUOUS
10
1.4753894881889764
20
0.0598514566929134
11
1.4754485039370078
21
0.0598002755905512
0
LINE
8
BLACK
6
CONTINUOUS
10
1.4754485039370078
20
0.0598002755905512
11
1.4755044488188975
21
0.0597113385826772
0
LINE
8
BLACK
6
CONTINUOUS
10
1.4755044488188975
20
0.0597113385826772
11
1.4755709448818897
21
0.0596303543307087
0
LINE
8
BLACK
6
CONTINUOUS
10
1.4755709448818897
20
0.0596303543307087
11
1.4756007480314961
21
0.0595584251968504
0
LINE
8
BLACK
6
CONTINUOUS
10
1.4756007480314961
20
0.0595584251968504
11
1.4757568503937009
21
0.0593103937007874
0
LINE
8
BLACK
6
CONTINUOUS
10
1.4757568503937009
20
0.0593103937007874
11
1.4776316141732284
21
0.0555608661417323
0
LINE
8
BLACK
6
CONTINUOUS
10
1.4776316141732284
20
0.0555608661417323
11
1.4778385039370079
21
0.0550202755905512
0
LINE
8
BLACK
6
CONTINUOUS
10
1.4778385039370079
20
0.0550202755905512
11
1.4778460236220472
21
0.0549144094488189
0
LINE
8
BLACK
6
CONTINUOUS
10
1.4778460236220472
20
0.0549144094488189
11
1.4778866141732283
21
0.0548164173228346
0
LINE
8
BLACK
6
CONTINUOUS
10
1.4778866141732283
20
0.0548164173228346
11
1.4779433464566929
21
0.0542403543307087
0
LINE
8
BLACK
6
CONTINUOUS
10
1.4779433464566929
20
0.0542403543307087
11
1.4779433464566929
21
0.0504908267716535
0
LINE
8
BLACK
6
CONTINUOUS
10
1.4779433464566929
20
0.0504908267716535
11
1.4779146062992126
21
0.0501992519685039
0
LINE
8
BLACK
6
CONTINUOUS
10
1.4779146062992126
20
0.0501992519685039
11
1.4779201574803149
21
0.0501214960629921
0
LINE
8
BLACK
6
CONTINUOUS
10
1.4779201574803149
20
0.0501214960629921
11
1.4778968897637794
21
0.0500192519685039
0
LINE
8
BLACK
6
CONTINUOUS
10
1.4778968897637794
20
0.0500192519685039
11
1.4778866141732283
21
0.0499147637795276
0
LINE
8
BLACK
6
CONTINUOUS
10
1.4778866141732283
20
0.0499147637795276
11
1.4778567322834646
21
0.0498427165354331
0
LINE
8
BLACK
6
CONTINUOUS
10
1.4778567322834646
20
0.0498427165354331
11
1.4777918110236221
21
0.0495570472440945
0
LINE
8
BLACK
6
CONTINUOUS
10
1.4777918110236221
20
0.0495570472440945
11
1.4759170472440946
21
0.0439327952755905
0
LINE
8
BLACK
6
CONTINUOUS
10
1.4759170472440946
20
0.0439327952755905
11
1.475681062992126
21
0.0434042125984252
0
LINE
8
BLACK
6
CONTINUOUS
10
1.475681062992126
20
0.0434042125984252
11
1.4756115748031495
21
0.0433241338582677
0
LINE
8
BLACK
6
CONTINUOUS
10
1.4756115748031495
20
0.0433241338582677
11
1.4755709842519684
21
0.043226062992126
0
LINE
8
BLACK
6
CONTINUOUS
10
1.4755709842519684
20
0.043226062992126
11
1.4752037401574802
21
0.0427786220472441
0
LINE
8
BLACK
6
CONTINUOUS
10
1.4752037401574802
20
0.0427786220472441
11
1.4577472440944881
21
0.0253220866141732
0
LINE
8
BLACK
6
CONTINUOUS
10
1.4577472440944881
20
0.0253220866141732
11
1.4749905905511811
21
0.0253220866141732
0
LINE
8
BLACK
6
CONTINUOUS
10
1.4749905905511811
20
0.0253220866141732
11
1.475566653543307
21
0.0252653543307087
0
LINE
8
BLACK
6
CONTINUOUS
10
1.475566653543307
20
0.0252653543307087
11
1.476631062992126
21
0.0248244488188976
0
LINE
8
BLACK
6
CONTINUOUS
10
1.476631062992126
20
0.0248244488188976
11
1.4774457086614172
21
0.0240098031496063
0
LINE
8
BLACK
6
CONTINUOUS
10
1.4774457086614172
20
0.0240098031496063
11
1.4778866141732283
21
0.0229453937007874
0
LINE
8
BLACK
6
CONTINUOUS
10
1.4778866141732283
20
0.0229453937007874
11
1.4778866141732283
21
0.0217932677165354
0
LINE
8
BLACK
6
CONTINUOUS
10
1.4778866141732283
20
0.0217932677165354
11
1.4774457086614172
21
0.0207288582677165
0
LINE
8
BLACK
6
CONTINUOUS
10
1.4774457086614172
20
0.0207288582677165
11
1.476631062992126
21
0.0199142125984252
0
LINE
8
BLACK
6
CONTINUOUS
10
1.476631062992126
20
0.0199142125984252
11
1.475566653543307
21
0.0194733070866142
0
LINE
8
BLACK
6
CONTINUOUS
10
1.475566653543307
20
0.0194733070866142
11
1.4749905905511811
21
0.0194165748031496
0
LINE
8
BLACK
6
CONTINUOUS
10
1.4749905905511811
20
0.0194165748031496
11
1.4506186614173229
21
0.0194165748031496
0
LINE
8
BLACK
6
CONTINUOUS
10
1.4506186614173229
20
0.0194165748031496
11
1.4500425984251968
21
0.0194733070866142
0
LINE
8
BLACK
6
CONTINUOUS
10
1.4500425984251968
20
0.0194733070866142
11
1.448978188976378
21
0.0199142125984252
0
LINE
8
BLACK
6
CONTINUOUS
10
1.448978188976378
20
0.0199142125984252
11
1.4481635433070865
21
0.0207288582677165
0
LINE
8
BLACK
6
CONTINUOUS
10
1.4481635433070865
20
0.0207288582677165
11
1.4477226377952757
21
0.0217932677165354
0
LINE
8
BLACK
6
CONTINUOUS
10
1.4477226377952757
20
0.0217932677165354
11
1.4477226377952757
21
0.0229453937007874
0
LINE
8
BLACK
6
CONTINUOUS
10
1.4477226377952757
20
0.0229453937007874
11
1.4481635433070865
21
0.0240098031496063
0
LINE
8
BLACK
6
CONTINUOUS
10
1.4481635433070865
20
0.0240098031496063
11
1.448530748031496
21
0.0244572440944882
0
LINE
8
BLACK
6
CONTINUOUS
10
1.448530748031496
20
0.0244572440944882
11
1.4705349999999999
21
0.0464615748031496
0
LINE
8
BLACK
6
CONTINUOUS
10
1.4705349999999999
20
0.0464615748031496
11
1.4720378346456693
21
0.0509699606299213
0
LINE
8
BLACK
6
CONTINUOUS
10
1.4720378346456693
20
0.0509699606299213
11
1.4720378346456693
21
0.0535433070866142
0
LINE
8
BLACK
6
CONTINUOUS
10
1.4720378346456693
20
0.0535433070866142
11
1.470689094488189
21
0.0562407874015748
0
LINE
8
BLACK
6
CONTINUOUS
10
1.470689094488189
20
0.0562407874015748
11
1.4694919685039369
21
0.0574379133858268
0
LINE
8
BLACK
6
CONTINUOUS
10
1.4694919685039369
20
0.0574379133858268
11
1.4667944881889763
21
0.0587866535433071
0
LINE
8
BLACK
6
CONTINUOUS
10
1.4667944881889763
20
0.0587866535433071
11
1.4588147637795275
21
0.0587866535433071
0
LINE
8
BLACK
6
CONTINUOUS
10
1.4588147637795275
20
0.0587866535433071
11
1.4561172834645668
21
0.0574379133858268
0
LINE
8
BLACK
6
CONTINUOUS
10
1.4561172834645668
20
0.0574379133858268
11
1.4545813385826771
21
0.055901968503937
0
LINE
8
BLACK
6
CONTINUOUS
10
1.4545813385826771
20
0.055901968503937
11
1.4541338976377953
21
0.0555347637795276
0
LINE
8
BLACK
6
CONTINUOUS
10
1.4541338976377953
20
0.0555347637795276
11
1.4530694488188975
21
0.0550938582677165
0
LINE
8
BLACK
6
CONTINUOUS
10
1.4530694488188975
20
0.0550938582677165
11
1.4519174015748031
21
0.0550938582677165
0
LINE
8
BLACK
6
CONTINUOUS
10
1.4519174015748031
20
0.0550938582677165
11
1.4508529527559055
21
0.0555347637795276
0
LINE
8
BLACK
6
CONTINUOUS
10
1.4508529527559055
20
0.0555347637795276
11
1.4500383070866141
21
0.0563494094488189
0
LINE
8
BLACK
6
CONTINUOUS
10
1.4500383070866141
20
0.0563494094488189
11
1.4495974015748032
21
0.0574138582677165
0
LINE
8
BLACK
6
CONTINUOUS
10
1.4495974015748032
20
0.0574138582677165
11
1.4495974015748032
21
0.058565905511811
0
LINE
8
BLACK
6
CONTINUOUS
10
1.4495974015748032
20
0.058565905511811
11
1.4500383070866141
21
0.0596303543307087
0
LINE
8
BLACK
6
CONTINUOUS
10
1.4500383070866141
20
0.0596303543307087
11
1.4504055118110235
21
0.0600777952755905
0
LINE
8
BLACK
6
CONTINUOUS
10
1.4504055118110235
20
0.0600777952755905
11
1.4522802755905511
21
0.0619525590551181
0
LINE
8
BLACK
6
CONTINUOUS
10
1.4522802755905511
20
0.0619525590551181
11
1.4525066141732283
21
0.0621383464566929
0
LINE
8
BLACK
6
CONTINUOUS
10
1.4525066141732283
20
0.0621383464566929
11
1.4525577952755906
21
0.0621973228346457
0
LINE
8
BLACK
6
CONTINUOUS
10
1.4525577952755906
20
0.0621973228346457
11
1.4526467322834646
21
0.0622533070866142
0
LINE
8
BLACK
6
CONTINUOUS
10
1.4526467322834646
20
0.0622533070866142
11
1.4527277165354331
21
0.0623197637795276
0
LINE
8
BLACK
6
CONTINUOUS
10
1.4527277165354331
20
0.0623197637795276
11
1.4527996456692913
21
0.0623496062992126
0
LINE
8
BLACK
6
CONTINUOUS
10
1.4527996456692913
20
0.0623496062992126
11
1.4530476771653542
21
0.0625056692913386
0
LINE
8
BLACK
6
CONTINUOUS
10
1.4530476771653542
20
0.0625056692913386
11
1.4567972047244093
21
0.0643804330708661
0
LINE
8
BLACK
6
CONTINUOUS
10
1.4567972047244093
20
0.0643804330708661
11
1.4573377952755906
21
0.0645873228346457
0
LINE
8
BLACK
6
CONTINUOUS
10
1.4573377952755906
20
0.0645873228346457
11
1.4574436614173227
21
0.0645948818897638
0
LINE
8
BLACK
6
CONTINUOUS
10
1.4574436614173227
20
0.0645948818897638
11
1.457541653543307
21
0.0646354330708661
0
LINE
8
BLACK
6
CONTINUOUS
10
1.457541653543307
20
0.0646354330708661
11
1.4581177165354331
21
0.0646921653543307
0
LINE
8
BLACK
6
CONTINUOUS
10
1.4581177165354331
20
0.0646921653543307
11
1.4674915354330709
21
0.0646921653543307
0
LINE
8
BLACK
6
CONTINUOUS
10
1.4674915354330709
20
0.0646921653543307
11
1.4680675984251967
21
0.0646354330708661
0
LINE
8
BLACK
6
CONTINUOUS
10
1.5055629133858268
20
0.0646354330708661
11
1.5056609055118111
21
0.064594842519685
0
LINE
8
BLACK
6
CONTINUOUS
10
1.5056609055118111
20
0.064594842519685
11
1.5057667322834645
21
0.0645873228346457
0
LINE
8
BLACK
6
CONTINUOUS
10
1.5057667322834645
20
0.0645873228346457
11
1.5063073622047243
21
0.0643804330708661
0
LINE
8
BLACK
6
CONTINUOUS
10
1.5063073622047243
20
0.0643804330708661
11
1.5100568897637794
21
0.0625056692913386
0
LINE
8
BLACK
6
CONTINUOUS
10
1.5100568897637794
20
0.0625056692913386
11
1.5103048818897638
21
0.0623496062992126
0
LINE
8
BLACK
6
CONTINUOUS
10
1.5103048818897638
20
0.0623496062992126
11
1.5103768503937007
21
0.0623197637795276
0
LINE
8
BLACK
6
CONTINUOUS
10
1.5103768503937007
20
0.0623197637795276
11
1.5104577952755904
21
0.0622533070866142
0
LINE
8
BLACK
6
CONTINUOUS
10
1.5104577952755904
20
0.0622533070866142
11
1.5105467716535432
21
0.0621973228346457
0
LINE
8
BLACK
6
CONTINUOUS
10
1.5105467716535432
20
0.0621973228346457
11
1.5105979133858267
21
0.0621383464566929
0
LINE
8
BLACK
6
CONTINUOUS
10
1.5105979133858267
20
0.0621383464566929
11
1.5108242913385825
21
0.0619525590551181
0
LINE
8
BLACK
6
CONTINUOUS
10
1.5108242913385825
20
0.0619525590551181
11
1.5126990551181101
21
0.0600777952755905
0
LINE
8
BLACK
6
CONTINUOUS
10
1.5126990551181101
20
0.0600777952755905
11
1.5128848031496063
21
0.0598514566929134
0
LINE
8
BLACK
6
CONTINUOUS
10
1.5128848031496063
20
0.0598514566929134
11
1.5129438188976378
21
0.0598002755905512
0
LINE
8
BLACK
6
CONTINUOUS
10
1.5129438188976378
20
0.0598002755905512
11
1.5129997637795276
21
0.0597113385826772
0
LINE
8
BLACK
6
CONTINUOUS
10
1.5129997637795276
20
0.0597113385826772
11
1.5130662598425197
21
0.0596303543307087
0
LINE
8
BLACK
6
CONTINUOUS
10
1.5130662598425197
20
0.0596303543307087
11
1.513096062992126
21
0.0595584251968504
0
LINE
8
BLACK
6
CONTINUOUS
10
1.513096062992126
20
0.0595584251968504
11
1.5132521653543307
21
0.0593103937007874
0
LINE
8
BLACK
6
CONTINUOUS
10
1.5132521653543307
20
0.0593103937007874
11
1.5151269291338583
21
0.0555608661417323
0
LINE
8
BLACK
6
CONTINUOUS
10
1.5151269291338583
20
0.0555608661417323
11
1.5153338188976377
21
0.0550202755905512
0
LINE
8
BLACK
6
CONTINUOUS
10
1.5153338188976377
20
0.0550202755905512
11
1.5153413385826771
21
0.0549144094488189
0
LINE
8
BLACK
6
CONTINUOUS
10
1.5153413385826771
20
0.0549144094488189
11
1.5153819291338582
21
0.0548164173228346
0
LINE
8
BLACK
6
CONTINUOUS
10
1.5153819291338582
20
0.0548164173228346
11
1.5154386614173228
21
0.0542403543307087
0
LINE
8
BLACK
6
CONTINUOUS
10
1.5154386614173228
20
0.0542403543307087
11
1.5154386614173228
21
0.0523655905511811
0
LINE
8
BLACK
6
CONTINUOUS
10
1.5154386614173228
20
0.0523655905511811
11
1.5153819291338582
21
0.0517895275590551
0
LINE
8
BLACK
6
CONTINUOUS
10
1.5153819291338582
20
0.0517895275590551
11
1.5153413385826771
21
0.0516915748031496
0
LINE
8
BLACK
6
CONTINUOUS
10
1.5153413385826771
20
0.0516915748031496
11
1.5153338188976377
21
0.0515856692913386
0
LINE
8
BLACK
6
CONTINUOUS
10
1.5153338188976377
20
0.0515856692913386
11
1.5151269291338583
21
0.0510450787401575
0
LINE
8
BLACK
6
CONTINUOUS
10
1.5151269291338583
20
0.0510450787401575
11
1.5132521653543307
21
0.0472955511811024
0
LINE
8
BLACK
6
CONTINUOUS
10
1.5132521653543307
20
0.0472955511811024
11
1.513096062992126
21
0.0470475590551181
0
LINE
8
BLACK
6
CONTINUOUS
10
1.513096062992126
20
0.0470475590551181
11
1.5130662598425197
21
0.0469755905511811
0
LINE
8
BLACK
6
CONTINUOUS
10
1.5130662598425197
20
0.0469755905511811
11
1.5129997637795276
21
0.0468946456692913
0
LINE
8
BLACK
6
CONTINUOUS
10
1.5129997637795276
20
0.0468946456692913
11
1.5129438188976378
21
0.0468056692913386
0
LINE
8
BLACK
6
CONTINUOUS
10
1.5129438188976378
20
0.0468056692913386
11
1.5128848031496063
21
0.0467545275590551
0
LINE
8
BLACK
6
CONTINUOUS
10
1.5128848031496063
20
0.0467545275590551
11
1.5126990551181101
21
0.0465281496062992
0
LINE
8
BLACK
6
CONTINUOUS
10
1.5126990551181101
20
0.0465281496062992
11
1.5110374409448819
21
0.0448665354330709
0
LINE
8
BLACK
6
CONTINUOUS
10
1.5110374409448819
20
0.0448665354330709
11
1.5126990551181101
21
0.0432049212598425
0
LINE
8
BLACK
6
CONTINUOUS
10
1.5126990551181101
20
0.0432049212598425
11
1.5128848031496063
21
0.0429785826771654
0
LINE
8
BLACK
6
CONTINUOUS
10
1.5128848031496063
20
0.0429785826771654
11
1.5129438188976378
21
0.0429274015748031
0
LINE
8
BLACK
6
CONTINUOUS
10
1.5129438188976378
20
0.0429274015748031
11
1.5129997637795276
21
0.0428384645669291
0
LINE
8
BLACK
6
CONTINUOUS
10
1.5129997637795276
20
0.0428384645669291
11
1.5130662598425197
21
0.0427574803149606
0
LINE
8
BLACK
6
CONTINUOUS
10
1.5130662598425197
20
0.0427574803149606
11
1.513096062992126
21
0.0426855511811024
0
LINE
8
BLACK
6
CONTINUOUS
10
1.513096062992126
20
0.0426855511811024
11
1.5132521653543307
21
0.0424375196850394
0
LINE
8
BLACK
6
CONTINUOUS
10
1.5132521653543307
20
0.0424375196850394
11
1.5151269291338583
21
0.0386879921259842
0
LINE
8
BLACK
6
CONTINUOUS
10
1.5151269291338583
20
0.0386879921259842
11
1.5153338188976377
21
0.0381474015748031
0
LINE
8
BLACK
6
CONTINUOUS
10
1.5153338188976377
20
0.0381474015748031
11
1.5153413385826771
21
0.0380415354330709
0
LINE
8
BLACK
6
CONTINUOUS
10
1.5153413385826771
20
0.0380415354330709
11
1.5153819291338582
21
0.0379435433070866
0
LINE
8
BLACK
6
CONTINUOUS
10
1.5153819291338582
20
0.0379435433070866
11
1.5154386614173228
21
0.0373674803149606
0
LINE
8
BLACK
6
CONTINUOUS
10
1.5154386614173228
20
0.0373674803149606
11
1.5154386614173228
21
0.0298684251968504
0
LINE
8
BLACK
6
CONTINUOUS
10
1.5154386614173228
20
0.0298684251968504
11
1.5153819291338582
21
0.0292923622047244
0
LINE
8
BLACK
6
CONTINUOUS
10
1.5153819291338582
20
0.0292923622047244
11
1.5153413385826771
21
0.0291944094488189
0
LINE
8
BLACK
6
CONTINUOUS
10
1.5153413385826771
20
0.0291944094488189
11
1.5153338188976377
21
0.0290885039370079
0
LINE
8
BLACK
6
CONTINUOUS
10
1.5153338188976377
20
0.0290885039370079
11
1.5151269291338583
21
0.0285479133858268
0
LINE
8
BLACK
6
CONTINUOUS
10
1.5151269291338583
20
0.0285479133858268
11
1.5132521653543307
21
0.0247983858267717
0
LINE
8
BLACK
6
CONTINUOUS
10
1.5132521653543307
20
0.0247983858267717
11
1.5130961023622047
21
0.0245505118110236
0
LINE
8
BLACK
6
CONTINUOUS
10
1.5130961023622047
20
0.0245505118110236
11
1.5130662992125985
21
0.0244784645669291
0
LINE
8
BLACK
6
CONTINUOUS
10
1.5130662992125985
20
0.0244784645669291
11
1.5129997637795276
21
0.0243974409448819
0
LINE
8
BLACK
6
CONTINUOUS
10
1.5129997637795276
20
0.0243974409448819
11
1.5129438188976378
21
0.0243085039370079
0
LINE
8
BLACK
6
CONTINUOUS
10
1.5129438188976378
20
0.0243085039370079
11
1.5128848031496063
21
0.0242573622047244
0
LINE
8
BLACK
6
CONTINUOUS
10
1.5128848031496063
20
0.0242573622047244
11
1.5126990551181101
21
0.0240309842519685
0
LINE
8
BLACK
6
CONTINUOUS
10
1.5126990551181101
20
0.0240309842519685
11
1.5108243307086613
21
0.0221562204724409
0
LINE
8
BLACK
6
CONTINUOUS
10
1.5108243307086613
20
0.0221562204724409
11
1.5105979527559055
21
0.0219704724409449
0
LINE
8
BLACK
6
CONTINUOUS
10
1.5105979527559055
20
0.0219704724409449
11
1.5105467716535432
21
0.0219114173228346
0
LINE
8
BLACK
6
CONTINUOUS
10
1.5105467716535432
20
0.0219114173228346
11
1.5104577952755904
21
0.0218554330708661
0
LINE
8
BLACK
6
CONTINUOUS
10
1.5104577952755904
20
0.0218554330708661
11
1.5103768503937007
21
0.0217889763779528
0
LINE
8
BLACK
6
CONTINUOUS
10
1.5103768503937007
20
0.0217889763779528
11
1.5103048818897638
21
0.0217591732283465
0
LINE
8
BLACK
6
CONTINUOUS
10
1.5103048818897638
20
0.0217591732283465
11
1.5100568897637794
21
0.0216030708661417
0
LINE
8
BLACK
6
CONTINUOUS
10
1.5100568897637794
20
0.0216030708661417
11
1.5063073622047243
21
0.0197283070866142
0
LINE
8
BLACK
6
CONTINUOUS
10
1.5063073622047243
20
0.0197283070866142
11
1.5057667322834645
21
0.0195214173228346
0
LINE
8
BLACK
6
CONTINUOUS
10
1.5057667322834645
20
0.0195214173228346
11
1.5056609055118111
21
0.019513937007874
0
LINE
8
BLACK
6
CONTINUOUS
10
1.5056609055118111
20
0.019513937007874
11
1.5055629133858268
21
0.0194733070866142
0
LINE
8
BLACK
6
CONTINUOUS
10
1.5055629133858268
20
0.0194733070866142
11
1.5049868503937007
21
0.0194165748031496
0
LINE
8
BLACK
6
CONTINUOUS
10
1.5049868503937007
20
0.0194165748031496
11
1.4974877952755905
21
0.0194165748031496
0
LINE
8
BLACK
6
CONTINUOUS
10
1.4974877952755905
20
0.0194165748031496
11
1.4969117322834646
21
0.0194733070866142
0
LINE
8
BLACK
6
CONTINUOUS
10
1.4969117322834646
20
0.0194733070866142
11
1.4968137401574804
21
0.0195138976377953
0
LINE
8
BLACK
6
CONTINUOUS
10
1.4968137401574804
20
0.0195138976377953
11
1.496707874015748
21
0.0195214173228346
0
LINE
8
BLACK
6
CONTINUOUS
10
1.496707874015748
20
0.0195214173228346
11
1.496167283464567
21
0.0197283070866142
0
LINE
8
BLACK
6
CONTINUOUS
10
1.496167283464567
20
0.0197283070866142
11
1.4924177559055118
21
0.0216030708661417
0
LINE
8
BLACK
6
CONTINUOUS
10
1.4924177559055118
20
0.0216030708661417
11
1.4921697244094487
21
0.0217591732283465
0
LINE
8
BLACK
6
CONTINUOUS
10
1.4921697244094487
20
0.0217591732283465
11
1.4920977952755905
21
0.0217889763779528
0
LINE
8
BLACK
6
CONTINUOUS
10
1.4920977952755905
20
0.0217889763779528
11
1.492016811023622
21
0.0218554330708661
0
LINE
8
BLACK
6
CONTINUOUS
10
1.492016811023622
20
0.0218554330708661
11
1.491927874015748
21
0.0219114173228346
0
LINE
8
BLACK
6
CONTINUOUS
10
1.491927874015748
20
0.0219114173228346
11
1.491876653543307
21
0.0219704724409449
0
LINE
8
BLACK
6
CONTINUOUS
10
1.491876653543307
20
0.0219704724409449
11
1.4916503149606299
21
0.0221562204724409
0
LINE
8
BLACK
6
CONTINUOUS
10
1.4916503149606299
20
0.0221562204724409
11
1.4897755511811024
21
0.0240310236220472
0
LINE
8
BLACK
6
CONTINUOUS
10
1.4897755511811024
20
0.0240310236220472
11
1.4895898031496062
21
0.0242573622047244
0
LINE
8
BLACK
6
CONTINUOUS
10
1.4895898031496062
20
0.0242573622047244
11
1.4895308267716536
21
0.0243085039370079
0
LINE
8
BLACK
6
CONTINUOUS
10
1.4895308267716536
20
0.0243085039370079
11
1.4894748425196851
21
0.0243974409448819
0
LINE
8
BLACK
6
CONTINUOUS
10
1.4894748425196851
20
0.0243974409448819
11
1.489408346456693
21
0.0244784645669291
0
LINE
8
BLACK
6
CONTINUOUS
10
1.489408346456693
20
0.0244784645669291
11
1.4893785039370078
21
0.0245505118110236
0
LINE
8
BLACK
6
CONTINUOUS
10
1.4893785039370078
20
0.0245505118110236
11
1.4892224803149605
21
0.0247983858267717
0
LINE
8
BLACK
6
CONTINUOUS
10
1.4892224803149605
20
0.0247983858267717
11
1.487347716535433
21
0.0285479133858268
0
LINE
8
BLACK
6
CONTINUOUS
10
1.487347716535433
20
0.0285479133858268
11
1.4871408267716535
21
0.0290885433070866
0
LINE
8
BLACK
6
CONTINUOUS
10
1.4871408267716535
20
0.0290885433070866
11
1.4871333070866142
21
0.0291943700787402
0
LINE
8
BLACK
6
CONTINUOUS
10
1.4871333070866142
20
0.0291943700787402
11
1.4870927165354331
21
0.0292923622047244
0
LINE
8
BLACK
6
CONTINUOUS
10
1.4870927165354331
20
0.0292923622047244
11
1.4870359842519685
21
0.0298684251968504
0
LINE
8
BLACK
6
CONTINUOUS
10
1.4870359842519685
20
0.0298684251968504
11
1.4870359842519685
21
0.0373674803149606
0
LINE
8
BLACK
6
CONTINUOUS
10
1.4870359842519685
20
0.0373674803149606
11
1.4870927165354331
21
0.0379435433070866
0
LINE
8
BLACK
6
CONTINUOUS
10
1.4870927165354331
20
0.0379435433070866
11
1.4871333070866142
21
0.0380415748031496
0
LINE
8
BLACK
6
CONTINUOUS
10
1.4871333070866142
20
0.0380415748031496
11
1.4871408267716535
21
0.0381473622047244
0
LINE
8
BLACK
6
CONTINUOUS
10
1.4871408267716535
20
0.0381473622047244
11
1.487347716535433
21
0.0386879921259842
0
LINE
8
BLACK
6
CONTINUOUS
10
1.487347716535433
20
0.0386879921259842
11
1.4892224803149605
21
0.0424375196850394
0
LINE
8
BLACK
6
CONTINUOUS
10
1.4892224803149605
20
0.0424375196850394
11
1.4893785433070865
21
0.0426855511811024
0
LINE
8
BLACK
6
CONTINUOUS
10
1.4893785433070865
20
0.0426855511811024
11
1.4894083858267717
21
0.0427574803149606
0
LINE
8
BLACK
6
CONTINUOUS
10
1.4894083858267717
20
0.0427574803149606
11
1.4894748425196851
21
0.0428384645669291
0
LINE
8
BLACK
6
CONTINUOUS
10
1.4894748425196851
20
0.0428384645669291
11
1.4895308267716536
21
0.0429274015748031
0
LINE
8
BLACK
6
CONTINUOUS
10
1.4895308267716536
20
0.0429274015748031
11
1.4895898031496062
21
0.0429785826771654
0
LINE
8
BLACK
6
CONTINUOUS
10
1.4895898031496062
20
0.0429785826771654
11
1.4897755905511811
21
0.0432049212598425
0
LINE
8
BLACK
6
CONTINUOUS
10
1.4897755905511811
20
0.0432049212598425
11
1.4914372047244093
21
0.0448665354330709
0
LINE
8
BLACK
6
CONTINUOUS
10
1.4914372047244093
20
0.0448665354330709
11
1.4897755905511811
21
0.0465281496062992
0
LINE
8
BLACK
6
CONTINUOUS
10
1.4897755905511811
20
0.0465281496062992
11
1.4895898031496062
21
0.0467545275590551
0
LINE
8
BLACK
6
CONTINUOUS
10
1.4895898031496062
20
0.0467545275590551
11
1.4895308267716536
21
0.0468056692913386
0
LINE
8
BLACK
6
CONTINUOUS
10
1.4895308267716536
20
0.0468056692913386
11
1.4894748425196851
21
0.0468946456692913
0
LINE
8
BLACK
6
CONTINUOUS
10
1.4894748425196851
20
0.0468946456692913
11
1.4894083858267717
21
0.0469755905511811
0
LINE
8
BLACK
6
CONTINUOUS
10
1.4894083858267717
20
0.0469755905511811
11
1.4893785433070865
21
0.0470475590551181
0
LINE
8
BLACK
6
CONTINUOUS
10
1.4893785433070865
20
0.0470475590551181
11
1.4892224803149605
21
0.0472955511811024
0
LINE
8
BLACK
6
CONTINUOUS
10
1.4892224803149605
20
0.0472955511811024
11
1.487347716535433
21
0.0510450787401575
0
LINE
8
BLACK
6
CONTINUOUS
10
1.487347716535433
20
0.0510450787401575
11
1.4871408267716535
21
0.0515857086614173
0
LINE
8
BLACK
6
CONTINUOUS
10
1.4871408267716535
20
0.0515857086614173
11
1.4871333070866142
21
0.0516915354330709
0
LINE
8
BLACK
6
CONTINUOUS
10
1.4871333070866142
20
0.0516915354330709
11
1.4870927165354331
21
0.0517895275590551
0
LINE
8
BLACK
6
CONTINUOUS
10
1.4870927165354331
20
0.0517895275590551
11
1.4870359842519685
21
0.0523655905511811
0
LINE
8
BLACK
6
CONTINUOUS
10
1.4870359842519685
20
0.0523655905511811
11
1.4870359842519685
21
0.0542403543307087
0
LINE
8
BLACK
6
CONTINUOUS
10
1.4870359842519685
20
0.0542403543307087
11
1.4870927165354331
21
0.0548164173228346
0
LINE
8
BLACK
6
CONTINUOUS
10
1.4870927165354331
20
0.0548164173228346
11
1.4871333070866142
21
0.0549144488188976
0
LINE
8
BLACK
6
CONTINUOUS
10
1.4871333070866142
20
0.0549144488188976
11
1.4871408267716535
21
0.0550202362204724
0
LINE
8
BLACK
6
CONTINUOUS
10
1.4871408267716535
20
0.0550202362204724
11
1.487347716535433
21
0.0555608661417323
0
LINE
8
BLACK
6
CONTINUOUS
10
1.487347716535433
20
0.0555608661417323
11
1.4892224803149605
21
0.0593103937007874
0
LINE
8
BLACK
6
CONTINUOUS
10
1.4892224803149605
20
0.0593103937007874
11
1.4893785433070865
21
0.0595584251968504
0
LINE
8
BLACK
6
CONTINUOUS
10
1.4893785433070865
20
0.0595584251968504
11
1.4894083858267717
21
0.0596303543307087
0
LINE
8
BLACK
6
CONTINUOUS
10
1.4894083858267717
20
0.0596303543307087
11
1.4894748425196851
21
0.0597113385826772
0
LINE
8
BLACK
6
CONTINUOUS
10
1.4894748425196851
20
0.0597113385826772
11
1.4895308267716536
21
0.0598002755905512
0
LINE
8
BLACK
6
CONTINUOUS
10
1.4895308267716536
20
0.0598002755905512
11
1.4895898031496062
21
0.0598514566929134
0
LINE
8
BLACK
6
CONTINUOUS
10
1.4895898031496062
20
0.0598514566929134
11
1.4897755905511811
21
0.0600777952755905
0
LINE
8
BLACK
6
CONTINUOUS
10
1.4897755905511811
20
0.0600777952755905
11
1.4916503543307087
21
0.0619525590551181
0
LINE
8
BLACK
6
CONTINUOUS
10
1.4916503543307087
20
0.0619525590551181
11
1.4918766929133858
21
0.0621383464566929
0
LINE
8
BLACK
6
CONTINUOUS
10
1.4918766929133858
20
0.0621383464566929
11
1.491927874015748
21
0.0621973228346457
0
LINE
8
BLACK
6
CONTINUOUS
10
1.491927874015748
20
0.0621973228346457
11
1.492016811023622
21
0.0622533070866142
0
LINE
8
BLACK
6
CONTINUOUS
10
1.492016811023622
20
0.0622533070866142
11
1.4920977952755905
21
0.0623197637795276
0
LINE
8
BLACK
6
CONTINUOUS
10
1.4920977952755905
20
0.0623197637795276
11
1.4921697244094487
21
0.0623496062992126
0
LINE
8
BLACK
6
CONTINUOUS
10
1.4921697244094487
20
0.0623496062992126
11
1.4924177559055118
21
0.0625056692913386
0
LINE
8
BLACK
6
CONTINUOUS
10
1.4924177559055118
20
0.0625056692913386
11
1.496167283464567
21
0.0643804330708661
0
LINE
8
BLACK
6
CONTINUOUS
10
1.496167283464567
20
0.0643804330708661
11
1.496707874015748
21
0.0645873228346457
0
LINE
8
BLACK
6
CONTINUOUS
10
1.496707874015748
20
0.0645873228346457
11
1.4968137401574804
21
0.0645948818897638
0
LINE
8
BLACK
6
CONTINUOUS
10
1.4968137401574804
20
0.0645948818897638
11
1.4969117322834646
21
0.0646354330708661
0
LINE
8
BLACK
6
CONTINUOUS
10
1.4969117322834646
20
0.0646354330708661
11
1.4974877952755905
21
0.0646921653543307
0
LINE
8
BLACK
6
CONTINUOUS
10
1.4974877952755905
20
0.0646921653543307
11
1.5049868503937007
21
0.0646921653543307
0
LINE
8
BLACK
6
CONTINUOUS
10
1.5049868503937007
20
0.0646921653543307
11
1.5055629133858268
21
0.0646354330708661
0
LINE
8
BLACK
6
CONTINUOUS
10
1.4954873622047244
20
0.0405650393700787
11
1.4942902362204724
21
0.0393679133858268
0
LINE
8
BLACK
6
CONTINUOUS
10
1.4942902362204724
20
0.0393679133858268
11
1.4929414960629921
21
0.0366704330708661
0
LINE
8
BLACK
6
CONTINUOUS
10
1.4929414960629921
20
0.0366704330708661
11
1.4929414960629921
21
0.0305654724409449
0
LINE
8
BLACK
6
CONTINUOUS
10
1.4929414960629921
20
0.0305654724409449
11
1.4942902362204724
21
0.0278679921259843
0
LINE
8
BLACK
6
CONTINUOUS
10
1.4942902362204724
20
0.0278679921259843
11
1.4954873622047244
21
0.0266708267716535
0
LINE
8
BLACK
6
CONTINUOUS
10
1.4954873622047244
20
0.0266708267716535
11
1.4981848425196851
21
0.0253220866141732
0
LINE
8
BLACK
6
CONTINUOUS
10
1.4981848425196851
20
0.0253220866141732
11
1.5042898031496064
21
0.0253220866141732
0
LINE
8
BLACK
6
CONTINUOUS
10
1.5042898031496064
20
0.0253220866141732
11
1.5069872440944883
21
0.0266708267716535
0
LINE
8
BLACK
6
CONTINUOUS
10
1.5069872440944883
20
0.0266708267716535
11
1.5081843700787401
21
0.0278679921259843
0
LINE
8
BLACK
6
CONTINUOUS
10
1.5081843700787401
20
0.0278679921259843
11
1.5095331496062991
21
0.0305654724409449
0
LINE
8
BLACK
6
CONTINUOUS
10
1.5095331496062991
20
0.0305654724409449
11
1.5095331496062991
21
0.0366704330708661
0
LINE
8
BLACK
6
CONTINUOUS
10
1.5095331496062991
20
0.0366704330708661
11
1.5081844094488188
21
0.0393679133858268
0
LINE
8
BLACK
6
CONTINUOUS
10
1.5081844094488188
20
0.0393679133858268
11
1.5069872834645668
21
0.0405650393700787
0
LINE
8
BLACK
6
CONTINUOUS
10
1.5069872834645668
20
0.0405650393700787
11
1.5042898031496064
21
0.0419137795275591
0
LINE
8
BLACK
6
CONTINUOUS
10
1.5042898031496064
20
0.0419137795275591
11
1.4981848425196851
21
0.0419137795275591
0
LINE
8
BLACK
6
CONTINUOUS
10
1.4981848425196851
20
0.0419137795275591
11
1.4954873622047244
21
0.0405650393700787
0
LINE
8
BLACK
6
CONTINUOUS
10
1.4954873622047244
20
0.0574379133858268
11
1.4942902362204724
21
0.0562407874015748
0
LINE
8
BLACK
6
CONTINUOUS
10
1.4942902362204724
20
0.0562407874015748
11
1.4929414960629921
21
0.0535433070866142
0
LINE
8
BLACK
6
CONTINUOUS
10
1.4929414960629921
20
0.0535433070866142
11
1.4929414960629921
21
0.0530626377952756
0
LINE
8
BLACK
6
CONTINUOUS
10
1.4929414960629921
20
0.0530626377952756
11
1.4942902362204724
21
0.050365157480315
0
LINE
8
BLACK
6
CONTINUOUS
10
1.4942902362204724
20
0.050365157480315
11
1.4954873622047244
21
0.049168031496063
0
LINE
8
BLACK
6
CONTINUOUS
10
1.4954873622047244
20
0.049168031496063
11
1.4981848425196851
21
0.0478192913385827
0
LINE
8
BLACK
6
CONTINUOUS
10
1.4981848425196851
20
0.0478192913385827
11
1.5042898031496064
21
0.0478192913385827
0
LINE
8
BLACK
6
CONTINUOUS
10
1.5042898031496064
20
0.0478192913385827
11
1.5069872834645668
21
0.049168031496063
0
LINE
8
BLACK
6
CONTINUOUS
10
1.5069872834645668
20
0.049168031496063
11
1.5081844094488188
21
0.050365157480315
0
LINE
8
BLACK
6
CONTINUOUS
10
1.5081844094488188
20
0.050365157480315
11
1.5095331496062991
21
0.0530626377952756
0
LINE
8
BLACK
6
CONTINUOUS
10
1.5095331496062991
20
0.0530626377952756
11
1.5095331496062991
21
0.0535433070866142
0
LINE
8
BLACK
6
CONTINUOUS
10
1.5095331496062991
20
0.0535433070866142
11
1.5081844094488188
21
0.0562407874015748
0
LINE
8
BLACK
6
CONTINUOUS
10
1.5081844094488188
20
0.0562407874015748
11
1.5069872834645668
21
0.0574379133858268
0
LINE
8
BLACK
6
CONTINUOUS
10
1.5069872834645668
20
0.0574379133858268
11
1.5042898031496064
21
0.0587866535433071
0
LINE
8
BLACK
6
CONTINUOUS
10
1.5042898031496064
20
0.0587866535433071
11
1.4981848425196851
21
0.0587866535433071
0
LINE
8
BLACK
6
CONTINUOUS
10
1.4981848425196851
20
0.0587866535433071
11
1.4954873622047244
21
0.0574379133858268
0
LINE
8
BLACK
6
CONTINUOUS
10
1.5411834645669291
20
0.0646354330708661
11
1.5412814566929134
21
0.064594842519685
0
LINE
8
BLACK
6
CONTINUOUS
10
1.5412814566929134
20
0.064594842519685
11
1.541387283464567
21
0.0645873228346457
0
LINE
8
BLACK
6
CONTINUOUS
10
1.541387283464567
20
0.0645873228346457
11
1.5419279133858268
21
0.0643804330708661
0
LINE
8
BLACK
6
CONTINUOUS
10
1.5419279133858268
20
0.0643804330708661
11
1.5456774409448819
21
0.0625056692913386
0
LINE
8
BLACK
6
CONTINUOUS
10
1.5456774409448819
20
0.0625056692913386
11
1.5459254330708661
21
0.0623496062992126
0
LINE
8
BLACK
6
CONTINUOUS
10
1.5459254330708661
20
0.0623496062992126
11
1.545997401574803
21
0.0623197637795276
0
LINE
8
BLACK
6
CONTINUOUS
10
1.545997401574803
20
0.0623197637795276
11
1.546078346456693
21
0.0622533070866142
0
LINE
8
BLACK
6
CONTINUOUS
10
1.546078346456693
20
0.0622533070866142
11
1.5461673228346455
21
0.0621973228346457
0
LINE
8
BLACK
6
CONTINUOUS
10
1.5461673228346455
20
0.0621973228346457
11
1.546218464566929
21
0.0621383464566929
0
LINE
8
BLACK
6
CONTINUOUS
10
1.546218464566929
20
0.0621383464566929
11
1.5464448425196851
21
0.0619525590551181
0
LINE
8
BLACK
6
CONTINUOUS
10
1.5464448425196851
20
0.0619525590551181
11
1.5483196062992126
21
0.0600777952755905
0
LINE
8
BLACK
6
CONTINUOUS
10
1.5483196062992126
20
0.0600777952755905
11
1.5485053543307086
21
0.0598514566929134
0
LINE
8
BLACK
6
CONTINUOUS
10
1.5485053543307086
20
0.0598514566929134
11
1.5485643700787401
21
0.0598002755905512
0
LINE
8
BLACK
6
CONTINUOUS
10
1.5485643700787401
20
0.0598002755905512
11
1.5486203149606299
21
0.0597113385826772
0
LINE
8
BLACK
6
CONTINUOUS
10
1.5486203149606299
20
0.0597113385826772
11
1.548686811023622
21
0.0596303543307087
0
LINE
8
BLACK
6
CONTINUOUS
10
1.548686811023622
20
0.0596303543307087
11
1.5487166141732283
21
0.0595584251968504
0
LINE
8
BLACK
6
CONTINUOUS
10
1.5487166141732283
20
0.0595584251968504
11
1.548872716535433
21
0.0593103937007874
0
LINE
8
BLACK
6
CONTINUOUS
10
1.548872716535433
20
0.0593103937007874
11
1.5507474803149606
21
0.0555608661417323
0
LINE
8
BLACK
6
CONTINUOUS
10
1.5507474803149606
20
0.0555608661417323
11
1.5507635826771653
21
0.0555187795275591
0
LINE
8
BLACK
6
CONTINUOUS
10
1.5507635826771653
20
0.0555187795275591
11
1.5507762992125984
21
0.0555016141732283
0
LINE
8
BLACK
6
CONTINUOUS
10
1.5507762992125984
20
0.0555016141732283
11
1.5508625984251969
21
0.0552600393700787
0
LINE
8
BLACK
6
CONTINUOUS
10
1.5508625984251969
20
0.0552600393700787
11
1.55095437007874
21
0.0550202755905512
0
LINE
8
BLACK
6
CONTINUOUS
10
1.55095437007874
20
0.0550202755905512
11
1.5509558661417322
21
0.0549990157480315
0
LINE
8
BLACK
6
CONTINUOUS
10
1.5509558661417322
20
0.0549990157480315
11
1.5509710629921261
21
0.0549564960629921
0
LINE
8
BLACK
6
CONTINUOUS
10
1.5509710629921261
20
0.0549564960629921
11
1.5528458267716536
21
0.0474574409448819
0
LINE
8
BLACK
6
CONTINUOUS
10
1.5528458267716536
20
0.0474574409448819
11
1.552860590551181
21
0.0473575984251969
0
LINE
8
BLACK
6
CONTINUOUS
10
1.552860590551181
20
0.0473575984251969
11
1.5528772440944882
21
0.0473173622047244
0
LINE
8
BLACK
6
CONTINUOUS
10
1.5528772440944882
20
0.0473173622047244
11
1.5528985826771653
21
0.0471003543307087
0
LINE
8
BLACK
6
CONTINUOUS
10
1.5528985826771653
20
0.0471003543307087
11
1.552930472440945
21
0.046884842519685
0
LINE
8
BLACK
6
CONTINUOUS
10
1.552930472440945
20
0.046884842519685
11
1.5529240551181103
21
0.0468418503937008
0
LINE
8
BLACK
6
CONTINUOUS
10
1.5529240551181103
20
0.0468418503937008
11
1.5529339763779528
21
0.0467412992125984
0
LINE
8
BLACK
6
CONTINUOUS
10
1.5529339763779528
20
0.0467412992125984
11
1.5529339763779528
21
0.0373674803149606
0
LINE
8
BLACK
6
CONTINUOUS
10
1.5529339763779528
20
0.0373674803149606
11
1.5529240551181103
21
0.037266968503937
0
LINE
8
BLACK
6
CONTINUOUS
10
1.5529240551181103
20
0.037266968503937
11
1.552930472440945
21
0.037223937007874
0
LINE
8
BLACK
6
CONTINUOUS
10
1.552930472440945
20
0.037223937007874
11
1.5528985826771653
21
0.0370084645669291
0
LINE
8
BLACK
6
CONTINUOUS
10
1.5528985826771653
20
0.0370084645669291
11
1.5528772440944882
21
0.0367914173228346
0
LINE
8
BLACK
6
CONTINUOUS
10
1.5528772440944882
20
0.0367914173228346
11
1.552860590551181
21
0.0367512204724409
0
LINE
8
BLACK
6
CONTINUOUS
10
1.552860590551181
20
0.0367512204724409
11
1.5528458267716536
21
0.0366513385826772
0
LINE
8
BLACK
6
CONTINUOUS
10
1.5528458267716536
20
0.0366513385826772
11
1.5509710629921261
21
0.0291522834645669
0
LINE
8
BLACK
6
CONTINUOUS
10
1.5509710629921261
20
0.0291522834645669
11
1.5509558661417322
21
0.0291098031496063
0
LINE
8
BLACK
6
CONTINUOUS
10
1.5509558661417322
20
0.0291098031496063
11
1.55095437007874
21
0.0290885039370079
0
LINE
8
BLACK
6
CONTINUOUS
10
1.55095437007874
20
0.0290885039370079
11
1.5508625984251969
21
0.0288487795275591
0
LINE
8
BLACK
6
CONTINUOUS
10
1.5508625984251969
20
0.0288487795275591
11
1.5507762992125984
21
0.0286071653543307
0
LINE
8
BLACK
6
CONTINUOUS
10
1.5507762992125984
20
0.0286071653543307
11
1.5507635826771653
21
0.0285900393700787
0
LINE
8
BLACK
6
CONTINUOUS
10
1.5507635826771653
20
0.0285900393700787
11
1.5507474803149606
21
0.0285479133858268
0
LINE
8
BLACK
6
CONTINUOUS
10
1.5507474803149606
20
0.0285479133858268
11
1.548872716535433
21
0.0247983858267717
0
LINE
8
BLACK
6
CONTINUOUS
10
1.548872716535433
20
0.0247983858267717
11
1.548716653543307
21
0.0245505118110236
0
LINE
8
BLACK
6
CONTINUOUS
10
1.548716653543307
20
0.0245505118110236
11
1.5486868503937008
21
0.0244784645669291
0
LINE
8
BLACK
6
CONTINUOUS
10
1.5486868503937008
20
0.0244784645669291
11
1.5486203149606299
21
0.0243974409448819
0
LINE
8
BLACK
6
CONTINUOUS
10
1.5486203149606299
20
0.0243974409448819
11
1.5485643700787401
21
0.0243085039370079
0
LINE
8
BLACK
6
CONTINUOUS
10
1.5485643700787401
20
0.0243085039370079
11
1.5485053543307086
21
0.0242573622047244
0
LINE
8
BLACK
6
CONTINUOUS
10
1.5485053543307086
20
0.0242573622047244
11
1.5483196062992126
21
0.0240309842519685
0
LINE
8
BLACK
6
CONTINUOUS
10
1.5483196062992126
20
0.0240309842519685
11
1.5464448818897638
21
0.0221562204724409
0
LINE
8
BLACK
6
CONTINUOUS
10
1.5464448818897638
20
0.0221562204724409
11
1.5462185039370078
21
0.0219704724409449
0
LINE
8
BLACK
6
CONTINUOUS
10
1.5462185039370078
20
0.0219704724409449
11
1.5461673228346455
21
0.0219114173228346
0
LINE
8
BLACK
6
CONTINUOUS
10
1.5461673228346455
20
0.0219114173228346
11
1.546078346456693
21
0.0218554330708661
0
LINE
8
BLACK
6
CONTINUOUS
10
1.546078346456693
20
0.0218554330708661
11
1.545997401574803
21
0.0217889763779528
0
LINE
8
BLACK
6
CONTINUOUS
10
1.545997401574803
20
0.0217889763779528
11
1.5459254330708661
21
0.0217591732283465
0
LINE
8
BLACK
6
CONTINUOUS
10
1.5459254330708661
20
0.0217591732283465
11
1.5456774409448819
21
0.0216030708661417
0
LINE
8
BLACK
6
CONTINUOUS
10
1.5456774409448819
20
0.0216030708661417
11
1.5419279133858268
21
0.0197283070866142
0
LINE
8
BLACK
6
CONTINUOUS
10
1.5419279133858268
20
0.0197283070866142
11
1.541387283464567
21
0.0195214173228346
0
LINE
8
BLACK
6
CONTINUOUS
10
1.541387283464567
20
0.0195214173228346
11
1.5412814566929134
21
0.019513937007874
0
LINE
8
BLACK
6
CONTINUOUS
10
1.5412814566929134
20
0.019513937007874
11
1.5411834645669291
21
0.0194733070866142
0
LINE
8
BLACK
6
CONTINUOUS
10
1.5411834645669291
20
0.0194733070866142
11
1.540607401574803
21
0.0194165748031496
0
LINE
8
BLACK
6
CONTINUOUS
10
1.540607401574803
20
0.0194165748031496
11
1.5368578740157479
21
0.0194165748031496
0
LINE
8
BLACK
6
CONTINUOUS
10
1.5368578740157479
20
0.0194165748031496
11
1.536281811023622
21
0.0194733070866142
0
LINE
8
BLACK
6
CONTINUOUS
10
1.536281811023622
20
0.0194733070866142
11
1.5361838188976378
21
0.0195138976377953
0
LINE
8
BLACK
6
CONTINUOUS
10
1.5361838188976378
20
0.0195138976377953
11
1.5360779527559054
21
0.0195214173228346
0
LINE
8
BLACK
6
CONTINUOUS
10
1.5360779527559054
20
0.0195214173228346
11
1.5355373622047244
21
0.0197283070866142
0
LINE
8
BLACK
6
CONTINUOUS
10
1.5355373622047244
20
0.0197283070866142
11
1.5317878346456693
21
0.0216030708661417
0
LINE
8
BLACK
6
CONTINUOUS
10
1.5317878346456693
20
0.0216030708661417
11
1.5315398031496064
21
0.0217591732283465
0
LINE
8
BLACK
6
CONTINUOUS
10
1.5315398031496064
20
0.0217591732283465
11
1.5314678740157479
21
0.0217889763779528
0
LINE
8
BLACK
6
CONTINUOUS
10
1.5314678740157479
20
0.0217889763779528
11
1.5313868897637795
21
0.0218554330708661
0
LINE
8
BLACK
6
CONTINUOUS
10
1.5313868897637795
20
0.0218554330708661
11
1.5312979527559054
21
0.0219114173228346
0
LINE
8
BLACK
6
CONTINUOUS
10
1.5312979527559054
20
0.0219114173228346
11
1.5312467322834646
21
0.0219704724409449
0
LINE
8
BLACK
6
CONTINUOUS
10
1.5312467322834646
20
0.0219704724409449
11
1.5310203937007874
21
0.0221562204724409
0
LINE
8
BLACK
6
CONTINUOUS
10
1.5310203937007874
20
0.0221562204724409
11
1.5291456299212598
21
0.0240310236220472
0
LINE
8
BLACK
6
CONTINUOUS
10
1.5291456299212598
20
0.0240310236220472
11
1.5289598818897638
21
0.0242573622047244
0
LINE
8
BLACK
6
CONTINUOUS
10
1.5289598818897638
20
0.0242573622047244
11
1.528900905511811
21
0.0243085039370079
0
LINE
8
BLACK
6
CONTINUOUS
10
1.528900905511811
20
0.0243085039370079
11
1.5288449212598425
21
0.0243974409448819
0
LINE
8
BLACK
6
CONTINUOUS
10
1.5288449212598425
20
0.0243974409448819
11
1.5287784251968504
21
0.0244784645669291
0
LINE
8
BLACK
6
CONTINUOUS
10
1.5287784251968504
20
0.0244784645669291
11
1.5287485826771654
21
0.0245505118110236
0
LINE
8
BLACK
6
CONTINUOUS
10
1.5287485826771654
20
0.0245505118110236
11
1.5285925590551181
21
0.0247983858267717
0
LINE
8
BLACK
6
CONTINUOUS
10
1.5285925590551181
20
0.0247983858267717
11
1.5267177952755906
21
0.0285479133858268
0
LINE
8
BLACK
6
CONTINUOUS
10
1.5267177952755906
20
0.0285479133858268
11
1.5267016535433071
21
0.0285900393700787
0
LINE
8
BLACK
6
CONTINUOUS
10
1.5267016535433071
20
0.0285900393700787
11
1.5266889763779528
21
0.0286071653543307
0
LINE
8
BLACK
6
CONTINUOUS
10
1.5266889763779528
20
0.0286071653543307
11
1.5266025196850392
21
0.0288491338582677
0
LINE
8
BLACK
6
CONTINUOUS
10
1.5266025196850392
20
0.0288491338582677
11
1.5265109055118109
21
0.0290885433070866
0
LINE
8
BLACK
6
CONTINUOUS
10
1.5265109055118109
20
0.0290885433070866
11
1.5265093700787402
21
0.0291098031496063
0
LINE
8
BLACK
6
CONTINUOUS
10
1.5265093700787402
20
0.0291098031496063
11
1.5264942125984251
21
0.0291522834645669
0
LINE
8
BLACK
6
CONTINUOUS
10
1.5264942125984251
20
0.0291522834645669
11
1.5246194488188975
21
0.0366513385826772
0
LINE
8
BLACK
6
CONTINUOUS
10
1.5246194488188975
20
0.0366513385826772
11
1.5246046456692912
21
0.0367512204724409
0
LINE
8
BLACK
6
CONTINUOUS
10
1.5246046456692912
20
0.0367512204724409
11
1.5245880314960629
21
0.0367914173228346
0
LINE
8
BLACK
6
CONTINUOUS
10
1.5245880314960629
20
0.0367914173228346
11
1.5245666535433071
21
0.0370084645669291
0
LINE
8
BLACK
6
CONTINUOUS
10
1.5245666535433071
20
0.0370084645669291
11
1.5245348031496062
21
0.037223937007874
0
LINE
8
BLACK
6
CONTINUOUS
10
1.5245348031496062
20
0.037223937007874
11
1.5245411811023621
21
0.037266968503937
0
LINE
8
BLACK
6
CONTINUOUS
10
1.5245411811023621
20
0.037266968503937
11
1.5245312992125983
21
0.0373674803149606
0
LINE
8
BLACK
6
CONTINUOUS
10
1.5245312992125983
20
0.0373674803149606
11
1.5245312992125983
21
0.0467412992125984
0
LINE
8
BLACK
6
CONTINUOUS
10
1.5245312992125983
20
0.0467412992125984
11
1.5245411811023621
21
0.0468418503937008
0
LINE
8
BLACK
6
CONTINUOUS
10
1.5245411811023621
20
0.0468418503937008
11
1.5245348031496062
21
0.046884842519685
0
LINE
8
BLACK
6
CONTINUOUS
10
1.5245348031496062
20
0.046884842519685
11
1.5245666535433071
21
0.0471003543307087
0
LINE
8
BLACK
6
CONTINUOUS
10
1.5245666535433071
20
0.0471003543307087
11
1.5245880314960629
21
0.0473173622047244
0
LINE
8
BLACK
6
CONTINUOUS
10
1.5245880314960629
20
0.0473173622047244
11
1.5246046456692912
21
0.0473575984251969
0
LINE
8
BLACK
6
CONTINUOUS
10
1.5246046456692912
20
0.0473575984251969
11
1.5246194488188975
21
0.0474574409448819
0
LINE
8
BLACK
6
CONTINUOUS
10
1.5246194488188975
20
0.0474574409448819
11
1.5264942125984251
21
0.0549564960629921
0
LINE
8
BLACK
6
CONTINUOUS
10
1.5264942125984251
20
0.0549564960629921
11
1.5265093700787402
21
0.0549990157480315
0
LINE
8
BLACK
6
CONTINUOUS
10
1.5265093700787402
20
0.0549990157480315
11
1.5265109055118109
21
0.0550202362204724
0
LINE
8
BLACK
6
CONTINUOUS
10
1.5265109055118109
20
0.0550202362204724
11
1.5266025196850392
21
0.0552596850393701
0
LINE
8
BLACK
6
CONTINUOUS
10
1.5266025196850392
20
0.0552596850393701
11
1.5266889763779528
21
0.0555016141732283
0
LINE
8
BLACK
6
CONTINUOUS
10
1.5266889763779528
20
0.0555016141732283
11
1.5267016535433071
21
0.0555187795275591
0
LINE
8
BLACK
6
CONTINUOUS
10
1.5267016535433071
20
0.0555187795275591
11
1.5267177952755906
21
0.0555608661417323
0
LINE
8
BLACK
6
CONTINUOUS
10
1.5267177952755906
20
0.0555608661417323
11
1.5285925590551181
21
0.0593103937007874
0
LINE
8
BLACK
6
CONTINUOUS
10
1.5285925590551181
20
0.0593103937007874
11
1.5287486220472442
21
0.0595584251968504
0
LINE
8
BLACK
6
CONTINUOUS
10
1.5287486220472442
20
0.0595584251968504
11
1.5287784645669291
21
0.0596303543307087
0
LINE
8
BLACK
6
CONTINUOUS
10
1.5287784645669291
20
0.0596303543307087
11
1.5288449212598425
21
0.0597113385826772
0
LINE
8
BLACK
6
CONTINUOUS
10
1.5288449212598425
20
0.0597113385826772
11
1.528900905511811
21
0.0598002755905512
0
LINE
8
BLACK
6
CONTINUOUS
10
1.528900905511811
20
0.0598002755905512
11
1.5289598818897638
21
0.0598514566929134
0
LINE
8
BLACK
6
CONTINUOUS
10
1.5289598818897638
20
0.0598514566929134
11
1.5291456692913385
21
0.0600777952755905
0
LINE
8
BLACK
6
CONTINUOUS
10
1.5291456692913385
20
0.0600777952755905
11
1.5310204330708661
21
0.0619525590551181
0
LINE
8
BLACK
6
CONTINUOUS
10
1.5310204330708661
20
0.0619525590551181
11
1.5312467716535432
21
0.0621383464566929
0
LINE
8
BLACK
6
CONTINUOUS
10
1.5312467716535432
20
0.0621383464566929
11
1.5312979527559054
21
0.0621973228346457
0
LINE
8
BLACK
6
CONTINUOUS
10
1.5312979527559054
20
0.0621973228346457
11
1.5313868897637795
21
0.0622533070866142
0
LINE
8
BLACK
6
CONTINUOUS
10
1.5313868897637795
20
0.0622533070866142
11
1.5314678740157479
21
0.0623197637795276
0
LINE
8
BLACK
6
CONTINUOUS
10
1.5314678740157479
20
0.0623197637795276
11
1.5315398031496064
21
0.0623496062992126
0
LINE
8
BLACK
6
CONTINUOUS
10
1.5315398031496064
20
0.0623496062992126
11
1.5317878346456693
21
0.0625056692913386
0
LINE
8
BLACK
6
CONTINUOUS
10
1.5317878346456693
20
0.0625056692913386
11
1.5355373622047244
21
0.0643804330708661
0
LINE
8
BLACK
6
CONTINUOUS
10
1.5355373622047244
20
0.0643804330708661
11
1.5360779527559054
21
0.0645873228346457
0
LINE
8
BLACK
6
CONTINUOUS
10
1.5360779527559054
20
0.0645873228346457
11
1.5361838188976378
21
0.0645948818897638
0
LINE
8
BLACK
6
CONTINUOUS
10
1.5361838188976378
20
0.0645948818897638
11
1.536281811023622
21
0.0646354330708661
0
LINE
8
BLACK
6
CONTINUOUS
10
1.536281811023622
20
0.0646354330708661
11
1.5368578740157479
21
0.0646921653543307
0
LINE
8
BLACK
6
CONTINUOUS
10
1.5368578740157479
20
0.0646921653543307
11
1.540607401574803
21
0.0646921653543307
0
LINE
8
BLACK
6
CONTINUOUS
10
1.540607401574803
20
0.0646921653543307
11
1.5411834645669291
21
0.0646354330708661
0
LINE
8
BLACK
6
CONTINUOUS
10
1.5348574409448819
20
0.0574379133858268
11
1.5336603149606298
21
0.0562407874015748
0
LINE
8
BLACK
6
CONTINUOUS
10
1.5336603149606298
20
0.0562407874015748
11
1.5321448031496063
21
0.0532098031496063
0
LINE
8
BLACK
6
CONTINUOUS
10
1.5321448031496063
20
0.0532098031496063
11
1.5304368110236219
21
0.0463777559055118
0
LINE
8
BLACK
6
CONTINUOUS
10
1.5304368110236219
20
0.0463777559055118
11
1.5304368110236219
21
0.0377310236220472
0
LINE
8
BLACK
6
CONTINUOUS
10
1.5304368110236219
20
0.0377310236220472
11
1.5321448031496063
21
0.0308989763779528
0
LINE
8
BLACK
6
CONTINUOUS
10
1.5321448031496063
20
0.0308989763779528
11
1.5336603149606298
21
0.0278679921259843
0
LINE
8
BLACK
6
CONTINUOUS
10
1.5336603149606298
20
0.0278679921259843
11
1.5348574409448819
21
0.0266708267716535
0
LINE
8
BLACK
6
CONTINUOUS
10
1.5348574409448819
20
0.0266708267716535
11
1.5375549212598425
21
0.0253220866141732
0
LINE
8
BLACK
6
CONTINUOUS
10
1.5375549212598425
20
0.0253220866141732
11
1.5399103543307087
21
0.0253220866141732
0
LINE
8
BLACK
6
CONTINUOUS
10
1.5399103543307087
20
0.0253220866141732
11
1.5426077952755906
21
0.0266708267716535
0
LINE
8
BLACK
6
CONTINUOUS
10
1.5426077952755906
20
0.0266708267716535
11
1.5438049212598426
21
0.0278679921259843
0
LINE
8
BLACK
6
CONTINUOUS
10
1.5438049212598426
20
0.0278679921259843
11
1.5453204330708661
21
0.0308989763779528
0
LINE
8
BLACK
6
CONTINUOUS
10
1.5453204330708661
20
0.0308989763779528
11
1.547028464566929
21
0.0377310236220472
0
LINE
8
BLACK
6
CONTINUOUS
10
1.547028464566929
20
0.0377310236220472
11
1.547028464566929
21
0.0463777559055118
0
LINE
8
BLACK
6
CONTINUOUS
10
1.547028464566929
20
0.0463777559055118
11
1.5453204330708661
21
0.0532098031496063
0
LINE
8
BLACK
6
CONTINUOUS
10
1.5453204330708661
20
0.0532098031496063
11
1.5438049606299211
21
0.0562407874015748
0
LINE
8
BLACK
6
CONTINUOUS
10
1.5438049606299211
20
0.0562407874015748
11
1.5426078346456693
21
0.0574379133858268
0
LINE
8
BLACK
6
CONTINUOUS
10
1.5426078346456693
20
0.0574379133858268
11
1.5399103543307087
21
0.0587866535433071
0
LINE
8
BLACK
6
CONTINUOUS
10
1.5399103543307087
20
0.0587866535433071
11
1.5375549212598425
21
0.0587866535433071
0
LINE
8
BLACK
6
CONTINUOUS
10
1.5375549212598425
20
0.0587866535433071
11
1.5348574409448819
21
0.0574379133858268
0
LINE
8
BLACK
6
CONTINUOUS
10
1.578678779527559
20
0.0646354330708661
11
1.5787767716535432
21
0.064594842519685
0
LINE
8
BLACK
6
CONTINUOUS
10
1.5787767716535432
20
0.064594842519685
11
1.5788825984251968
21
0.0645873228346457
0
LINE
8
BLACK
6
CONTINUOUS
10
1.5788825984251968
20
0.0645873228346457
11
1.5794232283464567
21
0.0643804330708661
0
LINE
8
BLACK
6
CONTINUOUS
10
1.5794232283464567
20
0.0643804330708661
11
1.5831727559055118
21
0.0625056692913386
0
LINE
8
BLACK
6
CONTINUOUS
10
1.5831727559055118
20
0.0625056692913386
11
1.5834207480314961
21
0.0623496062992126
0
LINE
8
BLACK
6
CONTINUOUS
10
1.5834207480314961
20
0.0623496062992126
11
1.5834927165354331
21
0.0623197637795276
0
LINE
8
BLACK
6
CONTINUOUS
10
1.5834927165354331
20
0.0623197637795276
11
1.5835736614173228
21
0.0622533070866142
0
LINE
8
BLACK
6
CONTINUOUS
10
1.5835736614173228
20
0.0622533070866142
11
1.5836626377952756
21
0.0621973228346457
0
LINE
8
BLACK
6
CONTINUOUS
10
1.5836626377952756
20
0.0621973228346457
11
1.5837137795275591
21
0.0621383464566929
0
LINE
8
BLACK
6
CONTINUOUS
10
1.5837137795275591
20
0.0621383464566929
11
1.5839401574803149
21
0.0619525590551181
0
LINE
8
BLACK
6
CONTINUOUS
10
1.5839401574803149
20
0.0619525590551181
11
1.5858149212598425
21
0.0600777952755905
0
LINE
8
BLACK
6
CONTINUOUS
10
1.5858149212598425
20
0.0600777952755905
11
1.5860006692913386
21
0.0598514566929134
0
LINE
8
BLACK
6
CONTINUOUS
10
1.5860006692913386
20
0.0598514566929134
11
1.58605968503937
21
0.0598002755905512
0
LINE
8
BLACK
6
CONTINUOUS
10
1.58605968503937
20
0.0598002755905512
11
1.5861156299212598
21
0.0597113385826772
0
LINE
8
BLACK
6
CONTINUOUS
10
1.5861156299212598
20
0.0597113385826772
11
1.5861821259842519
21
0.0596303543307087
0
LINE
8
BLACK
6
CONTINUOUS
10
1.5861821259842519
20
0.0596303543307087
11
1.5862119291338583
21
0.0595584251968504
0
LINE
8
BLACK
6
CONTINUOUS
10
1.5862119291338583
20
0.0595584251968504
11
1.5863680314960629
21
0.0593103937007874
0
LINE
8
BLACK
6
CONTINUOUS
10
1.5863680314960629
20
0.0593103937007874
11
1.5882427952755904
21
0.0555608661417323
0
LINE
8
BLACK
6
CONTINUOUS
10
1.5882427952755904
20
0.0555608661417323
11
1.5882588976377952
21
0.0555187795275591
0
LINE
8
BLACK
6
CONTINUOUS
10
1.5882588976377952
20
0.0555187795275591
11
1.5882716141732283
21
0.0555016141732283
0
LINE
8
BLACK
6
CONTINUOUS
10
1.5882716141732283
20
0.0555016141732283
11
1.5883579133858268
21
0.0552600393700787
0
LINE
8
BLACK
6
CONTINUOUS
10
1.5883579133858268
20
0.0552600393700787
11
1.5884496850393701
21
0.0550202755905512
0
LINE
8
BLACK
6
CONTINUOUS
10
1.5884496850393701
20
0.0550202755905512
11
1.5884511811023623
21
0.0549990157480315
0
LINE
8
BLACK
6
CONTINUOUS
10
1.5884511811023623
20
0.0549990157480315
11
1.5884663779527559
21
0.0549564960629921
0
LINE
8
BLACK
6
CONTINUOUS
10
1.5884663779527559
20
0.0549564960629921
11
1.5903411417322835
21
0.0474574409448819
0
LINE
8
BLACK
6
CONTINUOUS
10
1.5903411417322835
20
0.0474574409448819
11
1.5903559055118111
21
0.0473575984251969
0
LINE
8
BLACK
6
CONTINUOUS
10
1.5903559055118111
20
0.0473575984251969
11
1.5903725590551181
21
0.0473173622047244
0
LINE
8
BLACK
6
CONTINUOUS
10
1.5903725590551181
20
0.0473173622047244
11
1.5903938976377952
21
0.0471003543307087
0
LINE
8
BLACK
6
CONTINUOUS
10
1.5903938976377952
20
0.0471003543307087
11
1.5904257874015748
21
0.046884842519685
0
LINE
8
BLACK
6
CONTINUOUS
10
1.5904257874015748
20
0.046884842519685
11
1.5904193700787401
21
0.0468418503937008
0
LINE
8
BLACK
6
CONTINUOUS
10
1.5904193700787401
20
0.0468418503937008
11
1.5904292913385827
21
0.0467412992125984
0
LINE
8
BLACK
6
CONTINUOUS
10
1.5904292913385827
20
0.0467412992125984
11
1.5904292913385827
21
0.0373674803149606
0
LINE
8
BLACK
6
CONTINUOUS
10
1.5904292913385827
20
0.0373674803149606
11
1.5904193700787401
21
0.037266968503937
0
LINE
8
BLACK
6
CONTINUOUS
10
1.5904193700787401
20
0.037266968503937
11
1.5904257874015748
21
0.037223937007874
0
LINE
8
BLACK
6
CONTINUOUS
10
1.5904257874015748
20
0.037223937007874
11
1.5903938976377952
21
0.0370084645669291
0
LINE
8
BLACK
6
CONTINUOUS
10
1.5903938976377952
20
0.0370084645669291
11
1.5903725590551181
21
0.0367914173228346
0
LINE
8
BLACK
6
CONTINUOUS
10
1.5903725590551181
20
0.0367914173228346
11
1.5903559055118111
21
0.0367512204724409
0
LINE
8
BLACK
6
CONTINUOUS
10
1.5903559055118111
20
0.0367512204724409
11
1.5903411417322835
21
0.0366513385826772
0
LINE
8
BLACK
6
CONTINUOUS
10
1.5903411417322835
20
0.0366513385826772
11
1.5884663779527559
21
0.0291522834645669
0
LINE
8
BLACK
6
CONTINUOUS
10
1.5884663779527559
20
0.0291522834645669
11
1.5884511811023623
21
0.0291098031496063
0
LINE
8
BLACK
6
CONTINUOUS
10
1.5884511811023623
20
0.0291098031496063
11
1.5884496850393701
21
0.0290885039370079
0
LINE
8
BLACK
6
CONTINUOUS
10
1.5884496850393701
20
0.0290885039370079
11
1.5883579133858268
21
0.0288487795275591
0
LINE
8
BLACK
6
CONTINUOUS
10
1.5883579133858268
20
0.0288487795275591
11
1.5882716141732283
21
0.0286071653543307
0
LINE
8
BLACK
6
CONTINUOUS
10
1.5882716141732283
20
0.0286071653543307
11
1.5882588976377952
21
0.0285900393700787
0
LINE
8
BLACK
6
CONTINUOUS
10
1.5882588976377952
20
0.0285900393700787
11
1.5882427952755904
21
0.0285479133858268
0
LINE
8
BLACK
6
CONTINUOUS
10
1.5882427952755904
20
0.0285479133858268
11
1.5863680314960629
21
0.0247983858267717
0
LINE
8
BLACK
6
CONTINUOUS
10
1.5863680314960629
20
0.0247983858267717
11
1.5862119685039369
21
0.0245505118110236
0
LINE
8
BLACK
6
CONTINUOUS
10
1.5862119685039369
20
0.0245505118110236
11
1.5861821653543307
21
0.0244784645669291
0
LINE
8
BLACK
6
CONTINUOUS
10
1.5861821653543307
20
0.0244784645669291
11
1.5861156299212598
21
0.0243974409448819
0
LINE
8
BLACK
6
CONTINUOUS
10
1.5861156299212598
20
0.0243974409448819
11
1.58605968503937
21
0.0243085039370079
0
LINE
8
BLACK
6
CONTINUOUS
10
1.58605968503937
20
0.0243085039370079
11
1.5860006692913386
21
0.0242573622047244
0
LINE
8
BLACK
6
CONTINUOUS
10
1.5860006692913386
20
0.0242573622047244
11
1.5858149212598425
21
0.0240309842519685
0
LINE
8
BLACK
6
CONTINUOUS
10
1.5858149212598425
20
0.0240309842519685
11
1.5839401968503937
21
0.0221562204724409
0
LINE
8
BLACK
6
CONTINUOUS
10
1.5839401968503937
20
0.0221562204724409
11
1.5837138188976378
21
0.0219704724409449
0
LINE
8
BLACK
6
CONTINUOUS
10
1.5837138188976378
20
0.0219704724409449
11
1.5836626377952756
21
0.0219114173228346
0
LINE
8
BLACK
6
CONTINUOUS
10
1.5836626377952756
20
0.0219114173228346
11
1.5835736614173228
21
0.0218554330708661
0
LINE
8
BLACK
6
CONTINUOUS
10
1.5835736614173228
20
0.0218554330708661
11
1.5834927165354331
21
0.0217889763779528
0
LINE
8
BLACK
6
CONTINUOUS
10
1.5834927165354331
20
0.0217889763779528
11
1.5834207480314961
21
0.0217591732283465
0
LINE
8
BLACK
6
CONTINUOUS
10
1.5834207480314961
20
0.0217591732283465
11
1.5831727559055118
21
0.0216030708661417
0
LINE
8
BLACK
6
CONTINUOUS
10
1.5831727559055118
20
0.0216030708661417
11
1.5794232283464567
21
0.0197283070866142
0
LINE
8
BLACK
6
CONTINUOUS
10
1.5794232283464567
20
0.0197283070866142
11
1.5788825984251968
21
0.0195214173228346
0
LINE
8
BLACK
6
CONTINUOUS
10
1.5788825984251968
20
0.0195214173228346
11
1.5787767716535432
21
0.019513937007874
0
LINE
8
BLACK
6
CONTINUOUS
10
1.5787767716535432
20
0.019513937007874
11
1.578678779527559
21
0.0194733070866142
0
LINE
8
BLACK
6
CONTINUOUS
10
1.578678779527559
20
0.0194733070866142
11
1.5781027165354331
21
0.0194165748031496
0
LINE
8
BLACK
6
CONTINUOUS
10
1.5781027165354331
20
0.0194165748031496
11
1.574353188976378
21
0.0194165748031496
0
LINE
8
BLACK
6
CONTINUOUS
10
1.574353188976378
20
0.0194165748031496
11
1.5737771259842519
21
0.0194733070866142
0
LINE
8
BLACK
6
CONTINUOUS
10
1.5737771259842519
20
0.0194733070866142
11
1.5736791338582676
21
0.0195138976377953
0
LINE
8
BLACK
6
CONTINUOUS
10
1.5736791338582676
20
0.0195138976377953
11
1.5735732677165355
21
0.0195214173228346
0
LINE
8
BLACK
6
CONTINUOUS
10
1.5735732677165355
20
0.0195214173228346
11
1.5730326771653542
21
0.0197283070866142
0
LINE
8
BLACK
6
CONTINUOUS
10
1.5730326771653542
20
0.0197283070866142
11
1.5692831496062991
21
0.0216030708661417
0
LINE
8
BLACK
6
CONTINUOUS
10
1.5692831496062991
20
0.0216030708661417
11
1.5690351181102362
21
0.0217591732283465
0
LINE
8
BLACK
6
CONTINUOUS
10
1.5690351181102362
20
0.0217591732283465
11
1.568963188976378
21
0.0217889763779528
0
LINE
8
BLACK
6
CONTINUOUS
10
1.568963188976378
20
0.0217889763779528
11
1.5688822047244093
21
0.0218554330708661
0
LINE
8
BLACK
6
CONTINUOUS
10
1.5688822047244093
20
0.0218554330708661
11
1.5687932677165355
21
0.0219114173228346
0
LINE
8
BLACK
6
CONTINUOUS
10
1.5687932677165355
20
0.0219114173228346
11
1.5687420472440945
21
0.0219704724409449
0
LINE
8
BLACK
6
CONTINUOUS
10
1.5687420472440945
20
0.0219704724409449
11
1.5685157086614172
21
0.0221562204724409
0
LINE
8
BLACK
6
CONTINUOUS
10
1.5685157086614172
20
0.0221562204724409
11
1.5666409448818897
21
0.0240310236220472
0
LINE
8
BLACK
6
CONTINUOUS
10
1.5666409448818897
20
0.0240310236220472
11
1.5664551968503937
21
0.0242573622047244
0
LINE
8
BLACK
6
CONTINUOUS
10
1.5664551968503937
20
0.0242573622047244
11
1.5663962204724409
21
0.0243085039370079
0
LINE
8
BLACK
6
CONTINUOUS
10
1.5663962204724409
20
0.0243085039370079
11
1.5663402362204724
21
0.0243974409448819
0
LINE
8
BLACK
6
CONTINUOUS
10
1.5663402362204724
20
0.0243974409448819
11
1.5662737401574802
21
0.0244784645669291
0
LINE
8
BLACK
6
CONTINUOUS
10
1.5662737401574802
20
0.0244784645669291
11
1.5662438976377953
21
0.0245505118110236
0
LINE
8
BLACK
6
CONTINUOUS
10
1.5662438976377953
20
0.0245505118110236
11
1.566087874015748
21
0.0247983858267717
0
LINE
8
BLACK
6
CONTINUOUS
10
1.566087874015748
20
0.0247983858267717
11
1.5642131102362204
21
0.0285479133858268
0
LINE
8
BLACK
6
CONTINUOUS
10
1.5642131102362204
20
0.0285479133858268
11
1.564196968503937
21
0.0285900393700787
0
LINE
8
BLACK
6
CONTINUOUS
10
1.564196968503937
20
0.0285900393700787
11
1.5641842913385826
21
0.0286071653543307
0
LINE
8
BLACK
6
CONTINUOUS
10
1.5641842913385826
20
0.0286071653543307
11
1.5640978346456693
21
0.0288491338582677
0
LINE
8
BLACK
6
CONTINUOUS
10
1.5640978346456693
20
0.0288491338582677
11
1.564006220472441
21
0.0290885433070866
0
LINE
8
BLACK
6
CONTINUOUS
10
1.564006220472441
20
0.0290885433070866
11
1.5640046850393701
21
0.0291098031496063
0
LINE
8
BLACK
6
CONTINUOUS
10
1.5640046850393701
20
0.0291098031496063
11
1.5639895275590552
21
0.0291522834645669
0
LINE
8
BLACK
6
CONTINUOUS
10
1.5639895275590552
20
0.0291522834645669
11
1.5621147637795276
21
0.0366513385826772
0
LINE
8
BLACK
6
CONTINUOUS
10
1.5621147637795276
20
0.0366513385826772
11
1.5620999606299213
21
0.0367512204724409
0
LINE
8
BLACK
6
CONTINUOUS
10
1.5620999606299213
20
0.0367512204724409
11
1.5620833464566928
21
0.0367914173228346
0
LINE
8
BLACK
6
CONTINUOUS
10
1.5620833464566928
20
0.0367914173228346
11
1.562061968503937
21
0.0370084645669291
0
LINE
8
BLACK
6
CONTINUOUS
10
1.562061968503937
20
0.0370084645669291
11
1.5620301181102363
21
0.037223937007874
0
LINE
8
BLACK
6
CONTINUOUS
10
1.5620301181102363
20
0.037223937007874
11
1.562036496062992
21
0.037266968503937
0
LINE
8
BLACK
6
CONTINUOUS
10
1.562036496062992
20
0.037266968503937
11
1.5620266141732284
21
0.0373674803149606
0
LINE
8
BLACK
6
CONTINUOUS
10
1.5620266141732284
20
0.0373674803149606
11
1.5620266141732284
21
0.0467412992125984
0
LINE
8
BLACK
6
CONTINUOUS
10
1.5620266141732284
20
0.0467412992125984
11
1.562036496062992
21
0.0468418503937008
0
LINE
8
BLACK
6
CONTINUOUS
10
1.562036496062992
20
0.0468418503937008
11
1.5620301181102363
21
0.046884842519685
0
LINE
8
BLACK
6
CONTINUOUS
10
1.5620301181102363
20
0.046884842519685
11
1.562061968503937
21
0.0471003543307087
0
LINE
8
BLACK
6
CONTINUOUS
10
1.562061968503937
20
0.0471003543307087
11
1.5620833464566928
21
0.0473173622047244
0
LINE
8
BLACK
6
CONTINUOUS
10
1.5620833464566928
20
0.0473173622047244
11
1.5620999606299213
21
0.0473575984251969
0
LINE
8
BLACK
6
CONTINUOUS
10
1.5620999606299213
20
0.0473575984251969
11
1.5621147637795276
21
0.0474574409448819
0
LINE
8
BLACK
6
CONTINUOUS
10
1.5621147637795276
20
0.0474574409448819
11
1.5639895275590552
21
0.0549564960629921
0
LINE
8
BLACK
6
CONTINUOUS
10
1.5639895275590552
20
0.0549564960629921
11
1.5640046850393701
21
0.0549990157480315
0
LINE
8
BLACK
6
CONTINUOUS
10
1.5640046850393701
20
0.0549990157480315
11
1.564006220472441
21
0.0550202362204724
0
LINE
8
BLACK
6
CONTINUOUS
10
1.564006220472441
20
0.0550202362204724
11
1.5640978346456693
21
0.0552596850393701
0
LINE
8
BLACK
6
CONTINUOUS
10
1.5640978346456693
20
0.0552596850393701
11
1.5641842913385826
21
0.0555016141732283
0
LINE
8
BLACK
6
CONTINUOUS
10
1.5641842913385826
20
0.0555016141732283
11
1.564196968503937
21
0.0555187795275591
0
LINE
8
BLACK
6
CONTINUOUS
10
1.564196968503937
20
0.0555187795275591
11
1.5642131102362204
21
0.0555608661417323
0
LINE
8
BLACK
6
CONTINUOUS
10
1.5642131102362204
20
0.0555608661417323
11
1.566087874015748
21
0.0593103937007874
0
LINE
8
BLACK
6
CONTINUOUS
10
1.566087874015748
20
0.0593103937007874
11
1.566243937007874
21
0.0595584251968504
0
LINE
8
BLACK
6
CONTINUOUS
10
1.566243937007874
20
0.0595584251968504
11
1.566273779527559
21
0.0596303543307087
0
LINE
8
BLACK
6
CONTINUOUS
10
1.566273779527559
20
0.0596303543307087
11
1.5663402362204724
21
0.0597113385826772
0
LINE
8
BLACK
6
CONTINUOUS
10
1.5663402362204724
20
0.0597113385826772
11
1.5663962204724409
21
0.0598002755905512
0
LINE
8
BLACK
6
CONTINUOUS
10
1.5663962204724409
20
0.0598002755905512
11
1.5664551968503937
21
0.0598514566929134
0
LINE
8
BLACK
6
CONTINUOUS
10
1.5664551968503937
20
0.0598514566929134
11
1.5666409842519684
21
0.0600777952755905
0
LINE
8
BLACK
6
CONTINUOUS
10
1.5666409842519684
20
0.0600777952755905
11
1.568515748031496
21
0.0619525590551181
0
LINE
8
BLACK
6
CONTINUOUS
10
1.568515748031496
20
0.0619525590551181
11
1.5687420866141732
21
0.0621383464566929
0
LINE
8
BLACK
6
CONTINUOUS
10
1.5687420866141732
20
0.0621383464566929
11
1.5687932677165355
21
0.0621973228346457
0
LINE
8
BLACK
6
CONTINUOUS
10
1.5687932677165355
20
0.0621973228346457
11
1.5688822047244093
21
0.0622533070866142
0
LINE
8
BLACK
6
CONTINUOUS
10
1.5688822047244093
20
0.0622533070866142
11
1.568963188976378
21
0.0623197637795276
0
LINE
8
BLACK
6
CONTINUOUS
10
1.568963188976378
20
0.0623197637795276
11
1.5690351181102362
21
0.0623496062992126
0
LINE
8
BLACK
6
CONTINUOUS
10
1.5690351181102362
20
0.0623496062992126
11
1.5692831496062991
21
0.0625056692913386
0
LINE
8
BLACK
6
CONTINUOUS
10
1.5692831496062991
20
0.0625056692913386
11
1.5730326771653542
21
0.0643804330708661
0
LINE
8
BLACK
6
CONTINUOUS
10
1.5730326771653542
20
0.0643804330708661
11
1.5735732677165355
21
0.0645873228346457
0
LINE
8
BLACK
6
CONTINUOUS
10
1.5735732677165355
20
0.0645873228346457
11
1.5736791338582676
21
0.0645948818897638
0
LINE
8
BLACK
6
CONTINUOUS
10
1.5736791338582676
20
0.0645948818897638
11
1.5737771259842519
21
0.0646354330708661
0
LINE
8
BLACK
6
CONTINUOUS
10
1.5737771259842519
20
0.0646354330708661
11
1.574353188976378
21
0.0646921653543307
0
LINE
8
BLACK
6
CONTINUOUS
10
1.574353188976378
20
0.0646921653543307
11
1.5781027165354331
21
0.0646921653543307
0
LINE
8
BLACK
6
CONTINUOUS
10
1.5781027165354331
20
0.0646921653543307
11
1.578678779527559
21
0.0646354330708661
0
LINE
8
BLACK
6
CONTINUOUS
10
1.5723527559055117
20
0.0574379133858268
11
1.5711556299212599
21
0.0562407874015748
0
LINE
8
BLACK
6
CONTINUOUS
10
1.5711556299212599
20
0.0562407874015748
11
1.5696401181102362
21
0.0532098031496063
0
LINE
8
BLACK
6
CONTINUOUS
10
1.5696401181102362
20
0.0532098031496063
11
1.567932125984252
21
0.0463777559055118
0
LINE
8
BLACK
6
CONTINUOUS
10
1.567932125984252
20
0.0463777559055118
11
1.567932125984252
21
0.0377310236220472
0
LINE
8
BLACK
6
CONTINUOUS
10
1.567932125984252
20
0.0377310236220472
11
1.5696401181102362
21
0.0308989763779528
0
LINE
8
BLACK
6
CONTINUOUS
10
1.5696401181102362
20
0.0308989763779528
11
1.5711556299212599
21
0.0278679921259843
0
LINE
8
BLACK
6
CONTINUOUS
10
1.5711556299212599
20
0.0278679921259843
11
1.5723527559055117
21
0.0266708267716535
0
LINE
8
BLACK
6
CONTINUOUS
10
1.5723527559055117
20
0.0266708267716535
11
1.5750502362204724
21
0.0253220866141732
0
LINE
8
BLACK
6
CONTINUOUS
10
1.5750502362204724
20
0.0253220866141732
11
1.5774056692913385
21
0.0253220866141732
0
LINE
8
BLACK
6
CONTINUOUS
10
1.5774056692913385
20
0.0253220866141732
11
1.5801031102362204
21
0.0266708267716535
0
LINE
8
BLACK
6
CONTINUOUS
10
1.5801031102362204
20
0.0266708267716535
11
1.5813002362204724
21
0.0278679921259843
0
LINE
8
BLACK
6
CONTINUOUS
10
1.5813002362204724
20
0.0278679921259843
11
1.5828157480314959
21
0.0308989763779528
0
LINE
8
BLACK
6
CONTINUOUS
10
1.5828157480314959
20
0.0308989763779528
11
1.5845237795275591
21
0.0377310236220472
0
LINE
8
BLACK
6
CONTINUOUS
10
1.5845237795275591
20
0.0377310236220472
11
1.5845237795275591
21
0.0463777559055118
0
LINE
8
BLACK
6
CONTINUOUS
10
1.5845237795275591
20
0.0463777559055118
11
1.5828157480314959
21
0.0532098031496063
0
LINE
8
BLACK
6
CONTINUOUS
10
1.5828157480314959
20
0.0532098031496063
11
1.5813002755905512
21
0.0562407874015748
0
LINE
8
BLACK
6
CONTINUOUS
10
1.5813002755905512
20
0.0562407874015748
11
1.5801031496062992
21
0.0574379133858268
0
LINE
8
BLACK
6
CONTINUOUS
10
1.5801031496062992
20
0.0574379133858268
11
1.5774056692913385
21
0.0587866535433071
0
LINE
8
BLACK
6
CONTINUOUS
10
1.5774056692913385
20
0.0587866535433071
11
1.5750502362204724
21
0.0587866535433071
0
LINE
8
BLACK
6
CONTINUOUS
10
1.5750502362204724
20
0.0587866535433071
11
1.5723527559055117
21
0.0574379133858268
0
LINE
8
BLACK
6
CONTINUOUS
10
1.7361590944881888
20
0.0515120866141732
11
1.7362570866141731
21
0.0514714960629921
0
LINE
8
BLACK
6
CONTINUOUS
10
1.7362570866141731
20
0.0514714960629921
11
1.7363629133858267
21
0.0514639763779528
0
LINE
8
BLACK
6
CONTINUOUS
10
1.7363629133858267
20
0.0514639763779528
11
1.7369035433070865
21
0.0512570866141732
0
LINE
8
BLACK
6
CONTINUOUS
10
1.7369035433070865
20
0.0512570866141732
11
1.7406530708661416
21
0.0493823228346457
0
LINE
8
BLACK
6
CONTINUOUS
10
1.7406530708661416
20
0.0493823228346457
11
1.7411429527559055
21
0.0490739763779528
0
LINE
8
BLACK
6
CONTINUOUS
10
1.7411429527559055
20
0.0490739763779528
11
1.7418977952755905
21
0.0482035826771654
0
LINE
8
BLACK
6
CONTINUOUS
10
1.7418977952755905
20
0.0482035826771654
11
1.7422621259842519
21
0.0471106299212598
0
LINE
8
BLACK
6
CONTINUOUS
10
1.7422621259842519
20
0.0471106299212598
11
1.7421804724409449
21
0.0459614173228346
0
LINE
8
BLACK
6
CONTINUOUS
10
1.7421804724409449
20
0.0459614173228346
11
1.7416651968503936
21
0.044930905511811
0
LINE
8
BLACK
6
CONTINUOUS
10
1.7416651968503936
20
0.044930905511811
11
1.7407948425196851
21
0.044176062992126
0
LINE
8
BLACK
6
CONTINUOUS
10
1.7407948425196851
20
0.044176062992126
11
1.7397018503937007
21
0.0438117322834646
0
LINE
8
BLACK
6
CONTINUOUS
10
1.7397018503937007
20
0.0438117322834646
11
1.7385526377952756
21
0.0438933858267717
0
LINE
8
BLACK
6
CONTINUOUS
10
1.7385526377952756
20
0.0438933858267717
11
1.7380120472440945
21
0.0441002755905512
0
LINE
8
BLACK
6
CONTINUOUS
10
1.7380120472440945
20
0.0441002755905512
11
1.7348859842519684
21
0.0456633070866142
0
LINE
8
BLACK
6
CONTINUOUS
10
1.7348859842519684
20
0.0456633070866142
11
1.7306557874015747
21
0.0456633070866142
0
LINE
8
BLACK
6
CONTINUOUS
10
1.7306557874015747
20
0.0456633070866142
11
1.7284100393700788
21
0.0445404724409449
0
LINE
8
BLACK
6
CONTINUOUS
10
1.7284100393700788
20
0.0445404724409449
11
1.7272872047244094
21
0.0422947244094488
0
LINE
8
BLACK
6
CONTINUOUS
10
1.7272872047244094
20
0.0422947244094488
11
1.7272872047244094
21
0.0418140551181102
0
LINE
8
BLACK
6
CONTINUOUS
10
1.7272872047244094
20
0.0418140551181102
11
1.7284100393700788
21
0.0395683464566929
0
LINE
8
BLACK
6
CONTINUOUS
10
1.7284100393700788
20
0.0395683464566929
11
1.7306557874015747
21
0.0384454724409449
0
LINE
8
BLACK
6
CONTINUOUS
10
1.7306557874015747
20
0.0384454724409449
11
1.735583031496063
21
0.0384454724409449
0
LINE
8
BLACK
6
CONTINUOUS
10
1.735583031496063
20
0.0384454724409449
11
1.7361590944881888
21
0.0383887401574803
0
LINE
8
BLACK
6
CONTINUOUS
10
1.7361590944881888
20
0.0383887401574803
11
1.7362570866141731
21
0.0383481496062992
0
LINE
8
BLACK
6
CONTINUOUS
10
1.7362570866141731
20
0.0383481496062992
11
1.7363629133858267
21
0.0383406299212598
0
LINE
8
BLACK
6
CONTINUOUS
10
1.7363629133858267
20
0.0383406299212598
11
1.7369035433070865
21
0.0381337401574803
0
LINE
8
BLACK
6
CONTINUOUS
10
1.7369035433070865
20
0.0381337401574803
11
1.7406530708661416
21
0.0362589763779528
0
LINE
8
BLACK
6
CONTINUOUS
10
1.7406530708661416
20
0.0362589763779528
11
1.740749409448819
21
0.0361983464566929
0
LINE
8
BLACK
6
CONTINUOUS
10
1.740749409448819
20
0.0361983464566929
11
1.7407948425196851
21
0.0361831889763779
0
LINE
8
BLACK
6
CONTINUOUS
10
1.7407948425196851
20
0.0361831889763779
11
1.7408513779527559
21
0.0361341732283465
0
LINE
8
BLACK
6
CONTINUOUS
10
1.7408513779527559
20
0.0361341732283465
11
1.7411429527559055
21
0.0359506299212598
0
LINE
8
BLACK
6
CONTINUOUS
10
1.7411429527559055
20
0.0359506299212598
11
1.7413855118110235
21
0.0356709448818898
0
LINE
8
BLACK
6
CONTINUOUS
10
1.7413855118110235
20
0.0356709448818898
11
1.7416652362204723
21
0.0354283464566929
0
LINE
8
BLACK
6
CONTINUOUS
10
1.7416652362204723
20
0.0354283464566929
11
1.7418487401574803
21
0.035136811023622
0
LINE
8
BLACK
6
CONTINUOUS
10
1.7418487401574803
20
0.035136811023622
11
1.7418977952755905
21
0.0350802362204724
0
LINE
8
BLACK
6
CONTINUOUS
10
1.7418977952755905
20
0.0350802362204724
11
1.7419129133858267
21
0.035034842519685
0
LINE
8
BLACK
6
CONTINUOUS
10
1.7419129133858267
20
0.035034842519685
11
1.7419735826771654
21
0.0349384645669291
0
LINE
8
BLACK
6
CONTINUOUS
10
1.7419735826771654
20
0.0349384645669291
11
1.743848346456693
21
0.031188937007874
0
LINE
8
BLACK
6
CONTINUOUS
10
1.743848346456693
20
0.031188937007874
11
1.7440552362204724
21
0.0306483464566929
0
LINE
8
BLACK
6
CONTINUOUS
10
1.7440552362204724
20
0.0306483464566929
11
1.7440627559055117
21
0.0305424803149606
0
LINE
8
BLACK
6
CONTINUOUS
10
1.7440627559055117
20
0.0305424803149606
11
1.7441033464566928
21
0.0304444881889764
0
LINE
8
BLACK
6
CONTINUOUS
10
1.7441033464566928
20
0.0304444881889764
11
1.7441600787401574
21
0.0298684251968504
0
LINE
8
BLACK
6
CONTINUOUS
10
1.7441600787401574
20
0.0298684251968504
11
1.7441600787401574
21
0.0279936614173228
0
LINE
8
BLACK
6
CONTINUOUS
10
1.7441600787401574
20
0.0279936614173228
11
1.7441033464566928
21
0.0274175984251969
0
LINE
8
BLACK
6
CONTINUOUS
10
1.7441033464566928
20
0.0274175984251969
11
1.744062716535433
21
0.0273196062992126
0
LINE
8
BLACK
6
CONTINUOUS
10
1.744062716535433
20
0.0273196062992126
11
1.7440552362204724
21
0.0272137795275591
0
LINE
8
BLACK
6
CONTINUOUS
10
1.7440552362204724
20
0.0272137795275591
11
1.743848346456693
21
0.0266731496062992
0
LINE
8
BLACK
6
CONTINUOUS
10
1.743848346456693
20
0.0266731496062992
11
1.7419735826771654
21
0.0229235826771654
0
LINE
8
BLACK
6
CONTINUOUS
10
1.7419735826771654
20
0.0229235826771654
11
1.7419129133858267
21
0.0228272440944882
0
LINE
8
BLACK
6
CONTINUOUS
10
1.7419129133858267
20
0.0228272440944882
11
1.7418977952755905
21
0.022781811023622
0
LINE
8
BLACK
6
CONTINUOUS
10
1.7418977952755905
20
0.022781811023622
11
1.7418487401574803
21
0.0227252755905512
0
LINE
8
BLACK
6
CONTINUOUS
10
1.7418487401574803
20
0.0227252755905512
11
1.7416652362204723
21
0.0224337007874016
0
LINE
8
BLACK
6
CONTINUOUS
10
1.7416652362204723
20
0.0224337007874016
11
1.7413855118110235
21
0.0221911417322835
0
LINE
8
BLACK
6
CONTINUOUS
10
1.7413855118110235
20
0.0221911417322835
11
1.7411429527559055
21
0.0219114173228346
0
LINE
8
BLACK
6
CONTINUOUS
10
1.7411429527559055
20
0.0219114173228346
11
1.7408513779527559
21
0.0217279133858268
0
LINE
8
BLACK
6
CONTINUOUS
10
1.7408513779527559
20
0.0217279133858268
11
1.7407948425196851
21
0.0216788582677165
0
LINE
8
BLACK
6
CONTINUOUS
10
1.7407948425196851
20
0.0216788582677165
11
1.740749409448819
21
0.0216637401574803
0
LINE
8
BLACK
6
CONTINUOUS
10
1.740749409448819
20
0.0216637401574803
11
1.7406530708661416
21
0.0216030708661417
0
LINE
8
BLACK
6
CONTINUOUS
10
1.7406530708661416
20
0.0216030708661417
11
1.7369035433070865
21
0.0197283070866142
0
LINE
8
BLACK
6
CONTINUOUS
10
1.7369035433070865
20
0.0197283070866142
11
1.7363629133858267
21
0.0195214173228346
0
LINE
8
BLACK
6
CONTINUOUS
10
1.7363629133858267
20
0.0195214173228346
11
1.7362570866141731
21
0.019513937007874
0
LINE
8
BLACK
6
CONTINUOUS
10
1.7362570866141731
20
0.019513937007874
11
1.7361590944881888
21
0.0194733070866142
0
LINE
8
BLACK
6
CONTINUOUS
10
1.7361590944881888
20
0.0194733070866142
11
1.735583031496063
21
0.0194165748031496
0
LINE
8
BLACK
6
CONTINUOUS
10
1.735583031496063
20
0.0194165748031496
11
1.7280839763779527
21
0.0194165748031496
0
LINE
8
BLACK
6
CONTINUOUS
10
1.7280839763779527
20
0.0194165748031496
11
1.7275079133858267
21
0.0194733070866142
0
LINE
8
BLACK
6
CONTINUOUS
10
1.7275079133858267
20
0.0194733070866142
11
1.7274099212598424
21
0.0195138976377953
0
LINE
8
BLACK
6
CONTINUOUS
10
1.7274099212598424
20
0.0195138976377953
11
1.7273040551181102
21
0.0195214173228346
0
LINE
8
BLACK
6
CONTINUOUS
10
1.7273040551181102
20
0.0195214173228346
11
1.7267634645669292
21
0.0197283070866142
0
LINE
8
BLACK
6
CONTINUOUS
10
1.7267634645669292
20
0.0197283070866142
11
1.7230139370078741
21
0.0216030708661417
0
LINE
8
BLACK
6
CONTINUOUS
10
1.7230139370078741
20
0.0216030708661417
11
1.7225240551181102
21
0.0219114173228346
0
LINE
8
BLACK
6
CONTINUOUS
10
1.7225240551181102
20
0.0219114173228346
11
1.7217692125984252
21
0.022781811023622
0
LINE
8
BLACK
6
CONTINUOUS
10
1.7217692125984252
20
0.022781811023622
11
1.7214048818897638
21
0.0238747637795276
0
LINE
8
BLACK
6
CONTINUOUS
10
1.7214048818897638
20
0.0238747637795276
11
1.7214865354330708
21
0.0250239763779528
0
LINE
8
BLACK
6
CONTINUOUS
10
1.7214865354330708
20
0.0250239763779528
11
1.7220017716535432
21
0.0260544881889764
0
LINE
8
BLACK
6
CONTINUOUS
10
1.7220017716535432
20
0.0260544881889764
11
1.7228721653543306
21
0.0268093307086614
0
LINE
8
BLACK
6
CONTINUOUS
10
1.7228721653543306
20
0.0268093307086614
11
1.7239651181102362
21
0.0271736614173228
0
LINE
8
BLACK
6
CONTINUOUS
10
1.7239651181102362
20
0.0271736614173228
11
1.7251143307086614
21
0.0270920078740157
0
LINE
8
BLACK
6
CONTINUOUS
10
1.7251143307086614
20
0.0270920078740157
11
1.7256549606299212
21
0.0268851181102362
0
LINE
8
BLACK
6
CONTINUOUS
10
1.7256549606299212
20
0.0268851181102362
11
1.7287810236220471
21
0.0253220866141732
0
LINE
8
BLACK
6
CONTINUOUS
10
1.7287810236220471
20
0.0253220866141732
11
1.7348859842519684
21
0.0253220866141732
0
LINE
8
BLACK
6
CONTINUOUS
10
1.7348859842519684
20
0.0253220866141732
11
1.7371316929133858
21
0.0264449606299213
0
LINE
8
BLACK
6
CONTINUOUS
10
1.7371316929133858
20
0.0264449606299213
11
1.7382545669291338
21
0.0286907086614173
0
LINE
8
BLACK
6
CONTINUOUS
10
1.7382545669291338
20
0.0286907086614173
11
1.7382545669291338
21
0.0291713779527559
0
LINE
8
BLACK
6
CONTINUOUS
10
1.7382545669291338
20
0.0291713779527559
11
1.7371316929133858
21
0.031417125984252
0
LINE
8
BLACK
6
CONTINUOUS
10
1.7371316929133858
20
0.031417125984252
11
1.7348859842519684
21
0.0325399606299213
0
LINE
8
BLACK
6
CONTINUOUS
10
1.7348859842519684
20
0.0325399606299213
11
1.7299587401574803
21
0.0325399606299213
0
LINE
8
BLACK
6
CONTINUOUS
10
1.7299587401574803
20
0.0325399606299213
11
1.7293826771653542
21
0.0325966929133858
0
LINE
8
BLACK
6
CONTINUOUS
10
1.7293826771653542
20
0.0325966929133858
11
1.7292846850393699
21
0.0326372834645669
0
LINE
8
BLACK
6
CONTINUOUS
10
1.7292846850393699
20
0.0326372834645669
11
1.7291788188976378
21
0.0326448031496063
0
LINE
8
BLACK
6
CONTINUOUS
10
1.7291788188976378
20
0.0326448031496063
11
1.7286382283464568
21
0.0328516929133858
0
LINE
8
BLACK
6
CONTINUOUS
10
1.7286382283464568
20
0.0328516929133858
11
1.7248887007874016
21
0.0347264566929134
0
LINE
8
BLACK
6
CONTINUOUS
10
1.7248887007874016
20
0.0347264566929134
11
1.7247923228346456
21
0.034787125984252
0
LINE
8
BLACK
6
CONTINUOUS
10
1.7247923228346456
20
0.034787125984252
11
1.7247469291338582
21
0.0348022440944882
0
LINE
8
BLACK
6
CONTINUOUS
10
1.7247469291338582
20
0.0348022440944882
11
1.7246903543307086
21
0.0348512992125984
0
LINE
8
BLACK
6
CONTINUOUS
10
1.7246903543307086
20
0.0348512992125984
11
1.7243988188976378
21
0.0350348031496063
0
LINE
8
BLACK
6
CONTINUOUS
10
1.7243988188976378
20
0.0350348031496063
11
1.724156220472441
21
0.0353145275590551
0
LINE
8
BLACK
6
CONTINUOUS
10
1.724156220472441
20
0.0353145275590551
11
1.7238765354330707
21
0.0355570866141732
0
LINE
8
BLACK
6
CONTINUOUS
10
1.7238765354330707
20
0.0355570866141732
11
1.7236929921259843
21
0.0358486614173228
0
LINE
8
BLACK
6
CONTINUOUS
10
1.7236929921259843
20
0.0358486614173228
11
1.7236439763779527
21
0.0359051968503937
0
LINE
8
BLACK
6
CONTINUOUS
10
1.7236439763779527
20
0.0359051968503937
11
1.7236288188976379
21
0.0359506299212598
0
LINE
8
BLACK
6
CONTINUOUS
10
1.7236288188976379
20
0.0359506299212598
11
1.7235681889763779
21
0.036046968503937
0
LINE
8
BLACK
6
CONTINUOUS
10
1.7235681889763779
20
0.036046968503937
11
1.7216934251968503
21
0.0397964960629921
0
LINE
8
BLACK
6
CONTINUOUS
10
1.7216934251968503
20
0.0397964960629921
11
1.7214865354330708
21
0.040337125984252
0
LINE
8
BLACK
6
CONTINUOUS
10
1.7214865354330708
20
0.040337125984252
11
1.7214790157480315
21
0.0404429527559055
0
LINE
8
BLACK
6
CONTINUOUS
10
1.7214790157480315
20
0.0404429527559055
11
1.7214384251968504
21
0.0405409448818898
0
LINE
8
BLACK
6
CONTINUOUS
10
1.7214384251968504
20
0.0405409448818898
11
1.7213816929133858
21
0.0411170078740157
0
LINE
8
BLACK
6
CONTINUOUS
10
1.7213816929133858
20
0.0411170078740157
11
1.7213816929133858
21
0.0429917716535433
0
LINE
8
BLACK
6
CONTINUOUS
10
1.7213816929133858
20
0.0429917716535433
11
1.7214384251968504
21
0.0435678346456693
0
LINE
8
BLACK
6
CONTINUOUS
10
1.7214384251968504
20
0.0435678346456693
11
1.7214790157480315
21
0.0436658661417323
0
LINE
8
BLACK
6
CONTINUOUS
10
1.7214790157480315
20
0.0436658661417323
11
1.7214865354330708
21
0.0437716535433071
0
LINE
8
BLACK
6
CONTINUOUS
10
1.7214865354330708
20
0.0437716535433071
11
1.7216934251968503
21
0.0443122834645669
0
LINE
8
BLACK
6
CONTINUOUS
10
1.7216934251968503
20
0.0443122834645669
11
1.7235681889763779
21
0.048061811023622
0
LINE
8
BLACK
6
CONTINUOUS
10
1.7235681889763779
20
0.048061811023622
11
1.7236288188976379
21
0.0481581889763779
0
LINE
8
BLACK
6
CONTINUOUS
10
1.7236288188976379
20
0.0481581889763779
11
1.7236439763779527
21
0.0482035826771654
0
LINE
8
BLACK
6
CONTINUOUS
10
1.7236439763779527
20
0.0482035826771654
11
1.7236929921259843
21
0.048260157480315
0
LINE
8
BLACK
6
CONTINUOUS
10
1.7236929921259843
20
0.048260157480315
11
1.7238765354330707
21
0.0485516929133858
0
LINE
8
BLACK
6
CONTINUOUS
10
1.7238765354330707
20
0.0485516929133858
11
1.724156220472441
21
0.0487942913385827
0
LINE
8
BLACK
6
CONTINUOUS
10
1.724156220472441
20
0.0487942913385827
11
1.7243988188976378
21
0.0490739763779528
0
LINE
8
BLACK
6
CONTINUOUS
10
1.7243988188976378
20
0.0490739763779528
11
1.7246903543307086
21
0.0492575196850394
0
LINE
8
BLACK
6
CONTINUOUS
10
1.7246903543307086
20
0.0492575196850394
11
1.7247469291338582
21
0.0493065354330709
0
LINE
8
BLACK
6
CONTINUOUS
10
1.7247469291338582
20
0.0493065354330709
11
1.7247923228346456
21
0.0493216929133858
0
LINE
8
BLACK
6
CONTINUOUS
10
1.7247923228346456
20
0.0493216929133858
11
1.7248887007874016
21
0.0493823228346457
0
LINE
8
BLACK
6
CONTINUOUS
10
1.7248887007874016
20
0.0493823228346457
11
1.7286382283464568
21
0.0512570866141732
0
LINE
8
BLACK
6
CONTINUOUS
10
1.7286382283464568
20
0.0512570866141732
11
1.7291788188976378
21
0.0514639763779528
0
LINE
8
BLACK
6
CONTINUOUS
10
1.7291788188976378
20
0.0514639763779528
11
1.7292846850393699
21
0.0514715354330709
0
LINE
8
BLACK
6
CONTINUOUS
10
1.7292846850393699
20
0.0514715354330709
11
1.7293826771653542
21
0.0515120866141732
0
LINE
8
BLACK
6
CONTINUOUS
10
1.7293826771653542
20
0.0515120866141732
11
1.7299587401574803
21
0.0515688188976378
0
LINE
8
BLACK
6
CONTINUOUS
10
1.7299587401574803
20
0.0515688188976378
11
1.735583031496063
21
0.0515688188976378
0
LINE
8
BLACK
6
CONTINUOUS
10
1.735583031496063
20
0.0515688188976378
11
1.7361590944881888
21
0.0515120866141732
0
LINE
8
BLACK
6
CONTINUOUS
10
1.7072272440944882
20
0.0641945275590551
11
1.7080418897637795
21
0.0633798818897638
0
LINE
8
BLACK
6
CONTINUOUS
10
1.7080418897637795
20
0.0633798818897638
11
1.7084827952755905
21
0.0623154724409449
0
LINE
8
BLACK
6
CONTINUOUS
10
1.7084827952755905
20
0.0623154724409449
11
1.7085395275590551
21
0.0617394094488189
0
LINE
8
BLACK
6
CONTINUOUS
10
1.7085395275590551
20
0.0617394094488189
11
1.7085395275590551
21
0.0286907086614173
0
LINE
8
BLACK
6
CONTINUOUS
10
1.7085395275590551
20
0.0286907086614173
11
1.7096623622047245
21
0.0264449606299213
0
LINE
8
BLACK
6
CONTINUOUS
10
1.7096623622047245
20
0.0264449606299213
11
1.7125315748031495
21
0.0250103543307087
0
LINE
8
BLACK
6
CONTINUOUS
10
1.7125315748031495
20
0.0250103543307087
11
1.7130214566929134
21
0.0247020078740157
0
LINE
8
BLACK
6
CONTINUOUS
10
1.7130214566929134
20
0.0247020078740157
11
1.7137762992125984
21
0.0238316141732283
0
LINE
8
BLACK
6
CONTINUOUS
10
1.7137762992125984
20
0.0238316141732283
11
1.7141406299212598
21
0.0227386614173228
0
LINE
8
BLACK
6
CONTINUOUS
10
1.7141406299212598
20
0.0227386614173228
11
1.7140589763779528
21
0.0215894488188976
0
LINE
8
BLACK
6
CONTINUOUS
10
1.7140589763779528
20
0.0215894488188976
11
1.7135437007874015
21
0.020558937007874
0
LINE
8
BLACK
6
CONTINUOUS
10
1.7135437007874015
20
0.020558937007874
11
1.7126733464566928
21
0.019804094488189
0
LINE
8
BLACK
6
CONTINUOUS
10
1.7126733464566928
20
0.019804094488189
11
1.7115803543307087
21
0.0194397637795276
0
LINE
8
BLACK
6
CONTINUOUS
10
1.7115803543307087
20
0.0194397637795276
11
1.7104311417322835
21
0.0195214173228346
0
LINE
8
BLACK
6
CONTINUOUS
10
1.7104311417322835
20
0.0195214173228346
11
1.7098905511811022
21
0.0197283070866142
0
LINE
8
BLACK
6
CONTINUOUS
10
1.7098905511811022
20
0.0197283070866142
11
1.7061410236220471
21
0.0216030708661417
0
LINE
8
BLACK
6
CONTINUOUS
10
1.7061410236220471
20
0.0216030708661417
11
1.7060446456692913
21
0.0216637401574803
0
LINE
8
BLACK
6
CONTINUOUS
10
1.7060446456692913
20
0.0216637401574803
11
1.7059992519685039
21
0.0216788582677165
0
LINE
8
BLACK
6
CONTINUOUS
10
1.7059992519685039
20
0.0216788582677165
11
1.7059426771653543
21
0.0217279133858268
0
LINE
8
BLACK
6
CONTINUOUS
10
1.7059426771653543
20
0.0217279133858268
11
1.7056511417322835
21
0.0219114173228346
0
LINE
8
BLACK
6
CONTINUOUS
10
1.7056511417322835
20
0.0219114173228346
11
1.7054084645669292
21
0.0221912598425197
0
LINE
8
BLACK
6
CONTINUOUS
10
1.7054084645669292
20
0.0221912598425197
11
1.7051288582677164
21
0.0224337401574803
0
LINE
8
BLACK
6
CONTINUOUS
10
1.7051288582677164
20
0.0224337401574803
11
1.7049453543307087
21
0.0227252362204724
0
LINE
8
BLACK
6
CONTINUOUS
10
1.7049453543307087
20
0.0227252362204724
11
1.7048962992125984
21
0.022781811023622
0
LINE
8
BLACK
6
CONTINUOUS
10
1.7048962992125984
20
0.022781811023622
11
1.7048811417322833
21
0.0228272834645669
0
LINE
8
BLACK
6
CONTINUOUS
10
1.7048811417322833
20
0.0228272834645669
11
1.7048205118110236
21
0.0229235826771654
0
LINE
8
BLACK
6
CONTINUOUS
10
1.7048205118110236
20
0.0229235826771654
11
1.702945748031496
21
0.0266731496062992
0
LINE
8
BLACK
6
CONTINUOUS
10
1.702945748031496
20
0.0266731496062992
11
1.7027388582677165
21
0.0272137795275591
0
LINE
8
BLACK
6
CONTINUOUS
10
1.7027388582677165
20
0.0272137795275591
11
1.7027313385826772
21
0.0273196062992126
0
LINE
8
BLACK
6
CONTINUOUS
10
1.7027313385826772
20
0.0273196062992126
11
1.7026907480314961
21
0.0274175984251969
0
LINE
8
BLACK
6
CONTINUOUS
10
1.7026907480314961
20
0.0274175984251969
11
1.7026340157480315
21
0.0279936614173228
0
LINE
8
BLACK
6
CONTINUOUS
10
1.7026340157480315
20
0.0279936614173228
11
1.7026340157480315
21
0.0617394094488189
0
LINE
8
BLACK
6
CONTINUOUS
10
1.7026340157480315
20
0.0617394094488189
11
1.7026907480314961
21
0.0623154724409449
0
LINE
8
BLACK
6
CONTINUOUS
10
1.7026907480314961
20
0.0623154724409449
11
1.703131653543307
21
0.0633798818897638
0
LINE
8
BLACK
6
CONTINUOUS
10
1.703131653543307
20
0.0633798818897638
11
1.7039462992125984
21
0.0641945275590551
0
LINE
8
BLACK
6
CONTINUOUS
10
1.7039462992125984
20
0.0641945275590551
11
1.7050107086614172
21
0.0646354330708661
0
LINE
8
BLACK
6
CONTINUOUS
10
1.7050107086614172
20
0.0646354330708661
11
1.7061628346456692
21
0.0646354330708661
0
LINE
8
BLACK
6
CONTINUOUS
10
1.7061628346456692
20
0.0646354330708661
11
1.7072272440944882
21
0.0641945275590551
0
LINE
8
BLACK
6
CONTINUOUS
10
1.6461703543307087
20
0.0515120866141732
11
1.646268346456693
21
0.0514714960629921
0
LINE
8
BLACK
6
CONTINUOUS
10
1.646268346456693
20
0.0514714960629921
11
1.6463741732283463
21
0.0514639763779528
0
LINE
8
BLACK
6
CONTINUOUS
10
1.6463741732283463
20
0.0514639763779528
11
1.6469148031496064
21
0.0512570866141732
0
LINE
8
BLACK
6
CONTINUOUS
10
1.6469148031496064
20
0.0512570866141732
11
1.6506643307086615
21
0.0493823228346457
0
LINE
8
BLACK
6
CONTINUOUS
10
1.6506643307086615
20
0.0493823228346457
11
1.6507606692913386
21
0.0493216929133858
0
LINE
8
BLACK
6
CONTINUOUS
10
1.6507606692913386
20
0.0493216929133858
11
1.6508061023622047
21
0.0493065354330709
0
LINE
8
BLACK
6
CONTINUOUS
10
1.6508061023622047
20
0.0493065354330709
11
1.6508626377952755
21
0.0492575196850394
0
LINE
8
BLACK
6
CONTINUOUS
10
1.6508626377952755
20
0.0492575196850394
11
1.6511542125984251
21
0.0490739763779528
0
LINE
8
BLACK
6
CONTINUOUS
10
1.6511542125984251
20
0.0490739763779528
11
1.6512185826771653
21
0.0489997637795276
0
LINE
8
BLACK
6
CONTINUOUS
10
1.6512185826771653
20
0.0489997637795276
11
1.6512829527559054
21
0.0490739763779528
0
LINE
8
BLACK
6
CONTINUOUS
10
1.6512829527559054
20
0.0490739763779528
11
1.6515744881889762
21
0.0492575196850394
0
LINE
8
BLACK
6
CONTINUOUS
10
1.6515744881889762
20
0.0492575196850394
11
1.651631062992126
21
0.0493065354330709
0
LINE
8
BLACK
6
CONTINUOUS
10
1.651631062992126
20
0.0493065354330709
11
1.6516764566929134
21
0.0493216929133858
0
LINE
8
BLACK
6
CONTINUOUS
10
1.6516764566929134
20
0.0493216929133858
11
1.6517728346456693
21
0.0493823228346457
0
LINE
8
BLACK
6
CONTINUOUS
10
1.6517728346456693
20
0.0493823228346457
11
1.6555223622047244
21
0.0512570866141732
0
LINE
8
BLACK
6
CONTINUOUS
10
1.6555223622047244
20
0.0512570866141732
11
1.6560629527559054
21
0.0514639763779528
0
LINE
8
BLACK
6
CONTINUOUS
10
1.6560629527559054
20
0.0514639763779528
11
1.6561688188976378
21
0.0514715354330709
0
LINE
8
BLACK
6
CONTINUOUS
10
1.6561688188976378
20
0.0514715354330709
11
1.6562668110236221
21
0.0515120866141732
0
LINE
8
BLACK
6
CONTINUOUS
10
1.6562668110236221
20
0.0515120866141732
11
1.6568428740157479
21
0.0515688188976378
0
LINE
8
BLACK
6
CONTINUOUS
10
1.6568428740157479
20
0.0515688188976378
11
1.6624671653543306
21
0.0515688188976378
0
LINE
8
BLACK
6
CONTINUOUS
10
1.6624671653543306
20
0.0515688188976378
11
1.6630432283464567
21
0.0515120866141732
0
LINE
8
BLACK
6
CONTINUOUS
10
1.6630432283464567
20
0.0515120866141732
11
1.663141220472441
21
0.0514714960629921
0
LINE
8
BLACK
6
CONTINUOUS
10
1.663141220472441
20
0.0514714960629921
11
1.6632470472440946
21
0.0514639763779528
0
LINE
8
BLACK
6
CONTINUOUS
10
1.6632470472440946
20
0.0514639763779528
11
1.6637876771653544
21
0.0512570866141732
0
LINE
8
BLACK
6
CONTINUOUS
10
1.6637876771653544
20
0.0512570866141732
11
1.6675372440944882
21
0.0493823228346457
0
LINE
8
BLACK
6
CONTINUOUS
10
1.6675372440944882
20
0.0493823228346457
11
1.6676335433070866
21
0.0493216929133858
0
LINE
8
BLACK
6
CONTINUOUS
10
1.6676335433070866
20
0.0493216929133858
11
1.6676790157480315
21
0.0493065354330709
0
LINE
8
BLACK
6
CONTINUOUS
10
1.6676790157480315
20
0.0493065354330709
11
1.667735590551181
21
0.0492574803149606
0
LINE
8
BLACK
6
CONTINUOUS
10
1.667735590551181
20
0.0492574803149606
11
1.6680270866141731
21
0.0490739763779528
0
LINE
8
BLACK
6
CONTINUOUS
10
1.6680270866141731
20
0.0490739763779528
11
1.6682695669291339
21
0.0487943700787402
0
LINE
8
BLACK
6
CONTINUOUS
10
1.6682695669291339
20
0.0487943700787402
11
1.6685494094488189
21
0.0485516929133858
0
LINE
8
BLACK
6
CONTINUOUS
10
1.6685494094488189
20
0.0485516929133858
11
1.6687329133858266
21
0.048260157480315
0
LINE
8
BLACK
6
CONTINUOUS
10
1.6687329133858266
20
0.048260157480315
11
1.6687819685039369
21
0.0482035826771654
0
LINE
8
BLACK
6
CONTINUOUS
10
1.6687819685039369
20
0.0482035826771654
11
1.6687970866141733
21
0.0481581889763779
0
LINE
8
BLACK
6
CONTINUOUS
10
1.6687970866141733
20
0.0481581889763779
11
1.6688577559055118
21
0.048061811023622
0
LINE
8
BLACK
6
CONTINUOUS
10
1.6688577559055118
20
0.048061811023622
11
1.6707325196850393
21
0.0443122834645669
0
LINE
8
BLACK
6
CONTINUOUS
10
1.6707325196850393
20
0.0443122834645669
11
1.6709394094488188
21
0.0437716929133858
0
LINE
8
BLACK
6
CONTINUOUS
10
1.6709394094488188
20
0.0437716929133858
11
1.6709469291338583
21
0.0436658267716535
0
LINE
8
BLACK
6
CONTINUOUS
10
1.6709469291338583
20
0.0436658267716535
11
1.6709875196850392
21
0.0435678346456693
0
LINE
8
BLACK
6
CONTINUOUS
10
1.6709875196850392
20
0.0435678346456693
11
1.6710442519685038
21
0.0429917716535433
0
LINE
8
BLACK
6
CONTINUOUS
10
1.6710442519685038
20
0.0429917716535433
11
1.6710442519685038
21
0.0223693307086614
0
LINE
8
BLACK
6
CONTINUOUS
10
1.6710442519685038
20
0.0223693307086614
11
1.6709875196850392
21
0.0217932677165354
0
LINE
8
BLACK
6
CONTINUOUS
10
1.6709875196850392
20
0.0217932677165354
11
1.6705466141732284
21
0.0207288582677165
0
LINE
8
BLACK
6
CONTINUOUS
10
1.6705466141732284
20
0.0207288582677165
11
1.6697319685039369
21
0.0199142125984252
0
LINE
8
BLACK
6
CONTINUOUS
10
1.6697319685039369
20
0.0199142125984252
11
1.6686675590551181
21
0.0194733070866142
0
LINE
8
BLACK
6
CONTINUOUS
10
1.6686675590551181
20
0.0194733070866142
11
1.6675154330708661
21
0.0194733070866142
0
LINE
8
BLACK
6
CONTINUOUS
10
1.6675154330708661
20
0.0194733070866142
11
1.6664510236220471
21
0.0199142125984252
0
LINE
8
BLACK
6
CONTINUOUS
10
1.6664510236220471
20
0.0199142125984252
11
1.6656363779527559
21
0.0207288582677165
0
LINE
8
BLACK
6
CONTINUOUS
10
1.6656363779527559
20
0.0207288582677165
11
1.6651954724409448
21
0.0217932677165354
0
LINE
8
BLACK
6
CONTINUOUS
10
1.6651954724409448
20
0.0217932677165354
11
1.6651387401574802
21
0.0223693307086614
0
LINE
8
BLACK
6
CONTINUOUS
10
1.6651387401574802
20
0.0223693307086614
11
1.6651387401574802
21
0.0422947244094488
0
LINE
8
BLACK
6
CONTINUOUS
10
1.6651387401574802
20
0.0422947244094488
11
1.6640158661417321
21
0.0445404724409449
0
LINE
8
BLACK
6
CONTINUOUS
10
1.6640158661417321
20
0.0445404724409449
11
1.6617701181102362
21
0.0456633070866142
0
LINE
8
BLACK
6
CONTINUOUS
10
1.6617701181102362
20
0.0456633070866142
11
1.6575399212598425
21
0.0456633070866142
0
LINE
8
BLACK
6
CONTINUOUS
10
1.6575399212598425
20
0.0456633070866142
11
1.6552941732283464
21
0.0445404724409449
0
LINE
8
BLACK
6
CONTINUOUS
10
1.6552941732283464
20
0.0445404724409449
11
1.6541713385826771
21
0.0422947244094488
0
LINE
8
BLACK
6
CONTINUOUS
10
1.6541713385826771
20
0.0422947244094488
11
1.6541713385826771
21
0.0223693307086614
0
LINE
8
BLACK
6
CONTINUOUS
10
1.6541713385826771
20
0.0223693307086614
11
1.6541146062992125
21
0.0217932677165354
0
LINE
8
BLACK
6
CONTINUOUS
10
1.6541146062992125
20
0.0217932677165354
11
1.6536737007874016
21
0.0207288582677165
0
LINE
8
BLACK
6
CONTINUOUS
10
1.6536737007874016
20
0.0207288582677165
11
1.6528590551181102
21
0.0199142125984252
0
LINE
8
BLACK
6
CONTINUOUS
10
1.6528590551181102
20
0.0199142125984252
11
1.6517946456692914
21
0.0194733070866142
0
LINE
8
BLACK
6
CONTINUOUS
10
1.6517946456692914
20
0.0194733070866142
11
1.6506425196850394
21
0.0194733070866142
0
LINE
8
BLACK
6
CONTINUOUS
10
1.6506425196850394
20
0.0194733070866142
11
1.6495781102362204
21
0.0199142125984252
0
LINE
8
BLACK
6
CONTINUOUS
10
1.6495781102362204
20
0.0199142125984252
11
1.6487634645669291
21
0.0207288582677165
0
LINE
8
BLACK
6
CONTINUOUS
10
1.6487634645669291
20
0.0207288582677165
11
1.648322559055118
21
0.0217932677165354
0
LINE
8
BLACK
6
CONTINUOUS
10
1.648322559055118
20
0.0217932677165354
11
1.6482658267716535
21
0.0223693307086614
0
LINE
8
BLACK
6
CONTINUOUS
10
1.6482658267716535
20
0.0223693307086614
11
1.6482658267716535
21
0.0422947244094488
0
LINE
8
BLACK
6
CONTINUOUS
10
1.6482658267716535
20
0.0422947244094488
11
1.6471429527559054
21
0.0445404724409449
0
LINE
8
BLACK
6
CONTINUOUS
10
1.6471429527559054
20
0.0445404724409449
11
1.6448972440944882
21
0.0456633070866142
0
LINE
8
BLACK
6
CONTINUOUS
10
1.6448972440944882
20
0.0456633070866142
11
1.6406670472440945
21
0.0456633070866142
0
LINE
8
BLACK
6
CONTINUOUS
10
1.6406670472440945
20
0.0456633070866142
11
1.6379695669291339
21
0.0443145669291339
0
LINE
8
BLACK
6
CONTINUOUS
10
1.6379695669291339
20
0.0443145669291339
11
1.6372984645669291
21
0.0436434645669291
0
LINE
8
BLACK
6
CONTINUOUS
10
1.6372984645669291
20
0.0436434645669291
11
1.6372984645669291
21
0.0223693307086614
0
LINE
8
BLACK
6
CONTINUOUS
10
1.6372984645669291
20
0.0223693307086614
11
1.6372417322834645
21
0.0217932677165354
0
LINE
8
BLACK
6
CONTINUOUS
10
1.6372417322834645
20
0.0217932677165354
11
1.6368008267716536
21
0.0207288582677165
0
LINE
8
BLACK
6
CONTINUOUS
10
1.6368008267716536
20
0.0207288582677165
11
1.6359861811023622
21
0.0199142125984252
0
LINE
8
BLACK
6
CONTINUOUS
10
1.6359861811023622
20
0.0199142125984252
11
1.6349217716535434
21
0.0194733070866142
0
LINE
8
BLACK
6
CONTINUOUS
10
1.6349217716535434
20
0.0194733070866142
11
1.6337696456692914
21
0.0194733070866142
0
LINE
8
BLACK
6
CONTINUOUS
10
1.6337696456692914
20
0.0194733070866142
11
1.6327052362204724
21
0.0199142125984252
0
LINE
8
BLACK
6
CONTINUOUS
10
1.6327052362204724
20
0.0199142125984252
11
1.6318905905511811
21
0.0207288582677165
0
LINE
8
BLACK
6
CONTINUOUS
10
1.6318905905511811
20
0.0207288582677165
11
1.63144968503937
21
0.0217932677165354
0
LINE
8
BLACK
6
CONTINUOUS
10
1.63144968503937
20
0.0217932677165354
11
1.6313929527559055
21
0.0223693307086614
0
LINE
8
BLACK
6
CONTINUOUS
10
1.6313929527559055
20
0.0223693307086614
11
1.6313929527559055
21
0.048616062992126
0
LINE
8
BLACK
6
CONTINUOUS
10
1.6313929527559055
20
0.048616062992126
11
1.63144968503937
21
0.049192125984252
0
LINE
8
BLACK
6
CONTINUOUS
10
1.63144968503937
20
0.049192125984252
11
1.6318905905511811
21
0.0502565354330709
0
LINE
8
BLACK
6
CONTINUOUS
10
1.6318905905511811
20
0.0502565354330709
11
1.6327052362204724
21
0.0510711811023622
0
LINE
8
BLACK
6
CONTINUOUS
10
1.6327052362204724
20
0.0510711811023622
11
1.6337696456692914
21
0.0515120866141732
0
LINE
8
BLACK
6
CONTINUOUS
10
1.6337696456692914
20
0.0515120866141732
11
1.6349217716535434
21
0.0515120866141732
0
LINE
8
BLACK
6
CONTINUOUS
10
1.6349217716535434
20
0.0515120866141732
11
1.6359861811023622
21
0.0510711811023622
0
LINE
8
BLACK
6
CONTINUOUS
10
1.6359861811023622
20
0.0510711811023622
11
1.6367499999999999
21
0.0503073622047244
0
LINE
8
BLACK
6
CONTINUOUS
10
1.6367499999999999
20
0.0503073622047244
11
1.6386494881889764
21
0.0512570866141732
0
LINE
8
BLACK
6
CONTINUOUS
10
1.6386494881889764
20
0.0512570866141732
11
1.6391900787401574
21
0.0514639763779528
0
LINE
8
BLACK
6
CONTINUOUS
10
1.6391900787401574
20
0.0514639763779528
11
1.6392959448818898
21
0.0514715354330709
0
LINE
8
BLACK
6
CONTINUOUS
10
1.6392959448818898
20
0.0514715354330709
11
1.6393939370078741
21
0.0515120866141732
0
LINE
8
BLACK
6
CONTINUOUS
10
1.6393939370078741
20
0.0515120866141732
11
1.6399699999999999
21
0.0515688188976378
0
LINE
8
BLACK
6
CONTINUOUS
10
1.6399699999999999
20
0.0515688188976378
11
1.6455942913385826
21
0.0515688188976378
0
LINE
8
BLACK
6
CONTINUOUS
10
1.6455942913385826
20
0.0515688188976378
11
1.6461703543307087
21
0.0515120866141732
0
LINE
8
BLACK
6
CONTINUOUS
10
1.6884796062992125
20
0.0510711811023622
11
1.6892942519685039
21
0.0502565354330709
0
LINE
8
BLACK
6
CONTINUOUS
10
1.6892942519685039
20
0.0502565354330709
11
1.689735157480315
21
0.049192125984252
0
LINE
8
BLACK
6
CONTINUOUS
10
1.689735157480315
20
0.049192125984252
11
1.6897918897637796
21
0.048616062992126
0
LINE
8
BLACK
6
CONTINUOUS
10
1.6897918897637796
20
0.048616062992126
11
1.6897918897637796
21
0.0223693307086614
0
LINE
8
BLACK
6
CONTINUOUS
10
1.6897918897637796
20
0.0223693307086614
11
1.689735157480315
21
0.0217932677165354
0
LINE
8
BLACK
6
CONTINUOUS
10
1.689735157480315
20
0.0217932677165354
11
1.6892942519685039
21
0.0207288582677165
0
LINE
8
BLACK
6
CONTINUOUS
10
1.6892942519685039
20
0.0207288582677165
11
1.6884796062992125
21
0.0199142125984252
0
LINE
8
BLACK
6
CONTINUOUS
10
1.6884796062992125
20
0.0199142125984252
11
1.6874151968503937
21
0.0194733070866142
0
LINE
8
BLACK
6
CONTINUOUS
10
1.6874151968503937
20
0.0194733070866142
11
1.6862630708661417
21
0.0194733070866142
0
LINE
8
BLACK
6
CONTINUOUS
10
1.6862630708661417
20
0.0194733070866142
11
1.6851986614173229
21
0.0199142125984252
0
LINE
8
BLACK
6
CONTINUOUS
10
1.6851986614173229
20
0.0199142125984252
11
1.6843840157480314
21
0.0207288582677165
0
LINE
8
BLACK
6
CONTINUOUS
10
1.6843840157480314
20
0.0207288582677165
11
1.6839431102362203
21
0.0217932677165354
0
LINE
8
BLACK
6
CONTINUOUS
10
1.6839431102362203
20
0.0217932677165354
11
1.683886377952756
21
0.0223693307086614
0
LINE
8
BLACK
6
CONTINUOUS
10
1.683886377952756
20
0.0223693307086614
11
1.683886377952756
21
0.048616062992126
0
LINE
8
BLACK
6
CONTINUOUS
10
1.683886377952756
20
0.048616062992126
11
1.6839431102362203
21
0.049192125984252
0
LINE
8
BLACK
6
CONTINUOUS
10
1.6839431102362203
20
0.049192125984252
11
1.6843840157480314
21
0.0502565354330709
0
LINE
8
BLACK
6
CONTINUOUS
10
1.6843840157480314
20
0.0502565354330709
11
1.6851986614173229
21
0.0510711811023622
0
LINE
8
BLACK
6
CONTINUOUS
10
1.6851986614173229
20
0.0510711811023622
11
1.6862630708661417
21
0.0515120866141732
0
LINE
8
BLACK
6
CONTINUOUS
10
1.6862630708661417
20
0.0515120866141732
11
1.6874151968503937
21
0.0515120866141732
0
LINE
8
BLACK
6
CONTINUOUS
10
1.6874151968503937
20
0.0515120866141732
11
1.6884796062992125
21
0.0510711811023622
0
LINE
8
BLACK
6
CONTINUOUS
10
1.6884796062992125
20
0.0641945275590551
11
1.6889270472440945
21
0.0638273228346457
0
LINE
8
BLACK
6
CONTINUOUS
10
1.6889270472440945
20
0.0638273228346457
11
1.690801811023622
21
0.0619525590551181
0
LINE
8
BLACK
6
CONTINUOUS
10
1.690801811023622
20
0.0619525590551181
11
1.6911690157480315
21
0.0615051181102362
0
LINE
8
BLACK
6
CONTINUOUS
10
1.6911690157480315
20
0.0615051181102362
11
1.6913105905511812
21
0.0611633464566929
0
LINE
8
BLACK
6
CONTINUOUS
10
1.6913105905511812
20
0.0611633464566929
11
1.6916099212598426
21
0.0604406692913386
0
LINE
8
BLACK
6
CONTINUOUS
10
1.6916099212598426
20
0.0604406692913386
11
1.6916099212598426
21
0.0592885826771654
0
LINE
8
BLACK
6
CONTINUOUS
10
1.6916099212598426
20
0.0592885826771654
11
1.6911690157480315
21
0.0582241732283465
0
LINE
8
BLACK
6
CONTINUOUS
10
1.6911690157480315
20
0.0582241732283465
11
1.690801811023622
21
0.0577767322834646
0
LINE
8
BLACK
6
CONTINUOUS
10
1.690801811023622
20
0.0577767322834646
11
1.6889270472440945
21
0.055901968503937
0
LINE
8
BLACK
6
CONTINUOUS
10
1.6889270472440945
20
0.055901968503937
11
1.6884796062992125
21
0.0555347637795276
0
LINE
8
BLACK
6
CONTINUOUS
10
1.6884796062992125
20
0.0555347637795276
11
1.6874151968503937
21
0.0550938582677165
0
LINE
8
BLACK
6
CONTINUOUS
10
1.6874151968503937
20
0.0550938582677165
11
1.6874151574803149
21
0.0550938582677165
0
LINE
8
BLACK
6
CONTINUOUS
10
1.6874151574803149
20
0.0550938582677165
11
1.6862631102362204
21
0.0550938582677165
0
LINE
8
BLACK
6
CONTINUOUS
10
1.6862631102362204
20
0.0550938582677165
11
1.6862630708661417
21
0.0550938582677165
0
LINE
8
BLACK
6
CONTINUOUS
10
1.6862630708661417
20
0.0550938582677165
11
1.6851986614173229
21
0.0555347637795276
0
LINE
8
BLACK
6
CONTINUOUS
10
1.6851986614173229
20
0.0555347637795276
11
1.6847512204724409
21
0.055901968503937
0
LINE
8
BLACK
6
CONTINUOUS
10
1.6847512204724409
20
0.055901968503937
11
1.6828764566929133
21
0.0577767322834646
0
LINE
8
BLACK
6
CONTINUOUS
10
1.6828764566929133
20
0.0577767322834646
11
1.6825092519685039
21
0.0582241732283465
0
LINE
8
BLACK
6
CONTINUOUS
10
1.6825092519685039
20
0.0582241732283465
11
1.6820683464566928
21
0.0592886220472441
0
LINE
8
BLACK
6
CONTINUOUS
10
1.6820683464566928
20
0.0592886220472441
11
1.6820683464566928
21
0.0604406692913386
0
LINE
8
BLACK
6
CONTINUOUS
10
1.6820683464566928
20
0.0604406692913386
11
1.6825092519685039
21
0.0615051181102362
0
LINE
8
BLACK
6
CONTINUOUS
10
1.6825092519685039
20
0.0615051181102362
11
1.6828764566929133
21
0.0619525590551181
0
LINE
8
BLACK
6
CONTINUOUS
10
1.6828764566929133
20
0.0619525590551181
11
1.6847512204724409
21
0.0638273228346457
0
LINE
8
BLACK
6
CONTINUOUS
10
1.6847512204724409
20
0.0638273228346457
11
1.6851986614173229
21
0.0641945275590551
0
LINE
8
BLACK
6
CONTINUOUS
10
1.6851986614173229
20
0.0641945275590551
11
1.6862630708661417
21
0.0646354330708661
0
LINE
8
BLACK
6
CONTINUOUS
10
1.6862630708661417
20
0.0646354330708661
11
1.6874151574803149
21
0.0646354330708661
0
LINE
8
BLACK
6
CONTINUOUS
10
1.6874151574803149
20
0.0646354330708661
11
1.6874151968503937
21
0.0646354330708661
0
LINE
8
BLACK
6
CONTINUOUS
10
1.6874151968503937
20
0.0646354330708661
11
1.6884796062992125
21
0.0641945275590551
0
LINE
8
BLACK
6
CONTINUOUS
10
3.413663464566929
20
3.802896023622047
11
3.4147278740157478
21
3.802455118110236
0
LINE
8
BLACK
6
CONTINUOUS
10
3.4147278740157478
20
3.802455118110236
11
3.4155425196850393
21
3.8016404724409449
0
LINE
8
BLACK
6
CONTINUOUS
10
3.4155425196850393
20
3.8016404724409449
11
3.4159834251968504
21
3.8005760629921257
0
LINE
8
BLACK
6
CONTINUOUS
10
3.4159834251968504
20
3.8005760629921257
11
3.4159834251968504
21
3.799423937007874
0
LINE
8
BLACK
6
CONTINUOUS
10
3.4159834251968504
20
3.799423937007874
11
3.4155425196850393
21
3.7983595275590551
0
LINE
8
BLACK
6
CONTINUOUS
10
3.4155425196850393
20
3.7983595275590551
11
3.4147278740157478
21
3.7975448818897637
0
LINE
8
BLACK
6
CONTINUOUS
10
3.4147278740157478
20
3.7975448818897637
11
3.413663464566929
21
3.7971039763779526
0
LINE
8
BLACK
6
CONTINUOUS
10
3.413663464566929
20
3.7971039763779526
11
3.4130874015748032
21
3.7970472440944882
0
LINE
8
BLACK
6
CONTINUOUS
10
3.4130874015748032
20
3.7970472440944882
11
3.3948659842519686
21
3.7970472440944882
0
LINE
8
BLACK
6
CONTINUOUS
10
3.3948659842519686
20
3.7970472440944882
11
3.4157065748031497
21
3.7570128740157478
0
LINE
8
BLACK
6
CONTINUOUS
10
3.4157065748031497
20
3.7570128740157478
11
3.4159222440944883
21
3.7564757086614171
0
LINE
8
BLACK
6
CONTINUOUS
10
3.4159222440944883
20
3.7564757086614171
11
3.4160226377952756
21
3.7553279921259843
0
LINE
8
BLACK
6
CONTINUOUS
10
3.4160226377952756
20
3.7553279921259843
11
3.4156761811023619
21
3.7542292125984251
0
LINE
8
BLACK
6
CONTINUOUS
10
3.4156761811023619
20
3.7542292125984251
11
3.4149356299212599
21
3.7533466535433071
0
LINE
8
BLACK
6
CONTINUOUS
10
3.4149356299212599
20
3.7533466535433071
11
3.4139137007874014
21
3.7528146456692912
0
LINE
8
BLACK
6
CONTINUOUS
10
3.4139137007874014
20
3.7528146456692912
11
3.4127659842519686
21
3.7527142519685039
0
LINE
8
BLACK
6
CONTINUOUS
10
3.4127659842519686
20
3.7527142519685039
11
3.4116672047244094
21
3.7530607086614172
0
LINE
8
BLACK
6
CONTINUOUS
10
3.4116672047244094
20
3.7530607086614172
11
3.4107846456692914
21
3.7538012598425197
0
LINE
8
BLACK
6
CONTINUOUS
10
3.4107846456692914
20
3.7538012598425197
11
3.4104683070866142
21
3.754286023622047
0
LINE
8
BLACK
6
CONTINUOUS
10
3.4104683070866142
20
3.754286023622047
11
3.3929527559055117
21
3.7879331102362204
0
LINE
8
BLACK
6
CONTINUOUS
10
3.3929527559055117
20
3.7879331102362204
11
3.3929527559055117
21
0.2320669291338583
0
LINE
8
BLACK
6
CONTINUOUS
10
3.3929527559055117
20
0.2320669291338583
11
3.4104683070866142
21
0.2657139763779527
0
LINE
8
BLACK
6
CONTINUOUS
10
3.4104683070866142
20
0.2657139763779527
11
3.4107846456692914
21
0.2661987401574803
0
LINE
8
BLACK
6
CONTINUOUS
10
3.4107846456692914
20
0.2661987401574803
11
3.4116672047244094
21
0.2669392913385827
0
LINE
8
BLACK
6
CONTINUOUS
10
3.4116672047244094
20
0.2669392913385827
11
3.4127659842519686
21
0.2672857480314961
0
LINE
8
BLACK
6
CONTINUOUS
10
3.4127659842519686
20
0.2672857480314961
11
3.4139137007874014
21
0.2671853543307087
0
LINE
8
BLACK
6
CONTINUOUS
10
3.4139137007874014
20
0.2671853543307087
11
3.4149356299212599
21
0.2666533464566929
0
LINE
8
BLACK
6
CONTINUOUS
10
3.4149356299212599
20
0.2666533464566929
11
3.4156761811023619
21
0.2657707874015748
0
LINE
8
BLACK
6
CONTINUOUS
10
3.4156761811023619
20
0.2657707874015748
11
3.4160226377952756
21
0.2646720078740157
0
LINE
8
BLACK
6
CONTINUOUS
10
3.4160226377952756
20
0.2646720078740157
11
3.4159222440944883
21
0.2635242913385827
0
LINE
8
BLACK
6
CONTINUOUS
10
3.4159222440944883
20
0.2635242913385827
11
3.4157065748031497
21
0.2629871259842519
0
LINE
8
BLACK
6
CONTINUOUS
10
3.4157065748031497
20
0.2629871259842519
11
3.3948659842519686
21
0.2229527559055118
0
LINE
8
BLACK
6
CONTINUOUS
10
3.3948659842519686
20
0.2229527559055118
11
3.4130874015748032
21
0.2229527559055118
0
LINE
8
BLACK
6
CONTINUOUS
10
3.4130874015748032
20
0.2229527559055118
11
3.413663464566929
21
0.2228960236220472
0
LINE
8
BLACK
6
CONTINUOUS
10
3.413663464566929
20
0.2228960236220472
11
3.4147278740157478
21
0.2224551181102362
0
LINE
8
BLACK
6
CONTINUOUS
10
3.4147278740157478
20
0.2224551181102362
11
3.4155425196850393
21
0.2216404724409449
0
LINE
8
BLACK
6
CONTINUOUS
10
3.4155425196850393
20
0.2216404724409449
11
3.4159834251968504
21
0.220576062992126
0
LINE
8
BLACK
6
CONTINUOUS
10
3.4159834251968504
20
0.220576062992126
11
3.4159834251968504
21
0.219423937007874
0
LINE
8
BLACK
6
CONTINUOUS
10
3.4159834251968504
20
0.219423937007874
11
3.4155425196850393
21
0.2183595275590551
0
LINE
8
BLACK
6
CONTINUOUS
10
3.4155425196850393
20
0.2183595275590551
11
3.4147278740157478
21
0.2175448818897638
0
LINE
8
BLACK
6
CONTINUOUS
10
3.4147278740157478
20
0.2175448818897638
11
3.413663464566929
21
0.2171039763779528
0
LINE
8
BLACK
6
CONTINUOUS
10
3.413663464566929
20
0.2171039763779528
11
3.4130874015748032
21
0.2170472440944882
0
LINE
8
BLACK
6
CONTINUOUS
10
3.4130874015748032
20
0.2170472440944882
11
3.1996850393700789
21
0.2170472440944882
0
LINE
8
BLACK
6
CONTINUOUS
10
3.1996850393700789
20
0.2170472440944882
11
3.1991089763779526
21
0.2171039763779528
0
LINE
8
BLACK
6
CONTINUOUS
10
3.1991089763779526
20
0.2171039763779528
11
3.1980445669291337
21
0.2175448818897638
0
LINE
8
BLACK
6
CONTINUOUS
10
3.1980445669291337
20
0.2175448818897638
11
3.1972299212598423
21
0.2183595275590551
0
LINE
8
BLACK
6
CONTINUOUS
10
3.1972299212598423
20
0.2183595275590551
11
3.1967890157480312
21
0.219423937007874
0
LINE
8
BLACK
6
CONTINUOUS
10
3.1967890157480312
20
0.219423937007874
11
3.1967890157480312
21
0.220576062992126
0
LINE
8
BLACK
6
CONTINUOUS
10
3.1967890157480312
20
0.220576062992126
11
3.1972299212598423
21
0.2216404724409449
0
LINE
8
BLACK
6
CONTINUOUS
10
3.1972299212598423
20
0.2216404724409449
11
3.1980445669291337
21
0.2224551181102362
0
LINE
8
BLACK
6
CONTINUOUS
10
3.1980445669291337
20
0.2224551181102362
11
3.1991089763779526
21
0.2228960236220472
0
LINE
8
BLACK
6
CONTINUOUS
10
3.1991089763779526
20
0.2228960236220472
11
3.1996850393700789
21
0.2229527559055118
0
LINE
8
BLACK
6
CONTINUOUS
10
3.1996850393700789
20
0.2229527559055118
11
3.3851340157480316
21
0.2229527559055118
0
LINE
8
BLACK
6
CONTINUOUS
10
3.3851340157480316
20
0.2229527559055118
11
3.3642934251968502
21
0.2629871259842519
0
LINE
8
BLACK
6
CONTINUOUS
10
3.3642934251968502
20
0.2629871259842519
11
3.3640777559055119
21
0.2635242913385827
0
LINE
8
BLACK
6
CONTINUOUS
10
3.3640777559055119
20
0.2635242913385827
11
3.3639773622047242
21
0.2646720078740157
0
LINE
8
BLACK
6
CONTINUOUS
10
3.3639773622047242
20
0.2646720078740157
11
3.3643237795275591
21
0.2657707874015748
0
LINE
8
BLACK
6
CONTINUOUS
10
3.3643237795275591
20
0.2657707874015748
11
3.3650643307086612
21
0.2666533464566929
0
LINE
8
BLACK
6
CONTINUOUS
10
3.3650643307086612
20
0.2666533464566929
11
3.3660862992125984
21
0.2671853543307087
0
LINE
8
BLACK
6
CONTINUOUS
10
3.3660862992125984
20
0.2671853543307087
11
3.3672340157480316
21
0.2672857480314961
0
LINE
8
BLACK
6
CONTINUOUS
10
3.3672340157480316
20
0.2672857480314961
11
3.3683327952755904
21
0.2669393307086614
0
LINE
8
BLACK
6
CONTINUOUS
10
3.3683327952755904
20
0.2669393307086614
11
3.3692153543307084
21
0.266198779527559
0
LINE
8
BLACK
6
CONTINUOUS
10
3.3692153543307084
20
0.266198779527559
11
3.3695316929133856
21
0.2657139763779527
0
LINE
8
BLACK
6
CONTINUOUS
10
3.3695316929133856
20
0.2657139763779527
11
3.3870472440944881
21
0.2320669291338583
0
LINE
8
BLACK
6
CONTINUOUS
10
3.3870472440944881
20
0.2320669291338583
11
3.3870472440944881
21
3.7879331102362204
0
LINE
8
BLACK
6
CONTINUOUS
10
3.3870472440944881
20
3.7879331102362204
11
3.3695316929133856
21
3.754286023622047
0
LINE
8
BLACK
6
CONTINUOUS
10
3.3695316929133856
20
3.754286023622047
11
3.3692153543307084
21
3.7538012204724409
0
LINE
8
BLACK
6
CONTINUOUS
10
3.3692153543307084
20
3.7538012204724409
11
3.3683327952755904
21
3.7530606692913384
0
LINE
8
BLACK
6
CONTINUOUS
10
3.3683327952755904
20
3.7530606692913384
11
3.3672340157480316
21
3.7527142519685039
0
LINE
8
BLACK
6
CONTINUOUS
10
3.3672340157480316
20
3.7527142519685039
11
3.3660862992125984
21
3.7528146456692912
0
LINE
8
BLACK
6
CONTINUOUS
10
3.3660862992125984
20
3.7528146456692912
11
3.3650643307086612
21
3.7533466535433071
0
LINE
8
BLACK
6
CONTINUOUS
10
3.3650643307086612
20
3.7533466535433071
11
3.3643237795275591
21
3.7542292125984251
0
LINE
8
BLACK
6
CONTINUOUS
10
3.3643237795275591
20
3.7542292125984251
11
3.3639773622047242
21
3.7553279921259843
0
LINE
8
BLACK
6
CONTINUOUS
10
3.3639773622047242
20
3.7553279921259843
11
3.3640777559055119
21
3.7564757086614171
0
LINE
8
BLACK
6
CONTINUOUS
10
3.3640777559055119
20
3.7564757086614171
11
3.3642934251968502
21
3.7570128740157478
0
LINE
8
BLACK
6
CONTINUOUS
10
3.3642934251968502
20
3.7570128740157478
11
3.3851340157480316
21
3.7970472440944882
0
LINE
8
BLACK
6
CONTINUOUS
10
3.3851340157480316
20
3.7970472440944882
11
3.1996850393700789
21
3.7970472440944882
0
LINE
8
BLACK
6
CONTINUOUS
10
3.1996850393700789
20
3.7970472440944882
11
3.1991089763779526
21
3.7971039763779526
0
LINE
8
BLACK
6
CONTINUOUS
10
3.1991089763779526
20
3.7971039763779526
11
3.1980445669291337
21
3.7975448818897637
0
LINE
8
BLACK
6
CONTINUOUS
10
3.1980445669291337
20
3.7975448818897637
11
3.1972299212598423
21
3.7983595275590551
0
LINE
8
BLACK
6
CONTINUOUS
10
3.1972299212598423
20
3.7983595275590551
11
3.1967890157480312
21
3.799423937007874
0
LINE
8
BLACK
6
CONTINUOUS
10
3.1967890157480312
20
3.799423937007874
11
3.1967890157480312
21
3.8005760629921257
0
LINE
8
BLACK
6
CONTINUOUS
10
3.1967890157480312
20
3.8005760629921257
11
3.1972299212598423
21
3.8016404724409449
0
LINE
8
BLACK
6
CONTINUOUS
10
3.1972299212598423
20
3.8016404724409449
11
3.1980445669291337
21
3.802455118110236
0
LINE
8
BLACK
6
CONTINUOUS
10
3.1980445669291337
20
3.802455118110236
11
3.1991089763779526
21
3.802896023622047
0
LINE
8
BLACK
6
CONTINUOUS
10
3.1991089763779526
20
3.802896023622047
11
3.1996850393700789
21
3.8029527559055119
0
LINE
8
BLACK
6
CONTINUOUS
10
3.1996850393700789
20
3.8029527559055119
11
3.4130874015748032
21
3.8029527559055119
0
LINE
8
BLACK
6
CONTINUOUS
10
3.4130874015748032
20
3.8029527559055119
11
3.413663464566929
21
3.802896023622047
0
LINE
8
BLACK
6
CONTINUOUS
10
0.1708910236220473
20
3.6128960236220471
11
0.1719554330708661
21
3.612455118110236
0
LINE
8
BLACK
6
CONTINUOUS
10
0.1719554330708661
20
3.612455118110236
11
0.1727700787401575
21
3.611640472440945
0
LINE
8
BLACK
6
CONTINUOUS
10
0.1727700787401575
20
3.611640472440945
11
0.1732109842519685
21
3.6105760629921257
0
LINE
8
BLACK
6
CONTINUOUS
10
0.1732109842519685
20
3.6105760629921257
11
0.1732109842519685
21
3.609423937007874
0
LINE
8
BLACK
6
CONTINUOUS
10
0.1732109842519685
20
3.609423937007874
11
0.1727700787401575
21
3.6083595275590552
0
LINE
8
BLACK
6
CONTINUOUS
10
0.1727700787401575
20
3.6083595275590552
11
0.1719554330708661
21
3.6075448818897637
0
LINE
8
BLACK
6
CONTINUOUS
10
0.1719554330708661
20
3.6075448818897637
11
0.1708910236220473
21
3.6071039763779527
0
LINE
8
BLACK
6
CONTINUOUS
10
0.1708910236220473
20
3.6071039763779527
11
0.1703149606299213
21
3.6070472440944883
0
LINE
8
BLACK
6
CONTINUOUS
10
0.1703149606299213
20
3.6070472440944883
11
-0.2501620866141732
21
3.6070472440944883
0
LINE
8
BLACK
6
CONTINUOUS
10
-0.2501620866141732
20
3.6070472440944883
11
-0.2293214960629921
21
3.5670128740157478
0
LINE
8
BLACK
6
CONTINUOUS
10
-0.2293214960629921
20
3.5670128740157478
11
-0.2291058267716535
21
3.5664757086614172
0
LINE
8
BLACK
6
CONTINUOUS
10
-0.2291058267716535
20
3.5664757086614172
11
-0.2290054330708661
21
3.5653279921259844
0
LINE
8
BLACK
6
CONTINUOUS
10
-0.2290054330708661
20
3.5653279921259844
11
-0.2293518897637795
21
3.5642292125984252
0
LINE
8
BLACK
6
CONTINUOUS
10
-0.2293518897637795
20
3.5642292125984252
11
-0.2300924409448819
21
3.5633466535433072
0
LINE
8
BLACK
6
CONTINUOUS
10
-0.2300924409448819
20
3.5633466535433072
11
-0.2311143700787401
21
3.5628146456692913
0
LINE
8
BLACK
6
CONTINUOUS
10
-0.2311143700787401
20
3.5628146456692913
11
-0.2322620866141732
21
3.562714251968504
0
LINE
8
BLACK
6
CONTINUOUS
10
-0.2322620866141732
20
3.562714251968504
11
-0.2333608661417323
21
3.5630607086614172
0
LINE
8
BLACK
6
CONTINUOUS
10
-0.2333608661417323
20
3.5630607086614172
11
-0.2342434251968504
21
3.5638012598425197
0
LINE
8
BLACK
6
CONTINUOUS
10
-0.2342434251968504
20
3.5638012598425197
11
-0.2345597637795276
21
3.5642860236220471
0
LINE
8
BLACK
6
CONTINUOUS
10
-0.2345597637795276
20
3.5642860236220471
11
-0.2520753149606299
21
3.5979331102362204
0
LINE
8
BLACK
6
CONTINUOUS
10
-0.2520753149606299
20
3.5979331102362204
11
-0.2520753149606299
21
0.4220669291338582
0
LINE
8
BLACK
6
CONTINUOUS
10
-0.2520753149606299
20
0.4220669291338582
11
-0.2345597637795276
21
0.4557139763779527
0
LINE
8
BLACK
6
CONTINUOUS
10
-0.2345597637795276
20
0.4557139763779527
11
-0.2342434251968504
21
0.4561987401574803
0
LINE
8
BLACK
6
CONTINUOUS
10
-0.2342434251968504
20
0.4561987401574803
11
-0.2333608661417323
21
0.4569392913385827
0
LINE
8
BLACK
6
CONTINUOUS
10
-0.2333608661417323
20
0.4569392913385827
11
-0.2322620866141732
21
0.4572857480314961
0
LINE
8
BLACK
6
CONTINUOUS
10
-0.2322620866141732
20
0.4572857480314961
11
-0.2311143700787401
21
0.4571853543307087
0
LINE
8
BLACK
6
CONTINUOUS
10
-0.2311143700787401
20
0.4571853543307087
11
-0.2300924409448819
21
0.4566533464566929
0
LINE
8
BLACK
6
CONTINUOUS
10
-0.2300924409448819
20
0.4566533464566929
11
-0.2293518897637795
21
0.4557707874015748
0
LINE
8
BLACK
6
CONTINUOUS
10
-0.2293518897637795
20
0.4557707874015748
11
-0.2290054330708661
21
0.4546720078740157
0
LINE
8
BLACK
6
CONTINUOUS
10
-0.2290054330708661
20
0.4546720078740157
11
-0.2291058267716535
21
0.4535242913385827
0
LINE
8
BLACK
6
CONTINUOUS
10
-0.2291058267716535
20
0.4535242913385827
11
-0.2293214960629921
21
0.4529871259842519
0
LINE
8
BLACK
6
CONTINUOUS
10
-0.2293214960629921
20
0.4529871259842519
11
-0.2501620866141732
21
0.4129527559055118
0
LINE
8
BLACK
6
CONTINUOUS
10
-0.2501620866141732
20
0.4129527559055118
11
0.1703149606299213
21
0.4129527559055118
0
LINE
8
BLACK
6
CONTINUOUS
10
0.1703149606299213
20
0.4129527559055118
11
0.1708910236220473
21
0.4128960236220472
0
LINE
8
BLACK
6
CONTINUOUS
10
0.1708910236220473
20
0.4128960236220472
11
0.1719554330708661
21
0.4124551181102362
0
LINE
8
BLACK
6
CONTINUOUS
10
0.1719554330708661
20
0.4124551181102362
11
0.1727700787401575
21
0.4116404724409449
0
LINE
8
BLACK
6
CONTINUOUS
10
0.1727700787401575
20
0.4116404724409449
11
0.1732109842519685
21
0.410576062992126
0
LINE
8
BLACK
6
CONTINUOUS
10
0.1732109842519685
20
0.410576062992126
11
0.1732109842519685
21
0.409423937007874
0
LINE
8
BLACK
6
CONTINUOUS
10
0.1732109842519685
20
0.409423937007874
11
0.1727700787401575
21
0.4083595275590551
0
LINE
8
BLACK
6
CONTINUOUS
10
0.1727700787401575
20
0.4083595275590551
11
0.1719554330708661
21
0.4075448818897638
0
LINE
8
BLACK
6
CONTINUOUS
10
0.1719554330708661
20
0.4075448818897638
11
0.1708910236220473
21
0.4071039763779528
0
LINE
8
BLACK
6
CONTINUOUS
10
0.1708910236220473
20
0.4071039763779528
11
0.1703149606299213
21
0.4070472440944882
0
LINE
8
BLACK
6
CONTINUOUS
10
0.1703149606299213
20
0.4070472440944882
11
-0.2781154724409449
21
0.4070472440944882
0
LINE
8
BLACK
6
CONTINUOUS
10
-0.2781154724409449
20
0.4070472440944882
11
-0.2786915354330708
21
0.4071039763779528
0
LINE
8
BLACK
6
CONTINUOUS
10
-0.2786915354330708
20
0.4071039763779528
11
-0.2797559448818898
21
0.4075448818897638
0
LINE
8
BLACK
6
CONTINUOUS
10
-0.2797559448818898
20
0.4075448818897638
11
-0.2805705905511811
21
0.4083595275590551
0
LINE
8
BLACK
6
CONTINUOUS
10
-0.2805705905511811
20
0.4083595275590551
11
-0.2810114960629921
21
0.409423937007874
0
LINE
8
BLACK
6
CONTINUOUS
10
-0.2810114960629921
20
0.409423937007874
11
-0.2810114960629921
21
0.410576062992126
0
LINE
8
BLACK
6
CONTINUOUS
10
-0.2810114960629921
20
0.410576062992126
11
-0.2805705905511811
21
0.4116404724409449
0
LINE
8
BLACK
6
CONTINUOUS
10
-0.2805705905511811
20
0.4116404724409449
11
-0.2797559448818898
21
0.4124551181102362
0
LINE
8
BLACK
6
CONTINUOUS
10
-0.2797559448818898
20
0.4124551181102362
11
-0.2786915354330708
21
0.4128960236220472
0
LINE
8
BLACK
6
CONTINUOUS
10
-0.2786915354330708
20
0.4128960236220472
11
-0.2781154724409449
21
0.4129527559055118
0
LINE
8
BLACK
6
CONTINUOUS
10
-0.2781154724409449
20
0.4129527559055118
11
-0.2598940551181103
21
0.4129527559055118
0
LINE
8
BLACK
6
CONTINUOUS
10
-0.2598940551181103
20
0.4129527559055118
11
-0.2807346456692913
21
0.4529871259842519
0
LINE
8
BLACK
6
CONTINUOUS
10
-0.2807346456692913
20
0.4529871259842519
11
-0.2809503149606299
21
0.4535242913385827
0
LINE
8
BLACK
6
CONTINUOUS
10
-0.2809503149606299
20
0.4535242913385827
11
-0.2810507086614173
21
0.4546720078740157
0
LINE
8
BLACK
6
CONTINUOUS
10
-0.2810507086614173
20
0.4546720078740157
11
-0.2807042913385827
21
0.4557707874015748
0
LINE
8
BLACK
6
CONTINUOUS
10
-0.2807042913385827
20
0.4557707874015748
11
-0.2799637401574803
21
0.4566533464566929
0
LINE
8
BLACK
6
CONTINUOUS
10
-0.2799637401574803
20
0.4566533464566929
11
-0.2789417716535433
21
0.4571853543307087
0
LINE
8
BLACK
6
CONTINUOUS
10
-0.2789417716535433
20
0.4571853543307087
11
-0.2777940551181102
21
0.4572857480314961
0
LINE
8
BLACK
6
CONTINUOUS
10
-0.2777940551181102
20
0.4572857480314961
11
-0.2766952755905512
21
0.4569393307086614
0
LINE
8
BLACK
6
CONTINUOUS
10
-0.2766952755905512
20
0.4569393307086614
11
-0.275812716535433
21
0.4561987795275591
0
LINE
8
BLACK
6
CONTINUOUS
10
-0.275812716535433
20
0.4561987795275591
11
-0.2754963779527559
21
0.4557139763779527
0
LINE
8
BLACK
6
CONTINUOUS
10
-0.2754963779527559
20
0.4557139763779527
11
-0.2579808267716535
21
0.4220669291338582
0
LINE
8
BLACK
6
CONTINUOUS
10
-0.2579808267716535
20
0.4220669291338582
11
-0.2579808267716535
21
3.5979331102362204
0
LINE
8
BLACK
6
CONTINUOUS
10
-0.2579808267716535
20
3.5979331102362204
11
-0.2754963779527559
21
3.5642860236220471
0
LINE
8
BLACK
6
CONTINUOUS
10
-0.2754963779527559
20
3.5642860236220471
11
-0.275812716535433
21
3.563801220472441
0
LINE
8
BLACK
6
CONTINUOUS
10
-0.275812716535433
20
3.563801220472441
11
-0.2766952755905512
21
3.5630606692913385
0
LINE
8
BLACK
6
CONTINUOUS
10
-0.2766952755905512
20
3.5630606692913385
11
-0.2777940551181102
21
3.562714251968504
0
LINE
8
BLACK
6
CONTINUOUS
10
-0.2777940551181102
20
3.562714251968504
11
-0.2789417716535433
21
3.5628146456692913
0
LINE
8
BLACK
6
CONTINUOUS
10
-0.2789417716535433
20
3.5628146456692913
11
-0.2799637401574803
21
3.5633466535433072
0
LINE
8
BLACK
6
CONTINUOUS
10
-0.2799637401574803
20
3.5633466535433072
11
-0.2807042913385827
21
3.5642292125984252
0
LINE
8
BLACK
6
CONTINUOUS
10
-0.2807042913385827
20
3.5642292125984252
11
-0.2810507086614173
21
3.5653279921259844
0
LINE
8
BLACK
6
CONTINUOUS
10
-0.2810507086614173
20
3.5653279921259844
11
-0.2809503149606299
21
3.5664757086614172
0
LINE
8
BLACK
6
CONTINUOUS
10
-0.2809503149606299
20
3.5664757086614172
11
-0.2807346456692913
21
3.5670128740157478
0
LINE
8
BLACK
6
CONTINUOUS
10
-0.2807346456692913
20
3.5670128740157478
11
-0.2598940551181103
21
3.6070472440944883
0
LINE
8
BLACK
6
CONTINUOUS
10
-0.2598940551181103
20
3.6070472440944883
11
-0.2781154724409449
21
3.6070472440944883
0
LINE
8
BLACK
6
CONTINUOUS
10
-0.2781154724409449
20
3.6070472440944883
11
-0.2786915354330708
21
3.6071039763779527
0
LINE
8
BLACK
6
CONTINUOUS
10
-0.2786915354330708
20
3.6071039763779527
11
-0.2797559448818898
21
3.6075448818897637
0
LINE
8
BLACK
6
CONTINUOUS
10
-0.2797559448818898
20
3.6075448818897637
11
-0.2805705905511811
21
3.6083595275590552
0
LINE
8
BLACK
6
CONTINUOUS
10
-0.2805705905511811
20
3.6083595275590552
11
-0.2810114960629921
21
3.609423937007874
0
LINE
8
BLACK
6
CONTINUOUS
10
-0.2810114960629921
20
3.609423937007874
11
-0.2810114960629921
21
3.6105760629921257
0
LINE
8
BLACK
6
CONTINUOUS
10
-0.2810114960629921
20
3.6105760629921257
11
-0.2805705905511811
21
3.611640472440945
0
LINE
8
BLACK
6
CONTINUOUS
10
-0.2805705905511811
20
3.611640472440945
11
-0.2797559448818898
21
3.612455118110236
0
LINE
8
BLACK
6
CONTINUOUS
10
-0.2797559448818898
20
3.612455118110236
11
-0.2786915354330708
21
3.6128960236220471
0
LINE
8
BLACK
6
CONTINUOUS
10
-0.2786915354330708
20
3.6128960236220471
11
-0.2781154724409449
21
3.6129527559055119
0
LINE
8
BLACK
6
CONTINUOUS
10
-0.2781154724409449
20
3.6129527559055119
11
0.1703149606299213
21
3.6129527559055119
0
LINE
8
BLACK
6
CONTINUOUS
10
0.1703149606299213
20
3.6129527559055119
11
0.1708910236220473
21
3.6128960236220471
0
LINE
8
BLACK
6
CONTINUOUS
10
-0.2893204330708661
20
1.8910362598425197
11
-0.2892224409448819
21
1.8909956692913386
0
LINE
8
BLACK
6
CONTINUOUS
10
-0.2892224409448819
20
1.8909956692913386
11
-0.2891166141732283
21
1.8909881496062992
0
LINE
8
BLACK
6
CONTINUOUS
10
-0.2891166141732283
20
1.8909881496062992
11
-0.2885759842519685
21
1.8907812598425195
0
LINE
8
BLACK
6
CONTINUOUS
10
-0.2885759842519685
20
1.8907812598425195
11
-0.2848264566929134
21
1.888906496062992
0
LINE
8
BLACK
6
CONTINUOUS
10
-0.2848264566929134
20
1.888906496062992
11
-0.2845785826771653
21
1.8887504724409447
0
LINE
8
BLACK
6
CONTINUOUS
10
-0.2845785826771653
20
1.8887504724409447
11
-0.2845065354330709
21
1.8887206299212598
0
LINE
8
BLACK
6
CONTINUOUS
10
-0.2845065354330709
20
1.8887206299212598
11
-0.2844255118110236
21
1.8886541338582676
0
LINE
8
BLACK
6
CONTINUOUS
10
-0.2844255118110236
20
1.8886541338582676
11
-0.2843365748031496
21
1.8885981496062991
0
LINE
8
BLACK
6
CONTINUOUS
10
-0.2843365748031496
20
1.8885981496062991
11
-0.2842854330708661
21
1.8885391732283465
0
LINE
8
BLACK
6
CONTINUOUS
10
-0.2842854330708661
20
1.8885391732283465
11
-0.2840590944881889
21
1.8883534251968503
0
LINE
8
BLACK
6
CONTINUOUS
10
-0.2840590944881889
20
1.8883534251968503
11
-0.2821842913385827
21
1.8864786614173228
0
LINE
8
BLACK
6
CONTINUOUS
10
-0.2821842913385827
20
1.8864786614173228
11
-0.2819985433070866
21
1.8862523228346457
0
LINE
8
BLACK
6
CONTINUOUS
10
-0.2819985433070866
20
1.8862523228346457
11
-0.2819394881889764
21
1.8862011023622047
0
LINE
8
BLACK
6
CONTINUOUS
10
-0.2819394881889764
20
1.8862011023622047
11
-0.2818835039370078
21
1.8861121653543307
0
LINE
8
BLACK
6
CONTINUOUS
10
-0.2818835039370078
20
1.8861121653543307
11
-0.2818170472440945
21
1.8860311811023622
0
LINE
8
BLACK
6
CONTINUOUS
10
-0.2818170472440945
20
1.8860311811023622
11
-0.2817872440944882
21
1.885959251968504
0
LINE
8
BLACK
6
CONTINUOUS
10
-0.2817872440944882
20
1.885959251968504
11
-0.2816311417322835
21
1.8857112204724409
0
LINE
8
BLACK
6
CONTINUOUS
10
-0.2816311417322835
20
1.8857112204724409
11
-0.2797563779527559
21
1.8819616929133858
0
LINE
8
BLACK
6
CONTINUOUS
10
-0.2797563779527559
20
1.8819616929133858
11
-0.2795494881889763
21
1.8814211023622047
0
LINE
8
BLACK
6
CONTINUOUS
10
-0.2795494881889763
20
1.8814211023622047
11
-0.279541968503937
21
1.8813152362204724
0
LINE
8
BLACK
6
CONTINUOUS
10
-0.279541968503937
20
1.8813152362204724
11
-0.2795013779527559
21
1.8812172440944881
0
LINE
8
BLACK
6
CONTINUOUS
10
-0.2795013779527559
20
1.8812172440944881
11
-0.2794446456692913
21
1.8806411811023622
0
LINE
8
BLACK
6
CONTINUOUS
10
-0.2794446456692913
20
1.8806411811023622
11
-0.2794446456692913
21
1.8693925984251969
0
LINE
8
BLACK
6
CONTINUOUS
10
-0.2794446456692913
20
1.8693925984251969
11
-0.2795013779527559
21
1.8688165354330708
0
LINE
8
BLACK
6
CONTINUOUS
10
-0.2795013779527559
20
1.8688165354330708
11
-0.279541968503937
21
1.8687185826771653
0
LINE
8
BLACK
6
CONTINUOUS
10
-0.279541968503937
20
1.8687185826771653
11
-0.2795494881889763
21
1.8686126771653544
0
LINE
8
BLACK
6
CONTINUOUS
10
-0.2795494881889763
20
1.8686126771653544
11
-0.2797563779527559
21
1.8680720866141731
0
LINE
8
BLACK
6
CONTINUOUS
10
-0.2797563779527559
20
1.8680720866141731
11
-0.2816311417322835
21
1.864322559055118
0
LINE
8
BLACK
6
CONTINUOUS
10
-0.2816311417322835
20
1.864322559055118
11
-0.2817872440944882
21
1.8640745669291339
0
LINE
8
BLACK
6
CONTINUOUS
10
-0.2817872440944882
20
1.8640745669291339
11
-0.2818170472440945
21
1.8640025984251969
0
LINE
8
BLACK
6
CONTINUOUS
10
-0.2818170472440945
20
1.8640025984251969
11
-0.2818835039370078
21
1.863921653543307
0
LINE
8
BLACK
6
CONTINUOUS
10
-0.2818835039370078
20
1.863921653543307
11
-0.2819394881889764
21
1.8638326771653544
0
LINE
8
BLACK
6
CONTINUOUS
10
-0.2819394881889764
20
1.8638326771653544
11
-0.2819985433070866
21
1.8637814960629921
0
LINE
8
BLACK
6
CONTINUOUS
10
-0.2819985433070866
20
1.8637814960629921
11
-0.2821842913385827
21
1.8635551181102361
0
LINE
8
BLACK
6
CONTINUOUS
10
-0.2821842913385827
20
1.8635551181102361
11
-0.2840590944881889
21
1.8616803543307086
0
LINE
8
BLACK
6
CONTINUOUS
10
-0.2840590944881889
20
1.8616803543307086
11
-0.2845065354330709
21
1.8613131496062991
0
LINE
8
BLACK
6
CONTINUOUS
10
-0.2845065354330709
20
1.8613131496062991
11
-0.2855709448818898
21
1.8608722834645668
0
LINE
8
BLACK
6
CONTINUOUS
10
-0.2855709448818898
20
1.8608722834645668
11
-0.286723031496063
21
1.8608722834645668
0
LINE
8
BLACK
6
CONTINUOUS
10
-0.286723031496063
20
1.8608722834645668
11
-0.2877874409448819
21
1.8613131889763779
0
LINE
8
BLACK
6
CONTINUOUS
10
-0.2877874409448819
20
1.8613131889763779
11
-0.2886021259842519
21
1.8621278740157481
0
LINE
8
BLACK
6
CONTINUOUS
10
-0.2886021259842519
20
1.8621278740157481
11
-0.2890429921259842
21
1.8631922834645669
0
LINE
8
BLACK
6
CONTINUOUS
10
-0.2890429921259842
20
1.8631922834645669
11
-0.2890429921259842
21
1.8643443700787401
0
LINE
8
BLACK
6
CONTINUOUS
10
-0.2890429921259842
20
1.8643443700787401
11
-0.2886020866141732
21
1.8654087795275589
0
LINE
8
BLACK
6
CONTINUOUS
10
-0.2886020866141732
20
1.8654087795275589
11
-0.288234842519685
21
1.8658562598425197
0
LINE
8
BLACK
6
CONTINUOUS
10
-0.288234842519685
20
1.8658562598425197
11
-0.2866988976377953
21
1.8673922047244094
0
LINE
8
BLACK
6
CONTINUOUS
10
-0.2866988976377953
20
1.8673922047244094
11
-0.2853501574803149
21
1.8700896456692913
0
LINE
8
BLACK
6
CONTINUOUS
10
-0.2853501574803149
20
1.8700896456692913
11
-0.2853501574803149
21
1.8799441338582676
0
LINE
8
BLACK
6
CONTINUOUS
10
-0.2853501574803149
20
1.8799441338582676
11
-0.2866988976377953
21
1.8826416141732283
0
LINE
8
BLACK
6
CONTINUOUS
10
-0.2866988976377953
20
1.8826416141732283
11
-0.287896062992126
21
1.8838387401574803
0
LINE
8
BLACK
6
CONTINUOUS
10
-0.287896062992126
20
1.8838387401574803
11
-0.2905935433070866
21
1.8851874803149606
0
LINE
8
BLACK
6
CONTINUOUS
10
-0.2905935433070866
20
1.8851874803149606
11
-0.2985732677165354
21
1.8851874803149606
0
LINE
8
BLACK
6
CONTINUOUS
10
-0.2985732677165354
20
1.8851874803149606
11
-0.3012707480314961
21
1.8838387401574803
0
LINE
8
BLACK
6
CONTINUOUS
10
-0.3012707480314961
20
1.8838387401574803
11
-0.302467874015748
21
1.8826416141732283
0
LINE
8
BLACK
6
CONTINUOUS
10
-0.302467874015748
20
1.8826416141732283
11
-0.3038166141732284
21
1.8799441338582676
0
LINE
8
BLACK
6
CONTINUOUS
10
-0.3038166141732284
20
1.8799441338582676
11
-0.3038166141732284
21
1.8750168897637796
0
LINE
8
BLACK
6
CONTINUOUS
10
-0.3038166141732284
20
1.8750168897637796
11
-0.3038466535433071
21
1.8747122440944881
0
LINE
8
BLACK
6
CONTINUOUS
10
-0.3038466535433071
20
1.8747122440944881
11
-0.3038414566929134
21
1.8746347637795275
0
LINE
8
BLACK
6
CONTINUOUS
10
-0.3038414566929134
20
1.8746347637795275
11
-0.3038595275590551
21
1.8745814173228346
0
LINE
8
BLACK
6
CONTINUOUS
10
-0.3038595275590551
20
1.8745814173228346
11
-0.3038733464566929
21
1.8744408267716535
0
LINE
8
BLACK
6
CONTINUOUS
10
-0.3038733464566929
20
1.8744408267716535
11
-0.304056968503937
21
1.8739976377952756
0
LINE
8
BLACK
6
CONTINUOUS
10
-0.304056968503937
20
1.8739976377952756
11
-0.3042105511811024
21
1.8735433858267716
0
LINE
8
BLACK
6
CONTINUOUS
10
-0.3042105511811024
20
1.8735433858267716
11
-0.3042761417322835
21
1.8734684251968503
0
LINE
8
BLACK
6
CONTINUOUS
10
-0.3042761417322835
20
1.8734684251968503
11
-0.3043142519685039
21
1.8733764173228347
0
LINE
8
BLACK
6
CONTINUOUS
10
-0.3043142519685039
20
1.8733764173228347
11
-0.3046532677165354
21
1.8730374409448818
0
LINE
8
BLACK
6
CONTINUOUS
10
-0.3046532677165354
20
1.8730374409448818
11
-0.3049692125984252
21
1.8726762992125985
0
LINE
8
BLACK
6
CONTINUOUS
10
-0.3049692125984252
20
1.8726762992125985
11
-0.3050585826771653
21
1.872632125984252
0
LINE
8
BLACK
6
CONTINUOUS
10
-0.3050585826771653
20
1.872632125984252
11
-0.3051288976377953
21
1.8725617716535432
0
LINE
8
BLACK
6
CONTINUOUS
10
-0.3051288976377953
20
1.8725617716535432
11
-0.3055718503937008
21
1.8723783070866142
0
LINE
8
BLACK
6
CONTINUOUS
10
-0.3055718503937008
20
1.8723783070866142
11
-0.306001968503937
21
1.8721655905511811
0
LINE
8
BLACK
6
CONTINUOUS
10
-0.306001968503937
20
1.8721655905511811
11
-0.3061013385826772
21
1.8721589763779527
0
LINE
8
BLACK
6
CONTINUOUS
10
-0.3061013385826772
20
1.8721589763779527
11
-0.3061933070866142
21
1.8721208661417323
0
LINE
8
BLACK
6
CONTINUOUS
10
-0.3061933070866142
20
1.8721208661417323
11
-0.306673031496063
21
1.8721208661417323
0
LINE
8
BLACK
6
CONTINUOUS
10
-0.306673031496063
20
1.8721208661417323
11
-0.3071514960629921
21
1.8720889763779527
0
LINE
8
BLACK
6
CONTINUOUS
10
-0.3071514960629921
20
1.8720889763779527
11
-0.3072457874015748
21
1.8721208661417323
0
LINE
8
BLACK
6
CONTINUOUS
10
-0.3072457874015748
20
1.8721208661417323
11
-0.3073454330708661
21
1.8721208661417323
0
LINE
8
BLACK
6
CONTINUOUS
10
-0.3073454330708661
20
1.8721208661417323
11
-0.3077886614173228
21
1.8723044881889763
0
LINE
8
BLACK
6
CONTINUOUS
10
-0.3077886614173228
20
1.8723044881889763
11
-0.308242874015748
21
1.8724580708661418
0
LINE
8
BLACK
6
CONTINUOUS
10
-0.308242874015748
20
1.8724580708661418
11
-0.3083577559055118
21
1.8725401968503936
0
LINE
8
BLACK
6
CONTINUOUS
10
-0.3083577559055118
20
1.8725401968503936
11
-0.308409842519685
21
1.8725617716535432
0
LINE
8
BLACK
6
CONTINUOUS
10
-0.308409842519685
20
1.8725617716535432
11
-0.3084648031496063
21
1.8726167322834646
0
LINE
8
BLACK
6
CONTINUOUS
10
-0.3084648031496063
20
1.8726167322834646
11
-0.3087137795275591
21
1.8727947244094487
0
LINE
8
BLACK
6
CONTINUOUS
10
-0.3087137795275591
20
1.8727947244094487
11
-0.3188147244094488
21
1.8816330708661417
0
LINE
8
BLACK
6
CONTINUOUS
10
-0.3188147244094488
20
1.8816330708661417
11
-0.3188147244094488
21
1.8637683070866142
0
LINE
8
BLACK
6
CONTINUOUS
10
-0.3188147244094488
20
1.8637683070866142
11
-0.3188714566929134
21
1.8631922440944881
0
LINE
8
BLACK
6
CONTINUOUS
10
-0.3188714566929134
20
1.8631922440944881
11
-0.3193123622047244
21
1.8621278346456693
0
LINE
8
BLACK
6
CONTINUOUS
10
-0.3193123622047244
20
1.8621278346456693
11
-0.3201270078740158
21
1.8613131889763779
0
LINE
8
BLACK
6
CONTINUOUS
10
-0.3201270078740158
20
1.8613131889763779
11
-0.3211914173228346
21
1.8608722834645668
0
LINE
8
BLACK
6
CONTINUOUS
10
-0.3211914173228346
20
1.8608722834645668
11
-0.3223435433070866
21
1.8608722834645668
0
LINE
8
BLACK
6
CONTINUOUS
10
-0.3223435433070866
20
1.8608722834645668
11
-0.3234079527559055
21
1.8613131889763779
0
LINE
8
BLACK
6
CONTINUOUS
10
-0.3234079527559055
20
1.8613131889763779
11
-0.3242225984251969
21
1.8621278346456693
0
LINE
8
BLACK
6
CONTINUOUS
10
-0.3242225984251969
20
1.8621278346456693
11
-0.3246635039370079
21
1.8631922440944881
0
LINE
8
BLACK
6
CONTINUOUS
10
-0.3246635039370079
20
1.8631922440944881
11
-0.3247202362204724
21
1.8637683070866142
0
LINE
8
BLACK
6
CONTINUOUS
10
-0.3247202362204724
20
1.8637683070866142
11
-0.3247202362204724
21
1.8881402362204724
0
LINE
8
BLACK
6
CONTINUOUS
10
-0.3247202362204724
20
1.8881402362204724
11
-0.3246902362204724
21
1.8884449212598424
0
LINE
8
BLACK
6
CONTINUOUS
10
-0.3246902362204724
20
1.8884449212598424
11
-0.3246953937007874
21
1.8885223622047245
0
LINE
8
BLACK
6
CONTINUOUS
10
-0.3246953937007874
20
1.8885223622047245
11
-0.3246773622047244
21
1.888575748031496
0
LINE
8
BLACK
6
CONTINUOUS
10
-0.3246773622047244
20
1.888575748031496
11
-0.3246635039370079
21
1.8887162992125983
0
LINE
8
BLACK
6
CONTINUOUS
10
-0.3246635039370079
20
1.8887162992125983
11
-0.3244799212598425
21
1.8891595275590551
0
LINE
8
BLACK
6
CONTINUOUS
10
-0.3244799212598425
20
1.8891595275590551
11
-0.3243262992125984
21
1.8896137401574802
0
LINE
8
BLACK
6
CONTINUOUS
10
-0.3243262992125984
20
1.8896137401574802
11
-0.3242607480314961
21
1.8896887401574802
0
LINE
8
BLACK
6
CONTINUOUS
10
-0.3242607480314961
20
1.8896887401574802
11
-0.3242225984251969
21
1.8897807086614173
0
LINE
8
BLACK
6
CONTINUOUS
10
-0.3242225984251969
20
1.8897807086614173
11
-0.3238836220472441
21
1.8901197244094488
0
LINE
8
BLACK
6
CONTINUOUS
10
-0.3238836220472441
20
1.8901197244094488
11
-0.3235676377952756
21
1.8904808267716535
0
LINE
8
BLACK
6
CONTINUOUS
10
-0.3235676377952756
20
1.8904808267716535
11
-0.3234783070866142
21
1.8905250393700788
0
LINE
8
BLACK
6
CONTINUOUS
10
-0.3234783070866142
20
1.8905250393700788
11
-0.3234079527559055
21
1.8905953543307086
0
LINE
8
BLACK
6
CONTINUOUS
10
-0.3234079527559055
20
1.8905953543307086
11
-0.3229650393700788
21
1.8907788582677165
0
LINE
8
BLACK
6
CONTINUOUS
10
-0.3229650393700788
20
1.8907788582677165
11
-0.3225348818897638
21
1.8909915354330709
0
LINE
8
BLACK
6
CONTINUOUS
10
-0.3225348818897638
20
1.8909915354330709
11
-0.3224355511811023
21
1.8909981889763778
0
LINE
8
BLACK
6
CONTINUOUS
10
-0.3224355511811023
20
1.8909981889763778
11
-0.3223435433070866
21
1.8910362598425197
0
LINE
8
BLACK
6
CONTINUOUS
10
-0.3223435433070866
20
1.8910362598425197
11
-0.3218638188976378
21
1.8910362598425197
0
LINE
8
BLACK
6
CONTINUOUS
10
-0.3218638188976378
20
1.8910362598425197
11
-0.3213853543307086
21
1.8910681496062991
0
LINE
8
BLACK
6
CONTINUOUS
10
-0.3213853543307086
20
1.8910681496062991
11
-0.321291062992126
21
1.8910362598425197
0
LINE
8
BLACK
6
CONTINUOUS
10
-0.321291062992126
20
1.8910362598425197
11
-0.3211914173228346
21
1.8910362598425197
0
LINE
8
BLACK
6
CONTINUOUS
10
-0.3211914173228346
20
1.8910362598425197
11
-0.3207482283464567
21
1.8908526771653542
0
LINE
8
BLACK
6
CONTINUOUS
10
-0.3207482283464567
20
1.8908526771653542
11
-0.3202939763779528
21
1.8906990551181102
0
LINE
8
BLACK
6
CONTINUOUS
10
-0.3202939763779528
20
1.8906990551181102
11
-0.3201791338582677
21
1.8906169685039369
0
LINE
8
BLACK
6
CONTINUOUS
10
-0.3201791338582677
20
1.8906169685039369
11
-0.3201270078740158
21
1.8905953543307086
0
LINE
8
BLACK
6
CONTINUOUS
10
-0.3201270078740158
20
1.8905953543307086
11
-0.3200720866141732
21
1.8905404330708662
0
LINE
8
BLACK
6
CONTINUOUS
10
-0.3200720866141732
20
1.8905404330708662
11
-0.3198230708661417
21
1.8903624015748031
0
LINE
8
BLACK
6
CONTINUOUS
10
-0.3198230708661417
20
1.8903624015748031
11
-0.3096140551181102
21
1.8814295275590551
0
LINE
8
BLACK
6
CONTINUOUS
10
-0.3096140551181102
20
1.8814295275590551
11
-0.3094103937007874
21
1.8819616929133858
0
LINE
8
BLACK
6
CONTINUOUS
10
-0.3094103937007874
20
1.8819616929133858
11
-0.3075356299212598
21
1.8857112204724409
0
LINE
8
BLACK
6
CONTINUOUS
10
-0.3075356299212598
20
1.8857112204724409
11
-0.3073795669291339
21
1.885959251968504
0
LINE
8
BLACK
6
CONTINUOUS
10
-0.3073795669291339
20
1.885959251968504
11
-0.3073497244094488
21
1.8860311811023622
0
LINE
8
BLACK
6
CONTINUOUS
10
-0.3073497244094488
20
1.8860311811023622
11
-0.3072832677165354
21
1.8861121653543307
0
LINE
8
BLACK
6
CONTINUOUS
10
-0.3072832677165354
20
1.8861121653543307
11
-0.3072272834645669
21
1.8862011023622047
0
LINE
8
BLACK
6
CONTINUOUS
10
-0.3072272834645669
20
1.8862011023622047
11
-0.3071683070866142
21
1.886252283464567
0
LINE
8
BLACK
6
CONTINUOUS
10
-0.3071683070866142
20
1.886252283464567
11
-0.3069825196850394
21
1.886478622047244
0
LINE
8
BLACK
6
CONTINUOUS
10
-0.3069825196850394
20
1.886478622047244
11
-0.3051077559055118
21
1.8883533858267716
0
LINE
8
BLACK
6
CONTINUOUS
10
-0.3051077559055118
20
1.8883533858267716
11
-0.3048814173228346
21
1.8885391732283465
0
LINE
8
BLACK
6
CONTINUOUS
10
-0.3048814173228346
20
1.8885391732283465
11
-0.3048302362204725
21
1.8885981496062991
0
LINE
8
BLACK
6
CONTINUOUS
10
-0.3048302362204725
20
1.8885981496062991
11
-0.3047412992125984
21
1.8886541338582676
0
LINE
8
BLACK
6
CONTINUOUS
10
-0.3047412992125984
20
1.8886541338582676
11
-0.3046603149606299
21
1.888720590551181
0
LINE
8
BLACK
6
CONTINUOUS
10
-0.3046603149606299
20
1.888720590551181
11
-0.3045883858267717
21
1.8887504330708662
0
LINE
8
BLACK
6
CONTINUOUS
10
-0.3045883858267717
20
1.8887504330708662
11
-0.3043403543307087
21
1.888906496062992
0
LINE
8
BLACK
6
CONTINUOUS
10
-0.3043403543307087
20
1.888906496062992
11
-0.3005908267716536
21
1.8907812598425195
0
LINE
8
BLACK
6
CONTINUOUS
10
-0.3005908267716536
20
1.8907812598425195
11
-0.3000502362204724
21
1.8909881496062992
0
LINE
8
BLACK
6
CONTINUOUS
10
-0.3000502362204724
20
1.8909881496062992
11
-0.2999443700787401
21
1.8909957086614173
0
LINE
8
BLACK
6
CONTINUOUS
10
-0.2999443700787401
20
1.8909957086614173
11
-0.2998463779527559
21
1.8910362598425197
0
LINE
8
BLACK
6
CONTINUOUS
10
-0.2998463779527559
20
1.8910362598425197
11
-0.2992703149606299
21
1.8910929921259843
0
LINE
8
BLACK
6
CONTINUOUS
10
-0.2992703149606299
20
1.8910929921259843
11
-0.2898964960629921
21
1.8910929921259843
0
LINE
8
BLACK
6
CONTINUOUS
10
-0.2898964960629921
20
1.8910929921259843
11
-0.2893204330708661
21
1.8910362598425197
0
LINE
8
BLACK
6
CONTINUOUS
10
3.3557076377952755
20
1.8910362598425197
11
3.3558056299212597
21
1.8909956692913386
0
LINE
8
BLACK
6
CONTINUOUS
10
3.3558056299212597
20
1.8909956692913386
11
3.3559114566929131
21
1.8909881496062992
0
LINE
8
BLACK
6
CONTINUOUS
10
3.3559114566929131
20
1.8909881496062992
11
3.3564520866141732
21
1.8907812598425195
0
LINE
8
BLACK
6
CONTINUOUS
10
3.3564520866141732
20
1.8907812598425195
11
3.3602016141732283
21
1.888906496062992
0
LINE
8
BLACK
6
CONTINUOUS
10
3.3602016141732283
20
1.888906496062992
11
3.3604494881889764
21
1.8887504724409447
0
LINE
8
BLACK
6
CONTINUOUS
10
3.3604494881889764
20
1.8887504724409447
11
3.3605215354330706
21
1.8887206299212598
0
LINE
8
BLACK
6
CONTINUOUS
10
3.3605215354330706
20
1.8887206299212598
11
3.3606025590551178
21
1.8886541338582676
0
LINE
8
BLACK
6
CONTINUOUS
10
3.3606025590551178
20
1.8886541338582676
11
3.3606914960629921
21
1.8885981496062991
0
LINE
8
BLACK
6
CONTINUOUS
10
3.3606914960629921
20
1.8885981496062991
11
3.3607426377952754
21
1.8885391732283465
0
LINE
8
BLACK
6
CONTINUOUS
10
3.3607426377952754
20
1.8885391732283465
11
3.3609689763779529
21
1.8883534251968503
0
LINE
8
BLACK
6
CONTINUOUS
10
3.3609689763779529
20
1.8883534251968503
11
3.3628437795275592
21
1.8864786614173228
0
LINE
8
BLACK
6
CONTINUOUS
10
3.3628437795275592
20
1.8864786614173228
11
3.3630295275590552
21
1.8862523228346457
0
LINE
8
BLACK
6
CONTINUOUS
10
3.3630295275590552
20
1.8862523228346457
11
3.3630885826771655
21
1.8862011023622047
0
LINE
8
BLACK
6
CONTINUOUS
10
3.3630885826771655
20
1.8862011023622047
11
3.363144566929134
21
1.8861121653543307
0
LINE
8
BLACK
6
CONTINUOUS
10
3.363144566929134
20
1.8861121653543307
11
3.3632110236220472
21
1.8860311811023622
0
LINE
8
BLACK
6
CONTINUOUS
10
3.3632110236220472
20
1.8860311811023622
11
3.3632408267716536
21
1.885959251968504
0
LINE
8
BLACK
6
CONTINUOUS
10
3.3632408267716536
20
1.885959251968504
11
3.3633969291338581
21
1.8857112204724409
0
LINE
8
BLACK
6
CONTINUOUS
10
3.3633969291338581
20
1.8857112204724409
11
3.3652716929133857
21
1.8819616929133858
0
LINE
8
BLACK
6
CONTINUOUS
10
3.3652716929133857
20
1.8819616929133858
11
3.3654785826771652
21
1.8814211023622047
0
LINE
8
BLACK
6
CONTINUOUS
10
3.3654785826771652
20
1.8814211023622047
11
3.3654861023622047
21
1.8813152362204724
0
LINE
8
BLACK
6
CONTINUOUS
10
3.3654861023622047
20
1.8813152362204724
11
3.3655266929133858
21
1.8812172440944881
0
LINE
8
BLACK
6
CONTINUOUS
10
3.3655266929133858
20
1.8812172440944881
11
3.3655834251968502
21
1.8806411811023622
0
LINE
8
BLACK
6
CONTINUOUS
10
3.3655834251968502
20
1.8806411811023622
11
3.3655834251968502
21
1.8693925984251969
0
LINE
8
BLACK
6
CONTINUOUS
10
3.3655834251968502
20
1.8693925984251969
11
3.3655266929133858
21
1.8688165354330708
0
LINE
8
BLACK
6
CONTINUOUS
10
3.3655266929133858
20
1.8688165354330708
11
3.3654861023622047
21
1.8687185826771653
0
LINE
8
BLACK
6
CONTINUOUS
10
3.3654861023622047
20
1.8687185826771653
11
3.3654785826771652
21
1.8686126771653544
0
LINE
8
BLACK
6
CONTINUOUS
10
3.3654785826771652
20
1.8686126771653544
11
3.3652716929133857
21
1.8680720866141731
0
LINE
8
BLACK
6
CONTINUOUS
10
3.3652716929133857
20
1.8680720866141731
11
3.3633969291338581
21
1.864322559055118
0
LINE
8
BLACK
6
CONTINUOUS
10
3.3633969291338581
20
1.864322559055118
11
3.3632408267716536
21
1.8640745669291339
0
LINE
8
BLACK
6
CONTINUOUS
10
3.3632408267716536
20
1.8640745669291339
11
3.3632110236220472
21
1.8640025984251969
0
LINE
8
BLACK
6
CONTINUOUS
10
3.3632110236220472
20
1.8640025984251969
11
3.363144566929134
21
1.863921653543307
0
LINE
8
BLACK
6
CONTINUOUS
10
3.363144566929134
20
1.863921653543307
11
3.3630885826771655
21
1.8638326771653544
0
LINE
8
BLACK
6
CONTINUOUS
10
3.3630885826771655
20
1.8638326771653544
11
3.3630295275590552
21
1.8637814960629921
0
LINE
8
BLACK
6
CONTINUOUS
10
3.3630295275590552
20
1.8637814960629921
11
3.3628437795275592
21
1.8635551181102361
0
LINE
8
BLACK
6
CONTINUOUS
10
3.3628437795275592
20
1.8635551181102361
11
3.3609689763779529
21
1.8616803543307086
0
LINE
8
BLACK
6
CONTINUOUS
10
3.3609689763779529
20
1.8616803543307086
11
3.3605215354330706
21
1.8613131496062991
0
LINE
8
BLACK
6
CONTINUOUS
10
3.3605215354330706
20
1.8613131496062991
11
3.3594571259842518
21
1.8608722834645668
0
LINE
8
BLACK
6
CONTINUOUS
10
3.3594571259842518
20
1.8608722834645668
11
3.3583050393700788
21
1.8608722834645668
0
LINE
8
BLACK
6
CONTINUOUS
10
3.3583050393700788
20
1.8608722834645668
11
3.3572406299212596
21
1.8613131889763779
0
LINE
8
BLACK
6
CONTINUOUS
10
3.3572406299212596
20
1.8613131889763779
11
3.3564259448818898
21
1.8621278740157481
0
LINE
8
BLACK
6
CONTINUOUS
10
3.3564259448818898
20
1.8621278740157481
11
3.3559850787401575
21
1.8631922834645669
0
LINE
8
BLACK
6
CONTINUOUS
10
3.3559850787401575
20
1.8631922834645669
11
3.3559850787401575
21
1.8643443700787401
0
LINE
8
BLACK
6
CONTINUOUS
10
3.3559850787401575
20
1.8643443700787401
11
3.3564259842519686
21
1.8654087795275589
0
LINE
8
BLACK
6
CONTINUOUS
10
3.3564259842519686
20
1.8654087795275589
11
3.3567932283464565
21
1.8658562598425197
0
LINE
8
BLACK
6
CONTINUOUS
10
3.3567932283464565
20
1.8658562598425197
11
3.3583291732283462
21
1.8673922047244094
0
LINE
8
BLACK
6
CONTINUOUS
10
3.3583291732283462
20
1.8673922047244094
11
3.3596779133858266
21
1.8700896456692913
0
LINE
8
BLACK
6
CONTINUOUS
10
3.3596779133858266
20
1.8700896456692913
11
3.3596779133858266
21
1.8799441338582676
0
LINE
8
BLACK
6
CONTINUOUS
10
3.3596779133858266
20
1.8799441338582676
11
3.3583291732283462
21
1.8826416141732283
0
LINE
8
BLACK
6
CONTINUOUS
10
3.3583291732283462
20
1.8826416141732283
11
3.3571320078740157
21
1.8838387401574803
0
LINE
8
BLACK
6
CONTINUOUS
10
3.3571320078740157
20
1.8838387401574803
11
3.354434527559055
21
1.8851874803149606
0
LINE
8
BLACK
6
CONTINUOUS
10
3.354434527559055
20
1.8851874803149606
11
3.3464548031496064
21
1.8851874803149606
0
LINE
8
BLACK
6
CONTINUOUS
10
3.3464548031496064
20
1.8851874803149606
11
3.3437573228346458
21
1.8838387401574803
0
LINE
8
BLACK
6
CONTINUOUS
10
3.3437573228346458
20
1.8838387401574803
11
3.3425601968503935
21
1.8826416141732283
0
LINE
8
BLACK
6
CONTINUOUS
10
3.3425601968503935
20
1.8826416141732283
11
3.3412114566929132
21
1.8799441338582676
0
LINE
8
BLACK
6
CONTINUOUS
10
3.3412114566929132
20
1.8799441338582676
11
3.3412114566929132
21
1.8750168897637796
0
LINE
8
BLACK
6
CONTINUOUS
10
3.3412114566929132
20
1.8750168897637796
11
3.3411814173228347
21
1.8747122440944881
0
LINE
8
BLACK
6
CONTINUOUS
10
3.3411814173228347
20
1.8747122440944881
11
3.3411866141732283
21
1.8746347637795275
0
LINE
8
BLACK
6
CONTINUOUS
10
3.3411866141732283
20
1.8746347637795275
11
3.3411685433070866
21
1.8745814173228346
0
LINE
8
BLACK
6
CONTINUOUS
10
3.3411685433070866
20
1.8745814173228346
11
3.3411547244094488
21
1.8744408267716535
0
LINE
8
BLACK
6
CONTINUOUS
10
3.3411547244094488
20
1.8744408267716535
11
3.3409711023622046
21
1.8739976377952756
0
LINE
8
BLACK
6
CONTINUOUS
10
3.3409711023622046
20
1.8739976377952756
11
3.3408175196850394
21
1.8735433858267716
0
LINE
8
BLACK
6
CONTINUOUS
10
3.3408175196850394
20
1.8735433858267716
11
3.3407519291338583
21
1.8734684251968503
0
LINE
8
BLACK
6
CONTINUOUS
10
3.3407519291338583
20
1.8734684251968503
11
3.3407138188976377
21
1.8733764173228347
0
LINE
8
BLACK
6
CONTINUOUS
10
3.3407138188976377
20
1.8733764173228347
11
3.3403748031496061
21
1.8730374409448818
0
LINE
8
BLACK
6
CONTINUOUS
10
3.3403748031496061
20
1.8730374409448818
11
3.3400588582677164
21
1.8726762992125985
0
LINE
8
BLACK
6
CONTINUOUS
10
3.3400588582677164
20
1.8726762992125985
11
3.3399694881889763
21
1.872632125984252
0
LINE
8
BLACK
6
CONTINUOUS
10
3.3399694881889763
20
1.872632125984252
11
3.3398991732283463
21
1.8725617716535432
0
LINE
8
BLACK
6
CONTINUOUS
10
3.3398991732283463
20
1.8725617716535432
11
3.339456220472441
21
1.8723783070866142
0
LINE
8
BLACK
6
CONTINUOUS
10
3.339456220472441
20
1.8723783070866142
11
3.3390261023622045
21
1.8721655905511811
0
LINE
8
BLACK
6
CONTINUOUS
10
3.3390261023622045
20
1.8721655905511811
11
3.3389267322834644
21
1.8721589763779527
0
LINE
8
BLACK
6
CONTINUOUS
10
3.3389267322834644
20
1.8721589763779527
11
3.3388347637795275
21
1.8721208661417323
0
LINE
8
BLACK
6
CONTINUOUS
10
3.3388347637795275
20
1.8721208661417323
11
3.3383550393700787
21
1.8721208661417323
0
LINE
8
BLACK
6
CONTINUOUS
10
3.3383550393700787
20
1.8721208661417323
11
3.3378765748031496
21
1.8720889763779527
0
LINE
8
BLACK
6
CONTINUOUS
10
3.3378765748031496
20
1.8720889763779527
11
3.3377822834645667
21
1.8721208661417323
0
LINE
8
BLACK
6
CONTINUOUS
10
3.3377822834645667
20
1.8721208661417323
11
3.3376826377952753
21
1.8721208661417323
0
LINE
8
BLACK
6
CONTINUOUS
10
3.3376826377952753
20
1.8721208661417323
11
3.3372394094488187
21
1.8723044881889763
0
LINE
8
BLACK
6
CONTINUOUS
10
3.3372394094488187
20
1.8723044881889763
11
3.3367851968503937
21
1.8724580708661418
0
LINE
8
BLACK
6
CONTINUOUS
10
3.3367851968503937
20
1.8724580708661418
11
3.3366703149606298
21
1.8725401968503936
0
LINE
8
BLACK
6
CONTINUOUS
10
3.3366703149606298
20
1.8725401968503936
11
3.3366182283464565
21
1.8725617716535432
0
LINE
8
BLACK
6
CONTINUOUS
10
3.3366182283464565
20
1.8725617716535432
11
3.3365632677165356
21
1.8726167322834646
0
LINE
8
BLACK
6
CONTINUOUS
10
3.3365632677165356
20
1.8726167322834646
11
3.3363142913385828
21
1.8727947244094487
0
LINE
8
BLACK
6
CONTINUOUS
10
3.3363142913385828
20
1.8727947244094487
11
3.3262133464566928
21
1.8816330708661417
0
LINE
8
BLACK
6
CONTINUOUS
10
3.3262133464566928
20
1.8816330708661417
11
3.3262133464566928
21
1.8637683070866142
0
LINE
8
BLACK
6
CONTINUOUS
10
3.3262133464566928
20
1.8637683070866142
11
3.3261566141732284
21
1.8631922440944881
0
LINE
8
BLACK
6
CONTINUOUS
10
3.3261566141732284
20
1.8631922440944881
11
3.3257157086614173
21
1.8621278346456693
0
LINE
8
BLACK
6
CONTINUOUS
10
3.3257157086614173
20
1.8621278346456693
11
3.3249010629921258
21
1.8613131889763779
0
LINE
8
BLACK
6
CONTINUOUS
10
3.3249010629921258
20
1.8613131889763779
11
3.323836653543307
21
1.8608722834645668
0
LINE
8
BLACK
6
CONTINUOUS
10
3.323836653543307
20
1.8608722834645668
11
3.3226845275590549
21
1.8608722834645668
0
LINE
8
BLACK
6
CONTINUOUS
10
3.3226845275590549
20
1.8608722834645668
11
3.3216201181102361
21
1.8613131889763779
0
LINE
8
BLACK
6
CONTINUOUS
10
3.3216201181102361
20
1.8613131889763779
11
3.3208054724409446
21
1.8621278346456693
0
LINE
8
BLACK
6
CONTINUOUS
10
3.3208054724409446
20
1.8621278346456693
11
3.320364566929134
21
1.8631922440944881
0
LINE
8
BLACK
6
CONTINUOUS
10
3.320364566929134
20
1.8631922440944881
11
3.3203078346456691
21
1.8637683070866142
0
LINE
8
BLACK
6
CONTINUOUS
10
3.3203078346456691
20
1.8637683070866142
11
3.3203078346456691
21
1.8881402362204724
0
LINE
8
BLACK
6
CONTINUOUS
10
3.3203078346456691
20
1.8881402362204724
11
3.3203378346456693
21
1.8884449212598424
0
LINE
8
BLACK
6
CONTINUOUS
10
3.3203378346456693
20
1.8884449212598424
11
3.3203326771653541
21
1.8885223622047245
0
LINE
8
BLACK
6
CONTINUOUS
10
3.3203326771653541
20
1.8885223622047245
11
3.3203507086614175
21
1.888575748031496
0
LINE
8
BLACK
6
CONTINUOUS
10
3.3203507086614175
20
1.888575748031496
11
3.320364566929134
21
1.8887162992125983
0
LINE
8
BLACK
6
CONTINUOUS
10
3.320364566929134
20
1.8887162992125983
11
3.320548149606299
21
1.8891595275590551
0
LINE
8
BLACK
6
CONTINUOUS
10
3.320548149606299
20
1.8891595275590551
11
3.3207017716535434
21
1.8896137401574802
0
LINE
8
BLACK
6
CONTINUOUS
10
3.3207017716535434
20
1.8896137401574802
11
3.3207673228346457
21
1.8896887401574802
0
LINE
8
BLACK
6
CONTINUOUS
10
3.3207673228346457
20
1.8896887401574802
11
3.3208054724409446
21
1.8897807086614173
0
LINE
8
BLACK
6
CONTINUOUS
10
3.3208054724409446
20
1.8897807086614173
11
3.3211444488188975
21
1.8901197244094488
0
LINE
8
BLACK
6
CONTINUOUS
10
3.3211444488188975
20
1.8901197244094488
11
3.3214604330708659
21
1.8904808267716535
0
LINE
8
BLACK
6
CONTINUOUS
10
3.3214604330708659
20
1.8904808267716535
11
3.3215497637795273
21
1.8905250393700788
0
LINE
8
BLACK
6
CONTINUOUS
10
3.3215497637795273
20
1.8905250393700788
11
3.3216201181102361
21
1.8905953543307086
0
LINE
8
BLACK
6
CONTINUOUS
10
3.3216201181102361
20
1.8905953543307086
11
3.3220630314960631
21
1.8907788582677165
0
LINE
8
BLACK
6
CONTINUOUS
10
3.3220630314960631
20
1.8907788582677165
11
3.3224931889763778
21
1.8909915354330709
0
LINE
8
BLACK
6
CONTINUOUS
10
3.3224931889763778
20
1.8909915354330709
11
3.3225925196850392
21
1.8909981889763778
0
LINE
8
BLACK
6
CONTINUOUS
10
3.3225925196850392
20
1.8909981889763778
11
3.3226845275590549
21
1.8910362598425197
0
LINE
8
BLACK
6
CONTINUOUS
10
3.3226845275590549
20
1.8910362598425197
11
3.3231642519685041
21
1.8910362598425197
0
LINE
8
BLACK
6
CONTINUOUS
10
3.3231642519685041
20
1.8910362598425197
11
3.3236427165354332
21
1.8910681496062991
0
LINE
8
BLACK
6
CONTINUOUS
10
3.3236427165354332
20
1.8910681496062991
11
3.3237370078740156
21
1.8910362598425197
0
LINE
8
BLACK
6
CONTINUOUS
10
3.3237370078740156
20
1.8910362598425197
11
3.323836653543307
21
1.8910362598425197
0
LINE
8
BLACK
6
CONTINUOUS
10
3.323836653543307
20
1.8910362598425197
11
3.3242798425196849
21
1.8908526771653542
0
LINE
8
BLACK
6
CONTINUOUS
10
3.3242798425196849
20
1.8908526771653542
11
3.3247340944881887
21
1.8906990551181102
0
LINE
8
BLACK
6
CONTINUOUS
10
3.3247340944881887
20
1.8906990551181102
11
3.3248489370078738
21
1.8906169685039369
0
LINE
8
BLACK
6
CONTINUOUS
10
3.3248489370078738
20
1.8906169685039369
11
3.3249010629921258
21
1.8905953543307086
0
LINE
8
BLACK
6
CONTINUOUS
10
3.3249010629921258
20
1.8905953543307086
11
3.3249559842519685
21
1.8905404330708662
0
LINE
8
BLACK
6
CONTINUOUS
10
3.3249559842519685
20
1.8905404330708662
11
3.325205
21
1.8903624015748031
0
LINE
8
BLACK
6
CONTINUOUS
10
3.325205
20
1.8903624015748031
11
3.3354140157480314
21
1.8814295275590551
0
LINE
8
BLACK
6
CONTINUOUS
10
3.3354140157480314
20
1.8814295275590551
11
3.3356176771653541
21
1.8819616929133858
0
LINE
8
BLACK
6
CONTINUOUS
10
3.3356176771653541
20
1.8819616929133858
11
3.3374924409448816
21
1.8857112204724409
0
LINE
8
BLACK
6
CONTINUOUS
10
3.3374924409448816
20
1.8857112204724409
11
3.3376485039370078
21
1.885959251968504
0
LINE
8
BLACK
6
CONTINUOUS
10
3.3376485039370078
20
1.885959251968504
11
3.337678346456693
21
1.8860311811023622
0
LINE
8
BLACK
6
CONTINUOUS
10
3.337678346456693
20
1.8860311811023622
11
3.3377448031496062
21
1.8861121653543307
0
LINE
8
BLACK
6
CONTINUOUS
10
3.3377448031496062
20
1.8861121653543307
11
3.3378007874015747
21
1.8862011023622047
0
LINE
8
BLACK
6
CONTINUOUS
10
3.3378007874015747
20
1.8862011023622047
11
3.3378597637795275
21
1.886252283464567
0
LINE
8
BLACK
6
CONTINUOUS
10
3.3378597637795275
20
1.886252283464567
11
3.3380455511811022
21
1.886478622047244
0
LINE
8
BLACK
6
CONTINUOUS
10
3.3380455511811022
20
1.886478622047244
11
3.3399203149606298
21
1.8883533858267716
0
LINE
8
BLACK
6
CONTINUOUS
10
3.3399203149606298
20
1.8883533858267716
11
3.3401466535433069
21
1.8885391732283465
0
LINE
8
BLACK
6
CONTINUOUS
10
3.3401466535433069
20
1.8885391732283465
11
3.3401978346456693
21
1.8885981496062991
0
LINE
8
BLACK
6
CONTINUOUS
10
3.3401978346456693
20
1.8885981496062991
11
3.3402867716535432
21
1.8886541338582676
0
LINE
8
BLACK
6
CONTINUOUS
10
3.3402867716535432
20
1.8886541338582676
11
3.3403677559055116
21
1.888720590551181
0
LINE
8
BLACK
6
CONTINUOUS
10
3.3403677559055116
20
1.888720590551181
11
3.3404396850393701
21
1.8887504330708662
0
LINE
8
BLACK
6
CONTINUOUS
10
3.3404396850393701
20
1.8887504330708662
11
3.3406877165354332
21
1.888906496062992
0
LINE
8
BLACK
6
CONTINUOUS
10
3.3406877165354332
20
1.888906496062992
11
3.3444372440944883
21
1.8907812598425195
0
LINE
8
BLACK
6
CONTINUOUS
10
3.3444372440944883
20
1.8907812598425195
11
3.3449778346456691
21
1.8909881496062992
0
LINE
8
BLACK
6
CONTINUOUS
10
3.3449778346456691
20
1.8909881496062992
11
3.3450837007874017
21
1.8909957086614173
0
LINE
8
BLACK
6
CONTINUOUS
10
3.3450837007874017
20
1.8909957086614173
11
3.345181692913386
21
1.8910362598425197
0
LINE
8
BLACK
6
CONTINUOUS
10
3.345181692913386
20
1.8910362598425197
11
3.3457577559055118
21
1.8910929921259843
0
LINE
8
BLACK
6
CONTINUOUS
10
3.3457577559055118
20
1.8910929921259843
11
3.3551315748031496
21
1.8910929921259843
0
LINE
8
BLACK
6
CONTINUOUS
10
3.3551315748031496
20
1.8910929921259843
11
3.3557076377952755
21
1.8910362598425197
0
LINE
8
BLACK
6
CONTINUOUS
10
-0.3102273622047244
20
1.9285596062992125
11
-0.3101496062992126
21
1.9285651181102361
0
LINE
8
BLACK
6
CONTINUOUS
10
-0.3101496062992126
20
1.9285651181102361
11
-0.3100473622047244
21
1.9285418897637794
0
LINE
8
BLACK
6
CONTINUOUS
10
-0.3100473622047244
20
1.9285418897637794
11
-0.3099428346456693
21
1.9285315748031495
0
LINE
8
BLACK
6
CONTINUOUS
10
-0.3099428346456693
20
1.9285315748031495
11
-0.3098707480314961
21
1.9285017322834646
0
LINE
8
BLACK
6
CONTINUOUS
10
-0.3098707480314961
20
1.9285017322834646
11
-0.309585157480315
21
1.9284367716535433
0
LINE
8
BLACK
6
CONTINUOUS
10
-0.309585157480315
20
1.9284367716535433
11
-0.3039608661417323
21
1.9265620078740158
0
LINE
8
BLACK
6
CONTINUOUS
10
-0.3039608661417323
20
1.9265620078740158
11
-0.3034323228346457
21
1.9263260236220472
0
LINE
8
BLACK
6
CONTINUOUS
10
-0.3034323228346457
20
1.9263260236220472
11
-0.3033522047244094
21
1.9262565354330707
0
LINE
8
BLACK
6
CONTINUOUS
10
-0.3033522047244094
20
1.9262565354330707
11
-0.3032541338582677
21
1.9262159055118109
0
LINE
8
BLACK
6
CONTINUOUS
10
-0.3032541338582677
20
1.9262159055118109
11
-0.3028066929133858
21
1.9258487007874014
0
LINE
8
BLACK
6
CONTINUOUS
10
-0.3028066929133858
20
1.9258487007874014
11
-0.2853501574803149
21
1.9083922047244095
0
LINE
8
BLACK
6
CONTINUOUS
10
-0.2853501574803149
20
1.9083922047244095
11
-0.2853501574803149
21
1.9256355511811023
0
LINE
8
BLACK
6
CONTINUOUS
10
-0.2853501574803149
20
1.9256355511811023
11
-0.2852934251968504
21
1.9262116141732284
0
LINE
8
BLACK
6
CONTINUOUS
10
-0.2852934251968504
20
1.9262116141732284
11
-0.2848525196850394
21
1.9272760236220472
0
LINE
8
BLACK
6
CONTINUOUS
10
-0.2848525196850394
20
1.9272760236220472
11
-0.284037874015748
21
1.9280906692913384
0
LINE
8
BLACK
6
CONTINUOUS
10
-0.284037874015748
20
1.9280906692913384
11
-0.2829734645669291
21
1.9285315748031495
0
LINE
8
BLACK
6
CONTINUOUS
10
-0.2829734645669291
20
1.9285315748031495
11
-0.2818213385826772
21
1.9285315748031495
0
LINE
8
BLACK
6
CONTINUOUS
10
-0.2818213385826772
20
1.9285315748031495
11
-0.2807569291338582
21
1.9280906692913384
0
LINE
8
BLACK
6
CONTINUOUS
10
-0.2807569291338582
20
1.9280906692913384
11
-0.2799422834645669
21
1.9272760236220472
0
LINE
8
BLACK
6
CONTINUOUS
10
-0.2799422834645669
20
1.9272760236220472
11
-0.2795013779527559
21
1.9262116141732284
0
LINE
8
BLACK
6
CONTINUOUS
10
-0.2795013779527559
20
1.9262116141732284
11
-0.2794446456692913
21
1.9256355511811023
0
LINE
8
BLACK
6
CONTINUOUS
10
-0.2794446456692913
20
1.9256355511811023
11
-0.2794446456692913
21
1.9012636220472441
0
LINE
8
BLACK
6
CONTINUOUS
10
-0.2794446456692913
20
1.9012636220472441
11
-0.2795013779527559
21
1.900687559055118
0
LINE
8
BLACK
6
CONTINUOUS
10
-0.2795013779527559
20
1.900687559055118
11
-0.2796305118110236
21
1.9003758267716535
0
LINE
8
BLACK
6
CONTINUOUS
10
-0.2796305118110236
20
1.9003758267716535
11
-0.2799422440944882
21
1.8996231496062992
0
LINE
8
BLACK
6
CONTINUOUS
10
-0.2799422440944882
20
1.8996231496062992
11
-0.2807569291338582
21
1.8988085039370077
0
LINE
8
BLACK
6
CONTINUOUS
10
-0.2807569291338582
20
1.8988085039370077
11
-0.2818213385826772
21
1.8983675984251969
0
LINE
8
BLACK
6
CONTINUOUS
10
-0.2818213385826772
20
1.8983675984251969
11
-0.2829734251968504
21
1.8983675984251969
0
LINE
8
BLACK
6
CONTINUOUS
10
-0.2829734251968504
20
1.8983675984251969
11
-0.2829734645669291
21
1.8983675984251969
0
LINE
8
BLACK
6
CONTINUOUS
10
-0.2829734645669291
20
1.8983675984251969
11
-0.2832852362204724
21
1.8984967322834645
0
LINE
8
BLACK
6
CONTINUOUS
10
-0.2832852362204724
20
1.8984967322834645
11
-0.284037874015748
21
1.8988084645669292
0
LINE
8
BLACK
6
CONTINUOUS
10
-0.284037874015748
20
1.8988084645669292
11
-0.2844853149606299
21
1.8991757086614174
0
LINE
8
BLACK
6
CONTINUOUS
10
-0.2844853149606299
20
1.8991757086614174
11
-0.3064896456692913
21
1.9211799999999999
0
LINE
8
BLACK
6
CONTINUOUS
10
-0.3064896456692913
20
1.9211799999999999
11
-0.310998031496063
21
1.9226827952755905
0
LINE
8
BLACK
6
CONTINUOUS
10
-0.310998031496063
20
1.9226827952755905
11
-0.3135713779527559
21
1.9226827952755905
0
LINE
8
BLACK
6
CONTINUOUS
10
-0.3135713779527559
20
1.9226827952755905
11
-0.3162688582677165
21
1.9213340551181102
0
LINE
8
BLACK
6
CONTINUOUS
10
-0.3162688582677165
20
1.9213340551181102
11
-0.3174659842519685
21
1.9201369291338581
0
LINE
8
BLACK
6
CONTINUOUS
10
-0.3174659842519685
20
1.9201369291338581
11
-0.3188147244094488
21
1.9174394488188975
0
LINE
8
BLACK
6
CONTINUOUS
10
-0.3188147244094488
20
1.9174394488188975
11
-0.3188147244094488
21
1.9094597244094487
0
LINE
8
BLACK
6
CONTINUOUS
10
-0.3188147244094488
20
1.9094597244094487
11
-0.3174659842519685
21
1.9067622440944882
0
LINE
8
BLACK
6
CONTINUOUS
10
-0.3174659842519685
20
1.9067622440944882
11
-0.3159300393700787
21
1.9052262992125983
0
LINE
8
BLACK
6
CONTINUOUS
10
-0.3159300393700787
20
1.9052262992125983
11
-0.3155628346456693
21
1.9047788582677165
0
LINE
8
BLACK
6
CONTINUOUS
10
-0.3155628346456693
20
1.9047788582677165
11
-0.3151219291338583
21
1.9037144488188975
0
LINE
8
BLACK
6
CONTINUOUS
10
-0.3151219291338583
20
1.9037144488188975
11
-0.3151219291338583
21
1.9025623622047243
0
LINE
8
BLACK
6
CONTINUOUS
10
-0.3151219291338583
20
1.9025623622047243
11
-0.3155628346456693
21
1.9014979527559055
0
LINE
8
BLACK
6
CONTINUOUS
10
-0.3155628346456693
20
1.9014979527559055
11
-0.3163775196850394
21
1.9006832677165353
0
LINE
8
BLACK
6
CONTINUOUS
10
-0.3163775196850394
20
1.9006832677165353
11
-0.3174419291338583
21
1.9002423622047244
0
LINE
8
BLACK
6
CONTINUOUS
10
-0.3174419291338583
20
1.9002423622047244
11
-0.3185940157480315
21
1.9002423622047244
0
LINE
8
BLACK
6
CONTINUOUS
10
-0.3185940157480315
20
1.9002423622047244
11
-0.3196584251968504
21
1.9006832677165353
0
LINE
8
BLACK
6
CONTINUOUS
10
-0.3196584251968504
20
1.9006832677165353
11
-0.3201058661417323
21
1.9010504724409449
0
LINE
8
BLACK
6
CONTINUOUS
10
-0.3201058661417323
20
1.9010504724409449
11
-0.3219806299212598
21
1.9029252362204725
0
LINE
8
BLACK
6
CONTINUOUS
10
-0.3219806299212598
20
1.9029252362204725
11
-0.3221664173228346
21
1.9031516141732283
0
LINE
8
BLACK
6
CONTINUOUS
10
-0.3221664173228346
20
1.9031516141732283
11
-0.3222253937007874
21
1.9032027559055118
0
LINE
8
BLACK
6
CONTINUOUS
10
-0.3222253937007874
20
1.9032027559055118
11
-0.3222813779527559
21
1.9032917322834646
0
LINE
8
BLACK
6
CONTINUOUS
10
-0.3222813779527559
20
1.9032917322834646
11
-0.3223478346456693
21
1.9033726771653543
0
LINE
8
BLACK
6
CONTINUOUS
10
-0.3223478346456693
20
1.9033726771653543
11
-0.3223776771653543
21
1.9034446456692913
0
LINE
8
BLACK
6
CONTINUOUS
10
-0.3223776771653543
20
1.9034446456692913
11
-0.3225337401574803
21
1.9036926377952756
0
LINE
8
BLACK
6
CONTINUOUS
10
-0.3225337401574803
20
1.9036926377952756
11
-0.3244085039370079
21
1.9074421653543308
0
LINE
8
BLACK
6
CONTINUOUS
10
-0.3244085039370079
20
1.9074421653543308
11
-0.3246153937007874
21
1.9079827952755906
0
LINE
8
BLACK
6
CONTINUOUS
10
-0.3246153937007874
20
1.9079827952755906
11
-0.3246229133858268
21
1.9080886220472439
0
LINE
8
BLACK
6
CONTINUOUS
10
-0.3246229133858268
20
1.9080886220472439
11
-0.3246635039370079
21
1.9081866141732282
0
LINE
8
BLACK
6
CONTINUOUS
10
-0.3246635039370079
20
1.9081866141732282
11
-0.3247202362204724
21
1.9087626771653543
0
LINE
8
BLACK
6
CONTINUOUS
10
-0.3247202362204724
20
1.9087626771653543
11
-0.3247202362204724
21
1.9181364960629921
0
LINE
8
BLACK
6
CONTINUOUS
10
-0.3247202362204724
20
1.9181364960629921
11
-0.3246635039370079
21
1.9187125590551182
0
LINE
8
BLACK
6
CONTINUOUS
10
-0.3246635039370079
20
1.9187125590551182
11
-0.3246229133858268
21
1.918810590551181
0
LINE
8
BLACK
6
CONTINUOUS
10
-0.3246229133858268
20
1.918810590551181
11
-0.3246153937007874
21
1.9189163779527558
0
LINE
8
BLACK
6
CONTINUOUS
10
-0.3246153937007874
20
1.9189163779527558
11
-0.3244085039370079
21
1.9194570078740156
0
LINE
8
BLACK
6
CONTINUOUS
10
-0.3244085039370079
20
1.9194570078740156
11
-0.3225337401574803
21
1.9232065354330707
0
LINE
8
BLACK
6
CONTINUOUS
10
-0.3225337401574803
20
1.9232065354330707
11
-0.3223776771653543
21
1.9234545669291339
0
LINE
8
BLACK
6
CONTINUOUS
10
-0.3223776771653543
20
1.9234545669291339
11
-0.3223478346456693
21
1.9235264960629921
0
LINE
8
BLACK
6
CONTINUOUS
10
-0.3223478346456693
20
1.9235264960629921
11
-0.3222813779527559
21
1.9236074803149605
0
LINE
8
BLACK
6
CONTINUOUS
10
-0.3222813779527559
20
1.9236074803149605
11
-0.3222253937007874
21
1.9236964173228346
0
LINE
8
BLACK
6
CONTINUOUS
10
-0.3222253937007874
20
1.9236964173228346
11
-0.3221664173228346
21
1.9237475984251968
0
LINE
8
BLACK
6
CONTINUOUS
10
-0.3221664173228346
20
1.9237475984251968
11
-0.3219806299212598
21
1.9239739370078739
0
LINE
8
BLACK
6
CONTINUOUS
10
-0.3219806299212598
20
1.9239739370078739
11
-0.3201058661417323
21
1.9258487007874014
0
LINE
8
BLACK
6
CONTINUOUS
10
-0.3201058661417323
20
1.9258487007874014
11
-0.3198795275590551
21
1.9260344881889764
0
LINE
8
BLACK
6
CONTINUOUS
10
-0.3198795275590551
20
1.9260344881889764
11
-0.3198283464566929
21
1.926093464566929
0
LINE
8
BLACK
6
CONTINUOUS
10
-0.3198283464566929
20
1.926093464566929
11
-0.3197394094488189
21
1.9261494488188975
0
LINE
8
BLACK
6
CONTINUOUS
10
-0.3197394094488189
20
1.9261494488188975
11
-0.3196584251968504
21
1.9262159055118109
0
LINE
8
BLACK
6
CONTINUOUS
10
-0.3196584251968504
20
1.9262159055118109
11
-0.3195864960629921
21
1.9262457480314961
0
LINE
8
BLACK
6
CONTINUOUS
10
-0.3195864960629921
20
1.9262457480314961
11
-0.3193384645669291
21
1.9264018110236221
0
LINE
8
BLACK
6
CONTINUOUS
10
-0.3193384645669291
20
1.9264018110236221
11
-0.315588937007874
21
1.9282765748031496
0
LINE
8
BLACK
6
CONTINUOUS
10
-0.315588937007874
20
1.9282765748031496
11
-0.3150483464566929
21
1.9284834645669291
0
LINE
8
BLACK
6
CONTINUOUS
10
-0.3150483464566929
20
1.9284834645669291
11
-0.3149424803149606
21
1.9284910236220472
0
LINE
8
BLACK
6
CONTINUOUS
10
-0.3149424803149606
20
1.9284910236220472
11
-0.3148444881889764
21
1.9285315748031495
0
LINE
8
BLACK
6
CONTINUOUS
10
-0.3148444881889764
20
1.9285315748031495
11
-0.3142684251968504
21
1.9285883070866141
0
LINE
8
BLACK
6
CONTINUOUS
10
-0.3142684251968504
20
1.9285883070866141
11
-0.3105188976377953
21
1.9285883070866141
0
LINE
8
BLACK
6
CONTINUOUS
10
-0.3105188976377953
20
1.9285883070866141
11
-0.3102273622047244
21
1.9285596062992125
0
LINE
8
BLACK
6
CONTINUOUS
10
3.3557076377952755
20
1.9285315748031495
11
3.3558056299212597
21
1.9284909842519684
0
LINE
8
BLACK
6
CONTINUOUS
10
3.3558056299212597
20
1.9284909842519684
11
3.3559114566929131
21
1.9284834645669291
0
LINE
8
BLACK
6
CONTINUOUS
10
3.3559114566929131
20
1.9284834645669291
11
3.3564520866141732
21
1.9282765748031496
0
LINE
8
BLACK
6
CONTINUOUS
10
3.3564520866141732
20
1.9282765748031496
11
3.3602016141732283
21
1.9264018110236221
0
LINE
8
BLACK
6
CONTINUOUS
10
3.3602016141732283
20
1.9264018110236221
11
3.3604494881889764
21
1.9262457874015748
0
LINE
8
BLACK
6
CONTINUOUS
10
3.3604494881889764
20
1.9262457874015748
11
3.3605215354330706
21
1.9262159448818896
0
LINE
8
BLACK
6
CONTINUOUS
10
3.3605215354330706
20
1.9262159448818896
11
3.3606025590551178
21
1.9261494488188975
0
LINE
8
BLACK
6
CONTINUOUS
10
3.3606025590551178
20
1.9261494488188975
11
3.3606914960629921
21
1.926093464566929
0
LINE
8
BLACK
6
CONTINUOUS
10
3.3606914960629921
20
1.926093464566929
11
3.3607426377952754
21
1.9260344881889764
0
LINE
8
BLACK
6
CONTINUOUS
10
3.3607426377952754
20
1.9260344881889764
11
3.3609689763779529
21
1.9258487401574802
0
LINE
8
BLACK
6
CONTINUOUS
10
3.3609689763779529
20
1.9258487401574802
11
3.3628437795275592
21
1.9239739763779526
0
LINE
8
BLACK
6
CONTINUOUS
10
3.3628437795275592
20
1.9239739763779526
11
3.3630295275590552
21
1.9237476377952756
0
LINE
8
BLACK
6
CONTINUOUS
10
3.3630295275590552
20
1.9237476377952756
11
3.3630885826771655
21
1.9236964173228346
0
LINE
8
BLACK
6
CONTINUOUS
10
3.3630885826771655
20
1.9236964173228346
11
3.363144566929134
21
1.9236074803149605
0
LINE
8
BLACK
6
CONTINUOUS
10
3.363144566929134
20
1.9236074803149605
11
3.3632110236220472
21
1.9235264960629921
0
LINE
8
BLACK
6
CONTINUOUS
10
3.3632110236220472
20
1.9235264960629921
11
3.3632408267716536
21
1.9234545669291339
0
LINE
8
BLACK
6
CONTINUOUS
10
3.3632408267716536
20
1.9234545669291339
11
3.3633969291338581
21
1.9232065354330707
0
LINE
8
BLACK
6
CONTINUOUS
10
3.3633969291338581
20
1.9232065354330707
11
3.3652716929133857
21
1.9194570078740156
0
LINE
8
BLACK
6
CONTINUOUS
10
3.3652716929133857
20
1.9194570078740156
11
3.3654785826771652
21
1.9189164173228346
0
LINE
8
BLACK
6
CONTINUOUS
10
3.3654785826771652
20
1.9189164173228346
11
3.3654861023622047
21
1.9188105511811022
0
LINE
8
BLACK
6
CONTINUOUS
10
3.3654861023622047
20
1.9188105511811022
11
3.3655266929133858
21
1.9187125590551182
0
LINE
8
BLACK
6
CONTINUOUS
10
3.3655266929133858
20
1.9187125590551182
11
3.3655834251968502
21
1.9181364960629921
0
LINE
8
BLACK
6
CONTINUOUS
10
3.3655834251968502
20
1.9181364960629921
11
3.3655834251968502
21
1.9087626771653543
0
LINE
8
BLACK
6
CONTINUOUS
10
3.3655834251968502
20
1.9087626771653543
11
3.3655266929133858
21
1.9081866141732282
0
LINE
8
BLACK
6
CONTINUOUS
10
3.3655266929133858
20
1.9081866141732282
11
3.3654861023622047
21
1.9080886614173227
0
LINE
8
BLACK
6
CONTINUOUS
10
3.3654861023622047
20
1.9080886614173227
11
3.3654785826771652
21
1.9079827559055118
0
LINE
8
BLACK
6
CONTINUOUS
10
3.3654785826771652
20
1.9079827559055118
11
3.3652716929133857
21
1.9074421653543308
0
LINE
8
BLACK
6
CONTINUOUS
10
3.3652716929133857
20
1.9074421653543308
11
3.3633969291338581
21
1.9036926377952756
0
LINE
8
BLACK
6
CONTINUOUS
10
3.3633969291338581
20
1.9036926377952756
11
3.3632408267716536
21
1.9034446456692913
0
LINE
8
BLACK
6
CONTINUOUS
10
3.3632408267716536
20
1.9034446456692913
11
3.3632110236220472
21
1.9033726771653543
0
LINE
8
BLACK
6
CONTINUOUS
10
3.3632110236220472
20
1.9033726771653543
11
3.363144566929134
21
1.9032917322834646
0
LINE
8
BLACK
6
CONTINUOUS
10
3.363144566929134
20
1.9032917322834646
11
3.3630885826771655
21
1.9032027559055118
0
LINE
8
BLACK
6
CONTINUOUS
10
3.3630885826771655
20
1.9032027559055118
11
3.3630295275590552
21
1.9031515748031496
0
LINE
8
BLACK
6
CONTINUOUS
10
3.3630295275590552
20
1.9031515748031496
11
3.3628437795275592
21
1.9029251968503937
0
LINE
8
BLACK
6
CONTINUOUS
10
3.3628437795275592
20
1.9029251968503937
11
3.3609689763779529
21
1.9010504330708662
0
LINE
8
BLACK
6
CONTINUOUS
10
3.3609689763779529
20
1.9010504330708662
11
3.3605215354330706
21
1.9006832283464568
0
LINE
8
BLACK
6
CONTINUOUS
10
3.3605215354330706
20
1.9006832283464568
11
3.3594571259842518
21
1.9002423622047244
0
LINE
8
BLACK
6
CONTINUOUS
10
3.3594571259842518
20
1.9002423622047244
11
3.3583050393700788
21
1.9002423622047244
0
LINE
8
BLACK
6
CONTINUOUS
10
3.3583050393700788
20
1.9002423622047244
11
3.3572406299212596
21
1.9006832677165353
0
LINE
8
BLACK
6
CONTINUOUS
10
3.3572406299212596
20
1.9006832677165353
11
3.3564259448818898
21
1.9014979527559055
0
LINE
8
BLACK
6
CONTINUOUS
10
3.3564259448818898
20
1.9014979527559055
11
3.3559850787401575
21
1.9025623622047243
0
LINE
8
BLACK
6
CONTINUOUS
10
3.3559850787401575
20
1.9025623622047243
11
3.3559850787401575
21
1.9037144488188975
0
LINE
8
BLACK
6
CONTINUOUS
10
3.3559850787401575
20
1.9037144488188975
11
3.3564259842519686
21
1.9047788582677165
0
LINE
8
BLACK
6
CONTINUOUS
10
3.3564259842519686
20
1.9047788582677165
11
3.3567932283464565
21
1.9052263385826771
0
LINE
8
BLACK
6
CONTINUOUS
10
3.3567932283464565
20
1.9052263385826771
11
3.3583291732283462
21
1.9067622834645668
0
LINE
8
BLACK
6
CONTINUOUS
10
3.3583291732283462
20
1.9067622834645668
11
3.3596779133858266
21
1.9094597244094487
0
LINE
8
BLACK
6
CONTINUOUS
10
3.3596779133858266
20
1.9094597244094487
11
3.3596779133858266
21
1.9174394488188975
0
LINE
8
BLACK
6
CONTINUOUS
10
3.3596779133858266
20
1.9174394488188975
11
3.3583291732283462
21
1.9201369291338581
0
LINE
8
BLACK
6
CONTINUOUS
10
3.3583291732283462
20
1.9201369291338581
11
3.3571320078740157
21
1.9213340551181102
0
LINE
8
BLACK
6
CONTINUOUS
10
3.3571320078740157
20
1.9213340551181102
11
3.354434527559055
21
1.9226827952755905
0
LINE
8
BLACK
6
CONTINUOUS
10
3.354434527559055
20
1.9226827952755905
11
3.3464548031496064
21
1.9226827952755905
0
LINE
8
BLACK
6
CONTINUOUS
10
3.3464548031496064
20
1.9226827952755905
11
3.3437573228346458
21
1.9213340551181102
0
LINE
8
BLACK
6
CONTINUOUS
10
3.3437573228346458
20
1.9213340551181102
11
3.3425601968503935
21
1.9201369291338581
0
LINE
8
BLACK
6
CONTINUOUS
10
3.3425601968503935
20
1.9201369291338581
11
3.3412114566929132
21
1.9174394488188975
0
LINE
8
BLACK
6
CONTINUOUS
10
3.3412114566929132
20
1.9174394488188975
11
3.3412114566929132
21
1.9094597244094487
0
LINE
8
BLACK
6
CONTINUOUS
10
3.3412114566929132
20
1.9094597244094487
11
3.3425601968503935
21
1.9067622440944882
0
LINE
8
BLACK
6
CONTINUOUS
10
3.3425601968503935
20
1.9067622440944882
11
3.3440961417322832
21
1.9052262992125983
0
LINE
8
BLACK
6
CONTINUOUS
10
3.3440961417322832
20
1.9052262992125983
11
3.3444633464566929
21
1.9047788582677165
0
LINE
8
BLACK
6
CONTINUOUS
10
3.3444633464566929
20
1.9047788582677165
11
3.3445202362204722
21
1.9046415354330708
0
LINE
8
BLACK
6
CONTINUOUS
10
3.3445202362204722
20
1.9046415354330708
11
3.3446144094488188
21
1.9045264173228347
0
LINE
8
BLACK
6
CONTINUOUS
10
3.3446144094488188
20
1.9045264173228347
11
3.344739094488189
21
1.9041131496062991
0
LINE
8
BLACK
6
CONTINUOUS
10
3.344739094488189
20
1.9041131496062991
11
3.3449042519685039
21
1.9037144488188975
0
LINE
8
BLACK
6
CONTINUOUS
10
3.3449042519685039
20
1.9037144488188975
11
3.3449042519685039
21
1.9035657874015748
0
LINE
8
BLACK
6
CONTINUOUS
10
3.3449042519685039
20
1.9035657874015748
11
3.3449472047244093
21
1.9034234251968503
0
LINE
8
BLACK
6
CONTINUOUS
10
3.3449472047244093
20
1.9034234251968503
11
3.3449042519685039
21
1.9029939370078739
0
LINE
8
BLACK
6
CONTINUOUS
10
3.3449042519685039
20
1.9029939370078739
11
3.3449042519685039
21
1.9025623622047243
0
LINE
8
BLACK
6
CONTINUOUS
10
3.3449042519685039
20
1.9025623622047243
11
3.3448473228346458
21
1.9024250393700788
0
LINE
8
BLACK
6
CONTINUOUS
10
3.3448473228346458
20
1.9024250393700788
11
3.344832559055118
21
1.9022770078740157
0
LINE
8
BLACK
6
CONTINUOUS
10
3.344832559055118
20
1.9022770078740157
11
3.3446284251968503
21
1.9018965748031496
0
LINE
8
BLACK
6
CONTINUOUS
10
3.3446284251968503
20
1.9018965748031496
11
3.3444633464566929
21
1.9014979527559055
0
LINE
8
BLACK
6
CONTINUOUS
10
3.3444633464566929
20
1.9014979527559055
11
3.3443581889763778
21
1.9013928346456692
0
LINE
8
BLACK
6
CONTINUOUS
10
3.3443581889763778
20
1.9013928346456692
11
3.3442879133858265
21
1.9012617716535432
0
LINE
8
BLACK
6
CONTINUOUS
10
3.3442879133858265
20
1.9012617716535432
11
3.3439537007874014
21
1.9009883464566928
0
LINE
8
BLACK
6
CONTINUOUS
10
3.3439537007874014
20
1.9009883464566928
11
3.3436486614173226
21
1.9006832677165353
0
LINE
8
BLACK
6
CONTINUOUS
10
3.3436486614173226
20
1.9006832677165353
11
3.3435113779527557
21
1.9006264173228347
0
LINE
8
BLACK
6
CONTINUOUS
10
3.3435113779527557
20
1.9006264173228347
11
3.3433962598425198
21
1.9005322047244093
0
LINE
8
BLACK
6
CONTINUOUS
10
3.3433962598425198
20
1.9005322047244093
11
3.3429828346456691
21
1.9004074803149607
0
LINE
8
BLACK
6
CONTINUOUS
10
3.3429828346456691
20
1.9004074803149607
11
3.3425842519685038
21
1.9002423622047244
0
LINE
8
BLACK
6
CONTINUOUS
10
3.3425842519685038
20
1.9002423622047244
11
3.3424356299212596
21
1.9002423622047244
0
LINE
8
BLACK
6
CONTINUOUS
10
3.3424356299212596
20
1.9002423622047244
11
3.3422932677165353
21
1.9001994094488188
0
LINE
8
BLACK
6
CONTINUOUS
10
3.3422932677165353
20
1.9001994094488188
11
3.3417144094488189
21
1.9002002755905512
0
LINE
8
BLACK
6
CONTINUOUS
10
3.3417144094488189
20
1.9002002755905512
11
3.3229667716535434
21
1.9020750393700787
0
LINE
8
BLACK
6
CONTINUOUS
10
3.3229667716535434
20
1.9020750393700787
11
3.3227568503937008
21
1.902117125984252
0
LINE
8
BLACK
6
CONTINUOUS
10
3.3227568503937008
20
1.902117125984252
11
3.3226845275590549
21
1.902117125984252
0
LINE
8
BLACK
6
CONTINUOUS
10
3.3226845275590549
20
1.902117125984252
11
3.3226166929133858
21
1.9021452362204725
0
LINE
8
BLACK
6
CONTINUOUS
10
3.3226166929133858
20
1.9021452362204725
11
3.322399212598425
21
1.9021888188976377
0
LINE
8
BLACK
6
CONTINUOUS
10
3.322399212598425
20
1.9021888188976377
11
3.3220188976377951
21
1.9023928740157481
0
LINE
8
BLACK
6
CONTINUOUS
10
3.3220188976377951
20
1.9023928740157481
11
3.3216201181102361
21
1.9025580314960628
0
LINE
8
BLACK
6
CONTINUOUS
10
3.3216201181102361
20
1.9025580314960628
11
3.3215149212598423
21
1.9026632283464566
0
LINE
8
BLACK
6
CONTINUOUS
10
3.3215149212598423
20
1.9026632283464566
11
3.3213839763779527
21
1.9027334645669292
0
LINE
8
BLACK
6
CONTINUOUS
10
3.3213839763779527
20
1.9027334645669292
11
3.3211107086614171
21
1.9030674409448818
0
LINE
8
BLACK
6
CONTINUOUS
10
3.3211107086614171
20
1.9030674409448818
11
3.3208054724409446
21
1.9033726771653543
0
LINE
8
BLACK
6
CONTINUOUS
10
3.3208054724409446
20
1.9033726771653543
11
3.3207485433070865
21
1.9035100393700788
0
LINE
8
BLACK
6
CONTINUOUS
10
3.3207485433070865
20
1.9035100393700788
11
3.3206544094488186
21
1.9036251181102362
0
LINE
8
BLACK
6
CONTINUOUS
10
3.3206544094488186
20
1.9036251181102362
11
3.3205296850393702
21
1.9040384251968503
0
LINE
8
BLACK
6
CONTINUOUS
10
3.3205296850393702
20
1.9040384251968503
11
3.320364566929134
21
1.9044370866141731
0
LINE
8
BLACK
6
CONTINUOUS
10
3.320364566929134
20
1.9044370866141731
11
3.3203427952755904
21
1.9046577952755905
0
LINE
8
BLACK
6
CONTINUOUS
10
3.3203427952755904
20
1.9046577952755905
11
3.3203216141732281
21
1.9047281102362204
0
LINE
8
BLACK
6
CONTINUOUS
10
3.3203216141732281
20
1.9047281102362204
11
3.3203287795275589
21
1.9048001181102361
0
LINE
8
BLACK
6
CONTINUOUS
10
3.3203287795275589
20
1.9048001181102361
11
3.3203078346456691
21
1.9050131496062992
0
LINE
8
BLACK
6
CONTINUOUS
10
3.3203078346456691
20
1.9050131496062992
11
3.3203078346456691
21
1.9237607874015747
0
LINE
8
BLACK
6
CONTINUOUS
10
3.3203078346456691
20
1.9237607874015747
11
3.320364566929134
21
1.9243368503937008
0
LINE
8
BLACK
6
CONTINUOUS
10
3.320364566929134
20
1.9243368503937008
11
3.3208054724409446
21
1.9254012598425196
0
LINE
8
BLACK
6
CONTINUOUS
10
3.3208054724409446
20
1.9254012598425196
11
3.3216201181102361
21
1.9262159055118109
0
LINE
8
BLACK
6
CONTINUOUS
10
3.3216201181102361
20
1.9262159055118109
11
3.3226845275590549
21
1.926656811023622
0
LINE
8
BLACK
6
CONTINUOUS
10
3.3226845275590549
20
1.926656811023622
11
3.323836653543307
21
1.926656811023622
0
LINE
8
BLACK
6
CONTINUOUS
10
3.323836653543307
20
1.926656811023622
11
3.3249010629921258
21
1.9262159055118109
0
LINE
8
BLACK
6
CONTINUOUS
10
3.3249010629921258
20
1.9262159055118109
11
3.3257157086614173
21
1.9254012598425196
0
LINE
8
BLACK
6
CONTINUOUS
10
3.3257157086614173
20
1.9254012598425196
11
3.3261566141732284
21
1.9243368503937008
0
LINE
8
BLACK
6
CONTINUOUS
10
3.3261566141732284
20
1.9243368503937008
11
3.3262133464566928
21
1.9237607874015747
0
LINE
8
BLACK
6
CONTINUOUS
10
3.3262133464566928
20
1.9237607874015747
11
3.3262133464566928
21
1.9076853937007874
0
LINE
8
BLACK
6
CONTINUOUS
10
3.3262133464566928
20
1.9076853937007874
11
3.3359846062992125
21
1.9067082677165355
0
LINE
8
BLACK
6
CONTINUOUS
10
3.3359846062992125
20
1.9067082677165355
11
3.3356176771653541
21
1.9074421653543308
0
LINE
8
BLACK
6
CONTINUOUS
10
3.3356176771653541
20
1.9074421653543308
11
3.3354107874015746
21
1.9079827952755906
0
LINE
8
BLACK
6
CONTINUOUS
10
3.3354107874015746
20
1.9079827952755906
11
3.3354032677165355
21
1.9080886220472439
0
LINE
8
BLACK
6
CONTINUOUS
10
3.3354032677165355
20
1.9080886220472439
11
3.3353626771653544
21
1.9081866141732282
0
LINE
8
BLACK
6
CONTINUOUS
10
3.3353626771653544
20
1.9081866141732282
11
3.3353059448818896
21
1.9087626771653543
0
LINE
8
BLACK
6
CONTINUOUS
10
3.3353059448818896
20
1.9087626771653543
11
3.3353059448818896
21
1.9181364960629921
0
LINE
8
BLACK
6
CONTINUOUS
10
3.3353059448818896
20
1.9181364960629921
11
3.3353626771653544
21
1.9187125590551182
0
LINE
8
BLACK
6
CONTINUOUS
10
3.3353626771653544
20
1.9187125590551182
11
3.3354032677165355
21
1.918810590551181
0
LINE
8
BLACK
6
CONTINUOUS
10
3.3354032677165355
20
1.918810590551181
11
3.3354107874015746
21
1.9189163779527558
0
LINE
8
BLACK
6
CONTINUOUS
10
3.3354107874015746
20
1.9189163779527558
11
3.3356176771653541
21
1.9194570078740156
0
LINE
8
BLACK
6
CONTINUOUS
10
3.3356176771653541
20
1.9194570078740156
11
3.3374924409448816
21
1.9232065354330707
0
LINE
8
BLACK
6
CONTINUOUS
10
3.3374924409448816
20
1.9232065354330707
11
3.3376485039370078
21
1.9234545669291339
0
LINE
8
BLACK
6
CONTINUOUS
10
3.3376485039370078
20
1.9234545669291339
11
3.337678346456693
21
1.9235264960629921
0
LINE
8
BLACK
6
CONTINUOUS
10
3.337678346456693
20
1.9235264960629921
11
3.3377448031496062
21
1.9236074803149605
0
LINE
8
BLACK
6
CONTINUOUS
10
3.3377448031496062
20
1.9236074803149605
11
3.3378007874015747
21
1.9236964173228346
0
LINE
8
BLACK
6
CONTINUOUS
10
3.3378007874015747
20
1.9236964173228346
11
3.3378597637795275
21
1.9237475984251968
0
LINE
8
BLACK
6
CONTINUOUS
10
3.3378597637795275
20
1.9237475984251968
11
3.3380455511811022
21
1.9239739370078739
0
LINE
8
BLACK
6
CONTINUOUS
10
3.3380455511811022
20
1.9239739370078739
11
3.3399203149606298
21
1.9258487007874014
0
LINE
8
BLACK
6
CONTINUOUS
10
3.3399203149606298
20
1.9258487007874014
11
3.3401466535433069
21
1.9260344881889764
0
LINE
8
BLACK
6
CONTINUOUS
10
3.3401466535433069
20
1.9260344881889764
11
3.3401978346456693
21
1.926093464566929
0
LINE
8
BLACK
6
CONTINUOUS
10
3.3401978346456693
20
1.926093464566929
11
3.3402867716535432
21
1.9261494488188975
0
LINE
8
BLACK
6
CONTINUOUS
10
3.3402867716535432
20
1.9261494488188975
11
3.3403677559055116
21
1.9262159055118109
0
LINE
8
BLACK
6
CONTINUOUS
10
3.3403677559055116
20
1.9262159055118109
11
3.3404396850393701
21
1.9262457480314961
0
LINE
8
BLACK
6
CONTINUOUS
10
3.3404396850393701
20
1.9262457480314961
11
3.3406877165354332
21
1.9264018110236221
0
LINE
8
BLACK
6
CONTINUOUS
10
3.3406877165354332
20
1.9264018110236221
11
3.3444372440944883
21
1.9282765748031496
0
LINE
8
BLACK
6
CONTINUOUS
10
3.3444372440944883
20
1.9282765748031496
11
3.3449778346456691
21
1.9284834645669291
0
LINE
8
BLACK
6
CONTINUOUS
10
3.3449778346456691
20
1.9284834645669291
11
3.3450837007874017
21
1.9284910236220472
0
LINE
8
BLACK
6
CONTINUOUS
10
3.3450837007874017
20
1.9284910236220472
11
3.345181692913386
21
1.9285315748031495
0
LINE
8
BLACK
6
CONTINUOUS
10
3.345181692913386
20
1.9285315748031495
11
3.3457577559055118
21
1.9285883070866141
0
LINE
8
BLACK
6
CONTINUOUS
10
3.3457577559055118
20
1.9285883070866141
11
3.3551315748031496
21
1.9285883070866141
0
LINE
8
BLACK
6
CONTINUOUS
10
3.3551315748031496
20
1.9285883070866141
11
3.3557076377952755
21
1.9285315748031495
0
LINE
8
BLACK
6
CONTINUOUS
10
-0.2972950393700787
20
1.9660737401574804
11
-0.2972520078740157
21
1.9660801181102361
0
LINE
8
BLACK
6
CONTINUOUS
10
-0.2972520078740157
20
1.9660801181102361
11
-0.2970365354330708
21
1.9660482677165354
0
LINE
8
BLACK
6
CONTINUOUS
10
-0.2970365354330708
20
1.9660482677165354
11
-0.2968194881889764
21
1.9660268897637794
0
LINE
8
BLACK
6
CONTINUOUS
10
-0.2968194881889764
20
1.9660268897637794
11
-0.2967792913385827
21
1.9660102755905511
0
LINE
8
BLACK
6
CONTINUOUS
10
-0.2967792913385827
20
1.9660102755905511
11
-0.2966794094488189
21
1.9659954724409447
0
LINE
8
BLACK
6
CONTINUOUS
10
-0.2966794094488189
20
1.9659954724409447
11
-0.2891803543307087
21
1.9641207086614172
0
LINE
8
BLACK
6
CONTINUOUS
10
-0.2891803543307087
20
1.9641207086614172
11
-0.289137874015748
21
1.9641055511811023
0
LINE
8
BLACK
6
CONTINUOUS
10
-0.289137874015748
20
1.9641055511811023
11
-0.2891166141732283
21
1.9641040157480314
0
LINE
8
BLACK
6
CONTINUOUS
10
-0.2891166141732283
20
1.9641040157480314
11
-0.2888772047244094
21
1.9640124015748031
0
LINE
8
BLACK
6
CONTINUOUS
10
-0.2888772047244094
20
1.9640124015748031
11
-0.2886352362204724
21
1.9639259448818898
0
LINE
8
BLACK
6
CONTINUOUS
10
-0.2886352362204724
20
1.9639259448818898
11
-0.2886181102362205
21
1.9639132677165354
0
LINE
8
BLACK
6
CONTINUOUS
10
-0.2886181102362205
20
1.9639132677165354
11
-0.2885759842519685
21
1.9638971259842519
0
LINE
8
BLACK
6
CONTINUOUS
10
-0.2885759842519685
20
1.9638971259842519
11
-0.2848264566929134
21
1.9620223622047244
0
LINE
8
BLACK
6
CONTINUOUS
10
-0.2848264566929134
20
1.9620223622047244
11
-0.2845785826771653
21
1.9618663385826771
0
LINE
8
BLACK
6
CONTINUOUS
10
-0.2845785826771653
20
1.9618663385826771
11
-0.2845065354330709
21
1.9618364960629922
0
LINE
8
BLACK
6
CONTINUOUS
10
-0.2845065354330709
20
1.9618364960629922
11
-0.2844255118110236
21
1.96177
0
LINE
8
BLACK
6
CONTINUOUS
10
-0.2844255118110236
20
1.96177
11
-0.2843365748031496
21
1.9617140157480315
0
LINE
8
BLACK
6
CONTINUOUS
10
-0.2843365748031496
20
1.9617140157480315
11
-0.2842854330708661
21
1.9616550393700787
0
LINE
8
BLACK
6
CONTINUOUS
10
-0.2842854330708661
20
1.9616550393700787
11
-0.2840590944881889
21
1.9614692913385827
0
LINE
8
BLACK
6
CONTINUOUS
10
-0.2840590944881889
20
1.9614692913385827
11
-0.2821842913385827
21
1.9595945275590552
0
LINE
8
BLACK
6
CONTINUOUS
10
-0.2821842913385827
20
1.9595945275590552
11
-0.2819985433070866
21
1.9593681889763779
0
LINE
8
BLACK
6
CONTINUOUS
10
-0.2819985433070866
20
1.9593681889763779
11
-0.2819394881889764
21
1.9593169685039369
0
LINE
8
BLACK
6
CONTINUOUS
10
-0.2819394881889764
20
1.9593169685039369
11
-0.2818835039370078
21
1.9592280314960628
0
LINE
8
BLACK
6
CONTINUOUS
10
-0.2818835039370078
20
1.9592280314960628
11
-0.2818170472440945
21
1.9591470472440944
0
LINE
8
BLACK
6
CONTINUOUS
10
-0.2818170472440945
20
1.9591470472440944
11
-0.2817872440944882
21
1.9590751181102362
0
LINE
8
BLACK
6
CONTINUOUS
10
-0.2817872440944882
20
1.9590751181102362
11
-0.2816311417322835
21
1.9588270866141733
0
LINE
8
BLACK
6
CONTINUOUS
10
-0.2816311417322835
20
1.9588270866141733
11
-0.2797563779527559
21
1.9550775590551182
0
LINE
8
BLACK
6
CONTINUOUS
10
-0.2797563779527559
20
1.9550775590551182
11
-0.2795494881889763
21
1.9545369685039369
0
LINE
8
BLACK
6
CONTINUOUS
10
-0.2795494881889763
20
1.9545369685039369
11
-0.279541968503937
21
1.9544311023622047
0
LINE
8
BLACK
6
CONTINUOUS
10
-0.279541968503937
20
1.9544311023622047
11
-0.2795013779527559
21
1.9543331102362205
0
LINE
8
BLACK
6
CONTINUOUS
10
-0.2795013779527559
20
1.9543331102362205
11
-0.2794446456692913
21
1.9537570472440944
0
LINE
8
BLACK
6
CONTINUOUS
10
-0.2794446456692913
20
1.9537570472440944
11
-0.2794446456692913
21
1.9500075196850393
0
LINE
8
BLACK
6
CONTINUOUS
10
-0.2794446456692913
20
1.9500075196850393
11
-0.2795013779527559
21
1.9494314566929134
0
LINE
8
BLACK
6
CONTINUOUS
10
-0.2795013779527559
20
1.9494314566929134
11
-0.279541968503937
21
1.9493335039370079
0
LINE
8
BLACK
6
CONTINUOUS
10
-0.279541968503937
20
1.9493335039370079
11
-0.2795494881889763
21
1.9492275984251968
0
LINE
8
BLACK
6
CONTINUOUS
10
-0.2795494881889763
20
1.9492275984251968
11
-0.2797563779527559
21
1.9486870078740157
0
LINE
8
BLACK
6
CONTINUOUS
10
-0.2797563779527559
20
1.9486870078740157
11
-0.2816311417322835
21
1.9449374803149606
0
LINE
8
BLACK
6
CONTINUOUS
10
-0.2816311417322835
20
1.9449374803149606
11
-0.2817872440944882
21
1.9446894881889762
0
LINE
8
BLACK
6
CONTINUOUS
10
-0.2817872440944882
20
1.9446894881889762
11
-0.2818170472440945
21
1.9446175196850393
0
LINE
8
BLACK
6
CONTINUOUS
10
-0.2818170472440945
20
1.9446175196850393
11
-0.2818835039370078
21
1.9445365748031496
0
LINE
8
BLACK
6
CONTINUOUS
10
-0.2818835039370078
20
1.9445365748031496
11
-0.2819394881889764
21
1.9444475984251968
0
LINE
8
BLACK
6
CONTINUOUS
10
-0.2819394881889764
20
1.9444475984251968
11
-0.2819985433070866
21
1.9443964173228345
0
LINE
8
BLACK
6
CONTINUOUS
10
-0.2819985433070866
20
1.9443964173228345
11
-0.2821842913385827
21
1.9441700393700787
0
LINE
8
BLACK
6
CONTINUOUS
10
-0.2821842913385827
20
1.9441700393700787
11
-0.2840590944881889
21
1.9422952755905512
0
LINE
8
BLACK
6
CONTINUOUS
10
-0.2840590944881889
20
1.9422952755905512
11
-0.2842854330708661
21
1.9421095669291337
0
LINE
8
BLACK
6
CONTINUOUS
10
-0.2842854330708661
20
1.9421095669291337
11
-0.2843365748031496
21
1.9420505511811024
0
LINE
8
BLACK
6
CONTINUOUS
10
-0.2843365748031496
20
1.9420505511811024
11
-0.2844255118110236
21
1.9419946062992126
0
LINE
8
BLACK
6
CONTINUOUS
10
-0.2844255118110236
20
1.9419946062992126
11
-0.2845065354330709
21
1.9419280708661417
0
LINE
8
BLACK
6
CONTINUOUS
10
-0.2845065354330709
20
1.9419280708661417
11
-0.2845785826771653
21
1.9418982677165353
0
LINE
8
BLACK
6
CONTINUOUS
10
-0.2845785826771653
20
1.9418982677165353
11
-0.2848264566929134
21
1.9417422047244095
0
LINE
8
BLACK
6
CONTINUOUS
10
-0.2848264566929134
20
1.9417422047244095
11
-0.2885759842519685
21
1.9398674409448819
0
LINE
8
BLACK
6
CONTINUOUS
10
-0.2885759842519685
20
1.9398674409448819
11
-0.2886181102362205
21
1.9398513385826772
0
LINE
8
BLACK
6
CONTINUOUS
10
-0.2886181102362205
20
1.9398513385826772
11
-0.2886352362204724
21
1.9398386220472441
0
LINE
8
BLACK
6
CONTINUOUS
10
-0.2886352362204724
20
1.9398386220472441
11
-0.2888772047244094
21
1.9397522047244093
0
LINE
8
BLACK
6
CONTINUOUS
10
-0.2888772047244094
20
1.9397522047244093
11
-0.2891166141732283
21
1.9396605511811023
0
LINE
8
BLACK
6
CONTINUOUS
10
-0.2891166141732283
20
1.9396605511811023
11
-0.289137874015748
21
1.9396590551181101
0
LINE
8
BLACK
6
CONTINUOUS
10
-0.289137874015748
20
1.9396590551181101
11
-0.2891803543307087
21
1.9396438582677165
0
LINE
8
BLACK
6
CONTINUOUS
10
-0.2891803543307087
20
1.9396438582677165
11
-0.2966794094488189
21
1.9377690944881889
0
LINE
8
BLACK
6
CONTINUOUS
10
-0.2966794094488189
20
1.9377690944881889
11
-0.2967792913385827
21
1.9377543307086613
0
LINE
8
BLACK
6
CONTINUOUS
10
-0.2967792913385827
20
1.9377543307086613
11
-0.2968194881889764
21
1.9377376771653543
0
LINE
8
BLACK
6
CONTINUOUS
10
-0.2968194881889764
20
1.9377376771653543
11
-0.2970365354330708
21
1.9377163385826772
0
LINE
8
BLACK
6
CONTINUOUS
10
-0.2970365354330708
20
1.9377163385826772
11
-0.2972520078740157
21
1.9376844488188976
0
LINE
8
BLACK
6
CONTINUOUS
10
-0.2972520078740157
20
1.9376844488188976
11
-0.2972950393700787
21
1.9376908661417322
0
LINE
8
BLACK
6
CONTINUOUS
10
-0.2972950393700787
20
1.9376908661417322
11
-0.2973955511811023
21
1.9376809448818897
0
LINE
8
BLACK
6
CONTINUOUS
10
-0.2973955511811023
20
1.9376809448818897
11
-0.3067693700787402
21
1.9376809448818897
0
LINE
8
BLACK
6
CONTINUOUS
10
-0.3067693700787402
20
1.9376809448818897
11
-0.3068699212598425
21
1.9376908661417322
0
LINE
8
BLACK
6
CONTINUOUS
10
-0.3068699212598425
20
1.9376908661417322
11
-0.3069129133858268
21
1.9376844488188976
0
LINE
8
BLACK
6
CONTINUOUS
10
-0.3069129133858268
20
1.9376844488188976
11
-0.3071284251968504
21
1.9377163385826772
0
LINE
8
BLACK
6
CONTINUOUS
10
-0.3071284251968504
20
1.9377163385826772
11
-0.3073454330708661
21
1.9377376771653543
0
LINE
8
BLACK
6
CONTINUOUS
10
-0.3073454330708661
20
1.9377376771653543
11
-0.3073856692913386
21
1.9377543307086613
0
LINE
8
BLACK
6
CONTINUOUS
10
-0.3073856692913386
20
1.9377543307086613
11
-0.3074855118110236
21
1.9377690944881889
0
LINE
8
BLACK
6
CONTINUOUS
10
-0.3074855118110236
20
1.9377690944881889
11
-0.3149845669291338
21
1.9396438582677165
0
LINE
8
BLACK
6
CONTINUOUS
10
-0.3149845669291338
20
1.9396438582677165
11
-0.3150270866141732
21
1.9396590551181101
0
LINE
8
BLACK
6
CONTINUOUS
10
-0.3150270866141732
20
1.9396590551181101
11
-0.3150483464566929
21
1.9396605511811023
0
LINE
8
BLACK
6
CONTINUOUS
10
-0.3150483464566929
20
1.9396605511811023
11
-0.3152881102362204
21
1.9397523228346456
0
LINE
8
BLACK
6
CONTINUOUS
10
-0.3152881102362204
20
1.9397523228346456
11
-0.3155296850393701
21
1.9398386220472441
0
LINE
8
BLACK
6
CONTINUOUS
10
-0.3155296850393701
20
1.9398386220472441
11
-0.3155468503937008
21
1.9398513385826772
0
LINE
8
BLACK
6
CONTINUOUS
10
-0.3155468503937008
20
1.9398513385826772
11
-0.315588937007874
21
1.9398674409448819
0
LINE
8
BLACK
6
CONTINUOUS
10
-0.315588937007874
20
1.9398674409448819
11
-0.3193384645669291
21
1.9417422047244095
0
LINE
8
BLACK
6
CONTINUOUS
10
-0.3193384645669291
20
1.9417422047244095
11
-0.3195864960629921
21
1.941898307086614
0
LINE
8
BLACK
6
CONTINUOUS
10
-0.3195864960629921
20
1.941898307086614
11
-0.3196584251968504
21
1.9419281102362205
0
LINE
8
BLACK
6
CONTINUOUS
10
-0.3196584251968504
20
1.9419281102362205
11
-0.3197394094488189
21
1.9419946062992126
0
LINE
8
BLACK
6
CONTINUOUS
10
-0.3197394094488189
20
1.9419946062992126
11
-0.3198283464566929
21
1.9420505511811024
0
LINE
8
BLACK
6
CONTINUOUS
10
-0.3198283464566929
20
1.9420505511811024
11
-0.3198795275590551
21
1.9421095669291337
0
LINE
8
BLACK
6
CONTINUOUS
10
-0.3198795275590551
20
1.9421095669291337
11
-0.3201058661417323
21
1.9422953149606299
0
LINE
8
BLACK
6
CONTINUOUS
10
-0.3201058661417323
20
1.9422953149606299
11
-0.3219806299212598
21
1.9441700787401575
0
LINE
8
BLACK
6
CONTINUOUS
10
-0.3219806299212598
20
1.9441700787401575
11
-0.3221664173228346
21
1.9443964566929133
0
LINE
8
BLACK
6
CONTINUOUS
10
-0.3221664173228346
20
1.9443964566929133
11
-0.3222253937007874
21
1.9444475984251968
0
LINE
8
BLACK
6
CONTINUOUS
10
-0.3222253937007874
20
1.9444475984251968
11
-0.3222813779527559
21
1.9445365748031496
0
LINE
8
BLACK
6
CONTINUOUS
10
-0.3222813779527559
20
1.9445365748031496
11
-0.3223478346456693
21
1.9446175196850393
0
LINE
8
BLACK
6
CONTINUOUS
10
-0.3223478346456693
20
1.9446175196850393
11
-0.3223776771653543
21
1.9446894881889762
0
LINE
8
BLACK
6
CONTINUOUS
10
-0.3223776771653543
20
1.9446894881889762
11
-0.3225337401574803
21
1.9449374803149606
0
LINE
8
BLACK
6
CONTINUOUS
10
-0.3225337401574803
20
1.9449374803149606
11
-0.3244085039370079
21
1.9486870078740157
0
LINE
8
BLACK
6
CONTINUOUS
10
-0.3244085039370079
20
1.9486870078740157
11
-0.3246153937007874
21
1.9492276377952755
0
LINE
8
BLACK
6
CONTINUOUS
10
-0.3246153937007874
20
1.9492276377952755
11
-0.3246229133858268
21
1.9493334645669291
0
LINE
8
BLACK
6
CONTINUOUS
10
-0.3246229133858268
20
1.9493334645669291
11
-0.3246635039370079
21
1.9494314566929134
0
LINE
8
BLACK
6
CONTINUOUS
10
-0.3246635039370079
20
1.9494314566929134
11
-0.3247202362204724
21
1.9500075196850393
0
LINE
8
BLACK
6
CONTINUOUS
10
-0.3247202362204724
20
1.9500075196850393
11
-0.3247202362204724
21
1.9537570472440944
0
LINE
8
BLACK
6
CONTINUOUS
10
-0.3247202362204724
20
1.9537570472440944
11
-0.3246635039370079
21
1.9543331102362205
0
LINE
8
BLACK
6
CONTINUOUS
10
-0.3246635039370079
20
1.9543331102362205
11
-0.3246229133858268
21
1.9544311417322835
0
LINE
8
BLACK
6
CONTINUOUS
10
-0.3246229133858268
20
1.9544311417322835
11
-0.3246153937007874
21
1.9545369291338581
0
LINE
8
BLACK
6
CONTINUOUS
10
-0.3246153937007874
20
1.9545369291338581
11
-0.3244085039370079
21
1.9550775590551182
0
LINE
8
BLACK
6
CONTINUOUS
10
-0.3244085039370079
20
1.9550775590551182
11
-0.3225337401574803
21
1.9588270866141733
0
LINE
8
BLACK
6
CONTINUOUS
10
-0.3225337401574803
20
1.9588270866141733
11
-0.3223776771653543
21
1.9590751181102362
0
LINE
8
BLACK
6
CONTINUOUS
10
-0.3223776771653543
20
1.9590751181102362
11
-0.3223478346456693
21
1.9591470472440944
0
LINE
8
BLACK
6
CONTINUOUS
10
-0.3223478346456693
20
1.9591470472440944
11
-0.3222813779527559
21
1.9592280314960628
0
LINE
8
BLACK
6
CONTINUOUS
10
-0.3222813779527559
20
1.9592280314960628
11
-0.3222253937007874
21
1.9593169685039369
0
LINE
8
BLACK
6
CONTINUOUS
10
-0.3222253937007874
20
1.9593169685039369
11
-0.3221664173228346
21
1.9593681496062991
0
LINE
8
BLACK
6
CONTINUOUS
10
-0.3221664173228346
20
1.9593681496062991
11
-0.3219806299212598
21
1.9595944881889764
0
LINE
8
BLACK
6
CONTINUOUS
10
-0.3219806299212598
20
1.9595944881889764
11
-0.3201058661417323
21
1.961469251968504
0
LINE
8
BLACK
6
CONTINUOUS
10
-0.3201058661417323
20
1.961469251968504
11
-0.3198795275590551
21
1.9616550393700787
0
LINE
8
BLACK
6
CONTINUOUS
10
-0.3198795275590551
20
1.9616550393700787
11
-0.3198283464566929
21
1.9617140157480315
0
LINE
8
BLACK
6
CONTINUOUS
10
-0.3198283464566929
20
1.9617140157480315
11
-0.3197394094488189
21
1.96177
0
LINE
8
BLACK
6
CONTINUOUS
10
-0.3197394094488189
20
1.96177
11
-0.3196584251968504
21
1.9618364566929134
0
LINE
8
BLACK
6
CONTINUOUS
10
-0.3196584251968504
20
1.9618364566929134
11
-0.3195864960629921
21
1.9618662992125984
0
LINE
8
BLACK
6
CONTINUOUS
10
-0.3195864960629921
20
1.9618662992125984
11
-0.3193384645669291
21
1.9620223622047244
0
LINE
8
BLACK
6
CONTINUOUS
10
-0.3193384645669291
20
1.9620223622047244
11
-0.315588937007874
21
1.9638971259842519
0
LINE
8
BLACK
6
CONTINUOUS
10
-0.315588937007874
20
1.9638971259842519
11
-0.3155468503937008
21
1.9639132677165354
0
LINE
8
BLACK
6
CONTINUOUS
10
-0.3155468503937008
20
1.9639132677165354
11
-0.3155296850393701
21
1.9639259448818898
0
LINE
8
BLACK
6
CONTINUOUS
10
-0.3155296850393701
20
1.9639259448818898
11
-0.3152881102362204
21
1.9640122834645668
0
LINE
8
BLACK
6
CONTINUOUS
10
-0.3152881102362204
20
1.9640122834645668
11
-0.3150483464566929
21
1.9641040157480314
0
LINE
8
BLACK
6
CONTINUOUS
10
-0.3150483464566929
20
1.9641040157480314
11
-0.3150270866141732
21
1.9641055511811023
0
LINE
8
BLACK
6
CONTINUOUS
10
-0.3150270866141732
20
1.9641055511811023
11
-0.3149845669291338
21
1.9641207086614172
0
LINE
8
BLACK
6
CONTINUOUS
10
-0.3149845669291338
20
1.9641207086614172
11
-0.3074855118110236
21
1.9659954724409447
0
LINE
8
BLACK
6
CONTINUOUS
10
-0.3074855118110236
20
1.9659954724409447
11
-0.3073856692913386
21
1.9660102755905511
0
LINE
8
BLACK
6
CONTINUOUS
10
-0.3073856692913386
20
1.9660102755905511
11
-0.3073454330708661
21
1.9660268897637794
0
LINE
8
BLACK
6
CONTINUOUS
10
-0.3073454330708661
20
1.9660268897637794
11
-0.3071284251968504
21
1.9660482677165354
0
LINE
8
BLACK
6
CONTINUOUS
10
-0.3071284251968504
20
1.9660482677165354
11
-0.3069129133858268
21
1.9660801181102361
0
LINE
8
BLACK
6
CONTINUOUS
10
-0.3069129133858268
20
1.9660801181102361
11
-0.3068699212598425
21
1.9660737401574804
0
LINE
8
BLACK
6
CONTINUOUS
10
-0.3068699212598425
20
1.9660737401574804
11
-0.3067693700787402
21
1.966083622047244
0
LINE
8
BLACK
6
CONTINUOUS
10
-0.3067693700787402
20
1.966083622047244
11
-0.2973955511811023
21
1.966083622047244
0
LINE
8
BLACK
6
CONTINUOUS
10
-0.2973955511811023
20
1.966083622047244
11
-0.2972950393700787
21
1.9660737401574804
0
LINE
8
BLACK
6
CONTINUOUS
10
-0.313237874015748
20
1.9584701181102362
11
-0.3162688582677165
21
1.9569546062992125
0
LINE
8
BLACK
6
CONTINUOUS
10
-0.3162688582677165
20
1.9569546062992125
11
-0.3174659842519685
21
1.9557574803149607
0
LINE
8
BLACK
6
CONTINUOUS
10
-0.3174659842519685
20
1.9557574803149607
11
-0.3188147244094488
21
1.95306
0
LINE
8
BLACK
6
CONTINUOUS
10
-0.3188147244094488
20
1.95306
11
-0.3188147244094488
21
1.9507045669291339
0
LINE
8
BLACK
6
CONTINUOUS
10
-0.3188147244094488
20
1.9507045669291339
11
-0.3174659842519685
21
1.9480070866141732
0
LINE
8
BLACK
6
CONTINUOUS
10
-0.3174659842519685
20
1.9480070866141732
11
-0.3162688582677165
21
1.9468099606299212
0
LINE
8
BLACK
6
CONTINUOUS
10
-0.3162688582677165
20
1.9468099606299212
11
-0.313237874015748
21
1.9452944881889764
0
LINE
8
BLACK
6
CONTINUOUS
10
-0.313237874015748
20
1.9452944881889764
11
-0.3064058267716535
21
1.9435864566929133
0
LINE
8
BLACK
6
CONTINUOUS
10
-0.3064058267716535
20
1.9435864566929133
11
-0.297759094488189
21
1.9435864566929133
0
LINE
8
BLACK
6
CONTINUOUS
10
-0.297759094488189
20
1.9435864566929133
11
-0.2909270472440945
21
1.9452944881889764
0
LINE
8
BLACK
6
CONTINUOUS
10
-0.2909270472440945
20
1.9452944881889764
11
-0.287896062992126
21
1.9468099999999999
0
LINE
8
BLACK
6
CONTINUOUS
10
-0.287896062992126
20
1.9468099999999999
11
-0.2866988976377953
21
1.948007125984252
0
LINE
8
BLACK
6
CONTINUOUS
10
-0.2866988976377953
20
1.948007125984252
11
-0.2853501574803149
21
1.9507045669291339
0
LINE
8
BLACK
6
CONTINUOUS
10
-0.2853501574803149
20
1.9507045669291339
11
-0.2853501574803149
21
1.95306
0
LINE
8
BLACK
6
CONTINUOUS
10
-0.2853501574803149
20
1.95306
11
-0.2866988976377953
21
1.9557574803149607
0
LINE
8
BLACK
6
CONTINUOUS
10
-0.2866988976377953
20
1.9557574803149607
11
-0.287896062992126
21
1.9569546062992125
0
LINE
8
BLACK
6
CONTINUOUS
10
-0.287896062992126
20
1.9569546062992125
11
-0.2909270472440945
21
1.9584701181102362
0
LINE
8
BLACK
6
CONTINUOUS
10
-0.2909270472440945
20
1.9584701181102362
11
-0.297759094488189
21
1.9601781102362204
0
LINE
8
BLACK
6
CONTINUOUS
10
-0.297759094488189
20
1.9601781102362204
11
-0.3064058267716535
21
1.9601781102362204
0
LINE
8
BLACK
6
CONTINUOUS
10
-0.3064058267716535
20
1.9601781102362204
11
-0.313237874015748
21
1.9584701181102362
0
LINE
8
BLACK
6
CONTINUOUS
10
3.3332104724409448
20
1.9660268897637794
11
3.3333084645669291
21
1.9659862992125985
0
LINE
8
BLACK
6
CONTINUOUS
10
3.3333084645669291
20
1.9659862992125985
11
3.3334142913385825
21
1.965978779527559
0
LINE
8
BLACK
6
CONTINUOUS
10
3.3334142913385825
20
1.965978779527559
11
3.3339549212598425
21
1.9657718897637795
0
LINE
8
BLACK
6
CONTINUOUS
10
3.3339549212598425
20
1.9657718897637795
11
3.3377044488188976
21
1.9638971259842519
0
LINE
8
BLACK
6
CONTINUOUS
10
3.3377044488188976
20
1.9638971259842519
11
3.337952440944882
21
1.9637410629921259
0
LINE
8
BLACK
6
CONTINUOUS
10
3.337952440944882
20
1.9637410629921259
11
3.3380244094488187
21
1.963711220472441
0
LINE
8
BLACK
6
CONTINUOUS
10
3.3380244094488187
20
1.963711220472441
11
3.3381053543307084
21
1.9636447637795276
0
LINE
8
BLACK
6
CONTINUOUS
10
3.3381053543307084
20
1.9636447637795276
11
3.3381943307086615
21
1.9635887795275591
0
LINE
8
BLACK
6
CONTINUOUS
10
3.3381943307086615
20
1.9635887795275591
11
3.3382454724409447
21
1.9635298031496062
0
LINE
8
BLACK
6
CONTINUOUS
10
3.3382454724409447
20
1.9635298031496062
11
3.3384718503937005
21
1.9633440157480315
0
LINE
8
BLACK
6
CONTINUOUS
10
3.3384718503937005
20
1.9633440157480315
11
3.3401334645669292
21
1.9616824015748031
0
LINE
8
BLACK
6
CONTINUOUS
10
3.3401334645669292
20
1.9616824015748031
11
3.3417950787401574
21
1.9633440157480315
0
LINE
8
BLACK
6
CONTINUOUS
10
3.3417950787401574
20
1.9633440157480315
11
3.3420214173228344
21
1.9635298031496062
0
LINE
8
BLACK
6
CONTINUOUS
10
3.3420214173228344
20
1.9635298031496062
11
3.3420725984251969
21
1.9635887795275591
0
LINE
8
BLACK
6
CONTINUOUS
10
3.3420725984251969
20
1.9635887795275591
11
3.3421615354330707
21
1.9636447637795276
0
LINE
8
BLACK
6
CONTINUOUS
10
3.3421615354330707
20
1.9636447637795276
11
3.3422425196850392
21
1.963711220472441
0
LINE
8
BLACK
6
CONTINUOUS
10
3.3422425196850392
20
1.963711220472441
11
3.3423144488188976
21
1.9637410629921259
0
LINE
8
BLACK
6
CONTINUOUS
10
3.3423144488188976
20
1.9637410629921259
11
3.3425624803149607
21
1.9638971259842519
0
LINE
8
BLACK
6
CONTINUOUS
10
3.3425624803149607
20
1.9638971259842519
11
3.3463120078740158
21
1.9657718897637795
0
LINE
8
BLACK
6
CONTINUOUS
10
3.3463120078740158
20
1.9657718897637795
11
3.3468525984251967
21
1.965978779527559
0
LINE
8
BLACK
6
CONTINUOUS
10
3.3468525984251967
20
1.965978779527559
11
3.3469584645669292
21
1.965986338582677
0
LINE
8
BLACK
6
CONTINUOUS
10
3.3469584645669292
20
1.965986338582677
11
3.3470564566929135
21
1.9660268897637794
0
LINE
8
BLACK
6
CONTINUOUS
10
3.3470564566929135
20
1.9660268897637794
11
3.3476325196850394
21
1.966083622047244
0
LINE
8
BLACK
6
CONTINUOUS
10
3.3476325196850394
20
1.966083622047244
11
3.3551315748031496
21
1.966083622047244
0
LINE
8
BLACK
6
CONTINUOUS
10
3.3551315748031496
20
1.966083622047244
11
3.3557076377952755
21
1.9660268897637794
0
LINE
8
BLACK
6
CONTINUOUS
10
3.3557076377952755
20
1.9660268897637794
11
3.3558056299212597
21
1.9659862992125985
0
LINE
8
BLACK
6
CONTINUOUS
10
3.3558056299212597
20
1.9659862992125985
11
3.3559114566929131
21
1.965978779527559
0
LINE
8
BLACK
6
CONTINUOUS
10
3.3559114566929131
20
1.965978779527559
11
3.3564520866141732
21
1.9657718897637795
0
LINE
8
BLACK
6
CONTINUOUS
10
3.3564520866141732
20
1.9657718897637795
11
3.3602016141732283
21
1.9638971259842519
0
LINE
8
BLACK
6
CONTINUOUS
10
3.3602016141732283
20
1.9638971259842519
11
3.3604494881889764
21
1.9637411023622047
0
LINE
8
BLACK
6
CONTINUOUS
10
3.3604494881889764
20
1.9637411023622047
11
3.3605215354330706
21
1.9637112598425197
0
LINE
8
BLACK
6
CONTINUOUS
10
3.3605215354330706
20
1.9637112598425197
11
3.3606025590551178
21
1.9636447637795276
0
LINE
8
BLACK
6
CONTINUOUS
10
3.3606025590551178
20
1.9636447637795276
11
3.3606914960629921
21
1.9635887795275591
0
LINE
8
BLACK
6
CONTINUOUS
10
3.3606914960629921
20
1.9635887795275591
11
3.3607426377952754
21
1.9635298031496062
0
LINE
8
BLACK
6
CONTINUOUS
10
3.3607426377952754
20
1.9635298031496062
11
3.3609689763779529
21
1.9633440551181103
0
LINE
8
BLACK
6
CONTINUOUS
10
3.3609689763779529
20
1.9633440551181103
11
3.3628437795275592
21
1.9614692913385827
0
LINE
8
BLACK
6
CONTINUOUS
10
3.3628437795275592
20
1.9614692913385827
11
3.3630295275590552
21
1.9612429527559054
0
LINE
8
BLACK
6
CONTINUOUS
10
3.3630295275590552
20
1.9612429527559054
11
3.3630885826771655
21
1.9611917322834644
0
LINE
8
BLACK
6
CONTINUOUS
10
3.3630885826771655
20
1.9611917322834644
11
3.363144566929134
21
1.9611027952755906
0
LINE
8
BLACK
6
CONTINUOUS
10
3.363144566929134
20
1.9611027952755906
11
3.3632110236220472
21
1.9610218110236219
0
LINE
8
BLACK
6
CONTINUOUS
10
3.3632110236220472
20
1.9610218110236219
11
3.3632408267716536
21
1.9609498818897637
0
LINE
8
BLACK
6
CONTINUOUS
10
3.3632408267716536
20
1.9609498818897637
11
3.3633969291338581
21
1.9607018503937008
0
LINE
8
BLACK
6
CONTINUOUS
10
3.3633969291338581
20
1.9607018503937008
11
3.3652716929133857
21
1.9569523228346457
0
LINE
8
BLACK
6
CONTINUOUS
10
3.3652716929133857
20
1.9569523228346457
11
3.3654785826771652
21
1.9564117322834644
0
LINE
8
BLACK
6
CONTINUOUS
10
3.3654785826771652
20
1.9564117322834644
11
3.3654861023622047
21
1.9563058661417323
0
LINE
8
BLACK
6
CONTINUOUS
10
3.3654861023622047
20
1.9563058661417323
11
3.3655266929133858
21
1.956207874015748
0
LINE
8
BLACK
6
CONTINUOUS
10
3.3655266929133858
20
1.956207874015748
11
3.3655834251968502
21
1.9556318110236219
0
LINE
8
BLACK
6
CONTINUOUS
10
3.3655834251968502
20
1.9556318110236219
11
3.3655834251968502
21
1.9481327559055117
0
LINE
8
BLACK
6
CONTINUOUS
10
3.3655834251968502
20
1.9481327559055117
11
3.3655266929133858
21
1.9475566929133858
0
LINE
8
BLACK
6
CONTINUOUS
10
3.3655266929133858
20
1.9475566929133858
11
3.3654861023622047
21
1.9474587401574803
0
LINE
8
BLACK
6
CONTINUOUS
10
3.3654861023622047
20
1.9474587401574803
11
3.3654785826771652
21
1.9473528346456692
0
LINE
8
BLACK
6
CONTINUOUS
10
3.3654785826771652
20
1.9473528346456692
11
3.3652716929133857
21
1.9468122440944882
0
LINE
8
BLACK
6
CONTINUOUS
10
3.3652716929133857
20
1.9468122440944882
11
3.3633969291338581
21
1.9430627165354331
0
LINE
8
BLACK
6
CONTINUOUS
10
3.3633969291338581
20
1.9430627165354331
11
3.3632408267716536
21
1.9428147244094487
0
LINE
8
BLACK
6
CONTINUOUS
10
3.3632408267716536
20
1.9428147244094487
11
3.3632110236220472
21
1.9427427559055117
0
LINE
8
BLACK
6
CONTINUOUS
10
3.3632110236220472
20
1.9427427559055117
11
3.363144566929134
21
1.942661811023622
0
LINE
8
BLACK
6
CONTINUOUS
10
3.363144566929134
20
1.942661811023622
11
3.3630885826771655
21
1.9425728346456692
0
LINE
8
BLACK
6
CONTINUOUS
10
3.3630885826771655
20
1.9425728346456692
11
3.3630295275590552
21
1.942521653543307
0
LINE
8
BLACK
6
CONTINUOUS
10
3.3630295275590552
20
1.942521653543307
11
3.3628437795275592
21
1.9422952755905512
0
LINE
8
BLACK
6
CONTINUOUS
10
3.3628437795275592
20
1.9422952755905512
11
3.3609689763779529
21
1.9404205118110236
0
LINE
8
BLACK
6
CONTINUOUS
10
3.3609689763779529
20
1.9404205118110236
11
3.3607426377952754
21
1.9402348031496062
0
LINE
8
BLACK
6
CONTINUOUS
10
3.3607426377952754
20
1.9402348031496062
11
3.3606914960629921
21
1.9401757874015748
0
LINE
8
BLACK
6
CONTINUOUS
10
3.3606914960629921
20
1.9401757874015748
11
3.3606025590551178
21
1.9401198425196851
0
LINE
8
BLACK
6
CONTINUOUS
10
3.3606025590551178
20
1.9401198425196851
11
3.3605215354330706
21
1.9400533070866142
0
LINE
8
BLACK
6
CONTINUOUS
10
3.3605215354330706
20
1.9400533070866142
11
3.3604494881889764
21
1.9400235039370077
0
LINE
8
BLACK
6
CONTINUOUS
10
3.3604494881889764
20
1.9400235039370077
11
3.3602016141732283
21
1.9398674409448819
0
LINE
8
BLACK
6
CONTINUOUS
10
3.3602016141732283
20
1.9398674409448819
11
3.3564520866141732
21
1.9379926771653544
0
LINE
8
BLACK
6
CONTINUOUS
10
3.3564520866141732
20
1.9379926771653544
11
3.3559114566929131
21
1.9377857874015747
0
LINE
8
BLACK
6
CONTINUOUS
10
3.3559114566929131
20
1.9377857874015747
11
3.3558056299212597
21
1.9377783070866141
0
LINE
8
BLACK
6
CONTINUOUS
10
3.3558056299212597
20
1.9377783070866141
11
3.3557076377952755
21
1.9377376771653543
0
LINE
8
BLACK
6
CONTINUOUS
10
3.3557076377952755
20
1.9377376771653543
11
3.3551315748031496
21
1.9376809448818897
0
LINE
8
BLACK
6
CONTINUOUS
10
3.3551315748031496
20
1.9376809448818897
11
3.3476325196850394
21
1.9376809448818897
0
LINE
8
BLACK
6
CONTINUOUS
10
3.3476325196850394
20
1.9376809448818897
11
3.3470564566929135
21
1.9377376771653543
0
LINE
8
BLACK
6
CONTINUOUS
10
3.3470564566929135
20
1.9377376771653543
11
3.3469584645669292
21
1.9377782677165354
0
LINE
8
BLACK
6
CONTINUOUS
10
3.3469584645669292
20
1.9377782677165354
11
3.3468525984251967
21
1.9377857874015747
0
LINE
8
BLACK
6
CONTINUOUS
10
3.3468525984251967
20
1.9377857874015747
11
3.3463120078740158
21
1.9379926771653544
0
LINE
8
BLACK
6
CONTINUOUS
10
3.3463120078740158
20
1.9379926771653544
11
3.3425624803149607
21
1.9398674409448819
0
LINE
8
BLACK
6
CONTINUOUS
10
3.3425624803149607
20
1.9398674409448819
11
3.3423144488188976
21
1.9400235433070865
0
LINE
8
BLACK
6
CONTINUOUS
10
3.3423144488188976
20
1.9400235433070865
11
3.3422425196850392
21
1.9400533464566929
0
LINE
8
BLACK
6
CONTINUOUS
10
3.3422425196850392
20
1.9400533464566929
11
3.3421615354330707
21
1.9401198425196851
0
LINE
8
BLACK
6
CONTINUOUS
10
3.3421615354330707
20
1.9401198425196851
11
3.3420725984251969
21
1.9401757874015748
0
LINE
8
BLACK
6
CONTINUOUS
10
3.3420725984251969
20
1.9401757874015748
11
3.3420214173228344
21
1.9402348031496062
0
LINE
8
BLACK
6
CONTINUOUS
10
3.3420214173228344
20
1.9402348031496062
11
3.3417950787401574
21
1.9404205511811023
0
LINE
8
BLACK
6
CONTINUOUS
10
3.3417950787401574
20
1.9404205511811023
11
3.3401334645669292
21
1.9420821653543308
0
LINE
8
BLACK
6
CONTINUOUS
10
3.3401334645669292
20
1.9420821653543308
11
3.3384718503937005
21
1.9404205511811023
0
LINE
8
BLACK
6
CONTINUOUS
10
3.3384718503937005
20
1.9404205511811023
11
3.3382454724409447
21
1.9402348031496062
0
LINE
8
BLACK
6
CONTINUOUS
10
3.3382454724409447
20
1.9402348031496062
11
3.3381943307086615
21
1.9401757874015748
0
LINE
8
BLACK
6
CONTINUOUS
10
3.3381943307086615
20
1.9401757874015748
11
3.3381053543307084
21
1.9401198425196851
0
LINE
8
BLACK
6
CONTINUOUS
10
3.3381053543307084
20
1.9401198425196851
11
3.3380244094488187
21
1.9400533464566929
0
LINE
8
BLACK
6
CONTINUOUS
10
3.3380244094488187
20
1.9400533464566929
11
3.337952440944882
21
1.9400235433070865
0
LINE
8
BLACK
6
CONTINUOUS
10
3.337952440944882
20
1.9400235433070865
11
3.3377044488188976
21
1.9398674409448819
0
LINE
8
BLACK
6
CONTINUOUS
10
3.3377044488188976
20
1.9398674409448819
11
3.3339549212598425
21
1.9379926771653544
0
LINE
8
BLACK
6
CONTINUOUS
10
3.3339549212598425
20
1.9379926771653544
11
3.3334142913385825
21
1.9377857874015747
0
LINE
8
BLACK
6
CONTINUOUS
10
3.3334142913385825
20
1.9377857874015747
11
3.3333084645669291
21
1.9377783070866141
0
LINE
8
BLACK
6
CONTINUOUS
10
3.3333084645669291
20
1.9377783070866141
11
3.3332104724409448
21
1.9377376771653543
0
LINE
8
BLACK
6
CONTINUOUS
10
3.3332104724409448
20
1.9377376771653543
11
3.3326344094488189
21
1.9376809448818897
0
LINE
8
BLACK
6
CONTINUOUS
10
3.3326344094488189
20
1.9376809448818897
11
3.3307596456692914
21
1.9376809448818897
0
LINE
8
BLACK
6
CONTINUOUS
10
3.3307596456692914
20
1.9376809448818897
11
3.3301835826771651
21
1.9377376771653543
0
LINE
8
BLACK
6
CONTINUOUS
10
3.3301835826771651
20
1.9377376771653543
11
3.3300855905511808
21
1.9377782677165354
0
LINE
8
BLACK
6
CONTINUOUS
10
3.3300855905511808
20
1.9377782677165354
11
3.3299797244094487
21
1.9377857874015747
0
LINE
8
BLACK
6
CONTINUOUS
10
3.3299797244094487
20
1.9377857874015747
11
3.3294391338582678
21
1.9379926771653544
0
LINE
8
BLACK
6
CONTINUOUS
10
3.3294391338582678
20
1.9379926771653544
11
3.3256896062992127
21
1.9398674409448819
0
LINE
8
BLACK
6
CONTINUOUS
10
3.3256896062992127
20
1.9398674409448819
11
3.3254415748031496
21
1.9400235433070865
0
LINE
8
BLACK
6
CONTINUOUS
10
3.3254415748031496
20
1.9400235433070865
11
3.3253696456692912
21
1.9400533464566929
0
LINE
8
BLACK
6
CONTINUOUS
10
3.3253696456692912
20
1.9400533464566929
11
3.3252886614173227
21
1.9401198425196851
0
LINE
8
BLACK
6
CONTINUOUS
10
3.3252886614173227
20
1.9401198425196851
11
3.3251997244094489
21
1.9401757874015748
0
LINE
8
BLACK
6
CONTINUOUS
10
3.3251997244094489
20
1.9401757874015748
11
3.3251485433070864
21
1.9402348031496062
0
LINE
8
BLACK
6
CONTINUOUS
10
3.3251485433070864
20
1.9402348031496062
11
3.3249222047244094
21
1.9404205511811023
0
LINE
8
BLACK
6
CONTINUOUS
10
3.3249222047244094
20
1.9404205511811023
11
3.3230474409448818
21
1.9422953149606299
0
LINE
8
BLACK
6
CONTINUOUS
10
3.3230474409448818
20
1.9422953149606299
11
3.3228616535433071
21
1.9425216929133857
0
LINE
8
BLACK
6
CONTINUOUS
10
3.3228616535433071
20
1.9425216929133857
11
3.3228026771653543
21
1.9425728346456692
0
LINE
8
BLACK
6
CONTINUOUS
10
3.3228026771653543
20
1.9425728346456692
11
3.3227466929133858
21
1.942661811023622
0
LINE
8
BLACK
6
CONTINUOUS
10
3.3227466929133858
20
1.942661811023622
11
3.3226802362204721
21
1.9427427559055117
0
LINE
8
BLACK
6
CONTINUOUS
10
3.3226802362204721
20
1.9427427559055117
11
3.3226503937007874
21
1.9428147244094487
0
LINE
8
BLACK
6
CONTINUOUS
10
3.3226503937007874
20
1.9428147244094487
11
3.3224943307086612
21
1.9430627165354331
0
LINE
8
BLACK
6
CONTINUOUS
10
3.3224943307086612
20
1.9430627165354331
11
3.3206195669291336
21
1.9468122440944882
0
LINE
8
BLACK
6
CONTINUOUS
10
3.3206195669291336
20
1.9468122440944882
11
3.3204126771653542
21
1.947352874015748
0
LINE
8
BLACK
6
CONTINUOUS
10
3.3204126771653542
20
1.947352874015748
11
3.3204051574803151
21
1.9474587007874016
0
LINE
8
BLACK
6
CONTINUOUS
10
3.3204051574803151
20
1.9474587007874016
11
3.320364566929134
21
1.9475566929133858
0
LINE
8
BLACK
6
CONTINUOUS
10
3.320364566929134
20
1.9475566929133858
11
3.3203078346456691
21
1.9481327559055117
0
LINE
8
BLACK
6
CONTINUOUS
10
3.3203078346456691
20
1.9481327559055117
11
3.3203078346456691
21
1.9556318110236219
0
LINE
8
BLACK
6
CONTINUOUS
10
3.3203078346456691
20
1.9556318110236219
11
3.320364566929134
21
1.956207874015748
0
LINE
8
BLACK
6
CONTINUOUS
10
3.320364566929134
20
1.956207874015748
11
3.3204051574803151
21
1.956305905511811
0
LINE
8
BLACK
6
CONTINUOUS
10
3.3204051574803151
20
1.956305905511811
11
3.3204126771653542
21
1.9564116929133857
0
LINE
8
BLACK
6
CONTINUOUS
10
3.3204126771653542
20
1.9564116929133857
11
3.3206195669291336
21
1.9569523228346457
0
LINE
8
BLACK
6
CONTINUOUS
10
3.3206195669291336
20
1.9569523228346457
11
3.3224943307086612
21
1.9607018503937008
0
LINE
8
BLACK
6
CONTINUOUS
10
3.3224943307086612
20
1.9607018503937008
11
3.3226503937007874
21
1.9609498818897637
0
LINE
8
BLACK
6
CONTINUOUS
10
3.3226503937007874
20
1.9609498818897637
11
3.3226802362204721
21
1.9610218110236219
0
LINE
8
BLACK
6
CONTINUOUS
10
3.3226802362204721
20
1.9610218110236219
11
3.3227466929133858
21
1.9611027952755906
0
LINE
8
BLACK
6
CONTINUOUS
10
3.3227466929133858
20
1.9611027952755906
11
3.3228026771653543
21
1.9611917322834644
0
LINE
8
BLACK
6
CONTINUOUS
10
3.3228026771653543
20
1.9611917322834644
11
3.3228616535433071
21
1.9612429133858267
0
LINE
8
BLACK
6
CONTINUOUS
10
3.3228616535433071
20
1.9612429133858267
11
3.3230474409448818
21
1.961469251968504
0
LINE
8
BLACK
6
CONTINUOUS
10
3.3230474409448818
20
1.961469251968504
11
3.3249222047244094
21
1.9633440157480315
0
LINE
8
BLACK
6
CONTINUOUS
10
3.3249222047244094
20
1.9633440157480315
11
3.3251485433070864
21
1.9635298031496062
0
LINE
8
BLACK
6
CONTINUOUS
10
3.3251485433070864
20
1.9635298031496062
11
3.3251997244094489
21
1.9635887795275591
0
LINE
8
BLACK
6
CONTINUOUS
10
3.3251997244094489
20
1.9635887795275591
11
3.3252886614173227
21
1.9636447637795276
0
LINE
8
BLACK
6
CONTINUOUS
10
3.3252886614173227
20
1.9636447637795276
11
3.3253696456692912
21
1.963711220472441
0
LINE
8
BLACK
6
CONTINUOUS
10
3.3253696456692912
20
1.963711220472441
11
3.3254415748031496
21
1.9637410629921259
0
LINE
8
BLACK
6
CONTINUOUS
10
3.3254415748031496
20
1.9637410629921259
11
3.3256896062992127
21
1.9638971259842519
0
LINE
8
BLACK
6
CONTINUOUS
10
3.3256896062992127
20
1.9638971259842519
11
3.3294391338582678
21
1.9657718897637795
0
LINE
8
BLACK
6
CONTINUOUS
10
3.3294391338582678
20
1.9657718897637795
11
3.3299797244094487
21
1.965978779527559
0
LINE
8
BLACK
6
CONTINUOUS
10
3.3299797244094487
20
1.965978779527559
11
3.3300855905511808
21
1.965986338582677
0
LINE
8
BLACK
6
CONTINUOUS
10
3.3300855905511808
20
1.965986338582677
11
3.3301835826771651
21
1.9660268897637794
0
LINE
8
BLACK
6
CONTINUOUS
10
3.3301835826771651
20
1.9660268897637794
11
3.3307596456692914
21
1.966083622047244
0
LINE
8
BLACK
6
CONTINUOUS
10
3.3307596456692914
20
1.966083622047244
11
3.3326344094488189
21
1.966083622047244
0
LINE
8
BLACK
6
CONTINUOUS
10
3.3326344094488189
20
1.966083622047244
11
3.3332104724409448
21
1.9660268897637794
0
LINE
8
BLACK
6
CONTINUOUS
10
3.3287592125984253
20
1.95882937007874
11
3.3275620866141731
21
1.9576322440944882
0
LINE
8
BLACK
6
CONTINUOUS
10
3.3275620866141731
20
1.9576322440944882
11
3.3262133464566928
21
1.9549347637795276
0
LINE
8
BLACK
6
CONTINUOUS
10
3.3262133464566928
20
1.9549347637795276
11
3.3262133464566928
21
1.9488298031496063
0
LINE
8
BLACK
6
CONTINUOUS
10
3.3262133464566928
20
1.9488298031496063
11
3.3275620866141731
21
1.9461323228346457
0
LINE
8
BLACK
6
CONTINUOUS
10
3.3275620866141731
20
1.9461323228346457
11
3.3287592125984253
21
1.9449351968503936
0
LINE
8
BLACK
6
CONTINUOUS
10
3.3287592125984253
20
1.9449351968503936
11
3.3314566929133855
21
1.9435864566929133
0
LINE
8
BLACK
6
CONTINUOUS
10
3.3314566929133855
20
1.9435864566929133
11
3.3319373622047244
21
1.9435864566929133
0
LINE
8
BLACK
6
CONTINUOUS
10
3.3319373622047244
20
1.9435864566929133
11
3.334634842519685
21
1.9449351968503936
0
LINE
8
BLACK
6
CONTINUOUS
10
3.334634842519685
20
1.9449351968503936
11
3.3358319685039368
21
1.9461323228346457
0
LINE
8
BLACK
6
CONTINUOUS
10
3.3358319685039368
20
1.9461323228346457
11
3.3371807086614171
21
1.9488298031496063
0
LINE
8
BLACK
6
CONTINUOUS
10
3.3371807086614171
20
1.9488298031496063
11
3.3371807086614171
21
1.9549347637795276
0
LINE
8
BLACK
6
CONTINUOUS
10
3.3371807086614171
20
1.9549347637795276
11
3.3358319685039368
21
1.9576322440944882
0
LINE
8
BLACK
6
CONTINUOUS
10
3.3358319685039368
20
1.9576322440944882
11
3.334634842519685
21
1.95882937007874
0
LINE
8
BLACK
6
CONTINUOUS
10
3.334634842519685
20
1.95882937007874
11
3.3319373622047244
21
1.9601781102362204
0
LINE
8
BLACK
6
CONTINUOUS
10
3.3319373622047244
20
1.9601781102362204
11
3.3314566929133855
21
1.9601781102362204
0
LINE
8
BLACK
6
CONTINUOUS
10
3.3314566929133855
20
1.9601781102362204
11
3.3287592125984253
21
1.95882937007874
0
LINE
8
BLACK
6
CONTINUOUS
10
3.3456320866141733
20
1.95882937007874
11
3.3444349606299211
21
1.9576322440944882
0
LINE
8
BLACK
6
CONTINUOUS
10
3.3444349606299211
20
1.9576322440944882
11
3.3430862204724408
21
1.9549347637795276
0
LINE
8
BLACK
6
CONTINUOUS
10
3.3430862204724408
20
1.9549347637795276
11
3.3430862204724408
21
1.9488298031496063
0
LINE
8
BLACK
6
CONTINUOUS
10
3.3430862204724408
20
1.9488298031496063
11
3.3444349606299211
21
1.9461323228346457
0
LINE
8
BLACK
6
CONTINUOUS
10
3.3444349606299211
20
1.9461323228346457
11
3.3456320866141733
21
1.9449351968503936
0
LINE
8
BLACK
6
CONTINUOUS
10
3.3456320866141733
20
1.9449351968503936
11
3.348329566929134
21
1.9435864566929133
0
LINE
8
BLACK
6
CONTINUOUS
10
3.348329566929134
20
1.9435864566929133
11
3.354434527559055
21
1.9435864566929133
0
LINE
8
BLACK
6
CONTINUOUS
10
3.354434527559055
20
1.9435864566929133
11
3.3571320078740157
21
1.9449352362204724
0
LINE
8
BLACK
6
CONTINUOUS
10
3.3571320078740157
20
1.9449352362204724
11
3.3583291732283462
21
1.9461323622047244
0
LINE
8
BLACK
6
CONTINUOUS
10
3.3583291732283462
20
1.9461323622047244
11
3.3596779133858266
21
1.9488298031496063
0
LINE
8
BLACK
6
CONTINUOUS
10
3.3596779133858266
20
1.9488298031496063
11
3.3596779133858266
21
1.9549347637795276
0
LINE
8
BLACK
6
CONTINUOUS
10
3.3596779133858266
20
1.9549347637795276
11
3.3583291732283462
21
1.9576322440944882
0
LINE
8
BLACK
6
CONTINUOUS
10
3.3583291732283462
20
1.9576322440944882
11
3.3571320078740157
21
1.95882937007874
0
LINE
8
BLACK
6
CONTINUOUS
10
3.3571320078740157
20
1.95882937007874
11
3.354434527559055
21
1.9601781102362204
0
LINE
8
BLACK
6
CONTINUOUS
10
3.354434527559055
20
1.9601781102362204
11
3.348329566929134
21
1.9601781102362204
0
LINE
8
BLACK
6
CONTINUOUS
10
3.348329566929134
20
1.9601781102362204
11
3.3456320866141733
21
1.95882937007874
0
LINE
8
BLACK
6
CONTINUOUS
10
-0.2972950393700787
20
2.0035690551181102
11
-0.2972520078740157
21
2.0035754330708659
0
LINE
8
BLACK
6
CONTINUOUS
10
-0.2972520078740157
20
2.0035754330708659
11
-0.2970365354330708
21
2.0035435826771653
0
LINE
8
BLACK
6
CONTINUOUS
10
-0.2970365354330708
20
2.0035435826771653
11
-0.2968194881889764
21
2.0035222047244092
0
LINE
8
BLACK
6
CONTINUOUS
10
-0.2968194881889764
20
2.0035222047244092
11
-0.2967792913385827
21
2.0035055905511809
0
LINE
8
BLACK
6
CONTINUOUS
10
-0.2967792913385827
20
2.0035055905511809
11
-0.2966794094488189
21
2.0034907874015748
0
LINE
8
BLACK
6
CONTINUOUS
10
-0.2966794094488189
20
2.0034907874015748
11
-0.2891803543307087
21
2.0016160236220473
0
LINE
8
BLACK
6
CONTINUOUS
10
-0.2891803543307087
20
2.0016160236220473
11
-0.289137874015748
21
2.0016008661417324
0
LINE
8
BLACK
6
CONTINUOUS
10
-0.289137874015748
20
2.0016008661417324
11
-0.2891166141732283
21
2.0015993307086615
0
LINE
8
BLACK
6
CONTINUOUS
10
-0.2891166141732283
20
2.0015993307086615
11
-0.2888772047244094
21
2.0015077165354329
0
LINE
8
BLACK
6
CONTINUOUS
10
-0.2888772047244094
20
2.0015077165354329
11
-0.2886352362204724
21
2.0014212598425196
0
LINE
8
BLACK
6
CONTINUOUS
10
-0.2886352362204724
20
2.0014212598425196
11
-0.2886181102362205
21
2.0014085826771653
0
LINE
8
BLACK
6
CONTINUOUS
10
-0.2886181102362205
20
2.0014085826771653
11
-0.2885759842519685
21
2.001392440944882
0
LINE
8
BLACK
6
CONTINUOUS
10
-0.2885759842519685
20
2.001392440944882
11
-0.2848264566929134
21
1.9995176771653542
0
LINE
8
BLACK
6
CONTINUOUS
10
-0.2848264566929134
20
1.9995176771653542
11
-0.2845785826771653
21
1.999361653543307
0
LINE
8
BLACK
6
CONTINUOUS
10
-0.2845785826771653
20
1.999361653543307
11
-0.2845065354330709
21
1.999331811023622
0
LINE
8
BLACK
6
CONTINUOUS
10
-0.2845065354330709
20
1.999331811023622
11
-0.2844255118110236
21
1.9992653149606299
0
LINE
8
BLACK
6
CONTINUOUS
10
-0.2844255118110236
20
1.9992653149606299
11
-0.2843365748031496
21
1.9992093307086614
0
LINE
8
BLACK
6
CONTINUOUS
10
-0.2843365748031496
20
1.9992093307086614
11
-0.2842854330708661
21
1.9991503543307085
0
LINE
8
BLACK
6
CONTINUOUS
10
-0.2842854330708661
20
1.9991503543307085
11
-0.2840590944881889
21
1.9989646062992126
0
LINE
8
BLACK
6
CONTINUOUS
10
-0.2840590944881889
20
1.9989646062992126
11
-0.2821842913385827
21
1.997089842519685
0
LINE
8
BLACK
6
CONTINUOUS
10
-0.2821842913385827
20
1.997089842519685
11
-0.2819985433070866
21
1.9968635039370077
0
LINE
8
BLACK
6
CONTINUOUS
10
-0.2819985433070866
20
1.9968635039370077
11
-0.2819394881889764
21
1.996812283464567
0
LINE
8
BLACK
6
CONTINUOUS
10
-0.2819394881889764
20
1.996812283464567
11
-0.2818835039370078
21
1.9967233464566929
0
LINE
8
BLACK
6
CONTINUOUS
10
-0.2818835039370078
20
1.9967233464566929
11
-0.2818170472440945
21
1.9966423622047245
0
LINE
8
BLACK
6
CONTINUOUS
10
-0.2818170472440945
20
1.9966423622047245
11
-0.2817872440944882
21
1.996570433070866
0
LINE
8
BLACK
6
CONTINUOUS
10
-0.2817872440944882
20
1.996570433070866
11
-0.2816311417322835
21
1.9963224015748031
0
LINE
8
BLACK
6
CONTINUOUS
10
-0.2816311417322835
20
1.9963224015748031
11
-0.2797563779527559
21
1.992572874015748
0
LINE
8
BLACK
6
CONTINUOUS
10
-0.2797563779527559
20
1.992572874015748
11
-0.2795494881889763
21
1.992032283464567
0
LINE
8
BLACK
6
CONTINUOUS
10
-0.2795494881889763
20
1.992032283464567
11
-0.279541968503937
21
1.9919264173228346
0
LINE
8
BLACK
6
CONTINUOUS
10
-0.279541968503937
20
1.9919264173228346
11
-0.2795013779527559
21
1.9918284251968503
0
LINE
8
BLACK
6
CONTINUOUS
10
-0.2795013779527559
20
1.9918284251968503
11
-0.2794446456692913
21
1.9912523622047245
0
LINE
8
BLACK
6
CONTINUOUS
10
-0.2794446456692913
20
1.9912523622047245
11
-0.2794446456692913
21
1.9875028346456693
0
LINE
8
BLACK
6
CONTINUOUS
10
-0.2794446456692913
20
1.9875028346456693
11
-0.2795013779527559
21
1.9869267716535433
0
LINE
8
BLACK
6
CONTINUOUS
10
-0.2795013779527559
20
1.9869267716535433
11
-0.279541968503937
21
1.9868288188976377
0
LINE
8
BLACK
6
CONTINUOUS
10
-0.279541968503937
20
1.9868288188976377
11
-0.2795494881889763
21
1.9867229133858266
0
LINE
8
BLACK
6
CONTINUOUS
10
-0.2795494881889763
20
1.9867229133858266
11
-0.2797563779527559
21
1.9861823228346456
0
LINE
8
BLACK
6
CONTINUOUS
10
-0.2797563779527559
20
1.9861823228346456
11
-0.2816311417322835
21
1.9824327952755905
0
LINE
8
BLACK
6
CONTINUOUS
10
-0.2816311417322835
20
1.9824327952755905
11
-0.2817872440944882
21
1.9821848031496063
0
LINE
8
BLACK
6
CONTINUOUS
10
-0.2817872440944882
20
1.9821848031496063
11
-0.2818170472440945
21
1.9821128346456693
0
LINE
8
BLACK
6
CONTINUOUS
10
-0.2818170472440945
20
1.9821128346456693
11
-0.2818835039370078
21
1.9820318897637794
0
LINE
8
BLACK
6
CONTINUOUS
10
-0.2818835039370078
20
1.9820318897637794
11
-0.2819394881889764
21
1.9819429133858266
0
LINE
8
BLACK
6
CONTINUOUS
10
-0.2819394881889764
20
1.9819429133858266
11
-0.2819985433070866
21
1.9818917322834646
0
LINE
8
BLACK
6
CONTINUOUS
10
-0.2819985433070866
20
1.9818917322834646
11
-0.2821842913385827
21
1.9816653543307086
0
LINE
8
BLACK
6
CONTINUOUS
10
-0.2821842913385827
20
1.9816653543307086
11
-0.2840590944881889
21
1.979790590551181
0
LINE
8
BLACK
6
CONTINUOUS
10
-0.2840590944881889
20
1.979790590551181
11
-0.2842854330708661
21
1.9796048818897638
0
LINE
8
BLACK
6
CONTINUOUS
10
-0.2842854330708661
20
1.9796048818897638
11
-0.2843365748031496
21
1.9795458661417322
0
LINE
8
BLACK
6
CONTINUOUS
10
-0.2843365748031496
20
1.9795458661417322
11
-0.2844255118110236
21
1.9794899212598425
0
LINE
8
BLACK
6
CONTINUOUS
10
-0.2844255118110236
20
1.9794899212598425
11
-0.2845065354330709
21
1.9794233858267716
0
LINE
8
BLACK
6
CONTINUOUS
10
-0.2845065354330709
20
1.9794233858267716
11
-0.2845785826771653
21
1.9793935826771654
0
LINE
8
BLACK
6
CONTINUOUS
10
-0.2845785826771653
20
1.9793935826771654
11
-0.2848264566929134
21
1.9792375196850394
0
LINE
8
BLACK
6
CONTINUOUS
10
-0.2848264566929134
20
1.9792375196850394
11
-0.2885759842519685
21
1.9773627559055118
0
LINE
8
BLACK
6
CONTINUOUS
10
-0.2885759842519685
20
1.9773627559055118
11
-0.2886181102362205
21
1.9773466535433071
0
LINE
8
BLACK
6
CONTINUOUS
10
-0.2886181102362205
20
1.9773466535433071
11
-0.2886352362204724
21
1.977333937007874
0
LINE
8
BLACK
6
CONTINUOUS
10
-0.2886352362204724
20
1.977333937007874
11
-0.2888772047244094
21
1.9772475196850394
0
LINE
8
BLACK
6
CONTINUOUS
10
-0.2888772047244094
20
1.9772475196850394
11
-0.2891166141732283
21
1.9771558661417323
0
LINE
8
BLACK
6
CONTINUOUS
10
-0.2891166141732283
20
1.9771558661417323
11
-0.289137874015748
21
1.9771543700787402
0
LINE
8
BLACK
6
CONTINUOUS
10
-0.289137874015748
20
1.9771543700787402
11
-0.2891803543307087
21
1.9771391732283463
0
LINE
8
BLACK
6
CONTINUOUS
10
-0.2891803543307087
20
1.9771391732283463
11
-0.2966794094488189
21
1.9752644094488188
0
LINE
8
BLACK
6
CONTINUOUS
10
-0.2966794094488189
20
1.9752644094488188
11
-0.2967792913385827
21
1.9752496456692914
0
LINE
8
BLACK
6
CONTINUOUS
10
-0.2967792913385827
20
1.9752496456692914
11
-0.2968194881889764
21
1.9752329921259841
0
LINE
8
BLACK
6
CONTINUOUS
10
-0.2968194881889764
20
1.9752329921259841
11
-0.2970365354330708
21
1.9752116535433071
0
LINE
8
BLACK
6
CONTINUOUS
10
-0.2970365354330708
20
1.9752116535433071
11
-0.2972520078740157
21
1.9751797637795274
0
LINE
8
BLACK
6
CONTINUOUS
10
-0.2972520078740157
20
1.9751797637795274
11
-0.2972950393700787
21
1.9751861811023621
0
LINE
8
BLACK
6
CONTINUOUS
10
-0.2972950393700787
20
1.9751861811023621
11
-0.2973955511811023
21
1.9751762598425195
0
LINE
8
BLACK
6
CONTINUOUS
10
-0.2973955511811023
20
1.9751762598425195
11
-0.3067693700787402
21
1.9751762598425195
0
LINE
8
BLACK
6
CONTINUOUS
10
-0.3067693700787402
20
1.9751762598425195
11
-0.3068699212598425
21
1.9751861811023621
0
LINE
8
BLACK
6
CONTINUOUS
10
-0.3068699212598425
20
1.9751861811023621
11
-0.3069129133858268
21
1.9751797637795274
0
LINE
8
BLACK
6
CONTINUOUS
10
-0.3069129133858268
20
1.9751797637795274
11
-0.3071284251968504
21
1.9752116535433071
0
LINE
8
BLACK
6
CONTINUOUS
10
-0.3071284251968504
20
1.9752116535433071
11
-0.3073454330708661
21
1.9752329921259841
0
LINE
8
BLACK
6
CONTINUOUS
10
-0.3073454330708661
20
1.9752329921259841
11
-0.3073856692913386
21
1.9752496456692914
0
LINE
8
BLACK
6
CONTINUOUS
10
-0.3073856692913386
20
1.9752496456692914
11
-0.3074855118110236
21
1.9752644094488188
0
LINE
8
BLACK
6
CONTINUOUS
10
-0.3074855118110236
20
1.9752644094488188
11
-0.3149845669291338
21
1.9771391732283463
0
LINE
8
BLACK
6
CONTINUOUS
10
-0.3149845669291338
20
1.9771391732283463
11
-0.3150270866141732
21
1.9771543700787402
0
LINE
8
BLACK
6
CONTINUOUS
10
-0.3150270866141732
20
1.9771543700787402
11
-0.3150483464566929
21
1.9771558661417323
0
LINE
8
BLACK
6
CONTINUOUS
10
-0.3150483464566929
20
1.9771558661417323
11
-0.3152881102362204
21
1.9772476377952755
0
LINE
8
BLACK
6
CONTINUOUS
10
-0.3152881102362204
20
1.9772476377952755
11
-0.3155296850393701
21
1.977333937007874
0
LINE
8
BLACK
6
CONTINUOUS
10
-0.3155296850393701
20
1.977333937007874
11
-0.3155468503937008
21
1.9773466535433071
0
LINE
8
BLACK
6
CONTINUOUS
10
-0.3155468503937008
20
1.9773466535433071
11
-0.315588937007874
21
1.9773627559055118
0
LINE
8
BLACK
6
CONTINUOUS
10
-0.315588937007874
20
1.9773627559055118
11
-0.3193384645669291
21
1.9792375196850394
0
LINE
8
BLACK
6
CONTINUOUS
10
-0.3193384645669291
20
1.9792375196850394
11
-0.3195864960629921
21
1.9793936220472441
0
LINE
8
BLACK
6
CONTINUOUS
10
-0.3195864960629921
20
1.9793936220472441
11
-0.3196584251968504
21
1.9794234251968503
0
LINE
8
BLACK
6
CONTINUOUS
10
-0.3196584251968504
20
1.9794234251968503
11
-0.3197394094488189
21
1.9794899212598425
0
LINE
8
BLACK
6
CONTINUOUS
10
-0.3197394094488189
20
1.9794899212598425
11
-0.3198283464566929
21
1.9795458661417322
0
LINE
8
BLACK
6
CONTINUOUS
10
-0.3198283464566929
20
1.9795458661417322
11
-0.3198795275590551
21
1.9796048818897638
0
LINE
8
BLACK
6
CONTINUOUS
10
-0.3198795275590551
20
1.9796048818897638
11
-0.3201058661417323
21
1.9797906299212598
0
LINE
8
BLACK
6
CONTINUOUS
10
-0.3201058661417323
20
1.9797906299212598
11
-0.3219806299212598
21
1.9816653937007873
0
LINE
8
BLACK
6
CONTINUOUS
10
-0.3219806299212598
20
1.9816653937007873
11
-0.3221664173228346
21
1.9818917716535434
0
LINE
8
BLACK
6
CONTINUOUS
10
-0.3221664173228346
20
1.9818917716535434
11
-0.3222253937007874
21
1.9819429133858266
0
LINE
8
BLACK
6
CONTINUOUS
10
-0.3222253937007874
20
1.9819429133858266
11
-0.3222813779527559
21
1.9820318897637794
0
LINE
8
BLACK
6
CONTINUOUS
10
-0.3222813779527559
20
1.9820318897637794
11
-0.3223478346456693
21
1.9821128346456693
0
LINE
8
BLACK
6
CONTINUOUS
10
-0.3223478346456693
20
1.9821128346456693
11
-0.3223776771653543
21
1.9821848031496063
0
LINE
8
BLACK
6
CONTINUOUS
10
-0.3223776771653543
20
1.9821848031496063
11
-0.3225337401574803
21
1.9824327952755905
0
LINE
8
BLACK
6
CONTINUOUS
10
-0.3225337401574803
20
1.9824327952755905
11
-0.3244085039370079
21
1.9861823228346456
0
LINE
8
BLACK
6
CONTINUOUS
10
-0.3244085039370079
20
1.9861823228346456
11
-0.3246153937007874
21
1.9867229527559054
0
LINE
8
BLACK
6
CONTINUOUS
10
-0.3246153937007874
20
1.9867229527559054
11
-0.3246229133858268
21
1.986828779527559
0
LINE
8
BLACK
6
CONTINUOUS
10
-0.3246229133858268
20
1.986828779527559
11
-0.3246635039370079
21
1.9869267716535433
0
LINE
8
BLACK
6
CONTINUOUS
10
-0.3246635039370079
20
1.9869267716535433
11
-0.3247202362204724
21
1.9875028346456693
0
LINE
8
BLACK
6
CONTINUOUS
10
-0.3247202362204724
20
1.9875028346456693
11
-0.3247202362204724
21
1.9912523622047245
0
LINE
8
BLACK
6
CONTINUOUS
10
-0.3247202362204724
20
1.9912523622047245
11
-0.3246635039370079
21
1.9918284251968503
0
LINE
8
BLACK
6
CONTINUOUS
10
-0.3246635039370079
20
1.9918284251968503
11
-0.3246229133858268
21
1.9919264566929133
0
LINE
8
BLACK
6
CONTINUOUS
10
-0.3246229133858268
20
1.9919264566929133
11
-0.3246153937007874
21
1.9920322440944882
0
LINE
8
BLACK
6
CONTINUOUS
10
-0.3246153937007874
20
1.9920322440944882
11
-0.3244085039370079
21
1.992572874015748
0
LINE
8
BLACK
6
CONTINUOUS
10
-0.3244085039370079
20
1.992572874015748
11
-0.3225337401574803
21
1.9963224015748031
0
LINE
8
BLACK
6
CONTINUOUS
10
-0.3225337401574803
20
1.9963224015748031
11
-0.3223776771653543
21
1.996570433070866
0
LINE
8
BLACK
6
CONTINUOUS
10
-0.3223776771653543
20
1.996570433070866
11
-0.3223478346456693
21
1.9966423622047245
0
LINE
8
BLACK
6
CONTINUOUS
10
-0.3223478346456693
20
1.9966423622047245
11
-0.3222813779527559
21
1.9967233464566929
0
LINE
8
BLACK
6
CONTINUOUS
10
-0.3222813779527559
20
1.9967233464566929
11
-0.3222253937007874
21
1.996812283464567
0
LINE
8
BLACK
6
CONTINUOUS
10
-0.3222253937007874
20
1.996812283464567
11
-0.3221664173228346
21
1.996863464566929
0
LINE
8
BLACK
6
CONTINUOUS
10
-0.3221664173228346
20
1.996863464566929
11
-0.3219806299212598
21
1.9970898031496063
0
LINE
8
BLACK
6
CONTINUOUS
10
-0.3219806299212598
20
1.9970898031496063
11
-0.3201058661417323
21
1.9989645669291338
0
LINE
8
BLACK
6
CONTINUOUS
10
-0.3201058661417323
20
1.9989645669291338
11
-0.3198795275590551
21
1.9991503543307085
0
LINE
8
BLACK
6
CONTINUOUS
10
-0.3198795275590551
20
1.9991503543307085
11
-0.3198283464566929
21
1.9992093307086614
0
LINE
8
BLACK
6
CONTINUOUS
10
-0.3198283464566929
20
1.9992093307086614
11
-0.3197394094488189
21
1.9992653149606299
0
LINE
8
BLACK
6
CONTINUOUS
10
-0.3197394094488189
20
1.9992653149606299
11
-0.3196584251968504
21
1.9993317716535433
0
LINE
8
BLACK
6
CONTINUOUS
10
-0.3196584251968504
20
1.9993317716535433
11
-0.3195864960629921
21
1.9993616141732282
0
LINE
8
BLACK
6
CONTINUOUS
10
-0.3195864960629921
20
1.9993616141732282
11
-0.3193384645669291
21
1.9995176771653542
0
LINE
8
BLACK
6
CONTINUOUS
10
-0.3193384645669291
20
1.9995176771653542
11
-0.315588937007874
21
2.001392440944882
0
LINE
8
BLACK
6
CONTINUOUS
10
-0.315588937007874
20
2.001392440944882
11
-0.3155468503937008
21
2.0014085826771653
0
LINE
8
BLACK
6
CONTINUOUS
10
-0.3155468503937008
20
2.0014085826771653
11
-0.3155296850393701
21
2.0014212598425196
0
LINE
8
BLACK
6
CONTINUOUS
10
-0.3155296850393701
20
2.0014212598425196
11
-0.3152881102362204
21
2.0015075984251967
0
LINE
8
BLACK
6
CONTINUOUS
10
-0.3152881102362204
20
2.0015075984251967
11
-0.3150483464566929
21
2.0015993307086615
0
LINE
8
BLACK
6
CONTINUOUS
10
-0.3150483464566929
20
2.0015993307086615
11
-0.3150270866141732
21
2.0016008661417324
0
LINE
8
BLACK
6
CONTINUOUS
10
-0.3150270866141732
20
2.0016008661417324
11
-0.3149845669291338
21
2.0016160236220473
0
LINE
8
BLACK
6
CONTINUOUS
10
-0.3149845669291338
20
2.0016160236220473
11
-0.3074855118110236
21
2.0034907874015748
0
LINE
8
BLACK
6
CONTINUOUS
10
-0.3074855118110236
20
2.0034907874015748
11
-0.3073856692913386
21
2.0035055905511809
0
LINE
8
BLACK
6
CONTINUOUS
10
-0.3073856692913386
20
2.0035055905511809
11
-0.3073454330708661
21
2.0035222047244092
0
LINE
8
BLACK
6
CONTINUOUS
10
-0.3073454330708661
20
2.0035222047244092
11
-0.3071284251968504
21
2.0035435826771653
0
LINE
8
BLACK
6
CONTINUOUS
10
-0.3071284251968504
20
2.0035435826771653
11
-0.3069129133858268
21
2.0035754330708659
0
LINE
8
BLACK
6
CONTINUOUS
10
-0.3069129133858268
20
2.0035754330708659
11
-0.3068699212598425
21
2.0035690551181102
0
LINE
8
BLACK
6
CONTINUOUS
10
-0.3068699212598425
20
2.0035690551181102
11
-0.3067693700787402
21
2.003578937007874
0
LINE
8
BLACK
6
CONTINUOUS
10
-0.3067693700787402
20
2.003578937007874
11
-0.2973955511811023
21
2.003578937007874
0
LINE
8
BLACK
6
CONTINUOUS
10
-0.2973955511811023
20
2.003578937007874
11
-0.2972950393700787
21
2.0035690551181102
0
LINE
8
BLACK
6
CONTINUOUS
10
-0.313237874015748
20
1.995965433070866
11
-0.3162688582677165
21
1.9944499212598426
0
LINE
8
BLACK
6
CONTINUOUS
10
-0.3162688582677165
20
1.9944499212598426
11
-0.3174659842519685
21
1.9932527952755905
0
LINE
8
BLACK
6
CONTINUOUS
10
-0.3174659842519685
20
1.9932527952755905
11
-0.3188147244094488
21
1.9905553149606299
0
LINE
8
BLACK
6
CONTINUOUS
10
-0.3188147244094488
20
1.9905553149606299
11
-0.3188147244094488
21
1.9881998818897637
0
LINE
8
BLACK
6
CONTINUOUS
10
-0.3188147244094488
20
1.9881998818897637
11
-0.3174659842519685
21
1.9855024015748031
0
LINE
8
BLACK
6
CONTINUOUS
10
-0.3174659842519685
20
1.9855024015748031
11
-0.3162688582677165
21
1.984305275590551
0
LINE
8
BLACK
6
CONTINUOUS
10
-0.3162688582677165
20
1.984305275590551
11
-0.313237874015748
21
1.9827898031496063
0
LINE
8
BLACK
6
CONTINUOUS
10
-0.313237874015748
20
1.9827898031496063
11
-0.3064058267716535
21
1.9810817716535432
0
LINE
8
BLACK
6
CONTINUOUS
10
-0.3064058267716535
20
1.9810817716535432
11
-0.297759094488189
21
1.9810817716535432
0
LINE
8
BLACK
6
CONTINUOUS
10
-0.297759094488189
20
1.9810817716535432
11
-0.2909270472440945
21
1.9827898031496063
0
LINE
8
BLACK
6
CONTINUOUS
10
-0.2909270472440945
20
1.9827898031496063
11
-0.287896062992126
21
1.9843053149606298
0
LINE
8
BLACK
6
CONTINUOUS
10
-0.287896062992126
20
1.9843053149606298
11
-0.2866988976377953
21
1.9855024409448818
0
LINE
8
BLACK
6
CONTINUOUS
10
-0.2866988976377953
20
1.9855024409448818
11
-0.2853501574803149
21
1.9881998818897637
0
LINE
8
BLACK
6
CONTINUOUS
10
-0.2853501574803149
20
1.9881998818897637
11
-0.2853501574803149
21
1.9905553149606299
0
LINE
8
BLACK
6
CONTINUOUS
10
-0.2853501574803149
20
1.9905553149606299
11
-0.2866988976377953
21
1.9932527952755905
0
LINE
8
BLACK
6
CONTINUOUS
10
-0.2866988976377953
20
1.9932527952755905
11
-0.287896062992126
21
1.9944499212598426
0
LINE
8
BLACK
6
CONTINUOUS
10
-0.287896062992126
20
1.9944499212598426
11
-0.2909270472440945
21
1.995965433070866
0
LINE
8
BLACK
6
CONTINUOUS
10
-0.2909270472440945
20
1.995965433070866
11
-0.297759094488189
21
1.9976734251968504
0
LINE
8
BLACK
6
CONTINUOUS
10
-0.297759094488189
20
1.9976734251968504
11
-0.3064058267716535
21
1.9976734251968504
0
LINE
8
BLACK
6
CONTINUOUS
10
-0.3064058267716535
20
1.9976734251968504
11
-0.313237874015748
21
1.995965433070866
0
LINE
8
BLACK
6
CONTINUOUS
10
3.3477330314960629
20
2.0035690551181102
11
3.3477760629921258
21
2.0035754330708659
0
LINE
8
BLACK
6
CONTINUOUS
10
3.3477760629921258
20
2.0035754330708659
11
3.3479915354330707
21
2.0035435826771653
0
LINE
8
BLACK
6
CONTINUOUS
10
3.3479915354330707
20
2.0035435826771653
11
3.3482085826771653
21
2.0035222047244092
0
LINE
8
BLACK
6
CONTINUOUS
10
3.3482085826771653
20
2.0035222047244092
11
3.3482487795275588
21
2.0035055905511809
0
LINE
8
BLACK
6
CONTINUOUS
10
3.3482487795275588
20
2.0035055905511809
11
3.3483486614173228
21
2.0034907874015748
0
LINE
8
BLACK
6
CONTINUOUS
10
3.3483486614173228
20
2.0034907874015748
11
3.355847716535433
21
2.0016160236220473
0
LINE
8
BLACK
6
CONTINUOUS
10
3.355847716535433
20
2.0016160236220473
11
3.3558901968503938
21
2.0016008661417324
0
LINE
8
BLACK
6
CONTINUOUS
10
3.3558901968503938
20
2.0016008661417324
11
3.3559114566929131
21
2.0015993307086615
0
LINE
8
BLACK
6
CONTINUOUS
10
3.3559114566929131
20
2.0015993307086615
11
3.3561508661417321
21
2.0015077165354329
0
LINE
8
BLACK
6
CONTINUOUS
10
3.3561508661417321
20
2.0015077165354329
11
3.3563928346456691
21
2.0014212598425196
0
LINE
8
BLACK
6
CONTINUOUS
10
3.3563928346456691
20
2.0014212598425196
11
3.3564099606299211
21
2.0014085826771653
0
LINE
8
BLACK
6
CONTINUOUS
10
3.3564099606299211
20
2.0014085826771653
11
3.3564520866141732
21
2.001392440944882
0
LINE
8
BLACK
6
CONTINUOUS
10
3.3564520866141732
20
2.001392440944882
11
3.3602016141732283
21
1.9995176771653542
0
LINE
8
BLACK
6
CONTINUOUS
10
3.3602016141732283
20
1.9995176771653542
11
3.3604494881889764
21
1.999361653543307
0
LINE
8
BLACK
6
CONTINUOUS
10
3.3604494881889764
20
1.999361653543307
11
3.3605215354330706
21
1.999331811023622
0
LINE
8
BLACK
6
CONTINUOUS
10
3.3605215354330706
20
1.999331811023622
11
3.3606025590551178
21
1.9992653149606299
0
LINE
8
BLACK
6
CONTINUOUS
10
3.3606025590551178
20
1.9992653149606299
11
3.3606914960629921
21
1.9992093307086614
0
LINE
8
BLACK
6
CONTINUOUS
10
3.3606914960629921
20
1.9992093307086614
11
3.3607426377952754
21
1.9991503543307085
0
LINE
8
BLACK
6
CONTINUOUS
10
3.3607426377952754
20
1.9991503543307085
11
3.3609689763779529
21
1.9989646062992126
0
LINE
8
BLACK
6
CONTINUOUS
10
3.3609689763779529
20
1.9989646062992126
11
3.3628437795275592
21
1.997089842519685
0
LINE
8
BLACK
6
CONTINUOUS
10
3.3628437795275592
20
1.997089842519685
11
3.3630295275590552
21
1.9968635039370077
0
LINE
8
BLACK
6
CONTINUOUS
10
3.3630295275590552
20
1.9968635039370077
11
3.3630885826771655
21
1.996812283464567
0
LINE
8
BLACK
6
CONTINUOUS
10
3.3630885826771655
20
1.996812283464567
11
3.363144566929134
21
1.9967233464566929
0
LINE
8
BLACK
6
CONTINUOUS
10
3.363144566929134
20
1.9967233464566929
11
3.3632110236220472
21
1.9966423622047245
0
LINE
8
BLACK
6
CONTINUOUS
10
3.3632110236220472
20
1.9966423622047245
11
3.3632408267716536
21
1.996570433070866
0
LINE
8
BLACK
6
CONTINUOUS
10
3.3632408267716536
20
1.996570433070866
11
3.3633969291338581
21
1.9963224015748031
0
LINE
8
BLACK
6
CONTINUOUS
10
3.3633969291338581
20
1.9963224015748031
11
3.3652716929133857
21
1.992572874015748
0
LINE
8
BLACK
6
CONTINUOUS
10
3.3652716929133857
20
1.992572874015748
11
3.3654785826771652
21
1.992032283464567
0
LINE
8
BLACK
6
CONTINUOUS
10
3.3654785826771652
20
1.992032283464567
11
3.3654861023622047
21
1.9919264173228346
0
LINE
8
BLACK
6
CONTINUOUS
10
3.3654861023622047
20
1.9919264173228346
11
3.3655266929133858
21
1.9918284251968503
0
LINE
8
BLACK
6
CONTINUOUS
10
3.3655266929133858
20
1.9918284251968503
11
3.3655834251968502
21
1.9912523622047245
0
LINE
8
BLACK
6
CONTINUOUS
10
3.3655834251968502
20
1.9912523622047245
11
3.3655834251968502
21
1.9875028346456693
0
LINE
8
BLACK
6
CONTINUOUS
10
3.3655834251968502
20
1.9875028346456693
11
3.3655266929133858
21
1.9869267716535433
0
LINE
8
BLACK
6
CONTINUOUS
10
3.3655266929133858
20
1.9869267716535433
11
3.3654861023622047
21
1.9868288188976377
0
LINE
8
BLACK
6
CONTINUOUS
10
3.3654861023622047
20
1.9868288188976377
11
3.3654785826771652
21
1.9867229133858266
0
LINE
8
BLACK
6
CONTINUOUS
10
3.3654785826771652
20
1.9867229133858266
11
3.3652716929133857
21
1.9861823228346456
0
LINE
8
BLACK
6
CONTINUOUS
10
3.3652716929133857
20
1.9861823228346456
11
3.3633969291338581
21
1.9824327952755905
0
LINE
8
BLACK
6
CONTINUOUS
10
3.3633969291338581
20
1.9824327952755905
11
3.3632408267716536
21
1.9821848031496063
0
LINE
8
BLACK
6
CONTINUOUS
10
3.3632408267716536
20
1.9821848031496063
11
3.3632110236220472
21
1.9821128346456693
0
LINE
8
BLACK
6
CONTINUOUS
10
3.3632110236220472
20
1.9821128346456693
11
3.363144566929134
21
1.9820318897637794
0
LINE
8
BLACK
6
CONTINUOUS
10
3.363144566929134
20
1.9820318897637794
11
3.3630885826771655
21
1.9819429133858266
0
LINE
8
BLACK
6
CONTINUOUS
10
3.3630885826771655
20
1.9819429133858266
11
3.3630295275590552
21
1.9818917322834646
0
LINE
8
BLACK
6
CONTINUOUS
10
3.3630295275590552
20
1.9818917322834646
11
3.3628437795275592
21
1.9816653543307086
0
LINE
8
BLACK
6
CONTINUOUS
10
3.3628437795275592
20
1.9816653543307086
11
3.3609689763779529
21
1.979790590551181
0
LINE
8
BLACK
6
CONTINUOUS
10
3.3609689763779529
20
1.979790590551181
11
3.3607426377952754
21
1.9796048818897638
0
LINE
8
BLACK
6
CONTINUOUS
10
3.3607426377952754
20
1.9796048818897638
11
3.3606914960629921
21
1.9795458661417322
0
LINE
8
BLACK
6
CONTINUOUS
10
3.3606914960629921
20
1.9795458661417322
11
3.3606025590551178
21
1.9794899212598425
0
LINE
8
BLACK
6
CONTINUOUS
10
3.3606025590551178
20
1.9794899212598425
11
3.3605215354330706
21
1.9794233858267716
0
LINE
8
BLACK
6
CONTINUOUS
10
3.3605215354330706
20
1.9794233858267716
11
3.3604494881889764
21
1.9793935826771654
0
LINE
8
BLACK
6
CONTINUOUS
10
3.3604494881889764
20
1.9793935826771654
11
3.3602016141732283
21
1.9792375196850394
0
LINE
8
BLACK
6
CONTINUOUS
10
3.3602016141732283
20
1.9792375196850394
11
3.3564520866141732
21
1.9773627559055118
0
LINE
8
BLACK
6
CONTINUOUS
10
3.3564520866141732
20
1.9773627559055118
11
3.3564099606299211
21
1.9773466535433071
0
LINE
8
BLACK
6
CONTINUOUS
10
3.3564099606299211
20
1.9773466535433071
11
3.3563928346456691
21
1.977333937007874
0
LINE
8
BLACK
6
CONTINUOUS
10
3.3563928346456691
20
1.977333937007874
11
3.3561508661417321
21
1.9772475196850394
0
LINE
8
BLACK
6
CONTINUOUS
10
3.3561508661417321
20
1.9772475196850394
11
3.3559114566929131
21
1.9771558661417323
0
LINE
8
BLACK
6
CONTINUOUS
10
3.3559114566929131
20
1.9771558661417323
11
3.3558901968503938
21
1.9771543700787402
0
LINE
8
BLACK
6
CONTINUOUS
10
3.3558901968503938
20
1.9771543700787402
11
3.355847716535433
21
1.9771391732283463
0
LINE
8
BLACK
6
CONTINUOUS
10
3.355847716535433
20
1.9771391732283463
11
3.3483486614173228
21
1.9752644094488188
0
LINE
8
BLACK
6
CONTINUOUS
10
3.3483486614173228
20
1.9752644094488188
11
3.3482487795275588
21
1.9752496456692914
0
LINE
8
BLACK
6
CONTINUOUS
10
3.3482487795275588
20
1.9752496456692914
11
3.3482085826771653
21
1.9752329921259841
0
LINE
8
BLACK
6
CONTINUOUS
10
3.3482085826771653
20
1.9752329921259841
11
3.3479915354330707
21
1.9752116535433071
0
LINE
8
BLACK
6
CONTINUOUS
10
3.3479915354330707
20
1.9752116535433071
11
3.3477760629921258
21
1.9751797637795274
0
LINE
8
BLACK
6
CONTINUOUS
10
3.3477760629921258
20
1.9751797637795274
11
3.3477330314960629
21
1.9751861811023621
0
LINE
8
BLACK
6
CONTINUOUS
10
3.3477330314960629
20
1.9751861811023621
11
3.3476325196850394
21
1.9751762598425195
0
LINE
8
BLACK
6
CONTINUOUS
10
3.3476325196850394
20
1.9751762598425195
11
3.3382587007874016
21
1.9751762598425195
0
LINE
8
BLACK
6
CONTINUOUS
10
3.3382587007874016
20
1.9751762598425195
11
3.3381581496062993
21
1.9751861811023621
0
LINE
8
BLACK
6
CONTINUOUS
10
3.3381581496062993
20
1.9751861811023621
11
3.3381151574803147
21
1.9751797637795274
0
LINE
8
BLACK
6
CONTINUOUS
10
3.3381151574803147
20
1.9751797637795274
11
3.3378996456692911
21
1.9752116535433071
0
LINE
8
BLACK
6
CONTINUOUS
10
3.3378996456692911
20
1.9752116535433071
11
3.3376826377952753
21
1.9752329921259841
0
LINE
8
BLACK
6
CONTINUOUS
10
3.3376826377952753
20
1.9752329921259841
11
3.337642401574803
21
1.9752496456692914
0
LINE
8
BLACK
6
CONTINUOUS
10
3.337642401574803
20
1.9752496456692914
11
3.3375425590551182
21
1.9752644094488188
0
LINE
8
BLACK
6
CONTINUOUS
10
3.3375425590551182
20
1.9752644094488188
11
3.330043503937008
21
1.9771391732283463
0
LINE
8
BLACK
6
CONTINUOUS
10
3.330043503937008
20
1.9771391732283463
11
3.3300009842519684
21
1.9771543700787402
0
LINE
8
BLACK
6
CONTINUOUS
10
3.3300009842519684
20
1.9771543700787402
11
3.3299797244094487
21
1.9771558661417323
0
LINE
8
BLACK
6
CONTINUOUS
10
3.3299797244094487
20
1.9771558661417323
11
3.3297399606299214
21
1.9772476377952755
0
LINE
8
BLACK
6
CONTINUOUS
10
3.3297399606299214
20
1.9772476377952755
11
3.3294983858267715
21
1.977333937007874
0
LINE
8
BLACK
6
CONTINUOUS
10
3.3294983858267715
20
1.977333937007874
11
3.3294812204724407
21
1.9773466535433071
0
LINE
8
BLACK
6
CONTINUOUS
10
3.3294812204724407
20
1.9773466535433071
11
3.3294391338582678
21
1.9773627559055118
0
LINE
8
BLACK
6
CONTINUOUS
10
3.3294391338582678
20
1.9773627559055118
11
3.3256896062992127
21
1.9792375196850394
0
LINE
8
BLACK
6
CONTINUOUS
10
3.3256896062992127
20
1.9792375196850394
11
3.3254415748031496
21
1.9793936220472441
0
LINE
8
BLACK
6
CONTINUOUS
10
3.3254415748031496
20
1.9793936220472441
11
3.3253696456692912
21
1.9794234251968503
0
LINE
8
BLACK
6
CONTINUOUS
10
3.3253696456692912
20
1.9794234251968503
11
3.3252886614173227
21
1.9794899212598425
0
LINE
8
BLACK
6
CONTINUOUS
10
3.3252886614173227
20
1.9794899212598425
11
3.3251997244094489
21
1.9795458661417322
0
LINE
8
BLACK
6
CONTINUOUS
10
3.3251997244094489
20
1.9795458661417322
11
3.3251485433070864
21
1.9796048818897638
0
LINE
8
BLACK
6
CONTINUOUS
10
3.3251485433070864
20
1.9796048818897638
11
3.3249222047244094
21
1.9797906299212598
0
LINE
8
BLACK
6
CONTINUOUS
10
3.3249222047244094
20
1.9797906299212598
11
3.3230474409448818
21
1.9816653937007873
0
LINE
8
BLACK
6
CONTINUOUS
10
3.3230474409448818
20
1.9816653937007873
11
3.3228616535433071
21
1.9818917716535434
0
LINE
8
BLACK
6
CONTINUOUS
10
3.3228616535433071
20
1.9818917716535434
11
3.3228026771653543
21
1.9819429133858266
0
LINE
8
BLACK
6
CONTINUOUS
10
3.3228026771653543
20
1.9819429133858266
11
3.3227466929133858
21
1.9820318897637794
0
LINE
8
BLACK
6
CONTINUOUS
10
3.3227466929133858
20
1.9820318897637794
11
3.3226802362204721
21
1.9821128346456693
0
LINE
8
BLACK
6
CONTINUOUS
10
3.3226802362204721
20
1.9821128346456693
11
3.3226503937007874
21
1.9821848031496063
0
LINE
8
BLACK
6
CONTINUOUS
10
3.3226503937007874
20
1.9821848031496063
11
3.3224943307086612
21
1.9824327952755905
0
LINE
8
BLACK
6
CONTINUOUS
10
3.3224943307086612
20
1.9824327952755905
11
3.3206195669291336
21
1.9861823228346456
0
LINE
8
BLACK
6
CONTINUOUS
10
3.3206195669291336
20
1.9861823228346456
11
3.3204126771653542
21
1.9867229527559054
0
LINE
8
BLACK
6
CONTINUOUS
10
3.3204126771653542
20
1.9867229527559054
11
3.3204051574803151
21
1.986828779527559
0
LINE
8
BLACK
6
CONTINUOUS
10
3.3204051574803151
20
1.986828779527559
11
3.320364566929134
21
1.9869267716535433
0
LINE
8
BLACK
6
CONTINUOUS
10
3.320364566929134
20
1.9869267716535433
11
3.3203078346456691
21
1.9875028346456693
0
LINE
8
BLACK
6
CONTINUOUS
10
3.3203078346456691
20
1.9875028346456693
11
3.3203078346456691
21
1.9912523622047245
0
LINE
8
BLACK
6
CONTINUOUS
10
3.3203078346456691
20
1.9912523622047245
11
3.320364566929134
21
1.9918284251968503
0
LINE
8
BLACK
6
CONTINUOUS
10
3.320364566929134
20
1.9918284251968503
11
3.3204051574803151
21
1.9919264566929133
0
LINE
8
BLACK
6
CONTINUOUS
10
3.3204051574803151
20
1.9919264566929133
11
3.3204126771653542
21
1.9920322440944882
0
LINE
8
BLACK
6
CONTINUOUS
10
3.3204126771653542
20
1.9920322440944882
11
3.3206195669291336
21
1.992572874015748
0
LINE
8
BLACK
6
CONTINUOUS
10
3.3206195669291336
20
1.992572874015748
11
3.3224943307086612
21
1.9963224015748031
0
LINE
8
BLACK
6
CONTINUOUS
10
3.3224943307086612
20
1.9963224015748031
11
3.3226503937007874
21
1.996570433070866
0
LINE
8
BLACK
6
CONTINUOUS
10
3.3226503937007874
20
1.996570433070866
11
3.3226802362204721
21
1.9966423622047245
0
LINE
8
BLACK
6
CONTINUOUS
10
3.3226802362204721
20
1.9966423622047245
11
3.3227466929133858
21
1.9967233464566929
0
LINE
8
BLACK
6
CONTINUOUS
10
3.3227466929133858
20
1.9967233464566929
11
3.3228026771653543
21
1.996812283464567
0
LINE
8
BLACK
6
CONTINUOUS
10
3.3228026771653543
20
1.996812283464567
11
3.3228616535433071
21
1.996863464566929
0
LINE
8
BLACK
6
CONTINUOUS
10
3.3228616535433071
20
1.996863464566929
11
3.3230474409448818
21
1.9970898031496063
0
LINE
8
BLACK
6
CONTINUOUS
10
3.3230474409448818
20
1.9970898031496063
11
3.3249222047244094
21
1.9989645669291338
0
LINE
8
BLACK
6
CONTINUOUS
10
3.3249222047244094
20
1.9989645669291338
11
3.3251485433070864
21
1.9991503543307085
0
LINE
8
BLACK
6
CONTINUOUS
10
3.3251485433070864
20
1.9991503543307085
11
3.3251997244094489
21
1.9992093307086614
0
LINE
8
BLACK
6
CONTINUOUS
10
3.3251997244094489
20
1.9992093307086614
11
3.3252886614173227
21
1.9992653149606299
0
LINE
8
BLACK
6
CONTINUOUS
10
3.3252886614173227
20
1.9992653149606299
11
3.3253696456692912
21
1.9993317716535433
0
LINE
8
BLACK
6
CONTINUOUS
10
3.3253696456692912
20
1.9993317716535433
11
3.3254415748031496
21
1.9993616141732282
0
LINE
8
BLACK
6
CONTINUOUS
10
3.3254415748031496
20
1.9993616141732282
11
3.3256896062992127
21
1.9995176771653542
0
LINE
8
BLACK
6
CONTINUOUS
10
3.3256896062992127
20
1.9995176771653542
11
3.3294391338582678
21
2.001392440944882
0
LINE
8
BLACK
6
CONTINUOUS
10
3.3294391338582678
20
2.001392440944882
11
3.3294812204724407
21
2.0014085826771653
0
LINE
8
BLACK
6
CONTINUOUS
10
3.3294812204724407
20
2.0014085826771653
11
3.3294983858267715
21
2.0014212598425196
0
LINE
8
BLACK
6
CONTINUOUS
10
3.3294983858267715
20
2.0014212598425196
11
3.3297399606299214
21
2.0015075984251967
0
LINE
8
BLACK
6
CONTINUOUS
10
3.3297399606299214
20
2.0015075984251967
11
3.3299797244094487
21
2.0015993307086615
0
LINE
8
BLACK
6
CONTINUOUS
10
3.3299797244094487
20
2.0015993307086615
11
3.3300009842519684
21
2.0016008661417324
0
LINE
8
BLACK
6
CONTINUOUS
10
3.3300009842519684
20
2.0016008661417324
11
3.330043503937008
21
2.0016160236220473
0
LINE
8
BLACK
6
CONTINUOUS
10
3.330043503937008
20
2.0016160236220473
11
3.3375425590551182
21
2.0034907874015748
0
LINE
8
BLACK
6
CONTINUOUS
10
3.3375425590551182
20
2.0034907874015748
11
3.337642401574803
21
2.0035055905511809
0
LINE
8
BLACK
6
CONTINUOUS
10
3.337642401574803
20
2.0035055905511809
11
3.3376826377952753
21
2.0035222047244092
0
LINE
8
BLACK
6
CONTINUOUS
10
3.3376826377952753
20
2.0035222047244092
11
3.3378996456692911
21
2.0035435826771653
0
LINE
8
BLACK
6
CONTINUOUS
10
3.3378996456692911
20
2.0035435826771653
11
3.3381151574803147
21
2.0035754330708659
0
LINE
8
BLACK
6
CONTINUOUS
10
3.3381151574803147
20
2.0035754330708659
11
3.3381581496062993
21
2.0035690551181102
0
LINE
8
BLACK
6
CONTINUOUS
10
3.3381581496062993
20
2.0035690551181102
11
3.3382587007874016
21
2.003578937007874
0
LINE
8
BLACK
6
CONTINUOUS
10
3.3382587007874016
20
2.003578937007874
11
3.3476325196850394
21
2.003578937007874
0
LINE
8
BLACK
6
CONTINUOUS
10
3.3476325196850394
20
2.003578937007874
11
3.3477330314960629
21
2.0035690551181102
0
LINE
8
BLACK
6
CONTINUOUS
10
3.3317901968503936
20
1.995965433070866
11
3.3287592125984253
21
1.9944499212598426
0
LINE
8
BLACK
6
CONTINUOUS
10
3.3287592125984253
20
1.9944499212598426
11
3.3275620866141731
21
1.9932527952755905
0
LINE
8
BLACK
6
CONTINUOUS
10
3.3275620866141731
20
1.9932527952755905
11
3.3262133464566928
21
1.9905553149606299
0
LINE
8
BLACK
6
CONTINUOUS
10
3.3262133464566928
20
1.9905553149606299
11
3.3262133464566928
21
1.9881998818897637
0
LINE
8
BLACK
6
CONTINUOUS
10
3.3262133464566928
20
1.9881998818897637
11
3.3275620866141731
21
1.9855024015748031
0
LINE
8
BLACK
6
CONTINUOUS
10
3.3275620866141731
20
1.9855024015748031
11
3.3287592125984253
21
1.984305275590551
0
LINE
8
BLACK
6
CONTINUOUS
10
3.3287592125984253
20
1.984305275590551
11
3.3317901968503936
21
1.9827898031496063
0
LINE
8
BLACK
6
CONTINUOUS
10
3.3317901968503936
20
1.9827898031496063
11
3.3386222440944882
21
1.9810817716535432
0
LINE
8
BLACK
6
CONTINUOUS
10
3.3386222440944882
20
1.9810817716535432
11
3.3472689763779528
21
1.9810817716535432
0
LINE
8
BLACK
6
CONTINUOUS
10
3.3472689763779528
20
1.9810817716535432
11
3.354101023622047
21
1.9827898031496063
0
LINE
8
BLACK
6
CONTINUOUS
10
3.354101023622047
20
1.9827898031496063
11
3.3571320078740157
21
1.9843053149606298
0
LINE
8
BLACK
6
CONTINUOUS
10
3.3571320078740157
20
1.9843053149606298
11
3.3583291732283462
21
1.9855024409448818
0
LINE
8
BLACK
6
CONTINUOUS
10
3.3583291732283462
20
1.9855024409448818
11
3.3596779133858266
21
1.9881998818897637
0
LINE
8
BLACK
6
CONTINUOUS
10
3.3596779133858266
20
1.9881998818897637
11
3.3596779133858266
21
1.9905553149606299
0
LINE
8
BLACK
6
CONTINUOUS
10
3.3596779133858266
20
1.9905553149606299
11
3.3583291732283462
21
1.9932527952755905
0
LINE
8
BLACK
6
CONTINUOUS
10
3.3583291732283462
20
1.9932527952755905
11
3.3571320078740157
21
1.9944499212598426
0
LINE
8
BLACK
6
CONTINUOUS
10
3.3571320078740157
20
1.9944499212598426
11
3.354101023622047
21
1.995965433070866
0
LINE
8
BLACK
6
CONTINUOUS
10
3.354101023622047
20
1.995965433070866
11
3.3472689763779528
21
1.9976734251968504
0
LINE
8
BLACK
6
CONTINUOUS
10
3.3472689763779528
20
1.9976734251968504
11
3.3386222440944882
21
1.9976734251968504
0
LINE
8
BLACK
6
CONTINUOUS
10
3.3386222440944882
20
1.9976734251968504
11
3.3317901968503936
21
1.995965433070866
0
LINE
8
BLACK
6
CONTINUOUS
10
-0.2818213385826772
20
2.0841371653543308
11
-0.2807569291338582
21
2.0836962598425197
0
LINE
8
BLACK
6
CONTINUOUS
10
-0.2807569291338582
20
2.0836962598425197
11
-0.2799422834645669
21
2.0828816141732283
0
LINE
8
BLACK
6
CONTINUOUS
10
-0.2799422834645669
20
2.0828816141732283
11
-0.2795013779527559
21
2.0818172047244095
0
LINE
8
BLACK
6
CONTINUOUS
10
-0.2795013779527559
20
2.0818172047244095
11
-0.2795013779527559
21
2.0806650787401573
0
LINE
8
BLACK
6
CONTINUOUS
10
-0.2795013779527559
20
2.0806650787401573
11
-0.2799422834645669
21
2.0796006692913385
0
LINE
8
BLACK
6
CONTINUOUS
10
-0.2799422834645669
20
2.0796006692913385
11
-0.2807569291338582
21
2.078786023622047
0
LINE
8
BLACK
6
CONTINUOUS
10
-0.2807569291338582
20
2.078786023622047
11
-0.2818213385826772
21
2.0783451181102364
0
LINE
8
BLACK
6
CONTINUOUS
10
-0.2818213385826772
20
2.0783451181102364
11
-0.2823974015748031
21
2.0782883858267716
0
LINE
8
BLACK
6
CONTINUOUS
10
-0.2823974015748031
20
2.0782883858267716
11
-0.3023227952755905
21
2.0782883858267716
0
LINE
8
BLACK
6
CONTINUOUS
10
-0.3023227952755905
20
2.0782883858267716
11
-0.3045685433070866
21
2.0771655511811025
0
LINE
8
BLACK
6
CONTINUOUS
10
-0.3045685433070866
20
2.0771655511811025
11
-0.3056913779527559
21
2.0749198031496063
0
LINE
8
BLACK
6
CONTINUOUS
10
-0.3056913779527559
20
2.0749198031496063
11
-0.3056913779527559
21
2.0706895669291336
0
LINE
8
BLACK
6
CONTINUOUS
10
-0.3056913779527559
20
2.0706895669291336
11
-0.3045685433070866
21
2.0684438582677167
0
LINE
8
BLACK
6
CONTINUOUS
10
-0.3045685433070866
20
2.0684438582677167
11
-0.3023227952755905
21
2.0673209842519684
0
LINE
8
BLACK
6
CONTINUOUS
10
-0.3023227952755905
20
2.0673209842519684
11
-0.2823974015748031
21
2.0673209842519684
0
LINE
8
BLACK
6
CONTINUOUS
10
-0.2823974015748031
20
2.0673209842519684
11
-0.2818213385826772
21
2.0672642519685041
0
LINE
8
BLACK
6
CONTINUOUS
10
-0.2818213385826772
20
2.0672642519685041
11
-0.2807569291338582
21
2.066823346456693
0
LINE
8
BLACK
6
CONTINUOUS
10
-0.2807569291338582
20
2.066823346456693
11
-0.2799422834645669
21
2.0660087007874015
0
LINE
8
BLACK
6
CONTINUOUS
10
-0.2799422834645669
20
2.0660087007874015
11
-0.2795013779527559
21
2.0649442913385827
0
LINE
8
BLACK
6
CONTINUOUS
10
-0.2795013779527559
20
2.0649442913385827
11
-0.2795013779527559
21
2.0637921653543305
0
LINE
8
BLACK
6
CONTINUOUS
10
-0.2795013779527559
20
2.0637921653543305
11
-0.2799422834645669
21
2.0627277559055117
0
LINE
8
BLACK
6
CONTINUOUS
10
-0.2799422834645669
20
2.0627277559055117
11
-0.2807569291338582
21
2.0619131102362203
0
LINE
8
BLACK
6
CONTINUOUS
10
-0.2807569291338582
20
2.0619131102362203
11
-0.2818213385826772
21
2.0614722047244096
0
LINE
8
BLACK
6
CONTINUOUS
10
-0.2818213385826772
20
2.0614722047244096
11
-0.2823974015748031
21
2.0614154724409448
0
LINE
8
BLACK
6
CONTINUOUS
10
-0.2823974015748031
20
2.0614154724409448
11
-0.3023227952755905
21
2.0614154724409448
0
LINE
8
BLACK
6
CONTINUOUS
10
-0.3023227952755905
20
2.0614154724409448
11
-0.3045685433070866
21
2.0602926377952757
0
LINE
8
BLACK
6
CONTINUOUS
10
-0.3045685433070866
20
2.0602926377952757
11
-0.3056913779527559
21
2.0580468897637796
0
LINE
8
BLACK
6
CONTINUOUS
10
-0.3056913779527559
20
2.0580468897637796
11
-0.3056913779527559
21
2.0538166929133856
0
LINE
8
BLACK
6
CONTINUOUS
10
-0.3056913779527559
20
2.0538166929133856
11
-0.3043426377952756
21
2.051119212598425
0
LINE
8
BLACK
6
CONTINUOUS
10
-0.3043426377952756
20
2.051119212598425
11
-0.3036715354330708
21
2.0504481102362204
0
LINE
8
BLACK
6
CONTINUOUS
10
-0.3036715354330708
20
2.0504481102362204
11
-0.2823974015748031
21
2.0504481102362204
0
LINE
8
BLACK
6
CONTINUOUS
10
-0.2823974015748031
20
2.0504481102362204
11
-0.2818213385826772
21
2.0503913779527561
0
LINE
8
BLACK
6
CONTINUOUS
10
-0.2818213385826772
20
2.0503913779527561
11
-0.2807569291338582
21
2.049950472440945
0
LINE
8
BLACK
6
CONTINUOUS
10
-0.2807569291338582
20
2.049950472440945
11
-0.2799422834645669
21
2.0491358267716535
0
LINE
8
BLACK
6
CONTINUOUS
10
-0.2799422834645669
20
2.0491358267716535
11
-0.2795013779527559
21
2.0480714173228347
0
LINE
8
BLACK
6
CONTINUOUS
10
-0.2795013779527559
20
2.0480714173228347
11
-0.2795013779527559
21
2.0469192913385825
0
LINE
8
BLACK
6
CONTINUOUS
10
-0.2795013779527559
20
2.0469192913385825
11
-0.2799422834645669
21
2.0458548818897637
0
LINE
8
BLACK
6
CONTINUOUS
10
-0.2799422834645669
20
2.0458548818897637
11
-0.2807569291338582
21
2.0450402362204723
0
LINE
8
BLACK
6
CONTINUOUS
10
-0.2807569291338582
20
2.0450402362204723
11
-0.2818213385826772
21
2.0445993307086612
0
LINE
8
BLACK
6
CONTINUOUS
10
-0.2818213385826772
20
2.0445993307086612
11
-0.2823974015748031
21
2.0445425984251968
0
LINE
8
BLACK
6
CONTINUOUS
10
-0.2823974015748031
20
2.0445425984251968
11
-0.3086441338582677
21
2.0445425984251968
0
LINE
8
BLACK
6
CONTINUOUS
10
-0.3086441338582677
20
2.0445425984251968
11
-0.3092201968503937
21
2.0445993307086612
0
LINE
8
BLACK
6
CONTINUOUS
10
-0.3092201968503937
20
2.0445993307086612
11
-0.3102846062992126
21
2.0450402362204723
0
LINE
8
BLACK
6
CONTINUOUS
10
-0.3102846062992126
20
2.0450402362204723
11
-0.3110992519685039
21
2.0458548818897637
0
LINE
8
BLACK
6
CONTINUOUS
10
-0.3110992519685039
20
2.0458548818897637
11
-0.3115401574803149
21
2.0469192913385825
0
LINE
8
BLACK
6
CONTINUOUS
10
-0.3115401574803149
20
2.0469192913385825
11
-0.3115401574803149
21
2.0480714173228347
0
LINE
8
BLACK
6
CONTINUOUS
10
-0.3115401574803149
20
2.0480714173228347
11
-0.3110992519685039
21
2.0491358267716535
0
LINE
8
BLACK
6
CONTINUOUS
10
-0.3110992519685039
20
2.0491358267716535
11
-0.3103354330708661
21
2.04989968503937
0
LINE
8
BLACK
6
CONTINUOUS
10
-0.3103354330708661
20
2.04989968503937
11
-0.3112851574803149
21
2.0517991338582675
0
LINE
8
BLACK
6
CONTINUOUS
10
-0.3112851574803149
20
2.0517991338582675
11
-0.3114920472440945
21
2.0523397637795275
0
LINE
8
BLACK
6
CONTINUOUS
10
-0.3114920472440945
20
2.0523397637795275
11
-0.3114995669291338
21
2.0524455905511809
0
LINE
8
BLACK
6
CONTINUOUS
10
-0.3114995669291338
20
2.0524455905511809
11
-0.3115401574803149
21
2.0525435826771652
0
LINE
8
BLACK
6
CONTINUOUS
10
-0.3115401574803149
20
2.0525435826771652
11
-0.3115968897637795
21
2.0531196456692915
0
LINE
8
BLACK
6
CONTINUOUS
10
-0.3115968897637795
20
2.0531196456692915
11
-0.3115968897637795
21
2.0587439370078742
0
LINE
8
BLACK
6
CONTINUOUS
10
-0.3115968897637795
20
2.0587439370078742
11
-0.3115401574803149
21
2.05932
0
LINE
8
BLACK
6
CONTINUOUS
10
-0.3115401574803149
20
2.05932
11
-0.3114995669291338
21
2.0594180314960631
0
LINE
8
BLACK
6
CONTINUOUS
10
-0.3114995669291338
20
2.0594180314960631
11
-0.3114920472440945
21
2.0595238188976377
0
LINE
8
BLACK
6
CONTINUOUS
10
-0.3114920472440945
20
2.0595238188976377
11
-0.3112851574803149
21
2.0600644488188977
0
LINE
8
BLACK
6
CONTINUOUS
10
-0.3112851574803149
20
2.0600644488188977
11
-0.3094103937007874
21
2.0638139763779528
0
LINE
8
BLACK
6
CONTINUOUS
10
-0.3094103937007874
20
2.0638139763779528
11
-0.3093497637795276
21
2.0639103543307087
0
LINE
8
BLACK
6
CONTINUOUS
10
-0.3093497637795276
20
2.0639103543307087
11
-0.3093346062992126
21
2.0639557480314958
0
LINE
8
BLACK
6
CONTINUOUS
10
-0.3093346062992126
20
2.0639557480314958
11
-0.3092855905511811
21
2.0640123228346456
0
LINE
8
BLACK
6
CONTINUOUS
10
-0.3092855905511811
20
2.0640123228346456
11
-0.3091020472440945
21
2.0643038582677167
0
LINE
8
BLACK
6
CONTINUOUS
10
-0.3091020472440945
20
2.0643038582677167
11
-0.3090278346456693
21
2.0643682283464568
0
LINE
8
BLACK
6
CONTINUOUS
10
-0.3090278346456693
20
2.0643682283464568
11
-0.3091020472440945
21
2.064432598425197
0
LINE
8
BLACK
6
CONTINUOUS
10
-0.3091020472440945
20
2.064432598425197
11
-0.3092855905511811
21
2.0647241732283463
0
LINE
8
BLACK
6
CONTINUOUS
10
-0.3092855905511811
20
2.0647241732283463
11
-0.3093346062992126
21
2.0647807086614174
0
LINE
8
BLACK
6
CONTINUOUS
10
-0.3093346062992126
20
2.0647807086614174
11
-0.3093497637795276
21
2.0648261417322833
0
LINE
8
BLACK
6
CONTINUOUS
10
-0.3093497637795276
20
2.0648261417322833
11
-0.3094103937007874
21
2.0649224803149604
0
LINE
8
BLACK
6
CONTINUOUS
10
-0.3094103937007874
20
2.0649224803149604
11
-0.3112851574803149
21
2.0686720078740155
0
LINE
8
BLACK
6
CONTINUOUS
10
-0.3112851574803149
20
2.0686720078740155
11
-0.3114920472440945
21
2.0692126377952755
0
LINE
8
BLACK
6
CONTINUOUS
10
-0.3114920472440945
20
2.0692126377952755
11
-0.3114995669291338
21
2.0693184645669289
0
LINE
8
BLACK
6
CONTINUOUS
10
-0.3114995669291338
20
2.0693184645669289
11
-0.3115401574803149
21
2.0694164566929132
0
LINE
8
BLACK
6
CONTINUOUS
10
-0.3115401574803149
20
2.0694164566929132
11
-0.3115968897637795
21
2.0699925196850395
0
LINE
8
BLACK
6
CONTINUOUS
10
-0.3115968897637795
20
2.0699925196850395
11
-0.3115968897637795
21
2.0756168110236222
0
LINE
8
BLACK
6
CONTINUOUS
10
-0.3115968897637795
20
2.0756168110236222
11
-0.3115401574803149
21
2.076192874015748
0
LINE
8
BLACK
6
CONTINUOUS
10
-0.3115401574803149
20
2.076192874015748
11
-0.3114995669291338
21
2.0762909055118111
0
LINE
8
BLACK
6
CONTINUOUS
10
-0.3114995669291338
20
2.0762909055118111
11
-0.3114920472440945
21
2.0763966929133857
0
LINE
8
BLACK
6
CONTINUOUS
10
-0.3114920472440945
20
2.0763966929133857
11
-0.3112851574803149
21
2.0769373228346457
0
LINE
8
BLACK
6
CONTINUOUS
10
-0.3112851574803149
20
2.0769373228346457
11
-0.3094103937007874
21
2.0806868897637796
0
LINE
8
BLACK
6
CONTINUOUS
10
-0.3094103937007874
20
2.0806868897637796
11
-0.3093497637795276
21
2.0807832283464567
0
LINE
8
BLACK
6
CONTINUOUS
10
-0.3093497637795276
20
2.0807832283464567
11
-0.3093346062992126
21
2.0808286614173226
0
LINE
8
BLACK
6
CONTINUOUS
10
-0.3093346062992126
20
2.0808286614173226
11
-0.3092855511811023
21
2.0808852755905511
0
LINE
8
BLACK
6
CONTINUOUS
10
-0.3092855511811023
20
2.0808852755905511
11
-0.3091020472440945
21
2.0811767322834647
0
LINE
8
BLACK
6
CONTINUOUS
10
-0.3091020472440945
20
2.0811767322834647
11
-0.3088224409448819
21
2.0814192519685037
0
LINE
8
BLACK
6
CONTINUOUS
10
-0.3088224409448819
20
2.0814192519685037
11
-0.3085797637795276
21
2.08169905511811
0
LINE
8
BLACK
6
CONTINUOUS
10
-0.3085797637795276
20
2.08169905511811
11
-0.3082882283464567
21
2.0818825984251967
0
LINE
8
BLACK
6
CONTINUOUS
10
-0.3082882283464567
20
2.0818825984251967
11
-0.3082316535433071
21
2.0819316141732283
0
LINE
8
BLACK
6
CONTINUOUS
10
-0.3082316535433071
20
2.0819316141732283
11
-0.3081862598425197
21
2.0819467716535431
0
LINE
8
BLACK
6
CONTINUOUS
10
-0.3081862598425197
20
2.0819467716535431
11
-0.3080898818897638
21
2.0820074015748031
0
LINE
8
BLACK
6
CONTINUOUS
10
-0.3080898818897638
20
2.0820074015748031
11
-0.3043403543307087
21
2.0838821653543307
0
LINE
8
BLACK
6
CONTINUOUS
10
-0.3043403543307087
20
2.0838821653543307
11
-0.3037997637795276
21
2.0840890551181102
0
LINE
8
BLACK
6
CONTINUOUS
10
-0.3037997637795276
20
2.0840890551181102
11
-0.3036938976377953
21
2.0840966141732284
0
LINE
8
BLACK
6
CONTINUOUS
10
-0.3036938976377953
20
2.0840966141732284
11
-0.303595905511811
21
2.0841371653543308
0
LINE
8
BLACK
6
CONTINUOUS
10
-0.303595905511811
20
2.0841371653543308
11
-0.3030198425196851
21
2.0841938976377952
0
LINE
8
BLACK
6
CONTINUOUS
10
-0.3030198425196851
20
2.0841938976377952
11
-0.2823974015748031
21
2.0841938976377952
0
LINE
8
BLACK
6
CONTINUOUS
10
-0.2823974015748031
20
2.0841938976377952
11
-0.2818213385826772
21
2.0841371653543308
0
LINE
8
BLACK
6
CONTINUOUS
10
3.3632067322834645
20
2.0841371653543308
11
3.3642711417322833
21
2.0836962598425197
0
LINE
8
BLACK
6
CONTINUOUS
10
3.3642711417322833
20
2.0836962598425197
11
3.3650857874015747
21
2.0828816141732283
0
LINE
8
BLACK
6
CONTINUOUS
10
3.3650857874015747
20
2.0828816141732283
11
3.3655266929133858
21
2.0818172047244095
0
LINE
8
BLACK
6
CONTINUOUS
10
3.3655266929133858
20
2.0818172047244095
11
3.3655266929133858
21
2.0806650787401573
0
LINE
8
BLACK
6
CONTINUOUS
10
3.3655266929133858
20
2.0806650787401573
11
3.3650857874015747
21
2.0796006692913385
0
LINE
8
BLACK
6
CONTINUOUS
10
3.3650857874015747
20
2.0796006692913385
11
3.3642711417322833
21
2.078786023622047
0
LINE
8
BLACK
6
CONTINUOUS
10
3.3642711417322833
20
2.078786023622047
11
3.3632067322834645
21
2.0783451181102364
0
LINE
8
BLACK
6
CONTINUOUS
10
3.3632067322834645
20
2.0783451181102364
11
3.3626306692913386
21
2.0782883858267716
0
LINE
8
BLACK
6
CONTINUOUS
10
3.3626306692913386
20
2.0782883858267716
11
3.3427052755905513
21
2.0782883858267716
0
LINE
8
BLACK
6
CONTINUOUS
10
3.3427052755905513
20
2.0782883858267716
11
3.3404595275590552
21
2.0771655511811025
0
LINE
8
BLACK
6
CONTINUOUS
10
3.3404595275590552
20
2.0771655511811025
11
3.3393366929133856
21
2.0749198031496063
0
LINE
8
BLACK
6
CONTINUOUS
10
3.3393366929133856
20
2.0749198031496063
11
3.3393366929133856
21
2.0706895669291336
0
LINE
8
BLACK
6
CONTINUOUS
10
3.3393366929133856
20
2.0706895669291336
11
3.3404595275590552
21
2.0684438582677167
0
LINE
8
BLACK
6
CONTINUOUS
10
3.3404595275590552
20
2.0684438582677167
11
3.3427052755905513
21
2.0673209842519684
0
LINE
8
BLACK
6
CONTINUOUS
10
3.3427052755905513
20
2.0673209842519684
11
3.3626306692913386
21
2.0673209842519684
0
LINE
8
BLACK
6
CONTINUOUS
10
3.3626306692913386
20
2.0673209842519684
11
3.3632067322834645
21
2.0672642519685041
0
LINE
8
BLACK
6
CONTINUOUS
10
3.3632067322834645
20
2.0672642519685041
11
3.3642711417322833
21
2.066823346456693
0
LINE
8
BLACK
6
CONTINUOUS
10
3.3642711417322833
20
2.066823346456693
11
3.3650857874015747
21
2.0660087007874015
0
LINE
8
BLACK
6
CONTINUOUS
10
3.3650857874015747
20
2.0660087007874015
11
3.3655266929133858
21
2.0649442913385827
0
LINE
8
BLACK
6
CONTINUOUS
10
3.3655266929133858
20
2.0649442913385827
11
3.3655266929133858
21
2.0637921653543305
0
LINE
8
BLACK
6
CONTINUOUS
10
3.3655266929133858
20
2.0637921653543305
11
3.3650857874015747
21
2.0627277559055117
0
LINE
8
BLACK
6
CONTINUOUS
10
3.3650857874015747
20
2.0627277559055117
11
3.3642711417322833
21
2.0619131102362203
0
LINE
8
BLACK
6
CONTINUOUS
10
3.3642711417322833
20
2.0619131102362203
11
3.3632067322834645
21
2.0614722047244096
0
LINE
8
BLACK
6
CONTINUOUS
10
3.3632067322834645
20
2.0614722047244096
11
3.3626306692913386
21
2.0614154724409448
0
LINE
8
BLACK
6
CONTINUOUS
10
3.3626306692913386
20
2.0614154724409448
11
3.3427052755905513
21
2.0614154724409448
0
LINE
8
BLACK
6
CONTINUOUS
10
3.3427052755905513
20
2.0614154724409448
11
3.3404595275590552
21
2.0602926377952757
0
LINE
8
BLACK
6
CONTINUOUS
10
3.3404595275590552
20
2.0602926377952757
11
3.3393366929133856
21
2.0580468897637796
0
LINE
8
BLACK
6
CONTINUOUS
10
3.3393366929133856
20
2.0580468897637796
11
3.3393366929133856
21
2.0538166929133856
0
LINE
8
BLACK
6
CONTINUOUS
10
3.3393366929133856
20
2.0538166929133856
11
3.340685433070866
21
2.051119212598425
0
LINE
8
BLACK
6
CONTINUOUS
10
3.340685433070866
20
2.051119212598425
11
3.341356535433071
21
2.0504481102362204
0
LINE
8
BLACK
6
CONTINUOUS
10
3.341356535433071
20
2.0504481102362204
11
3.3626306692913386
21
2.0504481102362204
0
LINE
8
BLACK
6
CONTINUOUS
10
3.3626306692913386
20
2.0504481102362204
11
3.3632067322834645
21
2.0503913779527561
0
LINE
8
BLACK
6
CONTINUOUS
10
3.3632067322834645
20
2.0503913779527561
11
3.3642711417322833
21
2.049950472440945
0
LINE
8
BLACK
6
CONTINUOUS
10
3.3642711417322833
20
2.049950472440945
11
3.3650857874015747
21
2.0491358267716535
0
LINE
8
BLACK
6
CONTINUOUS
10
3.3650857874015747
20
2.0491358267716535
11
3.3655266929133858
21
2.0480714173228347
0
LINE
8
BLACK
6
CONTINUOUS
10
3.3655266929133858
20
2.0480714173228347
11
3.3655266929133858
21
2.0469192913385825
0
LINE
8
BLACK
6
CONTINUOUS
10
3.3655266929133858
20
2.0469192913385825
11
3.3650857874015747
21
2.0458548818897637
0
LINE
8
BLACK
6
CONTINUOUS
10
3.3650857874015747
20
2.0458548818897637
11
3.3642711417322833
21
2.0450402362204723
0
LINE
8
BLACK
6
CONTINUOUS
10
3.3642711417322833
20
2.0450402362204723
11
3.3632067322834645
21
2.0445993307086612
0
LINE
8
BLACK
6
CONTINUOUS
10
3.3632067322834645
20
2.0445993307086612
11
3.3626306692913386
21
2.0445425984251968
0
LINE
8
BLACK
6
CONTINUOUS
10
3.3626306692913386
20
2.0445425984251968
11
3.3363839370078741
21
2.0445425984251968
0
LINE
8
BLACK
6
CONTINUOUS
10
3.3363839370078741
20
2.0445425984251968
11
3.3358078740157477
21
2.0445993307086612
0
LINE
8
BLACK
6
CONTINUOUS
10
3.3358078740157477
20
2.0445993307086612
11
3.3347434645669289
21
2.0450402362204723
0
LINE
8
BLACK
6
CONTINUOUS
10
3.3347434645669289
20
2.0450402362204723
11
3.3339288188976379
21
2.0458548818897637
0
LINE
8
BLACK
6
CONTINUOUS
10
3.3339288188976379
20
2.0458548818897637
11
3.3334879133858268
21
2.0469192913385825
0
LINE
8
BLACK
6
CONTINUOUS
10
3.3334879133858268
20
2.0469192913385825
11
3.3334879133858268
21
2.0480714173228347
0
LINE
8
BLACK
6
CONTINUOUS
10
3.3334879133858268
20
2.0480714173228347
11
3.3339288188976379
21
2.0491358267716535
0
LINE
8
BLACK
6
CONTINUOUS
10
3.3339288188976379
20
2.0491358267716535
11
3.3346926377952757
21
2.04989968503937
0
LINE
8
BLACK
6
CONTINUOUS
10
3.3346926377952757
20
2.04989968503937
11
3.3337429133858265
21
2.0517991338582675
0
LINE
8
BLACK
6
CONTINUOUS
10
3.3337429133858265
20
2.0517991338582675
11
3.333536023622047
21
2.0523397637795275
0
LINE
8
BLACK
6
CONTINUOUS
10
3.333536023622047
20
2.0523397637795275
11
3.3335285039370079
21
2.0524455905511809
0
LINE
8
BLACK
6
CONTINUOUS
10
3.3335285039370079
20
2.0524455905511809
11
3.3334879133858268
21
2.0525435826771652
0
LINE
8
BLACK
6
CONTINUOUS
10
3.3334879133858268
20
2.0525435826771652
11
3.333431181102362
21
2.0531196456692915
0
LINE
8
BLACK
6
CONTINUOUS
10
3.333431181102362
20
2.0531196456692915
11
3.333431181102362
21
2.0587439370078742
0
LINE
8
BLACK
6
CONTINUOUS
10
3.333431181102362
20
2.0587439370078742
11
3.3334879133858268
21
2.05932
0
LINE
8
BLACK
6
CONTINUOUS
10
3.3334879133858268
20
2.05932
11
3.3335285039370079
21
2.0594180314960631
0
LINE
8
BLACK
6
CONTINUOUS
10
3.3335285039370079
20
2.0594180314960631
11
3.333536023622047
21
2.0595238188976377
0
LINE
8
BLACK
6
CONTINUOUS
10
3.333536023622047
20
2.0595238188976377
11
3.3337429133858265
21
2.0600644488188977
0
LINE
8
BLACK
6
CONTINUOUS
10
3.3337429133858265
20
2.0600644488188977
11
3.3356176771653541
21
2.0638139763779528
0
LINE
8
BLACK
6
CONTINUOUS
10
3.3356176771653541
20
2.0638139763779528
11
3.3356783070866141
21
2.0639103543307087
0
LINE
8
BLACK
6
CONTINUOUS
10
3.3356783070866141
20
2.0639103543307087
11
3.3356934645669289
21
2.0639557480314958
0
LINE
8
BLACK
6
CONTINUOUS
10
3.3356934645669289
20
2.0639557480314958
11
3.3357424803149605
21
2.0640123228346456
0
LINE
8
BLACK
6
CONTINUOUS
10
3.3357424803149605
20
2.0640123228346456
11
3.3359260236220472
21
2.0643038582677167
0
LINE
8
BLACK
6
CONTINUOUS
10
3.3359260236220472
20
2.0643038582677167
11
3.3360002362204724
21
2.0643682283464568
0
LINE
8
BLACK
6
CONTINUOUS
10
3.3360002362204724
20
2.0643682283464568
11
3.3359260236220472
21
2.064432598425197
0
LINE
8
BLACK
6
CONTINUOUS
10
3.3359260236220472
20
2.064432598425197
11
3.3357424803149605
21
2.0647241732283463
0
LINE
8
BLACK
6
CONTINUOUS
10
3.3357424803149605
20
2.0647241732283463
11
3.3356934645669289
21
2.0647807086614174
0
LINE
8
BLACK
6
CONTINUOUS
10
3.3356934645669289
20
2.0647807086614174
11
3.3356783070866141
21
2.0648261417322833
0
LINE
8
BLACK
6
CONTINUOUS
10
3.3356783070866141
20
2.0648261417322833
11
3.3356176771653541
21
2.0649224803149604
0
LINE
8
BLACK
6
CONTINUOUS
10
3.3356176771653541
20
2.0649224803149604
11
3.3337429133858265
21
2.0686720078740155
0
LINE
8
BLACK
6
CONTINUOUS
10
3.3337429133858265
20
2.0686720078740155
11
3.333536023622047
21
2.0692126377952755
0
LINE
8
BLACK
6
CONTINUOUS
10
3.333536023622047
20
2.0692126377952755
11
3.3335285039370079
21
2.0693184645669289
0
LINE
8
BLACK
6
CONTINUOUS
10
3.3335285039370079
20
2.0693184645669289
11
3.3334879133858268
21
2.0694164566929132
0
LINE
8
BLACK
6
CONTINUOUS
10
3.3334879133858268
20
2.0694164566929132
11
3.333431181102362
21
2.0699925196850395
0
LINE
8
BLACK
6
CONTINUOUS
10
3.333431181102362
20
2.0699925196850395
11
3.333431181102362
21
2.0756168110236222
0
LINE
8
BLACK
6
CONTINUOUS
10
3.333431181102362
20
2.0756168110236222
11
3.3334879133858268
21
2.076192874015748
0
LINE
8
BLACK
6
CONTINUOUS
10
3.3334879133858268
20
2.076192874015748
11
3.3335285039370079
21
2.0762909055118111
0
LINE
8
BLACK
6
CONTINUOUS
10
3.3335285039370079
20
2.0762909055118111
11
3.333536023622047
21
2.0763966929133857
0
LINE
8
BLACK
6
CONTINUOUS
10
3.333536023622047
20
2.0763966929133857
11
3.3337429133858265
21
2.0769373228346457
0
LINE
8
BLACK
6
CONTINUOUS
10
3.3337429133858265
20
2.0769373228346457
11
3.3356176771653541
21
2.0806868897637796
0
LINE
8
BLACK
6
CONTINUOUS
10
3.3356176771653541
20
2.0806868897637796
11
3.3356783070866141
21
2.0807832283464567
0
LINE
8
BLACK
6
CONTINUOUS
10
3.3356783070866141
20
2.0807832283464567
11
3.3356934645669289
21
2.0808286614173226
0
LINE
8
BLACK
6
CONTINUOUS
10
3.3356934645669289
20
2.0808286614173226
11
3.3357425196850392
21
2.0808852755905511
0
LINE
8
BLACK
6
CONTINUOUS
10
3.3357425196850392
20
2.0808852755905511
11
3.3359260236220472
21
2.0811767322834647
0
LINE
8
BLACK
6
CONTINUOUS
10
3.3359260236220472
20
2.0811767322834647
11
3.3362056299212597
21
2.0814192519685037
0
LINE
8
BLACK
6
CONTINUOUS
10
3.3362056299212597
20
2.0814192519685037
11
3.3364483070866142
21
2.08169905511811
0
LINE
8
BLACK
6
CONTINUOUS
10
3.3364483070866142
20
2.08169905511811
11
3.3367398425196848
21
2.0818825984251967
0
LINE
8
BLACK
6
CONTINUOUS
10
3.3367398425196848
20
2.0818825984251967
11
3.3367964173228346
21
2.0819316141732283
0
LINE
8
BLACK
6
CONTINUOUS
10
3.3367964173228346
20
2.0819316141732283
11
3.3368418110236218
21
2.0819467716535431
0
LINE
8
BLACK
6
CONTINUOUS
10
3.3368418110236218
20
2.0819467716535431
11
3.3369381889763781
21
2.0820074015748031
0
LINE
8
BLACK
6
CONTINUOUS
10
3.3369381889763781
20
2.0820074015748031
11
3.3406877165354332
21
2.0838821653543307
0
LINE
8
BLACK
6
CONTINUOUS
10
3.3406877165354332
20
2.0838821653543307
11
3.341228307086614
21
2.0840890551181102
0
LINE
8
BLACK
6
CONTINUOUS
10
3.341228307086614
20
2.0840890551181102
11
3.3413341732283466
21
2.0840966141732284
0
LINE
8
BLACK
6
CONTINUOUS
10
3.3413341732283466
20
2.0840966141732284
11
3.3414321653543309
21
2.0841371653543308
0
LINE
8
BLACK
6
CONTINUOUS
10
3.3414321653543309
20
2.0841371653543308
11
3.3420082283464567
21
2.0841938976377952
0
LINE
8
BLACK
6
CONTINUOUS
10
3.3420082283464567
20
2.0841938976377952
11
3.3626306692913386
21
2.0841938976377952
0
LINE
8
BLACK
6
CONTINUOUS
10
3.3626306692913386
20
2.0841938976377952
11
3.3632067322834645
21
2.0841371653543308
0
LINE
8
BLACK
6
CONTINUOUS
10
-0.3182522440944882
20
2.1043186614173228
11
-0.3178048031496063
21
2.1039514566929132
0
LINE
8
BLACK
6
CONTINUOUS
10
-0.3178048031496063
20
2.1039514566929132
11
-0.3159300393700787
21
2.1020766929133856
0
LINE
8
BLACK
6
CONTINUOUS
10
-0.3159300393700787
20
2.1020766929133856
11
-0.3155628346456693
21
2.1016292519685038
0
LINE
8
BLACK
6
CONTINUOUS
10
-0.3155628346456693
20
2.1016292519685038
11
-0.3154212598425197
21
2.1012874803149604
0
LINE
8
BLACK
6
CONTINUOUS
10
-0.3154212598425197
20
2.1012874803149604
11
-0.3151219291338583
21
2.1005648031496063
0
LINE
8
BLACK
6
CONTINUOUS
10
-0.3151219291338583
20
2.1005648031496063
11
-0.3151219291338583
21
2.0994127165354328
0
LINE
8
BLACK
6
CONTINUOUS
10
-0.3151219291338583
20
2.0994127165354328
11
-0.3155628346456693
21
2.098348307086614
0
LINE
8
BLACK
6
CONTINUOUS
10
-0.3155628346456693
20
2.098348307086614
11
-0.3159300393700787
21
2.0979008661417322
0
LINE
8
BLACK
6
CONTINUOUS
10
-0.3159300393700787
20
2.0979008661417322
11
-0.3178048031496063
21
2.0960261023622047
0
LINE
8
BLACK
6
CONTINUOUS
10
-0.3178048031496063
20
2.0960261023622047
11
-0.3182522440944882
21
2.0956588976377954
0
LINE
8
BLACK
6
CONTINUOUS
10
-0.3182522440944882
20
2.0956588976377954
11
-0.3193166929133858
21
2.0952179921259844
0
LINE
8
BLACK
6
CONTINUOUS
10
-0.3193166929133858
20
2.0952179921259844
11
-0.3204687401574803
21
2.0952179921259844
0
LINE
8
BLACK
6
CONTINUOUS
10
-0.3204687401574803
20
2.0952179921259844
11
-0.320468779527559
21
2.0952179921259844
0
LINE
8
BLACK
6
CONTINUOUS
10
-0.320468779527559
20
2.0952179921259844
11
-0.3215331889763779
21
2.0956588976377954
0
LINE
8
BLACK
6
CONTINUOUS
10
-0.3215331889763779
20
2.0956588976377954
11
-0.3219806299212598
21
2.0960261023622047
0
LINE
8
BLACK
6
CONTINUOUS
10
-0.3219806299212598
20
2.0960261023622047
11
-0.3238553937007874
21
2.0979008661417322
0
LINE
8
BLACK
6
CONTINUOUS
10
-0.3238553937007874
20
2.0979008661417322
11
-0.3242225984251969
21
2.098348307086614
0
LINE
8
BLACK
6
CONTINUOUS
10
-0.3242225984251969
20
2.098348307086614
11
-0.3246635039370079
21
2.0994127559055116
0
LINE
8
BLACK
6
CONTINUOUS
10
-0.3246635039370079
20
2.0994127559055116
11
-0.3246635039370079
21
2.1005648031496063
0
LINE
8
BLACK
6
CONTINUOUS
10
-0.3246635039370079
20
2.1005648031496063
11
-0.3242225984251969
21
2.1016292519685038
0
LINE
8
BLACK
6
CONTINUOUS
10
-0.3242225984251969
20
2.1016292519685038
11
-0.3238553937007874
21
2.1020766929133856
0
LINE
8
BLACK
6
CONTINUOUS
10
-0.3238553937007874
20
2.1020766929133856
11
-0.3219806299212598
21
2.1039514566929132
0
LINE
8
BLACK
6
CONTINUOUS
10
-0.3219806299212598
20
2.1039514566929132
11
-0.3215331889763779
21
2.1043186614173228
0
LINE
8
BLACK
6
CONTINUOUS
10
-0.3215331889763779
20
2.1043186614173228
11
-0.320468779527559
21
2.1047595669291339
0
LINE
8
BLACK
6
CONTINUOUS
10
-0.320468779527559
20
2.1047595669291339
11
-0.3193166929133858
21
2.1047595669291339
0
LINE
8
BLACK
6
CONTINUOUS
10
-0.3193166929133858
20
2.1047595669291339
11
-0.3182522440944882
21
2.1043186614173228
0
LINE
8
BLACK
6
CONTINUOUS
10
3.3267758267716534
20
2.1043186614173228
11
3.3272232677165352
21
2.1039514566929132
0
LINE
8
BLACK
6
CONTINUOUS
10
3.3272232677165352
20
2.1039514566929132
11
3.3290980314960628
21
2.1020766929133856
0
LINE
8
BLACK
6
CONTINUOUS
10
3.3290980314960628
20
2.1020766929133856
11
3.3294652362204724
21
2.1016292519685038
0
LINE
8
BLACK
6
CONTINUOUS
10
3.3294652362204724
20
2.1016292519685038
11
3.3296068110236221
21
2.1012874803149604
0
LINE
8
BLACK
6
CONTINUOUS
10
3.3296068110236221
20
2.1012874803149604
11
3.3299061417322835
21
2.1005648031496063
0
LINE
8
BLACK
6
CONTINUOUS
10
3.3299061417322835
20
2.1005648031496063
11
3.3299061417322835
21
2.0994127165354328
0
LINE
8
BLACK
6
CONTINUOUS
10
3.3299061417322835
20
2.0994127165354328
11
3.3294652362204724
21
2.098348307086614
0
LINE
8
BLACK
6
CONTINUOUS
10
3.3294652362204724
20
2.098348307086614
11
3.3290980314960628
21
2.0979008661417322
0
LINE
8
BLACK
6
CONTINUOUS
10
3.3290980314960628
20
2.0979008661417322
11
3.3272232677165352
21
2.0960261023622047
0
LINE
8
BLACK
6
CONTINUOUS
10
3.3272232677165352
20
2.0960261023622047
11
3.3267758267716534
21
2.0956588976377954
0
LINE
8
BLACK
6
CONTINUOUS
10
3.3267758267716534
20
2.0956588976377954
11
3.3257113779527558
21
2.0952179921259844
0
LINE
8
BLACK
6
CONTINUOUS
10
3.3257113779527558
20
2.0952179921259844
11
3.3245593307086612
21
2.0952179921259844
0
LINE
8
BLACK
6
CONTINUOUS
10
3.3245593307086612
20
2.0952179921259844
11
3.3245592913385824
21
2.0952179921259844
0
LINE
8
BLACK
6
CONTINUOUS
10
3.3245592913385824
20
2.0952179921259844
11
3.3234948818897636
21
2.0956588976377954
0
LINE
8
BLACK
6
CONTINUOUS
10
3.3234948818897636
20
2.0956588976377954
11
3.3230474409448818
21
2.0960261023622047
0
LINE
8
BLACK
6
CONTINUOUS
10
3.3230474409448818
20
2.0960261023622047
11
3.3211726771653542
21
2.0979008661417322
0
LINE
8
BLACK
6
CONTINUOUS
10
3.3211726771653542
20
2.0979008661417322
11
3.3208054724409446
21
2.098348307086614
0
LINE
8
BLACK
6
CONTINUOUS
10
3.3208054724409446
20
2.098348307086614
11
3.320364566929134
21
2.0994127559055116
0
LINE
8
BLACK
6
CONTINUOUS
10
3.320364566929134
20
2.0994127559055116
11
3.320364566929134
21
2.1005648031496063
0
LINE
8
BLACK
6
CONTINUOUS
10
3.320364566929134
20
2.1005648031496063
11
3.3208054724409446
21
2.1016292519685038
0
LINE
8
BLACK
6
CONTINUOUS
10
3.3208054724409446
20
2.1016292519685038
11
3.3211726771653542
21
2.1020766929133856
0
LINE
8
BLACK
6
CONTINUOUS
10
3.3211726771653542
20
2.1020766929133856
11
3.3230474409448818
21
2.1039514566929132
0
LINE
8
BLACK
6
CONTINUOUS
10
3.3230474409448818
20
2.1039514566929132
11
3.3234948818897636
21
2.1043186614173228
0
LINE
8
BLACK
6
CONTINUOUS
10
3.3234948818897636
20
2.1043186614173228
11
3.3245592913385824
21
2.1047595669291339
0
LINE
8
BLACK
6
CONTINUOUS
10
3.3245592913385824
20
2.1047595669291339
11
3.3257113779527558
21
2.1047595669291339
0
LINE
8
BLACK
6
CONTINUOUS
10
3.3257113779527558
20
2.1047595669291339
11
3.3267758267716534
21
2.1043186614173228
0
LINE
8
BLACK
6
CONTINUOUS
10
-0.2818213385826772
20
2.1028848031496064
11
-0.2807569291338582
21
2.1024438976377953
0
LINE
8
BLACK
6
CONTINUOUS
10
-0.2807569291338582
20
2.1024438976377953
11
-0.2799422834645669
21
2.1016292519685038
0
LINE
8
BLACK
6
CONTINUOUS
10
-0.2799422834645669
20
2.1016292519685038
11
-0.2795013779527559
21
2.100564842519685
0
LINE
8
BLACK
6
CONTINUOUS
10
-0.2795013779527559
20
2.100564842519685
11
-0.2795013779527559
21
2.0994127165354328
0
LINE
8
BLACK
6
CONTINUOUS
10
-0.2795013779527559
20
2.0994127165354328
11
-0.2799422834645669
21
2.098348307086614
0
LINE
8
BLACK
6
CONTINUOUS
10
-0.2799422834645669
20
2.098348307086614
11
-0.2807569291338582
21
2.097533661417323
0
LINE
8
BLACK
6
CONTINUOUS
10
-0.2807569291338582
20
2.097533661417323
11
-0.2818213385826772
21
2.0970927559055119
0
LINE
8
BLACK
6
CONTINUOUS
10
-0.2818213385826772
20
2.0970927559055119
11
-0.2823974015748031
21
2.0970360236220471
0
LINE
8
BLACK
6
CONTINUOUS
10
-0.2823974015748031
20
2.0970360236220471
11
-0.3086441338582677
21
2.0970360236220471
0
LINE
8
BLACK
6
CONTINUOUS
10
-0.3086441338582677
20
2.0970360236220471
11
-0.3092201968503937
21
2.0970927559055119
0
LINE
8
BLACK
6
CONTINUOUS
10
-0.3092201968503937
20
2.0970927559055119
11
-0.3102846062992126
21
2.097533661417323
0
LINE
8
BLACK
6
CONTINUOUS
10
-0.3102846062992126
20
2.097533661417323
11
-0.3110992519685039
21
2.098348307086614
0
LINE
8
BLACK
6
CONTINUOUS
10
-0.3110992519685039
20
2.098348307086614
11
-0.3115401574803149
21
2.0994127165354328
0
LINE
8
BLACK
6
CONTINUOUS
10
-0.3115401574803149
20
2.0994127165354328
11
-0.3115401574803149
21
2.100564842519685
0
LINE
8
BLACK
6
CONTINUOUS
10
-0.3115401574803149
20
2.100564842519685
11
-0.3110992519685039
21
2.1016292519685038
0
LINE
8
BLACK
6
CONTINUOUS
10
-0.3110992519685039
20
2.1016292519685038
11
-0.3102846062992126
21
2.1024438976377953
0
LINE
8
BLACK
6
CONTINUOUS
10
-0.3102846062992126
20
2.1024438976377953
11
-0.3092201968503937
21
2.1028848031496064
0
LINE
8
BLACK
6
CONTINUOUS
10
-0.3092201968503937
20
2.1028848031496064
11
-0.3086441338582677
21
2.1029415354330707
0
LINE
8
BLACK
6
CONTINUOUS
10
-0.3086441338582677
20
2.1029415354330707
11
-0.2823974015748031
21
2.1029415354330707
0
LINE
8
BLACK
6
CONTINUOUS
10
-0.2823974015748031
20
2.1029415354330707
11
-0.2818213385826772
21
2.1028848031496064
0
LINE
8
BLACK
6
CONTINUOUS
10
3.3632067322834645
20
2.1028848031496064
11
3.3642711417322833
21
2.1024438976377953
0
LINE
8
BLACK
6
CONTINUOUS
10
3.3642711417322833
20
2.1024438976377953
11
3.3650857874015747
21
2.1016292519685038
0
LINE
8
BLACK
6
CONTINUOUS
10
3.3650857874015747
20
2.1016292519685038
11
3.3655266929133858
21
2.100564842519685
0
LINE
8
BLACK
6
CONTINUOUS
10
3.3655266929133858
20
2.100564842519685
11
3.3655266929133858
21
2.0994127165354328
0
LINE
8
BLACK
6
CONTINUOUS
10
3.3655266929133858
20
2.0994127165354328
11
3.3650857874015747
21
2.098348307086614
0
LINE
8
BLACK
6
CONTINUOUS
10
3.3650857874015747
20
2.098348307086614
11
3.3642711417322833
21
2.097533661417323
0
LINE
8
BLACK
6
CONTINUOUS
10
3.3642711417322833
20
2.097533661417323
11
3.3632067322834645
21
2.0970927559055119
0
LINE
8
BLACK
6
CONTINUOUS
10
3.3632067322834645
20
2.0970927559055119
11
3.3626306692913386
21
2.0970360236220471
0
LINE
8
BLACK
6
CONTINUOUS
10
3.3626306692913386
20
2.0970360236220471
11
3.3363839370078741
21
2.0970360236220471
0
LINE
8
BLACK
6
CONTINUOUS
10
3.3363839370078741
20
2.0970360236220471
11
3.3358078740157477
21
2.0970927559055119
0
LINE
8
BLACK
6
CONTINUOUS
10
3.3358078740157477
20
2.0970927559055119
11
3.3347434645669289
21
2.097533661417323
0
LINE
8
BLACK
6
CONTINUOUS
10
3.3347434645669289
20
2.097533661417323
11
3.3339288188976379
21
2.098348307086614
0
LINE
8
BLACK
6
CONTINUOUS
10
3.3339288188976379
20
2.098348307086614
11
3.3334879133858268
21
2.0994127165354328
0
LINE
8
BLACK
6
CONTINUOUS
10
3.3334879133858268
20
2.0994127165354328
11
3.3334879133858268
21
2.100564842519685
0
LINE
8
BLACK
6
CONTINUOUS
10
3.3334879133858268
20
2.100564842519685
11
3.3339288188976379
21
2.1016292519685038
0
LINE
8
BLACK
6
CONTINUOUS
10
3.3339288188976379
20
2.1016292519685038
11
3.3347434645669289
21
2.1024438976377953
0
LINE
8
BLACK
6
CONTINUOUS
10
3.3347434645669289
20
2.1024438976377953
11
3.3358078740157477
21
2.1028848031496064
0
LINE
8
BLACK
6
CONTINUOUS
10
3.3358078740157477
20
2.1028848031496064
11
3.3363839370078741
21
2.1029415354330707
0
LINE
8
BLACK
6
CONTINUOUS
10
3.3363839370078741
20
2.1029415354330707
11
3.3626306692913386
21
2.1029415354330707
0
LINE
8
BLACK
6
CONTINUOUS
10
3.3626306692913386
20
2.1029415354330707
11
3.3632067322834645
21
2.1028848031496064
0
LINE
8
BLACK
6
CONTINUOUS
10
-0.2816175196850393
20
2.1272086220472439
11
-0.2805870078740157
21
2.1266933464566931
0
LINE
8
BLACK
6
CONTINUOUS
10
-0.2805870078740157
20
2.1266933464566931
11
-0.2798321653543307
21
2.1258229921259844
0
LINE
8
BLACK
6
CONTINUOUS
10
-0.2798321653543307
20
2.1258229921259844
11
-0.2794678346456693
21
2.12473
0
LINE
8
BLACK
6
CONTINUOUS
10
-0.2794678346456693
20
2.12473
11
-0.2795494881889763
21
2.1235807874015746
0
LINE
8
BLACK
6
CONTINUOUS
10
-0.2795494881889763
20
2.1235807874015746
11
-0.2797563779527559
21
2.1230401968503938
0
LINE
8
BLACK
6
CONTINUOUS
10
-0.2797563779527559
20
2.1230401968503938
11
-0.2816311417322835
21
2.1192906692913387
0
LINE
8
BLACK
6
CONTINUOUS
10
-0.2816311417322835
20
2.1192906692913387
11
-0.2816918110236221
21
2.1191943307086616
0
LINE
8
BLACK
6
CONTINUOUS
10
-0.2816918110236221
20
2.1191943307086616
11
-0.2817069291338583
21
2.1191488976377952
0
LINE
8
BLACK
6
CONTINUOUS
10
-0.2817069291338583
20
2.1191488976377952
11
-0.2817559842519685
21
2.1190923622047242
0
LINE
8
BLACK
6
CONTINUOUS
10
-0.2817559842519685
20
2.1190923622047242
11
-0.2819394881889764
21
2.1188007874015748
0
LINE
8
BLACK
6
CONTINUOUS
10
-0.2819394881889764
20
2.1188007874015748
11
-0.2822193307086614
21
2.1185581496062991
0
LINE
8
BLACK
6
CONTINUOUS
10
-0.2822193307086614
20
2.1185581496062991
11
-0.2824618110236221
21
2.1182785039370078
0
LINE
8
BLACK
6
CONTINUOUS
10
-0.2824618110236221
20
2.1182785039370078
11
-0.2827533070866142
21
2.1180950393700786
0
LINE
8
BLACK
6
CONTINUOUS
10
-0.2827533070866142
20
2.1180950393700786
11
-0.2828098818897637
21
2.1180459448818896
0
LINE
8
BLACK
6
CONTINUOUS
10
-0.2828098818897637
20
2.1180459448818896
11
-0.2828553543307086
21
2.1180308267716534
0
LINE
8
BLACK
6
CONTINUOUS
10
-0.2828553543307086
20
2.1180308267716534
11
-0.2829516535433071
21
2.1179701574803147
0
LINE
8
BLACK
6
CONTINUOUS
10
-0.2829516535433071
20
2.1179701574803147
11
-0.286701220472441
21
2.1160953937007871
0
LINE
8
BLACK
6
CONTINUOUS
10
-0.286701220472441
20
2.1160953937007871
11
-0.2872418503937008
21
2.1158885039370077
0
LINE
8
BLACK
6
CONTINUOUS
10
-0.2872418503937008
20
2.1158885039370077
11
-0.2873476771653543
21
2.1158810236220473
0
LINE
8
BLACK
6
CONTINUOUS
10
-0.2873476771653543
20
2.1158810236220473
11
-0.2874456692913386
21
2.1158403937007875
0
LINE
8
BLACK
6
CONTINUOUS
10
-0.2874456692913386
20
2.1158403937007875
11
-0.2880217322834646
21
2.1157836614173227
0
LINE
8
BLACK
6
CONTINUOUS
10
-0.2880217322834646
20
2.1157836614173227
11
-0.3217674803149606
21
2.1157836614173227
0
LINE
8
BLACK
6
CONTINUOUS
10
-0.3217674803149606
20
2.1157836614173227
11
-0.3223435433070866
21
2.1158403937007875
0
LINE
8
BLACK
6
CONTINUOUS
10
-0.3223435433070866
20
2.1158403937007875
11
-0.3234079527559055
21
2.1162812992125986
0
LINE
8
BLACK
6
CONTINUOUS
10
-0.3234079527559055
20
2.1162812992125986
11
-0.3242225984251969
21
2.1170959448818896
0
LINE
8
BLACK
6
CONTINUOUS
10
-0.3242225984251969
20
2.1170959448818896
11
-0.3246635039370079
21
2.1181603543307088
0
LINE
8
BLACK
6
CONTINUOUS
10
-0.3246635039370079
20
2.1181603543307088
11
-0.3246635039370079
21
2.1193124803149606
0
LINE
8
BLACK
6
CONTINUOUS
10
-0.3246635039370079
20
2.1193124803149606
11
-0.3242225984251969
21
2.1203768897637794
0
LINE
8
BLACK
6
CONTINUOUS
10
-0.3242225984251969
20
2.1203768897637794
11
-0.3234079527559055
21
2.1211915354330708
0
LINE
8
BLACK
6
CONTINUOUS
10
-0.3234079527559055
20
2.1211915354330708
11
-0.3223435433070866
21
2.1216324409448819
0
LINE
8
BLACK
6
CONTINUOUS
10
-0.3223435433070866
20
2.1216324409448819
11
-0.3217674803149606
21
2.1216891732283463
0
LINE
8
BLACK
6
CONTINUOUS
10
-0.3217674803149606
20
2.1216891732283463
11
-0.288718779527559
21
2.1216891732283463
0
LINE
8
BLACK
6
CONTINUOUS
10
-0.288718779527559
20
2.1216891732283463
11
-0.286473031496063
21
2.1228120472440946
0
LINE
8
BLACK
6
CONTINUOUS
10
-0.286473031496063
20
2.1228120472440946
11
-0.2850384251968504
21
2.1256812204724409
0
LINE
8
BLACK
6
CONTINUOUS
10
-0.2850384251968504
20
2.1256812204724409
11
-0.2847300787401575
21
2.1261711023622047
0
LINE
8
BLACK
6
CONTINUOUS
10
-0.2847300787401575
20
2.1261711023622047
11
-0.2838596850393701
21
2.1269259448818896
0
LINE
8
BLACK
6
CONTINUOUS
10
-0.2838596850393701
20
2.1269259448818896
11
-0.2827667322834646
21
2.1272902755905512
0
LINE
8
BLACK
6
CONTINUOUS
10
-0.2827667322834646
20
2.1272902755905512
11
-0.2816175196850393
21
2.1272086220472439
0
LINE
8
BLACK
6
CONTINUOUS
10
3.3634105511811021
20
2.1272086220472439
11
3.364441062992126
21
2.1266933464566931
0
LINE
8
BLACK
6
CONTINUOUS
10
3.364441062992126
20
2.1266933464566931
11
3.3651959055118108
21
2.1258229921259844
0
LINE
8
BLACK
6
CONTINUOUS
10
3.3651959055118108
20
2.1258229921259844
11
3.3655602362204724
21
2.12473
0
LINE
8
BLACK
6
CONTINUOUS
10
3.3655602362204724
20
2.12473
11
3.3654785826771652
21
2.1235807874015746
0
LINE
8
BLACK
6
CONTINUOUS
10
3.3654785826771652
20
2.1235807874015746
11
3.3652716929133857
21
2.1230401968503938
0
LINE
8
BLACK
6
CONTINUOUS
10
3.3652716929133857
20
2.1230401968503938
11
3.3633969291338581
21
2.1192906692913387
0
LINE
8
BLACK
6
CONTINUOUS
10
3.3633969291338581
20
2.1192906692913387
11
3.3633362598425198
21
2.1191943307086616
0
LINE
8
BLACK
6
CONTINUOUS
10
3.3633362598425198
20
2.1191943307086616
11
3.3633211417322832
21
2.1191488976377952
0
LINE
8
BLACK
6
CONTINUOUS
10
3.3633211417322832
20
2.1191488976377952
11
3.363272086614173
21
2.1190923622047242
0
LINE
8
BLACK
6
CONTINUOUS
10
3.363272086614173
20
2.1190923622047242
11
3.3630885826771655
21
2.1188007874015748
0
LINE
8
BLACK
6
CONTINUOUS
10
3.3630885826771655
20
2.1188007874015748
11
3.3628087401574804
21
2.1185581496062991
0
LINE
8
BLACK
6
CONTINUOUS
10
3.3628087401574804
20
2.1185581496062991
11
3.3625662598425197
21
2.1182785039370078
0
LINE
8
BLACK
6
CONTINUOUS
10
3.3625662598425197
20
2.1182785039370078
11
3.3622747637795274
21
2.1180950393700786
0
LINE
8
BLACK
6
CONTINUOUS
10
3.3622747637795274
20
2.1180950393700786
11
3.362218188976378
21
2.1180459448818896
0
LINE
8
BLACK
6
CONTINUOUS
10
3.362218188976378
20
2.1180459448818896
11
3.3621727165354329
21
2.1180308267716534
0
LINE
8
BLACK
6
CONTINUOUS
10
3.3621727165354329
20
2.1180308267716534
11
3.3620764173228346
21
2.1179701574803147
0
LINE
8
BLACK
6
CONTINUOUS
10
3.3620764173228346
20
2.1179701574803147
11
3.3583268503937007
21
2.1160953937007871
0
LINE
8
BLACK
6
CONTINUOUS
10
3.3583268503937007
20
2.1160953937007871
11
3.3577862204724407
21
2.1158885039370077
0
LINE
8
BLACK
6
CONTINUOUS
10
3.3577862204724407
20
2.1158885039370077
11
3.3576803937007873
21
2.1158810236220473
0
LINE
8
BLACK
6
CONTINUOUS
10
3.3576803937007873
20
2.1158810236220473
11
3.357582401574803
21
2.1158403937007875
0
LINE
8
BLACK
6
CONTINUOUS
10
3.357582401574803
20
2.1158403937007875
11
3.3570063385826772
21
2.1157836614173227
0
LINE
8
BLACK
6
CONTINUOUS
10
3.3570063385826772
20
2.1157836614173227
11
3.3232605905511812
21
2.1157836614173227
0
LINE
8
BLACK
6
CONTINUOUS
10
3.3232605905511812
20
2.1157836614173227
11
3.3226845275590549
21
2.1158403937007875
0
LINE
8
BLACK
6
CONTINUOUS
10
3.3226845275590549
20
2.1158403937007875
11
3.3216201181102361
21
2.1162812992125986
0
LINE
8
BLACK
6
CONTINUOUS
10
3.3216201181102361
20
2.1162812992125986
11
3.3208054724409446
21
2.1170959448818896
0
LINE
8
BLACK
6
CONTINUOUS
10
3.3208054724409446
20
2.1170959448818896
11
3.320364566929134
21
2.1181603543307088
0
LINE
8
BLACK
6
CONTINUOUS
10
3.320364566929134
20
2.1181603543307088
11
3.320364566929134
21
2.1193124803149606
0
LINE
8
BLACK
6
CONTINUOUS
10
3.320364566929134
20
2.1193124803149606
11
3.3208054724409446
21
2.1203768897637794
0
LINE
8
BLACK
6
CONTINUOUS
10
3.3208054724409446
20
2.1203768897637794
11
3.3216201181102361
21
2.1211915354330708
0
LINE
8
BLACK
6
CONTINUOUS
10
3.3216201181102361
20
2.1211915354330708
11
3.3226845275590549
21
2.1216324409448819
0
LINE
8
BLACK
6
CONTINUOUS
10
3.3226845275590549
20
2.1216324409448819
11
3.3232605905511812
21
2.1216891732283463
0
LINE
8
BLACK
6
CONTINUOUS
10
3.3232605905511812
20
2.1216891732283463
11
3.3563092913385826
21
2.1216891732283463
0
LINE
8
BLACK
6
CONTINUOUS
10
3.3563092913385826
20
2.1216891732283463
11
3.3585550393700787
21
2.1228120472440946
0
LINE
8
BLACK
6
CONTINUOUS
10
3.3585550393700787
20
2.1228120472440946
11
3.3599896456692915
21
2.1256812204724409
0
LINE
8
BLACK
6
CONTINUOUS
10
3.3599896456692915
20
2.1256812204724409
11
3.3602979921259841
21
2.1261711023622047
0
LINE
8
BLACK
6
CONTINUOUS
10
3.3602979921259841
20
2.1261711023622047
11
3.3611683858267716
21
2.1269259448818896
0
LINE
8
BLACK
6
CONTINUOUS
10
3.3611683858267716
20
2.1269259448818896
11
3.3622613385826772
21
2.1272902755905512
0
LINE
8
BLACK
6
CONTINUOUS
10
3.3622613385826772
20
2.1272902755905512
11
3.3634105511811021
21
2.1272086220472439
0
LINE
8
BLACK
6
CONTINUOUS
10
-0.2874456692913386
20
2.1572529921259842
11
-0.2873476771653543
21
2.1572124015748031
0
LINE
8
BLACK
6
CONTINUOUS
10
-0.2873476771653543
20
2.1572124015748031
11
-0.2872418503937008
21
2.1572048818897636
0
LINE
8
BLACK
6
CONTINUOUS
10
-0.2872418503937008
20
2.1572048818897636
11
-0.286701220472441
21
2.1569979921259841
0
LINE
8
BLACK
6
CONTINUOUS
10
-0.286701220472441
20
2.1569979921259841
11
-0.2829516535433071
21
2.1551232283464565
0
LINE
8
BLACK
6
CONTINUOUS
10
-0.2829516535433071
20
2.1551232283464565
11
-0.2828553543307086
21
2.155062598425197
0
LINE
8
BLACK
6
CONTINUOUS
10
-0.2828553543307086
20
2.155062598425197
11
-0.2828098818897637
21
2.1550474409448817
0
LINE
8
BLACK
6
CONTINUOUS
10
-0.2828098818897637
20
2.1550474409448817
11
-0.2827533070866142
21
2.1549983858267714
0
LINE
8
BLACK
6
CONTINUOUS
10
-0.2827533070866142
20
2.1549983858267714
11
-0.2824618110236221
21
2.1548148818897639
0
LINE
8
BLACK
6
CONTINUOUS
10
-0.2824618110236221
20
2.1548148818897639
11
-0.2822193307086614
21
2.1545352755905509
0
LINE
8
BLACK
6
CONTINUOUS
10
-0.2822193307086614
20
2.1545352755905509
11
-0.2819394881889764
21
2.1542925984251968
0
LINE
8
BLACK
6
CONTINUOUS
10
-0.2819394881889764
20
2.1542925984251968
11
-0.2817559842519685
21
2.1540010629921258
0
LINE
8
BLACK
6
CONTINUOUS
10
-0.2817559842519685
20
2.1540010629921258
11
-0.2817069291338583
21
2.1539444881889764
0
LINE
8
BLACK
6
CONTINUOUS
10
-0.2817069291338583
20
2.1539444881889764
11
-0.2816918110236221
21
2.1538990944881888
0
LINE
8
BLACK
6
CONTINUOUS
10
-0.2816918110236221
20
2.1538990944881888
11
-0.2816311417322835
21
2.153802716535433
0
LINE
8
BLACK
6
CONTINUOUS
10
-0.2816311417322835
20
2.153802716535433
11
-0.2797563779527559
21
2.1500531889763779
0
LINE
8
BLACK
6
CONTINUOUS
10
-0.2797563779527559
20
2.1500531889763779
11
-0.2795494881889763
21
2.1495125984251966
0
LINE
8
BLACK
6
CONTINUOUS
10
-0.2795494881889763
20
2.1495125984251966
11
-0.279541968503937
21
2.1494067322834645
0
LINE
8
BLACK
6
CONTINUOUS
10
-0.279541968503937
20
2.1494067322834645
11
-0.2795013779527559
21
2.1493087401574802
0
LINE
8
BLACK
6
CONTINUOUS
10
-0.2795013779527559
20
2.1493087401574802
11
-0.2794446456692913
21
2.1487326771653543
0
LINE
8
BLACK
6
CONTINUOUS
10
-0.2794446456692913
20
2.1487326771653543
11
-0.2794446456692913
21
2.1412336220472441
0
LINE
8
BLACK
6
CONTINUOUS
10
-0.2794446456692913
20
2.1412336220472441
11
-0.2795013779527559
21
2.1406575590551182
0
LINE
8
BLACK
6
CONTINUOUS
10
-0.2795013779527559
20
2.1406575590551182
11
-0.279541968503937
21
2.1405596062992127
0
LINE
8
BLACK
6
CONTINUOUS
10
-0.279541968503937
20
2.1405596062992127
11
-0.2795494881889763
21
2.1404537007874014
0
LINE
8
BLACK
6
CONTINUOUS
10
-0.2795494881889763
20
2.1404537007874014
11
-0.2797563779527559
21
2.1399131102362206
0
LINE
8
BLACK
6
CONTINUOUS
10
-0.2797563779527559
20
2.1399131102362206
11
-0.2816311417322835
21
2.1361635826771654
0
LINE
8
BLACK
6
CONTINUOUS
10
-0.2816311417322835
20
2.1361635826771654
11
-0.2819394881889764
21
2.1356737007874016
0
LINE
8
BLACK
6
CONTINUOUS
10
-0.2819394881889764
20
2.1356737007874016
11
-0.2828098818897637
21
2.1349188582677163
0
LINE
8
BLACK
6
CONTINUOUS
10
-0.2828098818897637
20
2.1349188582677163
11
-0.2839028346456693
21
2.1345545275590552
0
LINE
8
BLACK
6
CONTINUOUS
10
-0.2839028346456693
20
2.1345545275590552
11
-0.2850520472440945
21
2.134636181102362
0
LINE
8
BLACK
6
CONTINUOUS
10
-0.2850520472440945
20
2.134636181102362
11
-0.2860825590551181
21
2.1351514173228345
0
LINE
8
BLACK
6
CONTINUOUS
10
-0.2860825590551181
20
2.1351514173228345
11
-0.2868374015748031
21
2.136021811023622
0
LINE
8
BLACK
6
CONTINUOUS
10
-0.2868374015748031
20
2.136021811023622
11
-0.2872017322834646
21
2.1371147637795276
0
LINE
8
BLACK
6
CONTINUOUS
10
-0.2872017322834646
20
2.1371147637795276
11
-0.2871200787401575
21
2.1382639763779525
0
LINE
8
BLACK
6
CONTINUOUS
10
-0.2871200787401575
20
2.1382639763779525
11
-0.286913188976378
21
2.1388046062992125
0
LINE
8
BLACK
6
CONTINUOUS
10
-0.286913188976378
20
2.1388046062992125
11
-0.2853501574803149
21
2.1419306692913387
0
LINE
8
BLACK
6
CONTINUOUS
10
-0.2853501574803149
20
2.1419306692913387
11
-0.2853501574803149
21
2.1480356299212597
0
LINE
8
BLACK
6
CONTINUOUS
10
-0.2853501574803149
20
2.1480356299212597
11
-0.286473031496063
21
2.1502813779527559
0
LINE
8
BLACK
6
CONTINUOUS
10
-0.286473031496063
20
2.1502813779527559
11
-0.288718779527559
21
2.151404212598425
0
LINE
8
BLACK
6
CONTINUOUS
10
-0.288718779527559
20
2.151404212598425
11
-0.2891994488188976
21
2.151404212598425
0
LINE
8
BLACK
6
CONTINUOUS
10
-0.2891994488188976
20
2.151404212598425
11
-0.2914451968503937
21
2.1502813779527559
0
LINE
8
BLACK
6
CONTINUOUS
10
-0.2914451968503937
20
2.1502813779527559
11
-0.292568031496063
21
2.1480356299212597
0
LINE
8
BLACK
6
CONTINUOUS
10
-0.292568031496063
20
2.1480356299212597
11
-0.292568031496063
21
2.1431083858267717
0
LINE
8
BLACK
6
CONTINUOUS
10
-0.292568031496063
20
2.1431083858267717
11
-0.2926247637795276
21
2.1425323228346458
0
LINE
8
BLACK
6
CONTINUOUS
10
-0.2926247637795276
20
2.1425323228346458
11
-0.2926653543307087
21
2.1424343700787403
0
LINE
8
BLACK
6
CONTINUOUS
10
-0.2926653543307087
20
2.1424343700787403
11
-0.292672874015748
21
2.1423284645669289
0
LINE
8
BLACK
6
CONTINUOUS
10
-0.292672874015748
20
2.1423284645669289
11
-0.2928797637795276
21
2.1417878740157481
0
LINE
8
BLACK
6
CONTINUOUS
10
-0.2928797637795276
20
2.1417878740157481
11
-0.2947545275590551
21
2.138038346456693
0
LINE
8
BLACK
6
CONTINUOUS
10
-0.2947545275590551
20
2.138038346456693
11
-0.2948151968503937
21
2.1379420078740159
0
LINE
8
BLACK
6
CONTINUOUS
10
-0.2948151968503937
20
2.1379420078740159
11
-0.2948303149606299
21
2.1378965748031495
0
LINE
8
BLACK
6
CONTINUOUS
10
-0.2948303149606299
20
2.1378965748031495
11
-0.2948793700787402
21
2.1378400393700785
0
LINE
8
BLACK
6
CONTINUOUS
10
-0.2948793700787402
20
2.1378400393700785
11
-0.295062874015748
21
2.1375484645669292
0
LINE
8
BLACK
6
CONTINUOUS
10
-0.295062874015748
20
2.1375484645669292
11
-0.2953425984251968
21
2.1373059055118109
0
LINE
8
BLACK
6
CONTINUOUS
10
-0.2953425984251968
20
2.1373059055118109
11
-0.2955851574803149
21
2.1370261811023621
0
LINE
8
BLACK
6
CONTINUOUS
10
-0.2955851574803149
20
2.1370261811023621
11
-0.2958767322834646
21
2.1368426771653541
0
LINE
8
BLACK
6
CONTINUOUS
10
-0.2958767322834646
20
2.1368426771653541
11
-0.2959332677165354
21
2.1367936220472439
0
LINE
8
BLACK
6
CONTINUOUS
10
-0.2959332677165354
20
2.1367936220472439
11
-0.2959787007874016
21
2.1367785039370077
0
LINE
8
BLACK
6
CONTINUOUS
10
-0.2959787007874016
20
2.1367785039370077
11
-0.2960750393700787
21
2.1367178346456694
0
LINE
8
BLACK
6
CONTINUOUS
10
-0.2960750393700787
20
2.1367178346456694
11
-0.2998245669291338
21
2.1348430708661419
0
LINE
8
BLACK
6
CONTINUOUS
10
-0.2998245669291338
20
2.1348430708661419
11
-0.3003651968503937
21
2.134636181102362
0
LINE
8
BLACK
6
CONTINUOUS
10
-0.3003651968503937
20
2.134636181102362
11
-0.3004710236220473
21
2.1346287007874016
0
LINE
8
BLACK
6
CONTINUOUS
10
-0.3004710236220473
20
2.1346287007874016
11
-0.3005690157480315
21
2.1345880708661418
0
LINE
8
BLACK
6
CONTINUOUS
10
-0.3005690157480315
20
2.1345880708661418
11
-0.3011450787401574
21
2.134531338582677
0
LINE
8
BLACK
6
CONTINUOUS
10
-0.3011450787401574
20
2.134531338582677
11
-0.3030198425196851
21
2.134531338582677
0
LINE
8
BLACK
6
CONTINUOUS
10
-0.3030198425196851
20
2.134531338582677
11
-0.303595905511811
21
2.1345880708661418
0
LINE
8
BLACK
6
CONTINUOUS
10
-0.303595905511811
20
2.1345880708661418
11
-0.3036938976377953
21
2.1346286614173229
0
LINE
8
BLACK
6
CONTINUOUS
10
-0.3036938976377953
20
2.1346286614173229
11
-0.3037997637795276
21
2.134636181102362
0
LINE
8
BLACK
6
CONTINUOUS
10
-0.3037997637795276
20
2.134636181102362
11
-0.3043403543307087
21
2.1348430708661419
0
LINE
8
BLACK
6
CONTINUOUS
10
-0.3043403543307087
20
2.1348430708661419
11
-0.3080898818897638
21
2.1367178346456694
0
LINE
8
BLACK
6
CONTINUOUS
10
-0.3080898818897638
20
2.1367178346456694
11
-0.3081862598425197
21
2.1367785039370077
0
LINE
8
BLACK
6
CONTINUOUS
10
-0.3081862598425197
20
2.1367785039370077
11
-0.3082316535433071
21
2.1367936220472439
0
LINE
8
BLACK
6
CONTINUOUS
10
-0.3082316535433071
20
2.1367936220472439
11
-0.3082882283464567
21
2.1368426771653541
0
LINE
8
BLACK
6
CONTINUOUS
10
-0.3082882283464567
20
2.1368426771653541
11
-0.3085797637795276
21
2.1370261811023621
0
LINE
8
BLACK
6
CONTINUOUS
10
-0.3085797637795276
20
2.1370261811023621
11
-0.3088223622047244
21
2.1373059055118109
0
LINE
8
BLACK
6
CONTINUOUS
10
-0.3088223622047244
20
2.1373059055118109
11
-0.3091020472440945
21
2.1375484645669292
0
LINE
8
BLACK
6
CONTINUOUS
10
-0.3091020472440945
20
2.1375484645669292
11
-0.3092855905511811
21
2.1378400393700785
0
LINE
8
BLACK
6
CONTINUOUS
10
-0.3092855905511811
20
2.1378400393700785
11
-0.3093346062992126
21
2.1378965748031495
0
LINE
8
BLACK
6
CONTINUOUS
10
-0.3093346062992126
20
2.1378965748031495
11
-0.3093497637795276
21
2.1379420078740159
0
LINE
8
BLACK
6
CONTINUOUS
10
-0.3093497637795276
20
2.1379420078740159
11
-0.3094103937007874
21
2.138038346456693
0
LINE
8
BLACK
6
CONTINUOUS
10
-0.3094103937007874
20
2.138038346456693
11
-0.3112851574803149
21
2.1417878740157481
0
LINE
8
BLACK
6
CONTINUOUS
10
-0.3112851574803149
20
2.1417878740157481
11
-0.3114920472440945
21
2.1423285039370077
0
LINE
8
BLACK
6
CONTINUOUS
10
-0.3114920472440945
20
2.1423285039370077
11
-0.3114995669291338
21
2.1424343307086615
0
LINE
8
BLACK
6
CONTINUOUS
10
-0.3114995669291338
20
2.1424343307086615
11
-0.3115401574803149
21
2.1425323228346458
0
LINE
8
BLACK
6
CONTINUOUS
10
-0.3115401574803149
20
2.1425323228346458
11
-0.3115968897637795
21
2.1431083858267717
0
LINE
8
BLACK
6
CONTINUOUS
10
-0.3115968897637795
20
2.1431083858267717
11
-0.3115968897637795
21
2.1487326771653543
0
LINE
8
BLACK
6
CONTINUOUS
10
-0.3115968897637795
20
2.1487326771653543
11
-0.3115401574803149
21
2.1493087401574802
0
LINE
8
BLACK
6
CONTINUOUS
10
-0.3115401574803149
20
2.1493087401574802
11
-0.3114995669291338
21
2.1494067716535432
0
LINE
8
BLACK
6
CONTINUOUS
10
-0.3114995669291338
20
2.1494067716535432
11
-0.3114920472440945
21
2.1495125590551178
0
LINE
8
BLACK
6
CONTINUOUS
10
-0.3114920472440945
20
2.1495125590551178
11
-0.3112851574803149
21
2.1500531889763779
0
LINE
8
BLACK
6
CONTINUOUS
10
-0.3112851574803149
20
2.1500531889763779
11
-0.3094103937007874
21
2.153802716535433
0
LINE
8
BLACK
6
CONTINUOUS
10
-0.3094103937007874
20
2.153802716535433
11
-0.3091020472440945
21
2.1542925984251968
0
LINE
8
BLACK
6
CONTINUOUS
10
-0.3091020472440945
20
2.1542925984251968
11
-0.3082316535433071
21
2.1550474409448817
0
LINE
8
BLACK
6
CONTINUOUS
10
-0.3082316535433071
20
2.1550474409448817
11
-0.3071387007874016
21
2.1554117716535433
0
LINE
8
BLACK
6
CONTINUOUS
10
-0.3071387007874016
20
2.1554117716535433
11
-0.3059894881889764
21
2.155330118110236
0
LINE
8
BLACK
6
CONTINUOUS
10
-0.3059894881889764
20
2.155330118110236
11
-0.3049589763779528
21
2.1548148425196851
0
LINE
8
BLACK
6
CONTINUOUS
10
-0.3049589763779528
20
2.1548148425196851
11
-0.3042041338582677
21
2.1539444881889764
0
LINE
8
BLACK
6
CONTINUOUS
10
-0.3042041338582677
20
2.1539444881889764
11
-0.3038398031496063
21
2.1528514960629921
0
LINE
8
BLACK
6
CONTINUOUS
10
-0.3038398031496063
20
2.1528514960629921
11
-0.3039214566929134
21
2.1517022834645667
0
LINE
8
BLACK
6
CONTINUOUS
10
-0.3039214566929134
20
2.1517022834645667
11
-0.3041283464566929
21
2.1511616929133859
0
LINE
8
BLACK
6
CONTINUOUS
10
-0.3041283464566929
20
2.1511616929133859
11
-0.3056913779527559
21
2.1480356299212597
0
LINE
8
BLACK
6
CONTINUOUS
10
-0.3056913779527559
20
2.1480356299212597
11
-0.3056913779527559
21
2.1438054330708662
0
LINE
8
BLACK
6
CONTINUOUS
10
-0.3056913779527559
20
2.1438054330708662
11
-0.3045685433070866
21
2.1415597244094489
0
LINE
8
BLACK
6
CONTINUOUS
10
-0.3045685433070866
20
2.1415597244094489
11
-0.3023227952755905
21
2.1404368503937006
0
LINE
8
BLACK
6
CONTINUOUS
10
-0.3023227952755905
20
2.1404368503937006
11
-0.301842125984252
21
2.1404368503937006
0
LINE
8
BLACK
6
CONTINUOUS
10
-0.301842125984252
20
2.1404368503937006
11
-0.2995964173228347
21
2.1415597244094489
0
LINE
8
BLACK
6
CONTINUOUS
10
-0.2995964173228347
20
2.1415597244094489
11
-0.2984735433070866
21
2.1438054330708662
0
LINE
8
BLACK
6
CONTINUOUS
10
-0.2984735433070866
20
2.1438054330708662
11
-0.2984735433070866
21
2.1487326771653543
0
LINE
8
BLACK
6
CONTINUOUS
10
-0.2984735433070866
20
2.1487326771653543
11
-0.2984168110236221
21
2.1493087401574802
0
LINE
8
BLACK
6
CONTINUOUS
10
-0.2984168110236221
20
2.1493087401574802
11
-0.2983762204724409
21
2.1494067716535432
0
LINE
8
BLACK
6
CONTINUOUS
10
-0.2983762204724409
20
2.1494067716535432
11
-0.2983687007874016
21
2.1495125590551178
0
LINE
8
BLACK
6
CONTINUOUS
10
-0.2983687007874016
20
2.1495125590551178
11
-0.298161811023622
21
2.1500531889763779
0
LINE
8
BLACK
6
CONTINUOUS
10
-0.298161811023622
20
2.1500531889763779
11
-0.2962870472440945
21
2.153802716535433
0
LINE
8
BLACK
6
CONTINUOUS
10
-0.2962870472440945
20
2.153802716535433
11
-0.2962264173228346
21
2.1538990944881888
0
LINE
8
BLACK
6
CONTINUOUS
10
-0.2962264173228346
20
2.1538990944881888
11
-0.2962112598425197
21
2.1539444881889764
0
LINE
8
BLACK
6
CONTINUOUS
10
-0.2962112598425197
20
2.1539444881889764
11
-0.2961622440944882
21
2.1540010629921258
0
LINE
8
BLACK
6
CONTINUOUS
10
-0.2961622440944882
20
2.1540010629921258
11
-0.2959787007874016
21
2.1542925984251968
0
LINE
8
BLACK
6
CONTINUOUS
10
-0.2959787007874016
20
2.1542925984251968
11
-0.2956990157480315
21
2.1545351968503939
0
LINE
8
BLACK
6
CONTINUOUS
10
-0.2956990157480315
20
2.1545351968503939
11
-0.2954564173228346
21
2.1548148818897639
0
LINE
8
BLACK
6
CONTINUOUS
10
-0.2954564173228346
20
2.1548148818897639
11
-0.2951648818897638
21
2.1549984251968501
0
LINE
8
BLACK
6
CONTINUOUS
10
-0.2951648818897638
20
2.1549984251968501
11
-0.2951083070866142
21
2.1550474409448817
0
LINE
8
BLACK
6
CONTINUOUS
10
-0.2951083070866142
20
2.1550474409448817
11
-0.2950629133858267
21
2.155062598425197
0
LINE
8
BLACK
6
CONTINUOUS
10
-0.2950629133858267
20
2.155062598425197
11
-0.2949665354330709
21
2.1551232283464565
0
LINE
8
BLACK
6
CONTINUOUS
10
-0.2949665354330709
20
2.1551232283464565
11
-0.2912170078740157
21
2.1569979921259841
0
LINE
8
BLACK
6
CONTINUOUS
10
-0.2912170078740157
20
2.1569979921259841
11
-0.2906764173228346
21
2.1572048818897636
0
LINE
8
BLACK
6
CONTINUOUS
10
-0.2906764173228346
20
2.1572048818897636
11
-0.2905705511811024
21
2.1572124409448818
0
LINE
8
BLACK
6
CONTINUOUS
10
-0.2905705511811024
20
2.1572124409448818
11
-0.2904725590551181
21
2.1572529921259842
0
LINE
8
BLACK
6
CONTINUOUS
10
-0.2904725590551181
20
2.1572529921259842
11
-0.2898964960629921
21
2.1573097244094486
0
LINE
8
BLACK
6
CONTINUOUS
10
-0.2898964960629921
20
2.1573097244094486
11
-0.2880217322834646
21
2.1573097244094486
0
LINE
8
BLACK
6
CONTINUOUS
10
-0.2880217322834646
20
2.1573097244094486
11
-0.2874456692913386
21
2.1572529921259842
0
LINE
8
BLACK
6
CONTINUOUS
10
3.357582401574803
20
2.1572529921259842
11
3.3576803937007873
21
2.1572124015748031
0
LINE
8
BLACK
6
CONTINUOUS
10
3.3576803937007873
20
2.1572124015748031
11
3.3577862204724407
21
2.1572048818897636
0
LINE
8
BLACK
6
CONTINUOUS
10
3.3577862204724407
20
2.1572048818897636
11
3.3583268503937007
21
2.1569979921259841
0
LINE
8
BLACK
6
CONTINUOUS
10
3.3583268503937007
20
2.1569979921259841
11
3.3620764173228346
21
2.1551232283464565
0
LINE
8
BLACK
6
CONTINUOUS
10
3.3620764173228346
20
2.1551232283464565
11
3.3621727165354329
21
2.155062598425197
0
LINE
8
BLACK
6
CONTINUOUS
10
3.3621727165354329
20
2.155062598425197
11
3.362218188976378
21
2.1550474409448817
0
LINE
8
BLACK
6
CONTINUOUS
10
3.362218188976378
20
2.1550474409448817
11
3.3622747637795274
21
2.1549983858267714
0
LINE
8
BLACK
6
CONTINUOUS
10
3.3622747637795274
20
2.1549983858267714
11
3.3625662598425197
21
2.1548148818897639
0
LINE
8
BLACK
6
CONTINUOUS
10
3.3625662598425197
20
2.1548148818897639
11
3.3628087401574804
21
2.1545352755905509
0
LINE
8
BLACK
6
CONTINUOUS
10
3.3628087401574804
20
2.1545352755905509
11
3.3630885826771655
21
2.1542925984251968
0
LINE
8
BLACK
6
CONTINUOUS
10
3.3630885826771655
20
2.1542925984251968
11
3.363272086614173
21
2.1540010629921258
0
LINE
8
BLACK
6
CONTINUOUS
10
3.363272086614173
20
2.1540010629921258
11
3.3633211417322832
21
2.1539444881889764
0
LINE
8
BLACK
6
CONTINUOUS
10
3.3633211417322832
20
2.1539444881889764
11
3.3633362598425198
21
2.1538990944881888
0
LINE
8
BLACK
6
CONTINUOUS
10
3.3633362598425198
20
2.1538990944881888
11
3.3633969291338581
21
2.153802716535433
0
LINE
8
BLACK
6
CONTINUOUS
10
3.3633969291338581
20
2.153802716535433
11
3.3652716929133857
21
2.1500531889763779
0
LINE
8
BLACK
6
CONTINUOUS
10
3.3652716929133857
20
2.1500531889763779
11
3.3654785826771652
21
2.1495125984251966
0
LINE
8
BLACK
6
CONTINUOUS
10
3.3654785826771652
20
2.1495125984251966
11
3.3654861023622047
21
2.1494067322834645
0
LINE
8
BLACK
6
CONTINUOUS
10
3.3654861023622047
20
2.1494067322834645
11
3.3655266929133858
21
2.1493087401574802
0
LINE
8
BLACK
6
CONTINUOUS
10
3.3655266929133858
20
2.1493087401574802
11
3.3655834251968502
21
2.1487326771653543
0
LINE
8
BLACK
6
CONTINUOUS
10
3.3655834251968502
20
2.1487326771653543
11
3.3655834251968502
21
2.1412336220472441
0
LINE
8
BLACK
6
CONTINUOUS
10
3.3655834251968502
20
2.1412336220472441
11
3.3655266929133858
21
2.1406575590551182
0
LINE
8
BLACK
6
CONTINUOUS
10
3.3655266929133858
20
2.1406575590551182
11
3.3654861023622047
21
2.1405596062992127
0
LINE
8
BLACK
6
CONTINUOUS
10
3.3654861023622047
20
2.1405596062992127
11
3.3654785826771652
21
2.1404537007874014
0
LINE
8
BLACK
6
CONTINUOUS
10
3.3654785826771652
20
2.1404537007874014
11
3.3652716929133857
21
2.1399131102362206
0
LINE
8
BLACK
6
CONTINUOUS
10
3.3652716929133857
20
2.1399131102362206
11
3.3633969291338581
21
2.1361635826771654
0
LINE
8
BLACK
6
CONTINUOUS
10
3.3633969291338581
20
2.1361635826771654
11
3.3630885826771655
21
2.1356737007874016
0
LINE
8
BLACK
6
CONTINUOUS
10
3.3630885826771655
20
2.1356737007874016
11
3.362218188976378
21
2.1349188582677163
0
LINE
8
BLACK
6
CONTINUOUS
10
3.362218188976378
20
2.1349188582677163
11
3.3611252362204724
21
2.1345545275590552
0
LINE
8
BLACK
6
CONTINUOUS
10
3.3611252362204724
20
2.1345545275590552
11
3.3599760236220471
21
2.134636181102362
0
LINE
8
BLACK
6
CONTINUOUS
10
3.3599760236220471
20
2.134636181102362
11
3.3589455118110236
21
2.1351514173228345
0
LINE
8
BLACK
6
CONTINUOUS
10
3.3589455118110236
20
2.1351514173228345
11
3.3581906692913384
21
2.136021811023622
0
LINE
8
BLACK
6
CONTINUOUS
10
3.3581906692913384
20
2.136021811023622
11
3.3578263385826772
21
2.1371147637795276
0
LINE
8
BLACK
6
CONTINUOUS
10
3.3578263385826772
20
2.1371147637795276
11
3.357907992125984
21
2.1382639763779525
0
LINE
8
BLACK
6
CONTINUOUS
10
3.357907992125984
20
2.1382639763779525
11
3.3581148818897635
21
2.1388046062992125
0
LINE
8
BLACK
6
CONTINUOUS
10
3.3581148818897635
20
2.1388046062992125
11
3.3596779133858266
21
2.1419306692913387
0
LINE
8
BLACK
6
CONTINUOUS
10
3.3596779133858266
20
2.1419306692913387
11
3.3596779133858266
21
2.1480356299212597
0
LINE
8
BLACK
6
CONTINUOUS
10
3.3596779133858266
20
2.1480356299212597
11
3.3585550393700787
21
2.1502813779527559
0
LINE
8
BLACK
6
CONTINUOUS
10
3.3585550393700787
20
2.1502813779527559
11
3.3563092913385826
21
2.151404212598425
0
LINE
8
BLACK
6
CONTINUOUS
10
3.3563092913385826
20
2.151404212598425
11
3.3558286220472442
21
2.151404212598425
0
LINE
8
BLACK
6
CONTINUOUS
10
3.3558286220472442
20
2.151404212598425
11
3.3535828740157481
21
2.1502813779527559
0
LINE
8
BLACK
6
CONTINUOUS
10
3.3535828740157481
20
2.1502813779527559
11
3.3524600393700785
21
2.1480356299212597
0
LINE
8
BLACK
6
CONTINUOUS
10
3.3524600393700785
20
2.1480356299212597
11
3.3524600393700785
21
2.1431083858267717
0
LINE
8
BLACK
6
CONTINUOUS
10
3.3524600393700785
20
2.1431083858267717
11
3.3524033070866142
21
2.1425323228346458
0
LINE
8
BLACK
6
CONTINUOUS
10
3.3524033070866142
20
2.1425323228346458
11
3.3523627165354331
21
2.1424343700787403
0
LINE
8
BLACK
6
CONTINUOUS
10
3.3523627165354331
20
2.1424343700787403
11
3.3523551968503935
21
2.1423284645669289
0
LINE
8
BLACK
6
CONTINUOUS
10
3.3523551968503935
20
2.1423284645669289
11
3.352148307086614
21
2.1417878740157481
0
LINE
8
BLACK
6
CONTINUOUS
10
3.352148307086614
20
2.1417878740157481
11
3.3502735433070865
21
2.138038346456693
0
LINE
8
BLACK
6
CONTINUOUS
10
3.3502735433070865
20
2.138038346456693
11
3.3502128740157477
21
2.1379420078740159
0
LINE
8
BLACK
6
CONTINUOUS
10
3.3502128740157477
20
2.1379420078740159
11
3.3501977559055116
21
2.1378965748031495
0
LINE
8
BLACK
6
CONTINUOUS
10
3.3501977559055116
20
2.1378965748031495
11
3.3501487007874013
21
2.1378400393700785
0
LINE
8
BLACK
6
CONTINUOUS
10
3.3501487007874013
20
2.1378400393700785
11
3.3499651968503938
21
2.1375484645669292
0
LINE
8
BLACK
6
CONTINUOUS
10
3.3499651968503938
20
2.1375484645669292
11
3.3496854724409446
21
2.1373059055118109
0
LINE
8
BLACK
6
CONTINUOUS
10
3.3496854724409446
20
2.1373059055118109
11
3.3494429133858268
21
2.1370261811023621
0
LINE
8
BLACK
6
CONTINUOUS
10
3.3494429133858268
20
2.1370261811023621
11
3.349151338582677
21
2.1368426771653541
0
LINE
8
BLACK
6
CONTINUOUS
10
3.349151338582677
20
2.1368426771653541
11
3.3490948031496064
21
2.1367936220472439
0
LINE
8
BLACK
6
CONTINUOUS
10
3.3490948031496064
20
2.1367936220472439
11
3.34904937007874
21
2.1367785039370077
0
LINE
8
BLACK
6
CONTINUOUS
10
3.34904937007874
20
2.1367785039370077
11
3.3489530314960629
21
2.1367178346456694
0
LINE
8
BLACK
6
CONTINUOUS
10
3.3489530314960629
20
2.1367178346456694
11
3.3452035039370078
21
2.1348430708661419
0
LINE
8
BLACK
6
CONTINUOUS
10
3.3452035039370078
20
2.1348430708661419
11
3.3446628740157478
21
2.134636181102362
0
LINE
8
BLACK
6
CONTINUOUS
10
3.3446628740157478
20
2.134636181102362
11
3.3445570472440944
21
2.1346287007874016
0
LINE
8
BLACK
6
CONTINUOUS
10
3.3445570472440944
20
2.1346287007874016
11
3.3444590551181101
21
2.1345880708661418
0
LINE
8
BLACK
6
CONTINUOUS
10
3.3444590551181101
20
2.1345880708661418
11
3.3438829921259843
21
2.134531338582677
0
LINE
8
BLACK
6
CONTINUOUS
10
3.3438829921259843
20
2.134531338582677
11
3.3420082283464567
21
2.134531338582677
0
LINE
8
BLACK
6
CONTINUOUS
10
3.3420082283464567
20
2.134531338582677
11
3.3414321653543309
21
2.1345880708661418
0
LINE
8
BLACK
6
CONTINUOUS
10
3.3414321653543309
20
2.1345880708661418
11
3.3413341732283466
21
2.1346286614173229
0
LINE
8
BLACK
6
CONTINUOUS
10
3.3413341732283466
20
2.1346286614173229
11
3.341228307086614
21
2.134636181102362
0
LINE
8
BLACK
6
CONTINUOUS
10
3.341228307086614
20
2.134636181102362
11
3.3406877165354332
21
2.1348430708661419
0
LINE
8
BLACK
6
CONTINUOUS
10
3.3406877165354332
20
2.1348430708661419
11
3.3369381889763781
21
2.1367178346456694
0
LINE
8
BLACK
6
CONTINUOUS
10
3.3369381889763781
20
2.1367178346456694
11
3.3368418110236218
21
2.1367785039370077
0
LINE
8
BLACK
6
CONTINUOUS
10
3.3368418110236218
20
2.1367785039370077
11
3.3367964173228346
21
2.1367936220472439
0
LINE
8
BLACK
6
CONTINUOUS
10
3.3367964173228346
20
2.1367936220472439
11
3.3367398425196848
21
2.1368426771653541
0
LINE
8
BLACK
6
CONTINUOUS
10
3.3367398425196848
20
2.1368426771653541
11
3.3364483070866142
21
2.1370261811023621
0
LINE
8
BLACK
6
CONTINUOUS
10
3.3364483070866142
20
2.1370261811023621
11
3.3362057086614172
21
2.1373059055118109
0
LINE
8
BLACK
6
CONTINUOUS
10
3.3362057086614172
20
2.1373059055118109
11
3.3359260236220472
21
2.1375484645669292
0
LINE
8
BLACK
6
CONTINUOUS
10
3.3359260236220472
20
2.1375484645669292
11
3.3357424803149605
21
2.1378400393700785
0
LINE
8
BLACK
6
CONTINUOUS
10
3.3357424803149605
20
2.1378400393700785
11
3.3356934645669289
21
2.1378965748031495
0
LINE
8
BLACK
6
CONTINUOUS
10
3.3356934645669289
20
2.1378965748031495
11
3.3356783070866141
21
2.1379420078740159
0
LINE
8
BLACK
6
CONTINUOUS
10
3.3356783070866141
20
2.1379420078740159
11
3.3356176771653541
21
2.138038346456693
0
LINE
8
BLACK
6
CONTINUOUS
10
3.3356176771653541
20
2.138038346456693
11
3.3337429133858265
21
2.1417878740157481
0
LINE
8
BLACK
6
CONTINUOUS
10
3.3337429133858265
20
2.1417878740157481
11
3.333536023622047
21
2.1423285039370077
0
LINE
8
BLACK
6
CONTINUOUS
10
3.333536023622047
20
2.1423285039370077
11
3.3335285039370079
21
2.1424343307086615
0
LINE
8
BLACK
6
CONTINUOUS
10
3.3335285039370079
20
2.1424343307086615
11
3.3334879133858268
21
2.1425323228346458
0
LINE
8
BLACK
6
CONTINUOUS
10
3.3334879133858268
20
2.1425323228346458
11
3.333431181102362
21
2.1431083858267717
0
LINE
8
BLACK
6
CONTINUOUS
10
3.333431181102362
20
2.1431083858267717
11
3.333431181102362
21
2.1487326771653543
0
LINE
8
BLACK
6
CONTINUOUS
10
3.333431181102362
20
2.1487326771653543
11
3.3334879133858268
21
2.1493087401574802
0
LINE
8
BLACK
6
CONTINUOUS
10
3.3334879133858268
20
2.1493087401574802
11
3.3335285039370079
21
2.1494067716535432
0
LINE
8
BLACK
6
CONTINUOUS
10
3.3335285039370079
20
2.1494067716535432
11
3.333536023622047
21
2.1495125590551178
0
LINE
8
BLACK
6
CONTINUOUS
10
3.333536023622047
20
2.1495125590551178
11
3.3337429133858265
21
2.1500531889763779
0
LINE
8
BLACK
6
CONTINUOUS
10
3.3337429133858265
20
2.1500531889763779
11
3.3356176771653541
21
2.153802716535433
0
LINE
8
BLACK
6
CONTINUOUS
10
3.3356176771653541
20
2.153802716535433
11
3.3359260236220472
21
2.1542925984251968
0
LINE
8
BLACK
6
CONTINUOUS
10
3.3359260236220472
20
2.1542925984251968
11
3.3367964173228346
21
2.1550474409448817
0
LINE
8
BLACK
6
CONTINUOUS
10
3.3367964173228346
20
2.1550474409448817
11
3.3378893700787402
21
2.1554117716535433
0
LINE
8
BLACK
6
CONTINUOUS
10
3.3378893700787402
20
2.1554117716535433
11
3.3390385826771651
21
2.155330118110236
0
LINE
8
BLACK
6
CONTINUOUS
10
3.3390385826771651
20
2.155330118110236
11
3.340069094488189
21
2.1548148425196851
0
LINE
8
BLACK
6
CONTINUOUS
10
3.340069094488189
20
2.1548148425196851
11
3.3408239370078738
21
2.1539444881889764
0
LINE
8
BLACK
6
CONTINUOUS
10
3.3408239370078738
20
2.1539444881889764
11
3.3411882677165354
21
2.1528514960629921
0
LINE
8
BLACK
6
CONTINUOUS
10
3.3411882677165354
20
2.1528514960629921
11
3.3411066141732282
21
2.1517022834645667
0
LINE
8
BLACK
6
CONTINUOUS
10
3.3411066141732282
20
2.1517022834645667
11
3.3408997244094487
21
2.1511616929133859
0
LINE
8
BLACK
6
CONTINUOUS
10
3.3408997244094487
20
2.1511616929133859
11
3.3393366929133856
21
2.1480356299212597
0
LINE
8
BLACK
6
CONTINUOUS
10
3.3393366929133856
20
2.1480356299212597
11
3.3393366929133856
21
2.1438054330708662
0
LINE
8
BLACK
6
CONTINUOUS
10
3.3393366929133856
20
2.1438054330708662
11
3.3404595275590552
21
2.1415597244094489
0
LINE
8
BLACK
6
CONTINUOUS
10
3.3404595275590552
20
2.1415597244094489
11
3.3427052755905513
21
2.1404368503937006
0
LINE
8
BLACK
6
CONTINUOUS
10
3.3427052755905513
20
2.1404368503937006
11
3.3431859448818897
21
2.1404368503937006
0
LINE
8
BLACK
6
CONTINUOUS
10
3.3431859448818897
20
2.1404368503937006
11
3.3454316535433071
21
2.1415597244094489
0
LINE
8
BLACK
6
CONTINUOUS
10
3.3454316535433071
20
2.1415597244094489
11
3.3465545275590549
21
2.1438054330708662
0
LINE
8
BLACK
6
CONTINUOUS
10
3.3465545275590549
20
2.1438054330708662
11
3.3465545275590549
21
2.1487326771653543
0
LINE
8
BLACK
6
CONTINUOUS
10
3.3465545275590549
20
2.1487326771653543
11
3.3466112598425197
21
2.1493087401574802
0
LINE
8
BLACK
6
CONTINUOUS
10
3.3466112598425197
20
2.1493087401574802
11
3.3466518503937008
21
2.1494067716535432
0
LINE
8
BLACK
6
CONTINUOUS
10
3.3466518503937008
20
2.1494067716535432
11
3.3466593700787399
21
2.1495125590551178
0
LINE
8
BLACK
6
CONTINUOUS
10
3.3466593700787399
20
2.1495125590551178
11
3.3468662598425194
21
2.1500531889763779
0
LINE
8
BLACK
6
CONTINUOUS
10
3.3468662598425194
20
2.1500531889763779
11
3.348741023622047
21
2.153802716535433
0
LINE
8
BLACK
6
CONTINUOUS
10
3.348741023622047
20
2.153802716535433
11
3.3488016535433069
21
2.1538990944881888
0
LINE
8
BLACK
6
CONTINUOUS
10
3.3488016535433069
20
2.1538990944881888
11
3.3488168110236218
21
2.1539444881889764
0
LINE
8
BLACK
6
CONTINUOUS
10
3.3488168110236218
20
2.1539444881889764
11
3.3488658267716533
21
2.1540010629921258
0
LINE
8
BLACK
6
CONTINUOUS
10
3.3488658267716533
20
2.1540010629921258
11
3.34904937007874
21
2.1542925984251968
0
LINE
8
BLACK
6
CONTINUOUS
10
3.34904937007874
20
2.1542925984251968
11
3.3493290551181101
21
2.1545351968503939
0
LINE
8
BLACK
6
CONTINUOUS
10
3.3493290551181101
20
2.1545351968503939
11
3.3495716535433071
21
2.1548148818897639
0
LINE
8
BLACK
6
CONTINUOUS
10
3.3495716535433071
20
2.1548148818897639
11
3.3498631889763777
21
2.1549984251968501
0
LINE
8
BLACK
6
CONTINUOUS
10
3.3498631889763777
20
2.1549984251968501
11
3.3499197637795275
21
2.1550474409448817
0
LINE
8
BLACK
6
CONTINUOUS
10
3.3499197637795275
20
2.1550474409448817
11
3.3499651574803151
21
2.155062598425197
0
LINE
8
BLACK
6
CONTINUOUS
10
3.3499651574803151
20
2.155062598425197
11
3.3500615354330709
21
2.1551232283464565
0
LINE
8
BLACK
6
CONTINUOUS
10
3.3500615354330709
20
2.1551232283464565
11
3.3538110629921261
21
2.1569979921259841
0
LINE
8
BLACK
6
CONTINUOUS
10
3.3538110629921261
20
2.1569979921259841
11
3.3543516535433069
21
2.1572048818897636
0
LINE
8
BLACK
6
CONTINUOUS
10
3.3543516535433069
20
2.1572048818897636
11
3.3544575196850395
21
2.1572124409448818
0
LINE
8
BLACK
6
CONTINUOUS
10
3.3544575196850395
20
2.1572124409448818
11
3.3545555118110237
21
2.1572529921259842
0
LINE
8
BLACK
6
CONTINUOUS
10
3.3545555118110237
20
2.1572529921259842
11
3.3551315748031496
21
2.1573097244094486
0
LINE
8
BLACK
6
CONTINUOUS
10
3.3551315748031496
20
2.1573097244094486
11
3.3570063385826772
21
2.1573097244094486
0
LINE
8
BLACK
6
CONTINUOUS
10
3.3570063385826772
20
2.1573097244094486
11
3.357582401574803
21
2.1572529921259842
0
CIRCLE
8
BLACK
10
0.430240157480315
20
2.8954330708661415
40
0.0068897637795276
0
CIRCLE
8
BLACK
10
0.6270905511811024
20
2.8954330708661415
40
0.0068897637795276
0
CIRCLE
8
BLACK
10
2.7999999999999998
20
3.6000000000000001
40
0.0068897637795276
0
CIRCLE
8
BLACK
10
0.430240157480315
20
2.698582677165354
40
0.0068897637795276
0
CIRCLE
8
BLACK
10
0.6270905511811024
20
2.698582677165354
40
0.0068897637795276
0
CIRCLE
8
BLACK
10
2.7999999999999998
20
0.4
40
0.0068897637795276
0
CIRCLE
8
BLACK
10
2.7794389763779526
20
0.8154330708661417
40
0.0068897637795276
0
CIRCLE
8
BLACK
10
2.5825885826771655
20
0.8154330708661417
40
0.0068897637795276
0
CIRCLE
8
BLACK
10
1.3385826771653544
20
1.8718223622047243
40
0.0068897637795276
0
CIRCLE
8
BLACK
10
1.5354330708661417
20
1.8718223622047243
40
0.0068897637795276
0
CIRCLE
8
BLACK
10
0.430240157480315
20
3.2891338582677165
40
0.0068897637795276
0
CIRCLE
8
BLACK
10
0.6270905511811024
20
3.2891338582677165
40
0.0068897637795276
0
CIRCLE
8
BLACK
10
2.7794389763779526
20
1.0122834645669292
40
0.0068897637795276
0
CIRCLE
8
BLACK
10
2.5825885826771655
20
1.0122834645669292
40
0.0068897637795276
0
CIRCLE
8
BLACK
10
0.430240157480315
20
2.108031496062992
40
0.0068897637795276
0
CIRCLE
8
BLACK
10
0.6270905511811024
20
2.108031496062992
40
0.0068897637795276
0
CIRCLE
8
BLACK
10
0.878267716535433
20
0.6369291338582677
40
0.0068897637795276
0
CIRCLE
8
BLACK
10
0.878267716535433
20
0.5030708661417322
40
0.0068897637795276
0
CIRCLE
8
BLACK
10
1.261732283464567
20
0.6369291338582677
40
0.0068897637795276
0
CIRCLE
8
BLACK
10
1.261732283464567
20
0.5030708661417322
40
0.0068897637795276
0
CIRCLE
8
BLACK
10
0.430240157480315
20
1.1237795275590552
40
0.0068897637795276
0
CIRCLE
8
BLACK
10
0.6270905511811024
20
1.1237795275590552
40
0.0068897637795276
0
CIRCLE
8
BLACK
10
1.3385826771653544
20
3.1254359055118108
40
0.0068897637795276
0
CIRCLE
8
BLACK
10
1.5354330708661417
20
3.1254359055118108
40
0.0068897637795276
0
CIRCLE
8
BLACK
10
2.7825590551181101
20
1.2130708661417322
40
0.0068897637795276
0
CIRCLE
8
BLACK
10
2.5857086614173226
20
1.2130708661417322
40
0.0068897637795276
0
CIRCLE
8
BLACK
10
2.4100000000000001
20
3.3100000000000001
40
0.0068897637795276
0
CIRCLE
8
BLACK
10
2.5099999999999998
20
3.3100000000000001
40
0.0068897637795276
0
CIRCLE
8
BLACK
10
2.4100000000000001
20
3.21
40
0.0068897637795276
0
CIRCLE
8
BLACK
10
2.5099999999999998
20
3.21
40
0.0068897637795276
0
CIRCLE
8
BLACK
10
2.4100000000000001
20
3.1099999999999999
40
0.0068897637795276
0
CIRCLE
8
BLACK
10
2.5099999999999998
20
3.1099999999999999
40
0.0068897637795276
0
CIRCLE
8
BLACK
10
2.4100000000000001
20
3.0099999999999998
40
0.0068897637795276
0
CIRCLE
8
BLACK
10
2.5099999999999998
20
3.0099999999999998
40
0.0068897637795276
0
CIRCLE
8
BLACK
10
2.4100000000000001
20
2.9100000000000001
40
0.0068897637795276
0
CIRCLE
8
BLACK
10
2.5099999999999998
20
2.9100000000000001
40
0.0068897637795276
0
CIRCLE
8
BLACK
10
2.4100000000000001
20
2.8100000000000001
40
0.0068897637795276
0
CIRCLE
8
BLACK
10
2.5099999999999998
20
2.8100000000000001
40
0.0068897637795276
0
CIRCLE
8
BLACK
10
2.4100000000000001
20
2.71
40
0.0068897637795276
0
CIRCLE
8
BLACK
10
2.5099999999999998
20
2.71
40
0.0068897637795276
0
CIRCLE
8
BLACK
10
0.430240157480315
20
2.501732283464567
40
0.0068897637795276
0
CIRCLE
8
BLACK
10
0.6270905511811024
20
2.501732283464567
40
0.0068897637795276
0
CIRCLE
8
BLACK
10
0.430240157480315
20
1.7143307086614172
40
0.0068897637795276
0
CIRCLE
8
BLACK
10
0.6270905511811024
20
1.7143307086614172
40
0.0068897637795276
0
CIRCLE
8
BLACK
10
0.4
20
0.4
40
0.0068897637795276
0
CIRCLE
8
BLACK
10
1.3385826771653544
20
1.4539511811023622
40
0.0068897637795276
0
CIRCLE
8
BLACK
10
1.5354330708661417
20
1.4539511811023622
40
0.0068897637795276
0
CIRCLE
8
BLACK
10
2.7825590551181101
20
1.4099212598425197
40
0.0068897637795276
0
CIRCLE
8
BLACK
10
2.5857086614173226
20
1.4099212598425197
40
0.0068897637795276
0
CIRCLE
8
BLACK
10
1.3385826771653544
20
3.5433070866141732
40
0.0068897637795276
0
CIRCLE
8
BLACK
10
1.5354330708661417
20
3.5433070866141732
40
0.0068897637795276
0
CIRCLE
8
BLACK
10
0.430240157480315
20
1.51748031496063
40
0.0068897637795276
0
CIRCLE
8
BLACK
10
0.6270905511811024
20
1.51748031496063
40
0.0068897637795276
0
CIRCLE
8
BLACK
10
0.4
20
3.6000000000000001
40
0.0068897637795276
0
CIRCLE
8
BLACK
10
0.430240157480315
20
3.092283464566929
40
0.0068897637795276
0
CIRCLE
8
BLACK
10
0.6270905511811024
20
3.092283464566929
40
0.0068897637795276
0
CIRCLE
8
BLACK
10
1.981732283464567
20
0.5030708661417322
40
0.0068897637795276
0
CIRCLE
8
BLACK
10
1.981732283464567
20
0.6369291338582677
40
0.0068897637795276
0
CIRCLE
8
BLACK
10
1.5982677165354331
20
0.5030708661417322
40
0.0068897637795276
0
CIRCLE
8
BLACK
10
1.5982677165354331
20
0.6369291338582677
40
0.0068897637795276
0
CIRCLE
8
BLACK
10
1.3385826771653544
20
2.707564724409449
40
0.0068897637795276
0
CIRCLE
8
BLACK
10
1.5354330708661417
20
2.707564724409449
40
0.0068897637795276
0
CIRCLE
8
BLACK
10
2.7059055118110233
20
2.3153543307086615
40
0.0068897637795276
0
CIRCLE
8
BLACK
10
2.8059055118110234
20
2.3153543307086615
40
0.0068897637795276
0
CIRCLE
8
BLACK
10
2.7059055118110233
20
2.2153543307086614
40
0.0068897637795276
0
CIRCLE
8
BLACK
10
2.8059055118110234
20
2.2153543307086614
40
0.0068897637795276
0
CIRCLE
8
BLACK
10
2.7059055118110233
20
2.1153543307086613
40
0.0068897637795276
0
CIRCLE
8
BLACK
10
2.8059055118110234
20
2.1153543307086613
40
0.0068897637795276
0
CIRCLE
8
BLACK
10
2.7059055118110233
20
2.0153543307086612
40
0.0068897637795276
0
CIRCLE
8
BLACK
10
2.8059055118110234
20
2.0153543307086612
40
0.0068897637795276
0
CIRCLE
8
BLACK
10
1.3385826771653544
20
1.0360799999999999
40
0.0068897637795276
0
CIRCLE
8
BLACK
10
1.5354330708661417
20
1.0360799999999999
40
0.0068897637795276
0
CIRCLE
8
BLACK
10
0.430240157480315
20
2.3048818897637795
40
0.0068897637795276
0
CIRCLE
8
BLACK
10
0.6270905511811024
20
2.3048818897637795
40
0.0068897637795276
0
CIRCLE
8
BLACK
10
2.4696850393700789
20
2.3153543307086615
40
0.0068897637795276
0
CIRCLE
8
BLACK
10
2.5696850393700785
20
2.3153543307086615
40
0.0068897637795276
0
CIRCLE
8
BLACK
10
2.4696850393700789
20
2.2153543307086614
40
0.0068897637795276
0
CIRCLE
8
BLACK
10
2.5696850393700785
20
2.2153543307086614
40
0.0068897637795276
0
CIRCLE
8
BLACK
10
2.4696850393700789
20
2.1153543307086613
40
0.0068897637795276
0
CIRCLE
8
BLACK
10
2.5696850393700785
20
2.1153543307086613
40
0.0068897637795276
0
CIRCLE
8
BLACK
10
2.4696850393700789
20
2.0153543307086612
40
0.0068897637795276
0
CIRCLE
8
BLACK
10
2.5696850393700785
20
2.0153543307086612
40
0.0068897637795276
0
CIRCLE
8
BLACK
10
0.430240157480315
20
1.3206299212598425
40
0.0068897637795276
0
CIRCLE
8
BLACK
10
0.6270905511811024
20
1.3206299212598425
40
0.0068897637795276
0
CIRCLE
8
BLACK
10
1.3385826771653544
20
2.2896935433070866
40
0.0068897637795276
0
CIRCLE
8
BLACK
10
1.5354330708661417
20
2.2896935433070866
40
0.0068897637795276
0
CIRCLE
8
BLACK
10
0.430240157480315
20
1.9111811023622047
40
0.0068897637795276
0
CIRCLE
8
BLACK
10
0.6270905511811024
20
1.9111811023622047
40
0.0068897637795276
0
CIRCLE
8
BLACK
10
2.9100000000000001
20
2.9399999999999999
40
0.0068897637795276
0
CIRCLE
8
BLACK
10
2.8100000000000001
20
2.9399999999999999
40
0.0068897637795276
0
CIRCLE
8
BLACK
10
2.9100000000000001
20
3.04
40
0.0068897637795276
0
CIRCLE
8
BLACK
10
2.8100000000000001
20
3.04
40
0.0068897637795276
0
CIRCLE
8
BLACK
10
2.9100000000000001
20
3.1400000000000001
40
0.0068897637795276
0
CIRCLE
8
BLACK
10
2.8100000000000001
20
3.1400000000000001
40
0.0068897637795276
0
CIRCLE
8
BLACK
10
1.8799999999999999
20
2.1699999999999999
40
0.0068897637795276
0
CIRCLE
8
BLACK
10
2.4149015748031495
20
1.2268503937007873
40
0.0068897637795276
0
CIRCLE
8
BLACK
10
2.3823129921259842
20
0.8396062992125984
40
0.0068897637795276
0
CIRCLE
8
BLACK
10
1.8799999999999999
20
3.0099999999999998
40
0.0068897637795276
0
CIRCLE
8
BLACK
10
1.8799999999999999
20
0.91
40
0.0068897637795276
0
CIRCLE
8
BLACK
10
1.8799999999999999
20
1.3300000000000001
40
0.0068897637795276
0
CIRCLE
8
BLACK
10
1.8799999999999999
20
2.5899999999999999
40
0.0068897637795276
0
CIRCLE
8
BLACK
10
1.8799999999999999
20
1.75
40
0.0068897637795276
0
CIRCLE
8
BLACK
10
1.8799999999999999
20
3.4299999999999997
40
0.0068897637795276
0
CIRCLE
8
BLACK
10
0.430240157480315
20
2.8954330708661415
40
0.0068897637795276
0
CIRCLE
8
BLACK
10
0.6270905511811024
20
2.8954330708661415
40
0.0068897637795276
0
CIRCLE
8
BLACK
10
2.7999999999999998
20
3.6000000000000001
40
0.0068897637795276
0
CIRCLE
8
BLACK
10
0.430240157480315
20
2.698582677165354
40
0.0068897637795276
0
CIRCLE
8
BLACK
10
0.6270905511811024
20
2.698582677165354
40
0.0068897637795276
0
CIRCLE
8
BLACK
10
2.7999999999999998
20
0.4
40
0.0068897637795276
0
CIRCLE
8
BLACK
10
2.7794389763779526
20
0.8154330708661417
40
0.0068897637795276
0
CIRCLE
8
BLACK
10
2.5825885826771655
20
0.8154330708661417
40
0.0068897637795276
0
CIRCLE
8
BLACK
10
1.3385826771653544
20
1.8718223622047243
40
0.0068897637795276
0
CIRCLE
8
BLACK
10
1.5354330708661417
20
1.8718223622047243
40
0.0068897637795276
0
CIRCLE
8
BLACK
10
0.430240157480315
20
3.2891338582677165
40
0.0068897637795276
0
CIRCLE
8
BLACK
10
0.6270905511811024
20
3.2891338582677165
40
0.0068897637795276
0
CIRCLE
8
BLACK
10
2.7794389763779526
20
1.0122834645669292
40
0.0068897637795276
0
CIRCLE
8
BLACK
10
2.5825885826771655
20
1.0122834645669292
40
0.0068897637795276
0
CIRCLE
8
BLACK
10
0.430240157480315
20
2.108031496062992
40
0.0068897637795276
0
CIRCLE
8
BLACK
10
0.6270905511811024
20
2.108031496062992
40
0.0068897637795276
0
CIRCLE
8
BLACK
10
0.878267716535433
20
0.6369291338582677
40
0.0068897637795276
0
CIRCLE
8
BLACK
10
0.878267716535433
20
0.5030708661417322
40
0.0068897637795276
0
CIRCLE
8
BLACK
10
1.261732283464567
20
0.6369291338582677
40
0.0068897637795276
0
CIRCLE
8
BLACK
10
1.261732283464567
20
0.5030708661417322
40
0.0068897637795276
0
CIRCLE
8
BLACK
10
0.430240157480315
20
1.1237795275590552
40
0.0068897637795276
0
CIRCLE
8
BLACK
10
0.6270905511811024
20
1.1237795275590552
40
0.0068897637795276
0
CIRCLE
8
BLACK
10
1.3385826771653544
20
3.1254359055118108
40
0.0068897637795276
0
CIRCLE
8
BLACK
10
1.5354330708661417
20
3.1254359055118108
40
0.0068897637795276
0
CIRCLE
8
BLACK
10
2.7825590551181101
20
1.2130708661417322
40
0.0068897637795276
0
CIRCLE
8
BLACK
10
2.5857086614173226
20
1.2130708661417322
40
0.0068897637795276
0
CIRCLE
8
BLACK
10
2.4100000000000001
20
3.3100000000000001
40
0.0068897637795276
0
CIRCLE
8
BLACK
10
2.5099999999999998
20
3.3100000000000001
40
0.0068897637795276
0
CIRCLE
8
BLACK
10
2.4100000000000001
20
3.21
40
0.0068897637795276
0
CIRCLE
8
BLACK
10
2.5099999999999998
20
3.21
40
0.0068897637795276
0
CIRCLE
8
BLACK
10
2.4100000000000001
20
3.1099999999999999
40
0.0068897637795276
0
CIRCLE
8
BLACK
10
2.5099999999999998
20
3.1099999999999999
40
0.0068897637795276
0
CIRCLE
8
BLACK
10
2.4100000000000001
20
3.0099999999999998
40
0.0068897637795276
0
CIRCLE
8
BLACK
10
2.5099999999999998
20
3.0099999999999998
40
0.0068897637795276
0
CIRCLE
8
BLACK
10
2.4100000000000001
20
2.9100000000000001
40
0.0068897637795276
0
CIRCLE
8
BLACK
10
2.5099999999999998
20
2.9100000000000001
40
0.0068897637795276
0
CIRCLE
8
BLACK
10
2.4100000000000001
20
2.8100000000000001
40
0.0068897637795276
0
CIRCLE
8
BLACK
10
2.5099999999999998
20
2.8100000000000001
40
0.0068897637795276
0
CIRCLE
8
BLACK
10
2.4100000000000001
20
2.71
40
0.0068897637795276
0
CIRCLE
8
BLACK
10
2.5099999999999998
20
2.71
40
0.0068897637795276
0
CIRCLE
8
BLACK
10
0.430240157480315
20
2.501732283464567
40
0.0068897637795276
0
CIRCLE
8
BLACK
10
0.6270905511811024
20
2.501732283464567
40
0.0068897637795276
0
CIRCLE
8
BLACK
10
0.430240157480315
20
1.7143307086614172
40
0.0068897637795276
0
CIRCLE
8
BLACK
10
0.6270905511811024
20
1.7143307086614172
40
0.0068897637795276
0
CIRCLE
8
BLACK
10
0.4
20
0.4
40
0.0068897637795276
0
CIRCLE
8
BLACK
10
1.3385826771653544
20
1.4539511811023622
40
0.0068897637795276
0
CIRCLE
8
BLACK
10
1.5354330708661417
20
1.4539511811023622
40
0.0068897637795276
0
CIRCLE
8
BLACK
10
2.7825590551181101
20
1.4099212598425197
40
0.0068897637795276
0
CIRCLE
8
BLACK
10
2.5857086614173226
20
1.4099212598425197
40
0.0068897637795276
0
CIRCLE
8
BLACK
10
1.3385826771653544
20
3.5433070866141732
40
0.0068897637795276
0
CIRCLE
8
BLACK
10
1.5354330708661417
20
3.5433070866141732
40
0.0068897637795276
0
CIRCLE
8
BLACK
10
0.430240157480315
20
1.51748031496063
40
0.0068897637795276
0
CIRCLE
8
BLACK
10
0.6270905511811024
20
1.51748031496063
40
0.0068897637795276
0
CIRCLE
8
BLACK
10
0.4
20
3.6000000000000001
40
0.0068897637795276
0
CIRCLE
8
BLACK
10
0.430240157480315
20
3.092283464566929
40
0.0068897637795276
0
CIRCLE
8
BLACK
10
0.6270905511811024
20
3.092283464566929
40
0.0068897637795276
0
CIRCLE
8
BLACK
10
1.981732283464567
20
0.5030708661417322
40
0.0068897637795276
0
CIRCLE
8
BLACK
10
1.981732283464567
20
0.6369291338582677
40
0.0068897637795276
0
CIRCLE
8
BLACK
10
1.5982677165354331
20
0.5030708661417322
40
0.0068897637795276
0
CIRCLE
8
BLACK
10
1.5982677165354331
20
0.6369291338582677
40
0.0068897637795276
0
CIRCLE
8
BLACK
10
1.3385826771653544
20
2.707564724409449
40
0.0068897637795276
0
CIRCLE
8
BLACK
10
1.5354330708661417
20
2.707564724409449
40
0.0068897637795276
0
CIRCLE
8
BLACK
10
2.7059055118110233
20
2.3153543307086615
40
0.0068897637795276
0
CIRCLE
8
BLACK
10
2.8059055118110234
20
2.3153543307086615
40
0.0068897637795276
0
CIRCLE
8
BLACK
10
2.7059055118110233
20
2.2153543307086614
40
0.0068897637795276
0
CIRCLE
8
BLACK
10
2.8059055118110234
20
2.2153543307086614
40
0.0068897637795276
0
CIRCLE
8
BLACK
10
2.7059055118110233
20
2.1153543307086613
40
0.0068897637795276
0
CIRCLE
8
BLACK
10
2.8059055118110234
20
2.1153543307086613
40
0.0068897637795276
0
CIRCLE
8
BLACK
10
2.7059055118110233
20
2.0153543307086612
40
0.0068897637795276
0
CIRCLE
8
BLACK
10
2.8059055118110234
20
2.0153543307086612
40
0.0068897637795276
0
CIRCLE
8
BLACK
10
1.3385826771653544
20
1.0360799999999999
40
0.0068897637795276
0
CIRCLE
8
BLACK
10
1.5354330708661417
20
1.0360799999999999
40
0.0068897637795276
0
CIRCLE
8
BLACK
10
0.430240157480315
20
2.3048818897637795
40
0.0068897637795276
0
CIRCLE
8
BLACK
10
0.6270905511811024
20
2.3048818897637795
40
0.0068897637795276
0
CIRCLE
8
BLACK
10
2.4696850393700789
20
2.3153543307086615
40
0.0068897637795276
0
CIRCLE
8
BLACK
10
2.5696850393700785
20
2.3153543307086615
40
0.0068897637795276
0
CIRCLE
8
BLACK
10
2.4696850393700789
20
2.2153543307086614
40
0.0068897637795276
0
CIRCLE
8
BLACK
10
2.5696850393700785
20
2.2153543307086614
40
0.0068897637795276
0
CIRCLE
8
BLACK
10
2.4696850393700789
20
2.1153543307086613
40
0.0068897637795276
0
CIRCLE
8
BLACK
10
2.5696850393700785
20
2.1153543307086613
40
0.0068897637795276
0
CIRCLE
8
BLACK
10
2.4696850393700789
20
2.0153543307086612
40
0.0068897637795276
0
CIRCLE
8
BLACK
10
2.5696850393700785
20
2.0153543307086612
40
0.0068897637795276
0
CIRCLE
8
BLACK
10
0.430240157480315
20
1.3206299212598425
40
0.0068897637795276
0
CIRCLE
8
BLACK
10
0.6270905511811024
20
1.3206299212598425
40
0.0068897637795276
0
CIRCLE
8
BLACK
10
1.3385826771653544
20
2.2896935433070866
40
0.0068897637795276
0
CIRCLE
8
BLACK
10
1.5354330708661417
20
2.2896935433070866
40
0.0068897637795276
0
CIRCLE
8
BLACK
10
0.430240157480315
20
1.9111811023622047
40
0.0068897637795276
0
CIRCLE
8
BLACK
10
0.6270905511811024
20
1.9111811023622047
40
0.0068897637795276
0
CIRCLE
8
BLACK
10
2.9100000000000001
20
2.9399999999999999
40
0.0068897637795276
0
CIRCLE
8
BLACK
10
2.8100000000000001
20
2.9399999999999999
40
0.0068897637795276
0
CIRCLE
8
BLACK
10
2.9100000000000001
20
3.04
40
0.0068897637795276
0
CIRCLE
8
BLACK
10
2.8100000000000001
20
3.04
40
0.0068897637795276
0
CIRCLE
8
BLACK
10
2.9100000000000001
20
3.1400000000000001
40
0.0068897637795276
0
CIRCLE
8
BLACK
10
2.8100000000000001
20
3.1400000000000001
40
0.0068897637795276
0
CIRCLE
8
BLACK
10
1.8799999999999999
20
2.1699999999999999
40
0.0068897637795276
0
CIRCLE
8
BLACK
10
2.4149015748031495
20
1.2268503937007873
40
0.0068897637795276
0
CIRCLE
8
BLACK
10
2.3823129921259842
20
0.8396062992125984
40
0.0068897637795276
0
CIRCLE
8
BLACK
10
1.8799999999999999
20
3.0099999999999998
40
0.0068897637795276
0
CIRCLE
8
BLACK
10
1.8799999999999999
20
0.91
40
0.0068897637795276
0
CIRCLE
8
BLACK
10
1.8799999999999999
20
1.3300000000000001
40
0.0068897637795276
0
CIRCLE
8
BLACK
10
1.8799999999999999
20
2.5899999999999999
40
0.0068897637795276
0
CIRCLE
8
BLACK
10
1.8799999999999999
20
1.75
40
0.0068897637795276
0
CIRCLE
8
BLACK
10
1.8799999999999999
20
3.4299999999999997
40
0.0068897637795276
  0
ENDSEC
  0
EOF
