  0
SECTION
  2
HEADER
  9
$ANGBASE
  50
0.0
  9
$ANGDIR
  70
1
  9
$MEASUREMENT
  70
0
  0
ENDSEC
  0
SECTION
  2
TABLES
  0
TABLE
  2
LTYPE
  70
4
  0
LTYPE
  5
40F
  2
CONTINUOUS
  70
0
  3
Solid line
  72
65
  73
0
  40
0.0
  0
LTYPE
  5
410
  2
DASHDOT
 70
0
  3
Dash Dot ____ _ ____ _
 72
65
 73
4
 40
2.0
 49
1.25
 49
-0.25
 49
0.25
 49
-0.25
  0
LTYPE
  5
411
  2
DASHED
 70
0
  3
Dashed __ __ __ __ __
 72
65
 73
2
 40
0.75
 49
0.5
 49
-0.25
  0
LTYPE
  5
43B
  2
DOTTED
 70
0
  3
Dotted .  .  .  .
 72
65
 73
2
 40
0.2
 49
0.0
 49
-0.2
  0
ENDTAB
  0
TABLE
  2
STYLE
  70
4
  0
STYLE
  2
KICAD
  70
0
  40
0
  41
1
  42
1
  50
0
  71
0
  3
isocp.shx
  0
STYLE
  2
KICADB
  70
0
  40
0
  41
1
  42
1
  50
0
  71
0
  3
isocp.shx
  0
STYLE
  2
KICADI
  70
0
  40
0
  41
1
  42
1
  50
15
  71
0
  3
isocp.shx
  0
STYLE
  2
KICADBI
  70
0
  40
0
  41
1
  42
1
  50
15
  71
0
  3
isocp.shx
  0
ENDTAB
  0
TABLE
  2
LAYER
  70
1
  0
LAYER
  2
BLACK
  70
0
  62
7
  6
CONTINUOUS
  0
ENDTAB
  0
ENDSEC
  0
SECTION
  2
ENTITIES
0
LINE
8
BLACK
6
CONTINUOUS
10
1.3861127559055118
20
0.7135873228346457
11
1.3882415748031496
21
0.7127055118110236
0
LINE
8
BLACK
6
CONTINUOUS
10
1.3882415748031496
20
0.7127055118110236
11
1.3898708661417323
21
0.7110762204724409
0
LINE
8
BLACK
6
CONTINUOUS
10
1.3898708661417323
20
0.7110762204724409
11
1.3907526771653542
21
0.7089474015748032
0
LINE
8
BLACK
6
CONTINUOUS
10
1.3907526771653542
20
0.7089474015748032
11
1.3908661417322834
21
0.7077952755905511
0
LINE
8
BLACK
6
CONTINUOUS
10
1.3908661417322834
20
0.7077952755905511
11
1.3908661417322834
21
0.4322047244094488
0
LINE
8
BLACK
6
CONTINUOUS
10
1.3908661417322834
20
0.4322047244094488
11
1.3907526771653542
21
0.4310525984251968
0
LINE
8
BLACK
6
CONTINUOUS
10
1.3907526771653542
20
0.4310525984251968
11
1.3898708661417323
21
0.4289237795275591
0
LINE
8
BLACK
6
CONTINUOUS
10
1.3898708661417323
20
0.4289237795275591
11
1.3882415748031496
21
0.4272944881889764
0
LINE
8
BLACK
6
CONTINUOUS
10
1.3882415748031496
20
0.4272944881889764
11
1.3861127559055118
21
0.4264126771653543
0
LINE
8
BLACK
6
CONTINUOUS
10
1.3861127559055118
20
0.4264126771653543
11
1.3849606299212598
21
0.4262992125984252
0
LINE
8
BLACK
6
CONTINUOUS
10
1.3849606299212598
20
0.4262992125984252
11
0.7550393700787401
21
0.4262992125984252
0
LINE
8
BLACK
6
CONTINUOUS
10
0.7550393700787401
20
0.4262992125984252
11
0.7538872440944882
21
0.4264126771653543
0
LINE
8
BLACK
6
CONTINUOUS
10
0.7538872440944882
20
0.4264126771653543
11
0.7517584251968503
21
0.4272944881889764
0
LINE
8
BLACK
6
CONTINUOUS
10
0.7517584251968503
20
0.4272944881889764
11
0.7501291338582677
21
0.4289237795275591
0
LINE
8
BLACK
6
CONTINUOUS
10
0.7501291338582677
20
0.4289237795275591
11
0.7492473228346457
21
0.4310525984251968
0
LINE
8
BLACK
6
CONTINUOUS
10
0.7492473228346457
20
0.4310525984251968
11
0.7491338582677165
21
0.4322047244094488
0
LINE
8
BLACK
6
CONTINUOUS
10
0.7491338582677165
20
0.4322047244094488
11
0.7491338582677165
21
0.7077952755905511
0
LINE
8
BLACK
6
CONTINUOUS
10
0.7491338582677165
20
0.7077952755905511
11
0.7492473228346457
21
0.7089474015748032
0
LINE
8
BLACK
6
CONTINUOUS
10
0.7492473228346457
20
0.7089474015748032
11
0.7501291338582677
21
0.7110762204724409
0
LINE
8
BLACK
6
CONTINUOUS
10
0.7501291338582677
20
0.7110762204724409
11
0.7517584251968503
21
0.7127055118110236
0
LINE
8
BLACK
6
CONTINUOUS
10
0.7517584251968503
20
0.7127055118110236
11
0.7538872440944882
21
0.7135873228346457
0
LINE
8
BLACK
6
CONTINUOUS
10
0.7538872440944882
20
0.7135873228346457
11
0.7550393700787401
21
0.7137007874015748
0
LINE
8
BLACK
6
CONTINUOUS
10
0.7550393700787401
20
0.7137007874015748
11
1.3849606299212598
21
0.7137007874015748
0
LINE
8
BLACK
6
CONTINUOUS
10
1.3849606299212598
20
0.7137007874015748
11
1.3861127559055118
21
0.7135873228346457
0
LINE
8
BLACK
6
CONTINUOUS
10
0.7609448818897637
20
0.7018897637795275
11
0.7609448818897637
21
0.4381102362204724
0
LINE
8
BLACK
6
CONTINUOUS
10
0.7609448818897637
20
0.4381102362204724
11
1.3790551181102362
21
0.4381102362204724
0
LINE
8
BLACK
6
CONTINUOUS
10
1.3790551181102362
20
0.4381102362204724
11
1.3790551181102362
21
0.7018897637795275
0
LINE
8
BLACK
6
CONTINUOUS
10
1.3790551181102362
20
0.7018897637795275
11
0.7609448818897637
21
0.7018897637795275
0
LINE
8
BLACK
6
CONTINUOUS
10
2.1061127559055119
20
0.7135873228346457
11
2.1082415748031496
21
0.7127055118110236
0
LINE
8
BLACK
6
CONTINUOUS
10
2.1082415748031496
20
0.7127055118110236
11
2.109870866141732
21
0.7110762204724409
0
LINE
8
BLACK
6
CONTINUOUS
10
2.109870866141732
20
0.7110762204724409
11
2.1107526771653542
21
0.7089474015748032
0
LINE
8
BLACK
6
CONTINUOUS
10
2.1107526771653542
20
0.7089474015748032
11
2.1108661417322834
21
0.7077952755905511
0
LINE
8
BLACK
6
CONTINUOUS
10
2.1108661417322834
20
0.7077952755905511
11
2.1108661417322834
21
0.4322047244094488
0
LINE
8
BLACK
6
CONTINUOUS
10
2.1108661417322834
20
0.4322047244094488
11
2.1107526771653542
21
0.4310525984251968
0
LINE
8
BLACK
6
CONTINUOUS
10
2.1107526771653542
20
0.4310525984251968
11
2.109870866141732
21
0.4289237795275591
0
LINE
8
BLACK
6
CONTINUOUS
10
2.109870866141732
20
0.4289237795275591
11
2.1082415748031496
21
0.4272944881889764
0
LINE
8
BLACK
6
CONTINUOUS
10
2.1082415748031496
20
0.4272944881889764
11
2.1061127559055119
21
0.4264126771653543
0
LINE
8
BLACK
6
CONTINUOUS
10
2.1061127559055119
20
0.4264126771653543
11
2.1049606299212598
21
0.4262992125984252
0
LINE
8
BLACK
6
CONTINUOUS
10
2.1049606299212598
20
0.4262992125984252
11
1.4750393700787401
21
0.4262992125984252
0
LINE
8
BLACK
6
CONTINUOUS
10
1.4750393700787401
20
0.4262992125984252
11
1.4738872440944881
21
0.4264126771653543
0
LINE
8
BLACK
6
CONTINUOUS
10
1.4738872440944881
20
0.4264126771653543
11
1.4717584251968503
21
0.4272944881889764
0
LINE
8
BLACK
6
CONTINUOUS
10
1.4717584251968503
20
0.4272944881889764
11
1.4701291338582676
21
0.4289237795275591
0
LINE
8
BLACK
6
CONTINUOUS
10
1.4701291338582676
20
0.4289237795275591
11
1.4692473228346457
21
0.4310525984251968
0
LINE
8
BLACK
6
CONTINUOUS
10
1.4692473228346457
20
0.4310525984251968
11
1.4691338582677165
21
0.4322047244094488
0
LINE
8
BLACK
6
CONTINUOUS
10
1.4691338582677165
20
0.4322047244094488
11
1.4691338582677165
21
0.7077952755905511
0
LINE
8
BLACK
6
CONTINUOUS
10
1.4691338582677165
20
0.7077952755905511
11
1.4692473228346457
21
0.7089474015748032
0
LINE
8
BLACK
6
CONTINUOUS
10
1.4692473228346457
20
0.7089474015748032
11
1.4701291338582676
21
0.7110762204724409
0
LINE
8
BLACK
6
CONTINUOUS
10
1.4701291338582676
20
0.7110762204724409
11
1.4717584251968503
21
0.7127055118110236
0
LINE
8
BLACK
6
CONTINUOUS
10
1.4717584251968503
20
0.7127055118110236
11
1.4738872440944881
21
0.7135873228346457
0
LINE
8
BLACK
6
CONTINUOUS
10
1.4738872440944881
20
0.7135873228346457
11
1.4750393700787401
21
0.7137007874015748
0
LINE
8
BLACK
6
CONTINUOUS
10
1.4750393700787401
20
0.7137007874015748
11
2.1049606299212598
21
0.7137007874015748
0
LINE
8
BLACK
6
CONTINUOUS
10
2.1049606299212598
20
0.7137007874015748
11
2.1061127559055119
21
0.7135873228346457
0
LINE
8
BLACK
6
CONTINUOUS
10
1.4809448818897637
20
0.7018897637795275
11
1.4809448818897637
21
0.4381102362204724
0
LINE
8
BLACK
6
CONTINUOUS
10
1.4809448818897637
20
0.4381102362204724
11
2.0990551181102362
21
0.4381102362204724
0
LINE
8
BLACK
6
CONTINUOUS
10
2.0990551181102362
20
0.4381102362204724
11
2.0990551181102362
21
0.7018897637795275
0
LINE
8
BLACK
6
CONTINUOUS
10
2.0990551181102362
20
0.7018897637795275
11
1.4809448818897637
21
0.7018897637795275
0
LINE
8
BLACK
6
CONTINUOUS
10
2.9231710629921257
20
0.786582874015748
11
2.9233292519685037
21
0.786594094488189
0
LINE
8
BLACK
6
CONTINUOUS
10
2.9233292519685037
20
0.786594094488189
11
2.9235372047244095
21
0.786546811023622
0
LINE
8
BLACK
6
CONTINUOUS
10
2.9235372047244095
20
0.786546811023622
11
2.92374937007874
21
0.786525905511811
0
LINE
8
BLACK
6
CONTINUOUS
10
2.92374937007874
20
0.786525905511811
11
2.9238957480314962
21
0.7864652755905511
0
LINE
8
BLACK
6
CONTINUOUS
10
2.9238957480314962
20
0.7864652755905511
11
2.9244761811023623
21
0.7863332677165354
0
LINE
8
BLACK
6
CONTINUOUS
10
2.9244761811023623
20
0.7863332677165354
11
2.9330476377952754
21
0.7834761417322834
0
LINE
8
BLACK
6
CONTINUOUS
10
2.9330476377952754
20
0.7834761417322834
11
2.934121692913386
21
0.7829966535433071
0
LINE
8
BLACK
6
CONTINUOUS
10
2.934121692913386
20
0.7829966535433071
11
2.9342846062992125
21
0.7828553543307086
0
LINE
8
BLACK
6
CONTINUOUS
10
2.9342846062992125
20
0.7828553543307086
11
2.9344837007874016
21
0.782772874015748
0
LINE
8
BLACK
6
CONTINUOUS
10
2.9344837007874016
20
0.782772874015748
11
2.9353929133858268
21
0.7820266929133858
0
LINE
8
BLACK
6
CONTINUOUS
10
2.9353929133858268
20
0.7820266929133858
11
2.9411072047244096
21
0.7763124015748031
0
LINE
8
BLACK
6
CONTINUOUS
10
2.9411072047244096
20
0.7763124015748031
11
2.9418533858267715
21
0.7754031889763779
0
LINE
8
BLACK
6
CONTINUOUS
10
2.9418533858267715
20
0.7754031889763779
11
2.9419358661417321
21
0.7752040551181102
0
LINE
8
BLACK
6
CONTINUOUS
10
2.9419358661417321
20
0.7752040551181102
11
2.9420771653543305
21
0.7750411417322834
0
LINE
8
BLACK
6
CONTINUOUS
10
2.9420771653543305
20
0.7750411417322834
11
2.9425566535433072
21
0.773967125984252
0
LINE
8
BLACK
6
CONTINUOUS
10
2.9425566535433072
20
0.773967125984252
11
2.9454138188976375
21
0.7653957086614173
0
LINE
8
BLACK
6
CONTINUOUS
10
2.9454138188976375
20
0.7653957086614173
11
2.9455457874015747
21
0.7648152362204724
0
LINE
8
BLACK
6
CONTINUOUS
10
2.9455457874015747
20
0.7648152362204724
11
2.9456064173228347
21
0.7646688976377952
0
LINE
8
BLACK
6
CONTINUOUS
10
2.9456064173228347
20
0.7646688976377952
11
2.9456272834645669
21
0.7644567716535433
0
LINE
8
BLACK
6
CONTINUOUS
10
2.9456272834645669
20
0.7644567716535433
11
2.9456746062992125
21
0.7642487401574803
0
LINE
8
BLACK
6
CONTINUOUS
10
2.9456746062992125
20
0.7642487401574803
11
2.9456633464566928
21
0.7640906299212599
0
LINE
8
BLACK
6
CONTINUOUS
10
2.9456633464566928
20
0.7640906299212599
11
2.9457216929133856
21
0.7634983464566929
0
LINE
8
BLACK
6
CONTINUOUS
10
2.9457216929133856
20
0.7634983464566929
11
2.9457216929133856
21
0.7577840551181102
0
LINE
8
BLACK
6
CONTINUOUS
10
2.9457216929133856
20
0.7577840551181102
11
2.9456064173228347
21
0.7566135039370079
0
LINE
8
BLACK
6
CONTINUOUS
10
2.9456064173228347
20
0.7566135039370079
11
2.9447105118110235
21
0.7544506299212598
0
LINE
8
BLACK
6
CONTINUOUS
10
2.9447105118110235
20
0.7544506299212598
11
2.943055118110236
21
0.7527952362204724
0
LINE
8
BLACK
6
CONTINUOUS
10
2.943055118110236
20
0.7527952362204724
11
2.940892244094488
21
0.7518993307086614
0
LINE
8
BLACK
6
CONTINUOUS
10
2.940892244094488
20
0.7518993307086614
11
2.9385511417322836
21
0.7518993307086614
0
LINE
8
BLACK
6
CONTINUOUS
10
2.9385511417322836
20
0.7518993307086614
11
2.9363882677165352
21
0.7527952362204724
0
LINE
8
BLACK
6
CONTINUOUS
10
2.9363882677165352
20
0.7527952362204724
11
2.9347328740157481
21
0.7544506299212598
0
LINE
8
BLACK
6
CONTINUOUS
10
2.9347328740157481
20
0.7544506299212598
11
2.9338369685039369
21
0.7566135039370079
0
LINE
8
BLACK
6
CONTINUOUS
10
2.9338369685039369
20
0.7566135039370079
11
2.9337216929133856
21
0.7577840551181102
0
LINE
8
BLACK
6
CONTINUOUS
10
2.9337216929133856
20
0.7577840551181102
11
2.9337216929133856
21
0.7625247637795275
0
LINE
8
BLACK
6
CONTINUOUS
10
2.9337216929133856
20
0.7625247637795275
11
2.9316203543307084
21
0.7688287007874015
0
LINE
8
BLACK
6
CONTINUOUS
10
2.9316203543307084
20
0.7688287007874015
11
2.9279092125984252
21
0.772539842519685
0
LINE
8
BLACK
6
CONTINUOUS
10
2.9279092125984252
20
0.772539842519685
11
2.9216051968503938
21
0.7746411811023622
0
LINE
8
BLACK
6
CONTINUOUS
10
2.9216051968503938
20
0.7746411811023622
11
2.8797216929133858
21
0.7746411811023622
0
LINE
8
BLACK
6
CONTINUOUS
10
2.8797216929133858
20
0.7746411811023622
11
2.8785511417322835
21
0.7747564566929134
0
LINE
8
BLACK
6
CONTINUOUS
10
2.8785511417322835
20
0.7747564566929134
11
2.8763882677165356
21
0.7756523622047244
0
LINE
8
BLACK
6
CONTINUOUS
10
2.8763882677165356
20
0.7756523622047244
11
2.8747328740157481
21
0.7773077559055118
0
LINE
8
BLACK
6
CONTINUOUS
10
2.8747328740157481
20
0.7773077559055118
11
2.8738369685039369
21
0.7794706299212598
0
LINE
8
BLACK
6
CONTINUOUS
10
2.8738369685039369
20
0.7794706299212598
11
2.8738369685039369
21
0.7818117322834646
0
LINE
8
BLACK
6
CONTINUOUS
10
2.8738369685039369
20
0.7818117322834646
11
2.8747328740157481
21
0.7839746062992126
0
LINE
8
BLACK
6
CONTINUOUS
10
2.8747328740157481
20
0.7839746062992126
11
2.8763882677165356
21
0.7856299999999999
0
LINE
8
BLACK
6
CONTINUOUS
10
2.8763882677165356
20
0.7856299999999999
11
2.8785511417322835
21
0.786525905511811
0
LINE
8
BLACK
6
CONTINUOUS
10
2.8785511417322835
20
0.786525905511811
11
2.8797216929133858
21
0.7866411811023621
0
LINE
8
BLACK
6
CONTINUOUS
10
2.8797216929133858
20
0.7866411811023621
11
2.9225788188976378
21
0.7866411811023621
0
LINE
8
BLACK
6
CONTINUOUS
10
2.9225788188976378
20
0.7866411811023621
11
2.9231710629921257
21
0.786582874015748
0
LINE
8
BLACK
6
CONTINUOUS
10
2.8974568110236221
20
0.8465828740157481
11
2.8976150000000001
21
0.846594094488189
0
LINE
8
BLACK
6
CONTINUOUS
10
2.8976150000000001
20
0.846594094488189
11
2.8978229527559054
21
0.8465468110236221
0
LINE
8
BLACK
6
CONTINUOUS
10
2.8978229527559054
20
0.8465468110236221
11
2.898035118110236
21
0.8465259055118109
0
LINE
8
BLACK
6
CONTINUOUS
10
2.898035118110236
20
0.8465259055118109
11
2.8981814960629921
21
0.8464652755905512
0
LINE
8
BLACK
6
CONTINUOUS
10
2.8981814960629921
20
0.8464652755905512
11
2.8987619291338582
21
0.8463332677165354
0
LINE
8
BLACK
6
CONTINUOUS
10
2.8987619291338582
20
0.8463332677165354
11
2.9073333464566931
21
0.8434761417322835
0
LINE
8
BLACK
6
CONTINUOUS
10
2.9073333464566931
20
0.8434761417322835
11
2.9084074015748032
21
0.8429966141732284
0
LINE
8
BLACK
6
CONTINUOUS
10
2.9084074015748032
20
0.8429966141732284
11
2.9085702362204722
21
0.8428553937007874
0
LINE
8
BLACK
6
CONTINUOUS
10
2.9085702362204722
20
0.8428553937007874
11
2.9087694094488188
21
0.842772874015748
0
LINE
8
BLACK
6
CONTINUOUS
10
2.9087694094488188
20
0.842772874015748
11
2.9096786220472439
21
0.8420266929133858
0
LINE
8
BLACK
6
CONTINUOUS
10
2.9096786220472439
20
0.8420266929133858
11
2.9337216929133856
21
0.8179836220472441
0
LINE
8
BLACK
6
CONTINUOUS
10
2.9337216929133856
20
0.8179836220472441
11
2.9337216929133856
21
0.8406411811023622
0
LINE
8
BLACK
6
CONTINUOUS
10
2.9337216929133856
20
0.8406411811023622
11
2.9338369685039369
21
0.8418117322834645
0
LINE
8
BLACK
6
CONTINUOUS
10
2.9338369685039369
20
0.8418117322834645
11
2.9347328740157481
21
0.8439746062992126
0
LINE
8
BLACK
6
CONTINUOUS
10
2.9347328740157481
20
0.8439746062992126
11
2.9363882677165352
21
0.84563
0
LINE
8
BLACK
6
CONTINUOUS
10
2.9363882677165352
20
0.84563
11
2.9385511417322836
21
0.8465259055118109
0
LINE
8
BLACK
6
CONTINUOUS
10
2.9385511417322836
20
0.8465259055118109
11
2.940892244094488
21
0.8465259055118109
0
LINE
8
BLACK
6
CONTINUOUS
10
2.940892244094488
20
0.8465259055118109
11
2.943055118110236
21
0.84563
0
LINE
8
BLACK
6
CONTINUOUS
10
2.943055118110236
20
0.84563
11
2.9447105118110235
21
0.8439746062992126
0
LINE
8
BLACK
6
CONTINUOUS
10
2.9447105118110235
20
0.8439746062992126
11
2.9456064173228347
21
0.8418117322834645
0
LINE
8
BLACK
6
CONTINUOUS
10
2.9456064173228347
20
0.8418117322834645
11
2.9457216929133856
21
0.8406411811023622
0
LINE
8
BLACK
6
CONTINUOUS
10
2.9457216929133856
20
0.8406411811023622
11
2.9457216929133856
21
0.8034983464566929
0
LINE
8
BLACK
6
CONTINUOUS
10
2.9457216929133856
20
0.8034983464566929
11
2.9456064173228347
21
0.8023277952755905
0
LINE
8
BLACK
6
CONTINUOUS
10
2.9456064173228347
20
0.8023277952755905
11
2.9447105511811023
21
0.8001649212598425
0
LINE
8
BLACK
6
CONTINUOUS
10
2.9447105511811023
20
0.8001649212598425
11
2.943055118110236
21
0.7985094881889764
0
LINE
8
BLACK
6
CONTINUOUS
10
2.943055118110236
20
0.7985094881889764
11
2.940892244094488
21
0.7976136220472441
0
LINE
8
BLACK
6
CONTINUOUS
10
2.940892244094488
20
0.7976136220472441
11
2.9385511417322836
21
0.7976136220472441
0
LINE
8
BLACK
6
CONTINUOUS
10
2.9385511417322836
20
0.7976136220472441
11
2.9363882677165352
21
0.7985094881889764
0
LINE
8
BLACK
6
CONTINUOUS
10
2.9363882677165352
20
0.7985094881889764
11
2.93547905511811
21
0.7992557086614173
0
LINE
8
BLACK
6
CONTINUOUS
10
2.93547905511811
20
0.7992557086614173
11
2.9021949212598424
21
0.832539842519685
0
LINE
8
BLACK
6
CONTINUOUS
10
2.9021949212598424
20
0.832539842519685
11
2.8958909448818897
21
0.8346411811023622
0
LINE
8
BLACK
6
CONTINUOUS
10
2.8958909448818897
20
0.8346411811023622
11
2.8925666929133858
21
0.8346411811023622
0
LINE
8
BLACK
6
CONTINUOUS
10
2.8925666929133858
20
0.8346411811023622
11
2.8889900787401572
21
0.8328529133858268
0
LINE
8
BLACK
6
CONTINUOUS
10
2.8889900787401572
20
0.8328529133858268
11
2.887509960629921
21
0.8313727559055117
0
LINE
8
BLACK
6
CONTINUOUS
10
2.887509960629921
20
0.8313727559055117
11
2.885721692913386
21
0.8277962204724409
0
LINE
8
BLACK
6
CONTINUOUS
10
2.885721692913386
20
0.8277962204724409
11
2.885721692913386
21
0.8163433070866142
0
LINE
8
BLACK
6
CONTINUOUS
10
2.885721692913386
20
0.8163433070866142
11
2.887509960629921
21
0.8127667716535433
0
LINE
8
BLACK
6
CONTINUOUS
10
2.887509960629921
20
0.8127667716535433
11
2.8896786220472439
21
0.8105981102362204
0
LINE
8
BLACK
6
CONTINUOUS
10
2.8896786220472439
20
0.8105981102362204
11
2.8904248031496063
21
0.8096888976377953
0
LINE
8
BLACK
6
CONTINUOUS
10
2.8904248031496063
20
0.8096888976377953
11
2.8913207086614174
21
0.8075260236220472
0
LINE
8
BLACK
6
CONTINUOUS
10
2.8913207086614174
20
0.8075260236220472
11
2.8913207086614174
21
0.8051849212598425
0
LINE
8
BLACK
6
CONTINUOUS
10
2.8913207086614174
20
0.8051849212598425
11
2.8904248031496063
21
0.8030220472440944
0
LINE
8
BLACK
6
CONTINUOUS
10
2.8904248031496063
20
0.8030220472440944
11
2.8887694094488188
21
0.8013666535433071
0
LINE
8
BLACK
6
CONTINUOUS
10
2.8887694094488188
20
0.8013666535433071
11
2.8866065354330708
21
0.8004707480314961
0
LINE
8
BLACK
6
CONTINUOUS
10
2.8866065354330708
20
0.8004707480314961
11
2.8842654330708659
21
0.8004707480314961
0
LINE
8
BLACK
6
CONTINUOUS
10
2.8842654330708659
20
0.8004707480314961
11
2.8821025590551179
21
0.8013666535433071
0
LINE
8
BLACK
6
CONTINUOUS
10
2.8821025590551179
20
0.8013666535433071
11
2.8811933464566928
21
0.8021128346456693
0
LINE
8
BLACK
6
CONTINUOUS
10
2.8811933464566928
20
0.8021128346456693
11
2.878336181102362
21
0.80497
0
LINE
8
BLACK
6
CONTINUOUS
10
2.878336181102362
20
0.80497
11
2.8779585433070864
21
0.8054301181102362
0
LINE
8
BLACK
6
CONTINUOUS
10
2.8779585433070864
20
0.8054301181102362
11
2.8778388582677166
21
0.805533937007874
0
LINE
8
BLACK
6
CONTINUOUS
10
2.8778388582677166
20
0.805533937007874
11
2.8777251968503936
21
0.8057144488188976
0
LINE
8
BLACK
6
CONTINUOUS
10
2.8777251968503936
20
0.8057144488188976
11
2.8775900000000001
21
0.8058792125984252
0
LINE
8
BLACK
6
CONTINUOUS
10
2.8775900000000001
20
0.8058792125984252
11
2.8775293700787401
21
0.8060255511811023
0
LINE
8
BLACK
6
CONTINUOUS
10
2.8775293700787401
20
0.8060255511811023
11
2.8772122440944883
21
0.8065293307086614
0
LINE
8
BLACK
6
CONTINUOUS
10
2.8772122440944883
20
0.8065293307086614
11
2.8743551181102363
21
0.8122436220472441
0
LINE
8
BLACK
6
CONTINUOUS
10
2.8743551181102363
20
0.8122436220472441
11
2.8739347637795274
21
0.8133421259842519
0
LINE
8
BLACK
6
CONTINUOUS
10
2.8739347637795274
20
0.8133421259842519
11
2.8739194488188975
21
0.8135571653543306
0
LINE
8
BLACK
6
CONTINUOUS
10
2.8739194488188975
20
0.8135571653543306
11
2.8738369685039369
21
0.8137563385826772
0
LINE
8
BLACK
6
CONTINUOUS
10
2.8738369685039369
20
0.8137563385826772
11
2.873721692913386
21
0.8149268897637795
0
LINE
8
BLACK
6
CONTINUOUS
10
2.873721692913386
20
0.8149268897637795
11
2.873721692913386
21
0.8292126377952755
0
LINE
8
BLACK
6
CONTINUOUS
10
2.873721692913386
20
0.8292126377952755
11
2.8738369685039369
21
0.830383188976378
0
LINE
8
BLACK
6
CONTINUOUS
10
2.8738369685039369
20
0.830383188976378
11
2.8739194488188975
21
0.8305824015748031
0
LINE
8
BLACK
6
CONTINUOUS
10
2.8739194488188975
20
0.8305824015748031
11
2.8739347637795274
21
0.8307974015748031
0
LINE
8
BLACK
6
CONTINUOUS
10
2.8739347637795274
20
0.8307974015748031
11
2.8743551181102363
21
0.831895905511811
0
LINE
8
BLACK
6
CONTINUOUS
10
2.8743551181102363
20
0.831895905511811
11
2.8772122440944883
21
0.8376101968503937
0
LINE
8
BLACK
6
CONTINUOUS
10
2.8772122440944883
20
0.8376101968503937
11
2.8775293700787401
21
0.8381140157480315
0
LINE
8
BLACK
6
CONTINUOUS
10
2.8775293700787401
20
0.8381140157480315
11
2.8775900000000001
21
0.8382603149606299
0
LINE
8
BLACK
6
CONTINUOUS
10
2.8775900000000001
20
0.8382603149606299
11
2.8777251968503936
21
0.8384251181102362
0
LINE
8
BLACK
6
CONTINUOUS
10
2.8777251968503936
20
0.8384251181102362
11
2.8778388582677166
21
0.8386055905511811
0
LINE
8
BLACK
6
CONTINUOUS
10
2.8778388582677166
20
0.8386055905511811
11
2.8779585433070864
21
0.8387094488188976
0
LINE
8
BLACK
6
CONTINUOUS
10
2.8779585433070864
20
0.8387094488188976
11
2.878336181102362
21
0.8391695275590551
0
LINE
8
BLACK
6
CONTINUOUS
10
2.878336181102362
20
0.8391695275590551
11
2.8811933464566928
21
0.8420266929133858
0
LINE
8
BLACK
6
CONTINUOUS
10
2.8811933464566928
20
0.8420266929133858
11
2.8816533070866139
21
0.8424042125984251
0
LINE
8
BLACK
6
CONTINUOUS
10
2.8816533070866139
20
0.8424042125984251
11
2.8817572834645668
21
0.8425240551181102
0
LINE
8
BLACK
6
CONTINUOUS
10
2.8817572834645668
20
0.8425240551181102
11
2.8819379133858267
21
0.8426377952755906
0
LINE
8
BLACK
6
CONTINUOUS
10
2.8819379133858267
20
0.8426377952755906
11
2.8821025590551179
21
0.842772874015748
0
LINE
8
BLACK
6
CONTINUOUS
10
2.8821025590551179
20
0.842772874015748
11
2.8822488188976378
21
0.8428335039370078
0
LINE
8
BLACK
6
CONTINUOUS
10
2.8822488188976378
20
0.8428335039370078
11
2.8827527165354332
21
0.8431506299212598
0
LINE
8
BLACK
6
CONTINUOUS
10
2.8827527165354332
20
0.8431506299212598
11
2.8884670078740156
21
0.8460077559055118
0
LINE
8
BLACK
6
CONTINUOUS
10
2.8884670078740156
20
0.8460077559055118
11
2.8895655511811023
21
0.8464281496062992
0
LINE
8
BLACK
6
CONTINUOUS
10
2.8895655511811023
20
0.8464281496062992
11
2.8897805905511809
21
0.8464434645669291
0
LINE
8
BLACK
6
CONTINUOUS
10
2.8897805905511809
20
0.8464434645669291
11
2.8899797244094487
21
0.8465259055118109
0
LINE
8
BLACK
6
CONTINUOUS
10
2.8899797244094487
20
0.8465259055118109
11
2.8911502755905509
21
0.8466411811023622
0
LINE
8
BLACK
6
CONTINUOUS
10
2.8911502755905509
20
0.8466411811023622
11
2.8968645669291337
21
0.8466411811023622
0
LINE
8
BLACK
6
CONTINUOUS
10
2.8968645669291337
20
0.8466411811023622
11
2.8974568110236221
21
0.8465828740157481
0
LINE
8
BLACK
6
CONTINUOUS
10
2.943055118110236
20
0.902772874015748
11
2.9447105118110235
21
0.9011174803149606
0
LINE
8
BLACK
6
CONTINUOUS
10
2.9447105118110235
20
0.9011174803149606
11
2.9456064173228347
21
0.8989546062992125
0
LINE
8
BLACK
6
CONTINUOUS
10
2.9456064173228347
20
0.8989546062992125
11
2.9457216929133856
21
0.8977840551181102
0
LINE
8
BLACK
6
CONTINUOUS
10
2.9457216929133856
20
0.8977840551181102
11
2.9457216929133856
21
0.8634983464566929
0
LINE
8
BLACK
6
CONTINUOUS
10
2.9457216929133856
20
0.8634983464566929
11
2.9456064173228347
21
0.8623277952755906
0
LINE
8
BLACK
6
CONTINUOUS
10
2.9456064173228347
20
0.8623277952755906
11
2.9447105118110235
21
0.8601649212598425
0
LINE
8
BLACK
6
CONTINUOUS
10
2.9447105118110235
20
0.8601649212598425
11
2.943055118110236
21
0.8585095275590551
0
LINE
8
BLACK
6
CONTINUOUS
10
2.943055118110236
20
0.8585095275590551
11
2.940892244094488
21
0.8576136220472441
0
LINE
8
BLACK
6
CONTINUOUS
10
2.940892244094488
20
0.8576136220472441
11
2.9385511417322836
21
0.8576136220472441
0
LINE
8
BLACK
6
CONTINUOUS
10
2.9385511417322836
20
0.8576136220472441
11
2.9363882677165352
21
0.8585095275590551
0
LINE
8
BLACK
6
CONTINUOUS
10
2.9363882677165352
20
0.8585095275590551
11
2.9347328740157481
21
0.8601649212598425
0
LINE
8
BLACK
6
CONTINUOUS
10
2.9347328740157481
20
0.8601649212598425
11
2.9338369685039369
21
0.8623277952755906
0
LINE
8
BLACK
6
CONTINUOUS
10
2.9338369685039369
20
0.8623277952755906
11
2.9337216929133856
21
0.8634983464566929
0
LINE
8
BLACK
6
CONTINUOUS
10
2.9337216929133856
20
0.8634983464566929
11
2.9337216929133856
21
0.874641220472441
0
LINE
8
BLACK
6
CONTINUOUS
10
2.9337216929133856
20
0.874641220472441
11
2.8970640944881887
21
0.874641220472441
0
LINE
8
BLACK
6
CONTINUOUS
10
2.8970640944881887
20
0.874641220472441
11
2.8982500393700787
21
0.8734552755905511
0
LINE
8
BLACK
6
CONTINUOUS
10
2.8982500393700787
20
0.8734552755905511
11
2.8986276377952755
21
0.8729951968503937
0
LINE
8
BLACK
6
CONTINUOUS
10
2.8986276377952755
20
0.8729951968503937
11
2.8987473622047242
21
0.8728913385826772
0
LINE
8
BLACK
6
CONTINUOUS
10
2.8987473622047242
20
0.8728913385826772
11
2.8988609842519684
21
0.8727108661417322
0
LINE
8
BLACK
6
CONTINUOUS
10
2.8988609842519684
20
0.8727108661417322
11
2.8989962204724411
21
0.872546062992126
0
LINE
8
BLACK
6
CONTINUOUS
10
2.8989962204724411
20
0.872546062992126
11
2.8990568110236219
21
0.8723997637795275
0
LINE
8
BLACK
6
CONTINUOUS
10
2.8990568110236219
20
0.8723997637795275
11
2.8993739763779529
21
0.8718959448818897
0
LINE
8
BLACK
6
CONTINUOUS
10
2.8993739763779529
20
0.8718959448818897
11
2.9022311417322832
21
0.8661816535433071
0
LINE
8
BLACK
6
CONTINUOUS
10
2.9022311417322832
20
0.8661816535433071
11
2.9026514960629921
21
0.8650831102362204
0
LINE
8
BLACK
6
CONTINUOUS
10
2.9026514960629921
20
0.8650831102362204
11
2.9028174409448817
21
0.8627479133858268
0
LINE
8
BLACK
6
CONTINUOUS
10
2.9028174409448817
20
0.8627479133858268
11
2.9020771653543305
21
0.860526968503937
0
LINE
8
BLACK
6
CONTINUOUS
10
2.9020771653543305
20
0.860526968503937
11
2.9005432677165355
21
0.8587583858267717
0
LINE
8
BLACK
6
CONTINUOUS
10
2.9005432677165355
20
0.8587583858267717
11
2.8984493307086612
21
0.8577114173228346
0
LINE
8
BLACK
6
CONTINUOUS
10
2.8984493307086612
20
0.8577114173228346
11
2.8961141338582674
21
0.8575454724409448
0
LINE
8
BLACK
6
CONTINUOUS
10
2.8961141338582674
20
0.8575454724409448
11
2.8938931889763779
21
0.858285748031496
0
LINE
8
BLACK
6
CONTINUOUS
10
2.8938931889763779
20
0.858285748031496
11
2.8921246062992125
21
0.8598196456692914
0
LINE
8
BLACK
6
CONTINUOUS
10
2.8921246062992125
20
0.8598196456692914
11
2.8914979921259842
21
0.8608150393700787
0
LINE
8
BLACK
6
CONTINUOUS
10
2.8914979921259842
20
0.8608150393700787
11
2.8890762204724409
21
0.8656585433070866
0
LINE
8
BLACK
6
CONTINUOUS
10
2.8890762204724409
20
0.8656585433070866
11
2.8844704724409449
21
0.8702642913385826
0
LINE
8
BLACK
6
CONTINUOUS
10
2.8844704724409449
20
0.8702642913385826
11
2.8763935039370079
21
0.8756489370078741
0
LINE
8
BLACK
6
CONTINUOUS
10
2.8763935039370079
20
0.8756489370078741
11
2.876390275590551
21
0.8756515748031496
0
LINE
8
BLACK
6
CONTINUOUS
10
2.876390275590551
20
0.8756515748031496
11
2.8763882677165356
21
0.8756524015748032
0
LINE
8
BLACK
6
CONTINUOUS
10
2.8763882677165356
20
0.8756524015748032
11
2.8763837007874016
21
0.875656968503937
0
LINE
8
BLACK
6
CONTINUOUS
10
2.8763837007874016
20
0.875656968503937
11
2.8754834645669289
21
0.8763941338582677
0
LINE
8
BLACK
6
CONTINUOUS
10
2.8754834645669289
20
0.8763941338582677
11
2.8751528740157482
21
0.8768877952755906
0
LINE
8
BLACK
6
CONTINUOUS
10
2.8751528740157482
20
0.8768877952755906
11
2.8747328740157481
21
0.8773077952755906
0
LINE
8
BLACK
6
CONTINUOUS
10
2.8747328740157481
20
0.8773077952755906
11
2.8745078740157481
21
0.8778509448818897
0
LINE
8
BLACK
6
CONTINUOUS
10
2.8745078740157481
20
0.8778509448818897
11
2.8741808267716533
21
0.8783393307086614
0
LINE
8
BLACK
6
CONTINUOUS
10
2.8741808267716533
20
0.8783393307086614
11
2.8740643307086615
21
0.8789217716535432
0
LINE
8
BLACK
6
CONTINUOUS
10
2.8740643307086615
20
0.8789217716535432
11
2.8738369685039369
21
0.8794706692913385
0
LINE
8
BLACK
6
CONTINUOUS
10
2.8738369685039369
20
0.8794706692913385
11
2.8738369685039369
21
0.8800586220472441
0
LINE
8
BLACK
6
CONTINUOUS
10
2.8738369685039369
20
0.8800586220472441
11
2.873721692913386
21
0.8806349606299212
0
LINE
8
BLACK
6
CONTINUOUS
10
2.873721692913386
20
0.8806349606299212
11
2.8738369685039369
21
0.881217716535433
0
LINE
8
BLACK
6
CONTINUOUS
10
2.8738369685039369
20
0.881217716535433
11
2.8738369685039369
21
0.8818117716535433
0
LINE
8
BLACK
6
CONTINUOUS
10
2.8738369685039369
20
0.8818117716535433
11
2.8740618897637793
21
0.8823548031496062
0
LINE
8
BLACK
6
CONTINUOUS
10
2.8740618897637793
20
0.8823548031496062
11
2.8741759842519685
21
0.8829315354330708
0
LINE
8
BLACK
6
CONTINUOUS
10
2.8741759842519685
20
0.8829315354330708
11
2.8745055511811022
21
0.8834259448818897
0
LINE
8
BLACK
6
CONTINUOUS
10
2.8745055511811022
20
0.8834259448818897
11
2.8747328740157481
21
0.8839746456692913
0
LINE
8
BLACK
6
CONTINUOUS
10
2.8747328740157481
20
0.8839746456692913
11
2.8751484251968504
21
0.8843902362204724
0
LINE
8
BLACK
6
CONTINUOUS
10
2.8751484251968504
20
0.8843902362204724
11
2.8754746062992127
21
0.8848794488188976
0
LINE
8
BLACK
6
CONTINUOUS
10
2.8754746062992127
20
0.8848794488188976
11
2.8759682283464567
21
0.8852100393700787
0
LINE
8
BLACK
6
CONTINUOUS
10
2.8759682283464567
20
0.8852100393700787
11
2.8763882677165356
21
0.8856300393700787
0
LINE
8
BLACK
6
CONTINUOUS
10
2.8763882677165356
20
0.8856300393700787
11
2.8769313779527557
21
0.8858550393700787
0
LINE
8
BLACK
6
CONTINUOUS
10
2.8769313779527557
20
0.8858550393700787
11
2.8774198031496061
21
0.8861820866141732
0
LINE
8
BLACK
6
CONTINUOUS
10
2.8774198031496061
20
0.8861820866141732
11
2.8780022047244094
21
0.8862985826771653
0
LINE
8
BLACK
6
CONTINUOUS
10
2.8780022047244094
20
0.8862985826771653
11
2.8785511417322835
21
0.8865259448818897
0
LINE
8
BLACK
6
CONTINUOUS
10
2.8785511417322835
20
0.8865259448818897
11
2.8797093307086614
21
0.8866400393700787
0
LINE
8
BLACK
6
CONTINUOUS
10
2.8797093307086614
20
0.8866400393700787
11
2.8797154330708659
21
0.8866412204724409
0
LINE
8
BLACK
6
CONTINUOUS
10
2.8797154330708659
20
0.8866412204724409
11
2.8797174803149606
21
0.8866408267716536
0
LINE
8
BLACK
6
CONTINUOUS
10
2.8797174803149606
20
0.8866408267716536
11
2.8797216929133858
21
0.8866412204724409
0
LINE
8
BLACK
6
CONTINUOUS
10
2.8797216929133858
20
0.8866412204724409
11
2.9337216929133856
21
0.8866412204724409
0
LINE
8
BLACK
6
CONTINUOUS
10
2.9337216929133856
20
0.8866412204724409
11
2.9337216929133856
21
0.8977840551181102
0
LINE
8
BLACK
6
CONTINUOUS
10
2.9337216929133856
20
0.8977840551181102
11
2.9338369685039369
21
0.8989546062992125
0
LINE
8
BLACK
6
CONTINUOUS
10
2.9338369685039369
20
0.8989546062992125
11
2.9347328740157481
21
0.9011174803149606
0
LINE
8
BLACK
6
CONTINUOUS
10
2.9347328740157481
20
0.9011174803149606
11
2.9363882677165352
21
0.902772874015748
0
LINE
8
BLACK
6
CONTINUOUS
10
2.9363882677165352
20
0.902772874015748
11
2.9385511417322836
21
0.9036687795275591
0
LINE
8
BLACK
6
CONTINUOUS
10
2.9385511417322836
20
0.9036687795275591
11
2.940892244094488
21
0.9036687795275591
0
LINE
8
BLACK
6
CONTINUOUS
10
2.940892244094488
20
0.9036687795275591
11
2.943055118110236
21
0.902772874015748
0
LINE
8
BLACK
6
CONTINUOUS
10
2.4055955905511812
20
0.8912031102362205
11
2.4059953543307087
21
0.8912031102362205
0
LINE
8
BLACK
6
CONTINUOUS
10
2.4059953543307087
20
0.8912031102362205
11
2.4070597637795275
21
0.8907622047244095
0
LINE
8
BLACK
6
CONTINUOUS
10
2.4070597637795275
20
0.8907622047244095
11
2.4078744094488189
21
0.8899475590551181
0
LINE
8
BLACK
6
CONTINUOUS
10
2.4078744094488189
20
0.8899475590551181
11
2.40831531496063
21
0.8888831496062992
0
LINE
8
BLACK
6
CONTINUOUS
10
2.40831531496063
20
0.8888831496062992
11
2.4083720472440944
21
0.8883070866141732
0
LINE
8
BLACK
6
CONTINUOUS
10
2.4083720472440944
20
0.8883070866141732
11
2.4083720472440944
21
0.7701181102362205
0
LINE
8
BLACK
6
CONTINUOUS
10
2.4083720472440944
20
0.7701181102362205
11
2.40831531496063
21
0.7695420472440945
0
LINE
8
BLACK
6
CONTINUOUS
10
2.40831531496063
20
0.7695420472440945
11
2.4078744094488189
21
0.7684776377952756
0
LINE
8
BLACK
6
CONTINUOUS
10
2.4078744094488189
20
0.7684776377952756
11
2.4070597637795275
21
0.7676629921259842
0
LINE
8
BLACK
6
CONTINUOUS
10
2.4070597637795275
20
0.7676629921259842
11
2.4059953543307087
21
0.7672220866141732
0
LINE
8
BLACK
6
CONTINUOUS
10
2.4059953543307087
20
0.7672220866141732
11
2.4055955905511812
21
0.7672220866141732
0
LINE
8
BLACK
6
CONTINUOUS
10
2.4055955905511812
20
0.7672220866141732
11
2.4054192913385828
21
0.7672047244094488
0
LINE
8
BLACK
6
CONTINUOUS
10
2.4054192913385828
20
0.7672047244094488
11
2.3069980314960628
21
0.7672047244094488
0
LINE
8
BLACK
6
CONTINUOUS
10
2.3069980314960628
20
0.7672047244094488
11
2.3068217322834643
21
0.7672220866141732
0
LINE
8
BLACK
6
CONTINUOUS
10
2.3068217322834643
20
0.7672220866141732
11
2.3064219685039369
21
0.7672220866141732
0
LINE
8
BLACK
6
CONTINUOUS
10
2.3064219685039369
20
0.7672220866141732
11
2.3053575590551181
21
0.7676629921259842
0
LINE
8
BLACK
6
CONTINUOUS
10
2.3053575590551181
20
0.7676629921259842
11
2.3045429133858266
21
0.7684776377952756
0
LINE
8
BLACK
6
CONTINUOUS
10
2.3045429133858266
20
0.7684776377952756
11
2.3041020078740155
21
0.7695420472440945
0
LINE
8
BLACK
6
CONTINUOUS
10
2.3041020078740155
20
0.7695420472440945
11
2.3040452755905512
21
0.7701181102362205
0
LINE
8
BLACK
6
CONTINUOUS
10
2.3040452755905512
20
0.7701181102362205
11
2.3040452755905512
21
0.8883070866141732
0
LINE
8
BLACK
6
CONTINUOUS
10
2.3040452755905512
20
0.8883070866141732
11
2.3041020078740155
21
0.8888831496062992
0
LINE
8
BLACK
6
CONTINUOUS
10
2.3041020078740155
20
0.8888831496062992
11
2.3045429133858266
21
0.8899475590551181
0
LINE
8
BLACK
6
CONTINUOUS
10
2.3045429133858266
20
0.8899475590551181
11
2.3053575590551181
21
0.8907622047244095
0
LINE
8
BLACK
6
CONTINUOUS
10
2.3053575590551181
20
0.8907622047244095
11
2.3064219685039369
21
0.8912031102362205
0
LINE
8
BLACK
6
CONTINUOUS
10
2.3064219685039369
20
0.8912031102362205
11
2.3068217322834643
21
0.8912031102362205
0
LINE
8
BLACK
6
CONTINUOUS
10
2.3068217322834643
20
0.8912031102362205
11
2.3069980314960628
21
0.8912204724409448
0
LINE
8
BLACK
6
CONTINUOUS
10
2.3069980314960628
20
0.8912204724409448
11
2.4054192913385828
21
0.8912204724409448
0
LINE
8
BLACK
6
CONTINUOUS
10
2.4054192913385828
20
0.8912204724409448
11
2.4055955905511812
21
0.8912031102362205
0
LINE
8
BLACK
6
CONTINUOUS
10
2.3099507874015748
20
0.8853149606299212
11
2.3099507874015748
21
0.7731102362204724
0
LINE
8
BLACK
6
CONTINUOUS
10
2.3099507874015748
20
0.7731102362204724
11
2.4024665354330708
21
0.7731102362204724
0
LINE
8
BLACK
6
CONTINUOUS
10
2.4024665354330708
20
0.7731102362204724
11
2.4024665354330708
21
0.8853149606299212
0
LINE
8
BLACK
6
CONTINUOUS
10
2.4024665354330708
20
0.8853149606299212
11
2.3099507874015748
21
0.8853149606299212
0
LINE
8
BLACK
6
CONTINUOUS
10
2.9231710629921257
20
0.9834332677165354
11
2.9233292519685037
21
0.9834444881889763
0
LINE
8
BLACK
6
CONTINUOUS
10
2.9233292519685037
20
0.9834444881889763
11
2.9235372047244095
21
0.9833972047244094
0
LINE
8
BLACK
6
CONTINUOUS
10
2.9235372047244095
20
0.9833972047244094
11
2.92374937007874
21
0.9833762992125984
0
LINE
8
BLACK
6
CONTINUOUS
10
2.92374937007874
20
0.9833762992125984
11
2.9238957480314962
21
0.9833156692913385
0
LINE
8
BLACK
6
CONTINUOUS
10
2.9238957480314962
20
0.9833156692913385
11
2.9244761811023623
21
0.9831836614173228
0
LINE
8
BLACK
6
CONTINUOUS
10
2.9244761811023623
20
0.9831836614173228
11
2.9330476377952754
21
0.9803265354330708
0
LINE
8
BLACK
6
CONTINUOUS
10
2.9330476377952754
20
0.9803265354330708
11
2.934121692913386
21
0.9798470472440944
0
LINE
8
BLACK
6
CONTINUOUS
10
2.934121692913386
20
0.9798470472440944
11
2.9342846062992125
21
0.979705748031496
0
LINE
8
BLACK
6
CONTINUOUS
10
2.9342846062992125
20
0.979705748031496
11
2.9344837007874016
21
0.9796232677165354
0
LINE
8
BLACK
6
CONTINUOUS
10
2.9344837007874016
20
0.9796232677165354
11
2.9353929133858268
21
0.9788770866141732
0
LINE
8
BLACK
6
CONTINUOUS
10
2.9353929133858268
20
0.9788770866141732
11
2.9411072047244096
21
0.9731627952755906
0
LINE
8
BLACK
6
CONTINUOUS
10
2.9411072047244096
20
0.9731627952755906
11
2.9418533858267715
21
0.9722535826771653
0
LINE
8
BLACK
6
CONTINUOUS
10
2.9418533858267715
20
0.9722535826771653
11
2.9419358661417321
21
0.9720544488188976
0
LINE
8
BLACK
6
CONTINUOUS
10
2.9419358661417321
20
0.9720544488188976
11
2.9420771653543305
21
0.9718915354330708
0
LINE
8
BLACK
6
CONTINUOUS
10
2.9420771653543305
20
0.9718915354330708
11
2.9425566535433072
21
0.9708175196850394
0
LINE
8
BLACK
6
CONTINUOUS
10
2.9425566535433072
20
0.9708175196850394
11
2.9454138188976375
21
0.9622461023622046
0
LINE
8
BLACK
6
CONTINUOUS
10
2.9454138188976375
20
0.9622461023622046
11
2.9455457874015747
21
0.9616656299212598
0
LINE
8
BLACK
6
CONTINUOUS
10
2.9455457874015747
20
0.9616656299212598
11
2.9456064173228347
21
0.9615192913385826
0
LINE
8
BLACK
6
CONTINUOUS
10
2.9456064173228347
20
0.9615192913385826
11
2.9456272834645669
21
0.9613071653543307
0
LINE
8
BLACK
6
CONTINUOUS
10
2.9456272834645669
20
0.9613071653543307
11
2.9456746062992125
21
0.9610991338582677
0
LINE
8
BLACK
6
CONTINUOUS
10
2.9456746062992125
20
0.9610991338582677
11
2.9456633464566928
21
0.9609410236220473
0
LINE
8
BLACK
6
CONTINUOUS
10
2.9456633464566928
20
0.9609410236220473
11
2.9457216929133856
21
0.9603487401574803
0
LINE
8
BLACK
6
CONTINUOUS
10
2.9457216929133856
20
0.9603487401574803
11
2.9457216929133856
21
0.9546344488188976
0
LINE
8
BLACK
6
CONTINUOUS
10
2.9457216929133856
20
0.9546344488188976
11
2.9456064173228347
21
0.9534638976377953
0
LINE
8
BLACK
6
CONTINUOUS
10
2.9456064173228347
20
0.9534638976377953
11
2.9447105118110235
21
0.9513010236220473
0
LINE
8
BLACK
6
CONTINUOUS
10
2.9447105118110235
20
0.9513010236220473
11
2.943055118110236
21
0.9496456299212598
0
LINE
8
BLACK
6
CONTINUOUS
10
2.943055118110236
20
0.9496456299212598
11
2.940892244094488
21
0.9487497244094488
0
LINE
8
BLACK
6
CONTINUOUS
10
2.940892244094488
20
0.9487497244094488
11
2.9385511417322836
21
0.9487497244094488
0
LINE
8
BLACK
6
CONTINUOUS
10
2.9385511417322836
20
0.9487497244094488
11
2.9363882677165352
21
0.9496456299212598
0
LINE
8
BLACK
6
CONTINUOUS
10
2.9363882677165352
20
0.9496456299212598
11
2.9347328740157481
21
0.9513010236220473
0
LINE
8
BLACK
6
CONTINUOUS
10
2.9347328740157481
20
0.9513010236220473
11
2.9338369685039369
21
0.9534638976377953
0
LINE
8
BLACK
6
CONTINUOUS
10
2.9338369685039369
20
0.9534638976377953
11
2.9337216929133856
21
0.9546344488188976
0
LINE
8
BLACK
6
CONTINUOUS
10
2.9337216929133856
20
0.9546344488188976
11
2.9337216929133856
21
0.959375157480315
0
LINE
8
BLACK
6
CONTINUOUS
10
2.9337216929133856
20
0.959375157480315
11
2.9316203543307084
21
0.965679094488189
0
LINE
8
BLACK
6
CONTINUOUS
10
2.9316203543307084
20
0.965679094488189
11
2.9279092125984252
21
0.9693902362204724
0
LINE
8
BLACK
6
CONTINUOUS
10
2.9279092125984252
20
0.9693902362204724
11
2.9216051968503938
21
0.9714915748031496
0
LINE
8
BLACK
6
CONTINUOUS
10
2.9216051968503938
20
0.9714915748031496
11
2.8797216929133858
21
0.9714915748031496
0
LINE
8
BLACK
6
CONTINUOUS
10
2.8797216929133858
20
0.9714915748031496
11
2.8785511417322835
21
0.9716068503937008
0
LINE
8
BLACK
6
CONTINUOUS
10
2.8785511417322835
20
0.9716068503937008
11
2.8763882677165356
21
0.9725027559055118
0
LINE
8
BLACK
6
CONTINUOUS
10
2.8763882677165356
20
0.9725027559055118
11
2.8747328740157481
21
0.9741581496062992
0
LINE
8
BLACK
6
CONTINUOUS
10
2.8747328740157481
20
0.9741581496062992
11
2.8738369685039369
21
0.9763210236220472
0
LINE
8
BLACK
6
CONTINUOUS
10
2.8738369685039369
20
0.9763210236220472
11
2.8738369685039369
21
0.978662125984252
0
LINE
8
BLACK
6
CONTINUOUS
10
2.8738369685039369
20
0.978662125984252
11
2.8747328740157481
21
0.9808249999999999
0
LINE
8
BLACK
6
CONTINUOUS
10
2.8747328740157481
20
0.9808249999999999
11
2.8763882677165356
21
0.9824803937007873
0
LINE
8
BLACK
6
CONTINUOUS
10
2.8763882677165356
20
0.9824803937007873
11
2.8785511417322835
21
0.9833762992125984
0
LINE
8
BLACK
6
CONTINUOUS
10
2.8785511417322835
20
0.9833762992125984
11
2.8797216929133858
21
0.9834915748031496
0
LINE
8
BLACK
6
CONTINUOUS
10
2.8797216929133858
20
0.9834915748031496
11
2.9225788188976378
21
0.9834915748031496
0
LINE
8
BLACK
6
CONTINUOUS
10
2.9225788188976378
20
0.9834915748031496
11
2.9231710629921257
21
0.9834332677165354
0
LINE
8
BLACK
6
CONTINUOUS
10
2.943055118110236
20
1.0424803937007874
11
2.9447105118110235
21
1.0408249999999999
0
LINE
8
BLACK
6
CONTINUOUS
10
2.9447105118110235
20
1.0408249999999999
11
2.9456064173228347
21
1.0386621259842519
0
LINE
8
BLACK
6
CONTINUOUS
10
2.9456064173228347
20
1.0386621259842519
11
2.9457216929133856
21
1.0374915748031497
0
LINE
8
BLACK
6
CONTINUOUS
10
2.9457216929133856
20
1.0374915748031497
11
2.9457216929133856
21
1.0032058661417322
0
LINE
8
BLACK
6
CONTINUOUS
10
2.9457216929133856
20
1.0032058661417322
11
2.9456064173228347
21
1.0020353149606298
0
LINE
8
BLACK
6
CONTINUOUS
10
2.9456064173228347
20
1.0020353149606298
11
2.9447105118110235
21
0.9998724409448818
0
LINE
8
BLACK
6
CONTINUOUS
10
2.9447105118110235
20
0.9998724409448818
11
2.943055118110236
21
0.9982170472440944
0
LINE
8
BLACK
6
CONTINUOUS
10
2.943055118110236
20
0.9982170472440944
11
2.940892244094488
21
0.9973211417322835
0
LINE
8
BLACK
6
CONTINUOUS
10
2.940892244094488
20
0.9973211417322835
11
2.9385511417322836
21
0.9973211417322835
0
LINE
8
BLACK
6
CONTINUOUS
10
2.9385511417322836
20
0.9973211417322835
11
2.9363882677165352
21
0.9982170472440944
0
LINE
8
BLACK
6
CONTINUOUS
10
2.9363882677165352
20
0.9982170472440944
11
2.9347328740157481
21
0.9998724409448818
0
LINE
8
BLACK
6
CONTINUOUS
10
2.9347328740157481
20
0.9998724409448818
11
2.9338369685039369
21
1.0020353149606298
0
LINE
8
BLACK
6
CONTINUOUS
10
2.9338369685039369
20
1.0020353149606298
11
2.9337216929133856
21
1.0032058661417322
0
LINE
8
BLACK
6
CONTINUOUS
10
2.9337216929133856
20
1.0032058661417322
11
2.9337216929133856
21
1.0143487401574802
0
LINE
8
BLACK
6
CONTINUOUS
10
2.9337216929133856
20
1.0143487401574802
11
2.8970640944881887
21
1.0143487401574802
0
LINE
8
BLACK
6
CONTINUOUS
10
2.8970640944881887
20
1.0143487401574802
11
2.8982500393700787
21
1.0131627952755906
0
LINE
8
BLACK
6
CONTINUOUS
10
2.8982500393700787
20
1.0131627952755906
11
2.8986276377952755
21
1.012702716535433
0
LINE
8
BLACK
6
CONTINUOUS
10
2.8986276377952755
20
1.012702716535433
11
2.8987473622047242
21
1.0125988582677166
0
LINE
8
BLACK
6
CONTINUOUS
10
2.8987473622047242
20
1.0125988582677166
11
2.8988609842519684
21
1.0124183858267717
0
LINE
8
BLACK
6
CONTINUOUS
10
2.8988609842519684
20
1.0124183858267717
11
2.8989962204724411
21
1.0122535826771653
0
LINE
8
BLACK
6
CONTINUOUS
10
2.8989962204724411
20
1.0122535826771653
11
2.8990568110236219
21
1.0121072834645668
0
LINE
8
BLACK
6
CONTINUOUS
10
2.8990568110236219
20
1.0121072834645668
11
2.8993739763779529
21
1.0116034645669292
0
LINE
8
BLACK
6
CONTINUOUS
10
2.8993739763779529
20
1.0116034645669292
11
2.9022311417322832
21
1.0058891732283464
0
LINE
8
BLACK
6
CONTINUOUS
10
2.9022311417322832
20
1.0058891732283464
11
2.9026514960629921
21
1.0047906299212599
0
LINE
8
BLACK
6
CONTINUOUS
10
2.9026514960629921
20
1.0047906299212599
11
2.9028174409448817
21
1.0024554330708662
0
LINE
8
BLACK
6
CONTINUOUS
10
2.9028174409448817
20
1.0024554330708662
11
2.9020771653543305
21
1.0002344881889764
0
LINE
8
BLACK
6
CONTINUOUS
10
2.9020771653543305
20
1.0002344881889764
11
2.9005432677165355
21
0.998465905511811
0
LINE
8
BLACK
6
CONTINUOUS
10
2.9005432677165355
20
0.998465905511811
11
2.8984493307086612
21
0.997418937007874
0
LINE
8
BLACK
6
CONTINUOUS
10
2.8984493307086612
20
0.997418937007874
11
2.8961141338582674
21
0.9972529921259843
0
LINE
8
BLACK
6
CONTINUOUS
10
2.8961141338582674
20
0.9972529921259843
11
2.8938931889763779
21
0.9979932677165354
0
LINE
8
BLACK
6
CONTINUOUS
10
2.8938931889763779
20
0.9979932677165354
11
2.8921246062992125
21
0.9995271653543307
0
LINE
8
BLACK
6
CONTINUOUS
10
2.8921246062992125
20
0.9995271653543307
11
2.8914979921259842
21
1.0005225590551181
0
LINE
8
BLACK
6
CONTINUOUS
10
2.8914979921259842
20
1.0005225590551181
11
2.8890762204724409
21
1.0053660629921259
0
LINE
8
BLACK
6
CONTINUOUS
10
2.8890762204724409
20
1.0053660629921259
11
2.8844704724409449
21
1.009971811023622
0
LINE
8
BLACK
6
CONTINUOUS
10
2.8844704724409449
20
1.009971811023622
11
2.8763935039370079
21
1.0153564566929134
0
LINE
8
BLACK
6
CONTINUOUS
10
2.8763935039370079
20
1.0153564566929134
11
2.876390275590551
21
1.015359094488189
0
LINE
8
BLACK
6
CONTINUOUS
10
2.876390275590551
20
1.015359094488189
11
2.8763882677165356
21
1.0153599212598425
0
LINE
8
BLACK
6
CONTINUOUS
10
2.8763882677165356
20
1.0153599212598425
11
2.8763837007874016
21
1.0153644881889763
0
LINE
8
BLACK
6
CONTINUOUS
10
2.8763837007874016
20
1.0153644881889763
11
2.8754834645669289
21
1.0161016535433072
0
LINE
8
BLACK
6
CONTINUOUS
10
2.8754834645669289
20
1.0161016535433072
11
2.8751528740157482
21
1.0165953149606299
0
LINE
8
BLACK
6
CONTINUOUS
10
2.8751528740157482
20
1.0165953149606299
11
2.8747328740157481
21
1.0170153149606298
0
LINE
8
BLACK
6
CONTINUOUS
10
2.8747328740157481
20
1.0170153149606298
11
2.8745078740157481
21
1.0175584645669291
0
LINE
8
BLACK
6
CONTINUOUS
10
2.8745078740157481
20
1.0175584645669291
11
2.8741808267716533
21
1.0180468503937008
0
LINE
8
BLACK
6
CONTINUOUS
10
2.8741808267716533
20
1.0180468503937008
11
2.8740643307086615
21
1.0186292913385826
0
LINE
8
BLACK
6
CONTINUOUS
10
2.8740643307086615
20
1.0186292913385826
11
2.8738369685039369
21
1.019178188976378
0
LINE
8
BLACK
6
CONTINUOUS
10
2.8738369685039369
20
1.019178188976378
11
2.8738369685039369
21
1.0197661417322834
0
LINE
8
BLACK
6
CONTINUOUS
10
2.8738369685039369
20
1.0197661417322834
11
2.873721692913386
21
1.0203424803149606
0
LINE
8
BLACK
6
CONTINUOUS
10
2.873721692913386
20
1.0203424803149606
11
2.8738369685039369
21
1.0209252362204724
0
LINE
8
BLACK
6
CONTINUOUS
10
2.8738369685039369
20
1.0209252362204724
11
2.8738369685039369
21
1.0215192913385827
0
LINE
8
BLACK
6
CONTINUOUS
10
2.8738369685039369
20
1.0215192913385827
11
2.8740618897637793
21
1.0220623228346457
0
LINE
8
BLACK
6
CONTINUOUS
10
2.8740618897637793
20
1.0220623228346457
11
2.8741759842519685
21
1.0226390551181102
0
LINE
8
BLACK
6
CONTINUOUS
10
2.8741759842519685
20
1.0226390551181102
11
2.8745055511811022
21
1.0231334645669292
0
LINE
8
BLACK
6
CONTINUOUS
10
2.8745055511811022
20
1.0231334645669292
11
2.8747328740157481
21
1.0236821653543307
0
LINE
8
BLACK
6
CONTINUOUS
10
2.8747328740157481
20
1.0236821653543307
11
2.8751484251968504
21
1.0240977559055118
0
LINE
8
BLACK
6
CONTINUOUS
10
2.8751484251968504
20
1.0240977559055118
11
2.8754746062992127
21
1.024586968503937
0
LINE
8
BLACK
6
CONTINUOUS
10
2.8754746062992127
20
1.024586968503937
11
2.8759682283464567
21
1.0249175590551181
0
LINE
8
BLACK
6
CONTINUOUS
10
2.8759682283464567
20
1.0249175590551181
11
2.8763882677165356
21
1.0253375590551181
0
LINE
8
BLACK
6
CONTINUOUS
10
2.8763882677165356
20
1.0253375590551181
11
2.8769313779527557
21
1.0255625590551181
0
LINE
8
BLACK
6
CONTINUOUS
10
2.8769313779527557
20
1.0255625590551181
11
2.8774198031496061
21
1.0258896062992127
0
LINE
8
BLACK
6
CONTINUOUS
10
2.8774198031496061
20
1.0258896062992127
11
2.8780022047244094
21
1.0260061023622047
0
LINE
8
BLACK
6
CONTINUOUS
10
2.8780022047244094
20
1.0260061023622047
11
2.8785511417322835
21
1.0262334645669291
0
LINE
8
BLACK
6
CONTINUOUS
10
2.8785511417322835
20
1.0262334645669291
11
2.8797093307086614
21
1.0263475590551181
0
LINE
8
BLACK
6
CONTINUOUS
10
2.8797093307086614
20
1.0263475590551181
11
2.8797154330708659
21
1.0263487401574802
0
LINE
8
BLACK
6
CONTINUOUS
10
2.8797154330708659
20
1.0263487401574802
11
2.8797174803149606
21
1.0263483464566929
0
LINE
8
BLACK
6
CONTINUOUS
10
2.8797174803149606
20
1.0263483464566929
11
2.8797216929133858
21
1.0263487401574802
0
LINE
8
BLACK
6
CONTINUOUS
10
2.8797216929133858
20
1.0263487401574802
11
2.9337216929133856
21
1.0263487401574802
0
LINE
8
BLACK
6
CONTINUOUS
10
2.9337216929133856
20
1.0263487401574802
11
2.9337216929133856
21
1.0374915748031497
0
LINE
8
BLACK
6
CONTINUOUS
10
2.9337216929133856
20
1.0374915748031497
11
2.9338369685039369
21
1.0386621259842519
0
LINE
8
BLACK
6
CONTINUOUS
10
2.9338369685039369
20
1.0386621259842519
11
2.9347328740157481
21
1.0408249999999999
0
LINE
8
BLACK
6
CONTINUOUS
10
2.9347328740157481
20
1.0408249999999999
11
2.9363882677165352
21
1.0424803937007874
0
LINE
8
BLACK
6
CONTINUOUS
10
2.9363882677165352
20
1.0424803937007874
11
2.9385511417322836
21
1.0433762992125983
0
LINE
8
BLACK
6
CONTINUOUS
10
2.9385511417322836
20
1.0433762992125983
11
2.940892244094488
21
1.0433762992125983
0
LINE
8
BLACK
6
CONTINUOUS
10
2.940892244094488
20
1.0433762992125983
11
2.943055118110236
21
1.0424803937007874
0
LINE
8
BLACK
6
CONTINUOUS
10
2.9142115354330707
20
1.1006143700787401
11
2.9142990551181103
21
1.1006273622047245
0
LINE
8
BLACK
6
CONTINUOUS
10
2.9142990551181103
20
1.1006273622047245
11
2.9147371259842521
21
1.1005625984251968
0
LINE
8
BLACK
6
CONTINUOUS
10
2.9147371259842521
20
1.1005625984251968
11
2.9151779527559056
21
1.1005191732283464
0
LINE
8
BLACK
6
CONTINUOUS
10
2.9151779527559056
20
1.1005191732283464
11
2.9152596456692912
21
1.1004853543307087
0
LINE
8
BLACK
6
CONTINUOUS
10
2.9152596456692912
20
1.1004853543307087
11
2.9154625984251967
21
1.10045531496063
0
LINE
8
BLACK
6
CONTINUOUS
10
2.9154625984251967
20
1.10045531496063
11
2.9268911811023623
21
1.097598188976378
0
LINE
8
BLACK
6
CONTINUOUS
10
2.9268911811023623
20
1.097598188976378
11
2.9275806692913386
21
1.0973518503937008
0
LINE
8
BLACK
6
CONTINUOUS
10
2.9275806692913386
20
1.0973518503937008
11
2.9277262992125985
21
1.0973230314960629
0
LINE
8
BLACK
6
CONTINUOUS
10
2.9277262992125985
20
1.0973230314960629
11
2.9278582677165352
21
1.0972526771653544
0
LINE
8
BLACK
6
CONTINUOUS
10
2.9278582677165352
20
1.0972526771653544
11
2.9279988188976378
21
1.097202440944882
0
LINE
8
BLACK
6
CONTINUOUS
10
2.9279988188976378
20
1.097202440944882
11
2.9281178346456693
21
1.097114251968504
0
LINE
8
BLACK
6
CONTINUOUS
10
2.9281178346456693
20
1.097114251968504
11
2.9287641732283465
21
1.0967696062992125
0
LINE
8
BLACK
6
CONTINUOUS
10
2.9287641732283465
20
1.0967696062992125
11
2.9373356299212596
21
1.0910553149606299
0
LINE
8
BLACK
6
CONTINUOUS
10
2.9373356299212596
20
1.0910553149606299
11
2.937338779527559
21
1.0910527165354331
0
LINE
8
BLACK
6
CONTINUOUS
10
2.937338779527559
20
1.0910527165354331
11
2.9373407874015749
21
1.0910518897637795
0
LINE
8
BLACK
6
CONTINUOUS
10
2.9373407874015749
20
1.0910518897637795
11
2.9377862992125983
21
1.0906862598425198
0
LINE
8
BLACK
6
CONTINUOUS
10
2.9377862992125983
20
1.0906862598425198
11
2.9382456299212598
21
1.0903101181102361
0
LINE
8
BLACK
6
CONTINUOUS
10
2.9382456299212598
20
1.0903101181102361
11
2.9382468503937007
21
1.0903083070866142
0
LINE
8
BLACK
6
CONTINUOUS
10
2.9382468503937007
20
1.0903083070866142
11
2.93825
21
1.0903057086614174
0
LINE
8
BLACK
6
CONTINUOUS
10
2.93825
20
1.0903057086614174
11
2.9411072047244096
21
1.0874485826771654
0
LINE
8
BLACK
6
CONTINUOUS
10
2.9411072047244096
20
1.0874485826771654
11
2.9414848031496064
21
1.0869884645669292
0
LINE
8
BLACK
6
CONTINUOUS
10
2.9414848031496064
20
1.0869884645669292
11
2.9416045669291337
21
1.0868846062992126
0
LINE
8
BLACK
6
CONTINUOUS
10
2.9416045669291337
20
1.0868846062992126
11
2.9417181496062992
21
1.0867041732283464
0
LINE
8
BLACK
6
CONTINUOUS
10
2.9417181496062992
20
1.0867041732283464
11
2.9418533858267715
21
1.0865393700787402
0
LINE
8
BLACK
6
CONTINUOUS
10
2.9418533858267715
20
1.0865393700787402
11
2.9419140157480315
21
1.0863929921259843
0
LINE
8
BLACK
6
CONTINUOUS
10
2.9419140157480315
20
1.0863929921259843
11
2.9422311417322833
21
1.0858891732283464
0
LINE
8
BLACK
6
CONTINUOUS
10
2.9422311417322833
20
1.0858891732283464
11
2.9450882677165353
21
1.0801748818897638
0
LINE
8
BLACK
6
CONTINUOUS
10
2.9450882677165353
20
1.0801748818897638
11
2.9455086614173229
21
1.0790763385826772
0
LINE
8
BLACK
6
CONTINUOUS
10
2.9455086614173229
20
1.0790763385826772
11
2.9455239370078741
21
1.0788612992125983
0
LINE
8
BLACK
6
CONTINUOUS
10
2.9455239370078741
20
1.0788612992125983
11
2.9456064173228347
21
1.0786621653543307
0
LINE
8
BLACK
6
CONTINUOUS
10
2.9456064173228347
20
1.0786621653543307
11
2.9457216929133856
21
1.0774916141732283
0
LINE
8
BLACK
6
CONTINUOUS
10
2.9457216929133856
20
1.0774916141732283
11
2.9457216929133856
21
1.0660630314960631
0
LINE
8
BLACK
6
CONTINUOUS
10
2.9457216929133856
20
1.0660630314960631
11
2.9456064173228347
21
1.0648924803149606
0
LINE
8
BLACK
6
CONTINUOUS
10
2.9456064173228347
20
1.0648924803149606
11
2.9447105118110235
21
1.0627296062992126
0
LINE
8
BLACK
6
CONTINUOUS
10
2.9447105118110235
20
1.0627296062992126
11
2.943055118110236
21
1.0610742125984252
0
LINE
8
BLACK
6
CONTINUOUS
10
2.943055118110236
20
1.0610742125984252
11
2.940892244094488
21
1.0601783070866142
0
LINE
8
BLACK
6
CONTINUOUS
10
2.940892244094488
20
1.0601783070866142
11
2.9385511417322836
21
1.0601783070866142
0
LINE
8
BLACK
6
CONTINUOUS
10
2.9385511417322836
20
1.0601783070866142
11
2.9363882677165352
21
1.0610742125984252
0
LINE
8
BLACK
6
CONTINUOUS
10
2.9363882677165352
20
1.0610742125984252
11
2.9347328740157481
21
1.0627296062992126
0
LINE
8
BLACK
6
CONTINUOUS
10
2.9347328740157481
20
1.0627296062992126
11
2.9338369685039369
21
1.0648924803149606
0
LINE
8
BLACK
6
CONTINUOUS
10
2.9338369685039369
20
1.0648924803149606
11
2.9337216929133856
21
1.0660630314960631
0
LINE
8
BLACK
6
CONTINUOUS
10
2.9337216929133856
20
1.0660630314960631
11
2.9337216929133856
21
1.0760752362204724
0
LINE
8
BLACK
6
CONTINUOUS
10
2.9337216929133856
20
1.0760752362204724
11
2.9319334251968505
21
1.0796517716535432
0
LINE
8
BLACK
6
CONTINUOUS
10
2.9319334251968505
20
1.0796517716535432
11
2.9301848031496061
21
1.0814003543307087
0
LINE
8
BLACK
6
CONTINUOUS
10
2.9301848031496061
20
1.0814003543307087
11
2.9229725984251966
21
1.0862085039370077
0
LINE
8
BLACK
6
CONTINUOUS
10
2.9229725984251966
20
1.0862085039370077
11
2.9219427165354328
21
1.0864659842519684
0
LINE
8
BLACK
6
CONTINUOUS
10
2.9219427165354328
20
1.0864659842519684
11
2.9222311023622045
21
1.0858892125984252
0
LINE
8
BLACK
6
CONTINUOUS
10
2.9222311023622045
20
1.0858892125984252
11
2.9226514960629921
21
1.0847907086614172
0
LINE
8
BLACK
6
CONTINUOUS
10
2.9226514960629921
20
1.0847907086614172
11
2.9226667716535433
21
1.0845756692913386
0
LINE
8
BLACK
6
CONTINUOUS
10
2.9226667716535433
20
1.0845756692913386
11
2.9227492913385826
21
1.0843764566929133
0
LINE
8
BLACK
6
CONTINUOUS
10
2.9227492913385826
20
1.0843764566929133
11
2.922864566929134
21
1.0832059055118111
0
LINE
8
BLACK
6
CONTINUOUS
10
2.922864566929134
20
1.0832059055118111
11
2.922864566929134
21
1.0717773228346457
0
LINE
8
BLACK
6
CONTINUOUS
10
2.922864566929134
20
1.0717773228346457
11
2.9227492913385826
21
1.0706067716535432
0
LINE
8
BLACK
6
CONTINUOUS
10
2.9227492913385826
20
1.0706067716535432
11
2.9226667716535433
21
1.0704075984251968
0
LINE
8
BLACK
6
CONTINUOUS
10
2.9226667716535433
20
1.0704075984251968
11
2.9226514960629921
21
1.070192559055118
0
LINE
8
BLACK
6
CONTINUOUS
10
2.9226514960629921
20
1.070192559055118
11
2.9222311417322833
21
1.0690940157480315
0
LINE
8
BLACK
6
CONTINUOUS
10
2.9222311417322833
20
1.0690940157480315
11
2.9193739763779525
21
1.0633797244094487
0
LINE
8
BLACK
6
CONTINUOUS
10
2.9193739763779525
20
1.0633797244094487
11
2.9190568110236219
21
1.0628759448818896
0
LINE
8
BLACK
6
CONTINUOUS
10
2.9190568110236219
20
1.0628759448818896
11
2.9189962204724407
21
1.0627296062992126
0
LINE
8
BLACK
6
CONTINUOUS
10
2.9189962204724407
20
1.0627296062992126
11
2.9188609842519684
21
1.062564842519685
0
LINE
8
BLACK
6
CONTINUOUS
10
2.9188609842519684
20
1.062564842519685
11
2.9187473622047242
21
1.0623843307086613
0
LINE
8
BLACK
6
CONTINUOUS
10
2.9187473622047242
20
1.0623843307086613
11
2.9186276377952756
21
1.0622805118110237
0
LINE
8
BLACK
6
CONTINUOUS
10
2.9186276377952756
20
1.0622805118110237
11
2.9182500393700788
21
1.0618203937007873
0
LINE
8
BLACK
6
CONTINUOUS
10
2.9182500393700788
20
1.0618203937007873
11
2.9153929133858267
21
1.0589632677165355
0
LINE
8
BLACK
6
CONTINUOUS
10
2.9153929133858267
20
1.0589632677165355
11
2.9149327952755906
21
1.0585856692913385
0
LINE
8
BLACK
6
CONTINUOUS
10
2.9149327952755906
20
1.0585856692913385
11
2.9148289763779527
21
1.0584659448818898
0
LINE
8
BLACK
6
CONTINUOUS
10
2.9148289763779527
20
1.0584659448818898
11
2.9146484645669291
21
1.0583523228346456
0
LINE
8
BLACK
6
CONTINUOUS
10
2.9146484645669291
20
1.0583523228346456
11
2.9144837007874016
21
1.0582170866141731
0
LINE
8
BLACK
6
CONTINUOUS
10
2.9144837007874016
20
1.0582170866141731
11
2.9143373622047242
21
1.0581564960629921
0
LINE
8
BLACK
6
CONTINUOUS
10
2.9143373622047242
20
1.0581564960629921
11
2.9138335826771651
21
1.0578393307086613
0
LINE
8
BLACK
6
CONTINUOUS
10
2.9138335826771651
20
1.0578393307086613
11
2.9081192913385827
21
1.0549821653543308
0
LINE
8
BLACK
6
CONTINUOUS
10
2.9081192913385827
20
1.0549821653543308
11
2.907020748031496
21
1.0545618110236221
0
LINE
8
BLACK
6
CONTINUOUS
10
2.907020748031496
20
1.0545618110236221
11
2.9068057086614174
21
1.0545465354330708
0
LINE
8
BLACK
6
CONTINUOUS
10
2.9068057086614174
20
1.0545465354330708
11
2.9066065354330708
21
1.0544640157480314
0
LINE
8
BLACK
6
CONTINUOUS
10
2.9066065354330708
20
1.0544640157480314
11
2.9054359842519686
21
1.0543487401574803
0
LINE
8
BLACK
6
CONTINUOUS
10
2.9054359842519686
20
1.0543487401574803
11
2.8911502755905509
21
1.0543487401574803
0
LINE
8
BLACK
6
CONTINUOUS
10
2.8911502755905509
20
1.0543487401574803
11
2.8899797244094487
21
1.0544640157480314
0
LINE
8
BLACK
6
CONTINUOUS
10
2.8899797244094487
20
1.0544640157480314
11
2.8897805118110234
21
1.0545465354330708
0
LINE
8
BLACK
6
CONTINUOUS
10
2.8897805118110234
20
1.0545465354330708
11
2.8895655118110235
21
1.0545618110236221
0
LINE
8
BLACK
6
CONTINUOUS
10
2.8895655118110235
20
1.0545618110236221
11
2.8884669685039368
21
1.0549821653543308
0
LINE
8
BLACK
6
CONTINUOUS
10
2.8884669685039368
20
1.0549821653543308
11
2.8827526771653544
21
1.0578393307086613
0
LINE
8
BLACK
6
CONTINUOUS
10
2.8827526771653544
20
1.0578393307086613
11
2.8822489370078741
21
1.0581564566929134
0
LINE
8
BLACK
6
CONTINUOUS
10
2.8822489370078741
20
1.0581564566929134
11
2.8821025984251967
21
1.0582170472440944
0
LINE
8
BLACK
6
CONTINUOUS
10
2.8821025984251967
20
1.0582170472440944
11
2.881937716535433
21
1.0583523622047244
0
LINE
8
BLACK
6
CONTINUOUS
10
2.881937716535433
20
1.0583523622047244
11
2.8817572834645668
21
1.0584659448818898
0
LINE
8
BLACK
6
CONTINUOUS
10
2.8817572834645668
20
1.0584659448818898
11
2.8816534645669289
21
1.0585856692913385
0
LINE
8
BLACK
6
CONTINUOUS
10
2.8816534645669289
20
1.0585856692913385
11
2.8811933858267715
21
1.0589632283464567
0
LINE
8
BLACK
6
CONTINUOUS
10
2.8811933858267715
20
1.0589632283464567
11
2.8783362204724408
21
1.0618203543307085
0
LINE
8
BLACK
6
CONTINUOUS
10
2.8783362204724408
20
1.0618203543307085
11
2.8779585039370077
21
1.0622805511811024
0
LINE
8
BLACK
6
CONTINUOUS
10
2.8779585039370077
20
1.0622805511811024
11
2.8778388582677166
21
1.0623843307086613
0
LINE
8
BLACK
6
CONTINUOUS
10
2.8778388582677166
20
1.0623843307086613
11
2.8777253149606299
21
1.06256468503937
0
LINE
8
BLACK
6
CONTINUOUS
10
2.8777253149606299
20
1.06256468503937
11
2.8775900000000001
21
1.0627295669291339
0
LINE
8
BLACK
6
CONTINUOUS
10
2.8775900000000001
20
1.0627295669291339
11
2.8775292913385826
21
1.0628760629921259
0
LINE
8
BLACK
6
CONTINUOUS
10
2.8775292913385826
20
1.0628760629921259
11
2.8772122440944883
21
1.0633797637795275
0
LINE
8
BLACK
6
CONTINUOUS
10
2.8772122440944883
20
1.0633797637795275
11
2.8743551181102363
21
1.0690940551181103
0
LINE
8
BLACK
6
CONTINUOUS
10
2.8743551181102363
20
1.0690940551181103
11
2.8739347637795274
21
1.0701925984251968
0
LINE
8
BLACK
6
CONTINUOUS
10
2.8739347637795274
20
1.0701925984251968
11
2.8739194881889762
21
1.0704075590551181
0
LINE
8
BLACK
6
CONTINUOUS
10
2.8739194881889762
20
1.0704075590551181
11
2.8738369685039369
21
1.0706067716535432
0
LINE
8
BLACK
6
CONTINUOUS
10
2.8738369685039369
20
1.0706067716535432
11
2.873721692913386
21
1.0717773228346457
0
LINE
8
BLACK
6
CONTINUOUS
10
2.873721692913386
20
1.0717773228346457
11
2.873721692913386
21
1.0832059055118111
0
LINE
8
BLACK
6
CONTINUOUS
10
2.873721692913386
20
1.0832059055118111
11
2.8738369685039369
21
1.0843764566929133
0
LINE
8
BLACK
6
CONTINUOUS
10
2.8738369685039369
20
1.0843764566929133
11
2.8739194488188975
21
1.0845756692913386
0
LINE
8
BLACK
6
CONTINUOUS
10
2.8739194488188975
20
1.0845756692913386
11
2.8739347637795274
21
1.0847906692913385
0
LINE
8
BLACK
6
CONTINUOUS
10
2.8739347637795274
20
1.0847906692913385
11
2.8743551181102363
21
1.0858891732283464
0
LINE
8
BLACK
6
CONTINUOUS
10
2.8743551181102363
20
1.0858891732283464
11
2.8772122440944883
21
1.091603464566929
0
LINE
8
BLACK
6
CONTINUOUS
10
2.8772122440944883
20
1.091603464566929
11
2.8775293700787401
21
1.0921072834645669
0
LINE
8
BLACK
6
CONTINUOUS
10
2.8775293700787401
20
1.0921072834645669
11
2.8775900000000001
21
1.0922535826771653
0
LINE
8
BLACK
6
CONTINUOUS
10
2.8775900000000001
20
1.0922535826771653
11
2.8777251968503936
21
1.0924183858267715
0
LINE
8
BLACK
6
CONTINUOUS
10
2.8777251968503936
20
1.0924183858267715
11
2.8778388582677166
21
1.0925988582677164
0
LINE
8
BLACK
6
CONTINUOUS
10
2.8778388582677166
20
1.0925988582677164
11
2.8779585433070864
21
1.092702716535433
0
LINE
8
BLACK
6
CONTINUOUS
10
2.8779585433070864
20
1.092702716535433
11
2.878336181102362
21
1.0931627952755905
0
LINE
8
BLACK
6
CONTINUOUS
10
2.878336181102362
20
1.0931627952755905
11
2.8811933464566928
21
1.0960199606299212
0
LINE
8
BLACK
6
CONTINUOUS
10
2.8811933464566928
20
1.0960199606299212
11
2.8816533070866139
21
1.0963974803149605
0
LINE
8
BLACK
6
CONTINUOUS
10
2.8816533070866139
20
1.0963974803149605
11
2.8817572834645668
21
1.0965173228346456
0
LINE
8
BLACK
6
CONTINUOUS
10
2.8817572834645668
20
1.0965173228346456
11
2.8819379133858267
21
1.0966310629921259
0
LINE
8
BLACK
6
CONTINUOUS
10
2.8819379133858267
20
1.0966310629921259
11
2.8821025590551179
21
1.0967661417322834
0
LINE
8
BLACK
6
CONTINUOUS
10
2.8821025590551179
20
1.0967661417322834
11
2.8822488188976378
21
1.0968267716535434
0
LINE
8
BLACK
6
CONTINUOUS
10
2.8822488188976378
20
1.0968267716535434
11
2.8827527165354332
21
1.0971438976377952
0
LINE
8
BLACK
6
CONTINUOUS
10
2.8827527165354332
20
1.0971438976377952
11
2.8884670078740156
21
1.1000010236220472
0
LINE
8
BLACK
6
CONTINUOUS
10
2.8884670078740156
20
1.1000010236220472
11
2.8895655511811023
21
1.1004214173228346
0
LINE
8
BLACK
6
CONTINUOUS
10
2.8895655511811023
20
1.1004214173228346
11
2.8897805905511809
21
1.1004367322834645
0
LINE
8
BLACK
6
CONTINUOUS
10
2.8897805905511809
20
1.1004367322834645
11
2.8899797244094487
21
1.1005191732283464
0
LINE
8
BLACK
6
CONTINUOUS
10
2.8899797244094487
20
1.1005191732283464
11
2.8911502755905509
21
1.1006344488188977
0
LINE
8
BLACK
6
CONTINUOUS
10
2.8911502755905509
20
1.1006344488188977
11
2.914007401574803
21
1.1006344488188977
0
LINE
8
BLACK
6
CONTINUOUS
10
2.914007401574803
20
1.1006344488188977
11
2.9142115354330707
21
1.1006143700787401
0
LINE
8
BLACK
6
CONTINUOUS
10
2.8889900787401572
20
1.0868461811023622
11
2.887509960629921
21
1.0853660236220473
0
LINE
8
BLACK
6
CONTINUOUS
10
2.887509960629921
20
1.0853660236220473
11
2.885721692913386
21
1.0817894881889762
0
LINE
8
BLACK
6
CONTINUOUS
10
2.885721692913386
20
1.0817894881889762
11
2.885721692913386
21
1.0731937401574803
0
LINE
8
BLACK
6
CONTINUOUS
10
2.885721692913386
20
1.0731937401574803
11
2.8875099212598423
21
1.0696172047244095
0
LINE
8
BLACK
6
CONTINUOUS
10
2.8875099212598423
20
1.0696172047244095
11
2.888990118110236
21
1.0681370866141733
0
LINE
8
BLACK
6
CONTINUOUS
10
2.888990118110236
20
1.0681370866141733
11
2.8925667322834645
21
1.0663487401574803
0
LINE
8
BLACK
6
CONTINUOUS
10
2.8925667322834645
20
1.0663487401574803
11
2.904019527559055
21
1.0663487401574803
0
LINE
8
BLACK
6
CONTINUOUS
10
2.904019527559055
20
1.0663487401574803
11
2.9075961417322835
21
1.0681370866141733
0
LINE
8
BLACK
6
CONTINUOUS
10
2.9075961417322835
20
1.0681370866141733
11
2.909076220472441
21
1.0696171653543307
0
LINE
8
BLACK
6
CONTINUOUS
10
2.909076220472441
20
1.0696171653543307
11
2.910864566929134
21
1.0731938188976378
0
LINE
8
BLACK
6
CONTINUOUS
10
2.910864566929134
20
1.0731938188976378
11
2.910864566929134
21
1.081789527559055
0
LINE
8
BLACK
6
CONTINUOUS
10
2.910864566929134
20
1.081789527559055
11
2.9090762992125985
21
1.0853659448818898
0
LINE
8
BLACK
6
CONTINUOUS
10
2.9090762992125985
20
1.0853659448818898
11
2.9075961023622048
21
1.0868462204724409
0
LINE
8
BLACK
6
CONTINUOUS
10
2.9075961023622048
20
1.0868462204724409
11
2.9040195669291338
21
1.0886344488188977
0
LINE
8
BLACK
6
CONTINUOUS
10
2.9040195669291338
20
1.0886344488188977
11
2.8925666929133858
21
1.0886344488188977
0
LINE
8
BLACK
6
CONTINUOUS
10
2.8925666929133858
20
1.0886344488188977
11
2.8889900787401572
21
1.0868461811023622
0
LINE
8
BLACK
6
CONTINUOUS
10
2.4055955905511812
20
1.0880535039370078
11
2.4059953543307087
21
1.0880535039370078
0
LINE
8
BLACK
6
CONTINUOUS
10
2.4059953543307087
20
1.0880535039370078
11
2.4070597637795275
21
1.0876125984251968
0
LINE
8
BLACK
6
CONTINUOUS
10
2.4070597637795275
20
1.0876125984251968
11
2.4078744094488189
21
1.0867979527559055
0
LINE
8
BLACK
6
CONTINUOUS
10
2.4078744094488189
20
1.0867979527559055
11
2.40831531496063
21
1.0857335433070865
0
LINE
8
BLACK
6
CONTINUOUS
10
2.40831531496063
20
1.0857335433070865
11
2.4083720472440944
21
1.0851574803149606
0
LINE
8
BLACK
6
CONTINUOUS
10
2.4083720472440944
20
1.0851574803149606
11
2.4083720472440944
21
0.9669685039370078
0
LINE
8
BLACK
6
CONTINUOUS
10
2.4083720472440944
20
0.9669685039370078
11
2.40831531496063
21
0.9663924409448819
0
LINE
8
BLACK
6
CONTINUOUS
10
2.40831531496063
20
0.9663924409448819
11
2.4078744094488189
21
0.9653280314960629
0
LINE
8
BLACK
6
CONTINUOUS
10
2.4078744094488189
20
0.9653280314960629
11
2.4070597637795275
21
0.9645133858267716
0
LINE
8
BLACK
6
CONTINUOUS
10
2.4070597637795275
20
0.9645133858267716
11
2.4059953543307087
21
0.9640724803149606
0
LINE
8
BLACK
6
CONTINUOUS
10
2.4059953543307087
20
0.9640724803149606
11
2.4055955905511812
21
0.9640724803149606
0
LINE
8
BLACK
6
CONTINUOUS
10
2.4055955905511812
20
0.9640724803149606
11
2.4054192913385828
21
0.9640551181102363
0
LINE
8
BLACK
6
CONTINUOUS
10
2.4054192913385828
20
0.9640551181102363
11
2.3069980314960628
21
0.9640551181102363
0
LINE
8
BLACK
6
CONTINUOUS
10
2.3069980314960628
20
0.9640551181102363
11
2.3068217322834643
21
0.9640724803149606
0
LINE
8
BLACK
6
CONTINUOUS
10
2.3068217322834643
20
0.9640724803149606
11
2.3064219685039369
21
0.9640724803149606
0
LINE
8
BLACK
6
CONTINUOUS
10
2.3064219685039369
20
0.9640724803149606
11
2.3053575590551181
21
0.9645133858267716
0
LINE
8
BLACK
6
CONTINUOUS
10
2.3053575590551181
20
0.9645133858267716
11
2.3045429133858266
21
0.9653280314960629
0
LINE
8
BLACK
6
CONTINUOUS
10
2.3045429133858266
20
0.9653280314960629
11
2.3041020078740155
21
0.9663924409448819
0
LINE
8
BLACK
6
CONTINUOUS
10
2.3041020078740155
20
0.9663924409448819
11
2.3040452755905512
21
0.9669685039370078
0
LINE
8
BLACK
6
CONTINUOUS
10
2.3040452755905512
20
0.9669685039370078
11
2.3040452755905512
21
1.0851574803149606
0
LINE
8
BLACK
6
CONTINUOUS
10
2.3040452755905512
20
1.0851574803149606
11
2.3041020078740155
21
1.0857335433070865
0
LINE
8
BLACK
6
CONTINUOUS
10
2.3041020078740155
20
1.0857335433070865
11
2.3045429133858266
21
1.0867979527559055
0
LINE
8
BLACK
6
CONTINUOUS
10
2.3045429133858266
20
1.0867979527559055
11
2.3053575590551181
21
1.0876125984251968
0
LINE
8
BLACK
6
CONTINUOUS
10
2.3053575590551181
20
1.0876125984251968
11
2.3064219685039369
21
1.0880535039370078
0
LINE
8
BLACK
6
CONTINUOUS
10
2.3064219685039369
20
1.0880535039370078
11
2.3068217322834643
21
1.0880535039370078
0
LINE
8
BLACK
6
CONTINUOUS
10
2.3068217322834643
20
1.0880535039370078
11
2.3069980314960628
21
1.0880708661417322
0
LINE
8
BLACK
6
CONTINUOUS
10
2.3069980314960628
20
1.0880708661417322
11
2.4054192913385828
21
1.0880708661417322
0
LINE
8
BLACK
6
CONTINUOUS
10
2.4054192913385828
20
1.0880708661417322
11
2.4055955905511812
21
1.0880535039370078
0
LINE
8
BLACK
6
CONTINUOUS
10
2.3099507874015748
20
1.0821653543307086
11
2.3099507874015748
21
0.9699606299212599
0
LINE
8
BLACK
6
CONTINUOUS
10
2.3099507874015748
20
0.9699606299212599
11
2.4024665354330708
21
0.9699606299212599
0
LINE
8
BLACK
6
CONTINUOUS
10
2.4024665354330708
20
0.9699606299212599
11
2.4024665354330708
21
1.0821653543307086
0
LINE
8
BLACK
6
CONTINUOUS
10
2.4024665354330708
20
1.0821653543307086
11
2.3099507874015748
21
1.0821653543307086
0
LINE
8
BLACK
6
CONTINUOUS
10
2.9262911417322832
20
1.1842206692913386
11
2.9264493307086612
21
1.1842318897637796
0
LINE
8
BLACK
6
CONTINUOUS
10
2.9264493307086612
20
1.1842318897637796
11
2.926657283464567
21
1.1841846062992125
0
LINE
8
BLACK
6
CONTINUOUS
10
2.926657283464567
20
1.1841846062992125
11
2.9268694488188975
21
1.1841637007874015
0
LINE
8
BLACK
6
CONTINUOUS
10
2.9268694488188975
20
1.1841637007874015
11
2.9270158267716533
21
1.1841030708661417
0
LINE
8
BLACK
6
CONTINUOUS
10
2.9270158267716533
20
1.1841030708661417
11
2.9275962598425198
21
1.1839710629921261
0
LINE
8
BLACK
6
CONTINUOUS
10
2.9275962598425198
20
1.1839710629921261
11
2.936167716535433
21
1.181113937007874
0
LINE
8
BLACK
6
CONTINUOUS
10
2.936167716535433
20
1.181113937007874
11
2.9372417716535431
21
1.1806344488188976
0
LINE
8
BLACK
6
CONTINUOUS
10
2.9372417716535431
20
1.1806344488188976
11
2.93740468503937
21
1.1804931496062991
0
LINE
8
BLACK
6
CONTINUOUS
10
2.93740468503937
20
1.1804931496062991
11
2.9376037795275591
21
1.1804106692913385
0
LINE
8
BLACK
6
CONTINUOUS
10
2.9376037795275591
20
1.1804106692913385
11
2.9385129921259843
21
1.1796644881889764
0
LINE
8
BLACK
6
CONTINUOUS
10
2.9385129921259843
20
1.1796644881889764
11
2.9442272834645671
21
1.1739501968503936
0
LINE
8
BLACK
6
CONTINUOUS
10
2.9442272834645671
20
1.1739501968503936
11
2.944973464566929
21
1.1730409842519685
0
LINE
8
BLACK
6
CONTINUOUS
10
2.944973464566929
20
1.1730409842519685
11
2.9450559448818896
21
1.1728418503937008
0
LINE
8
BLACK
6
CONTINUOUS
10
2.9450559448818896
20
1.1728418503937008
11
2.945197244094488
21
1.1726789370078741
0
LINE
8
BLACK
6
CONTINUOUS
10
2.945197244094488
20
1.1726789370078741
11
2.9456767322834647
21
1.1716049212598425
0
LINE
8
BLACK
6
CONTINUOUS
10
2.9456767322834647
20
1.1716049212598425
11
2.9485338976377951
21
1.1630335039370079
0
LINE
8
BLACK
6
CONTINUOUS
10
2.9485338976377951
20
1.1630335039370079
11
2.9486658661417322
21
1.162453031496063
0
LINE
8
BLACK
6
CONTINUOUS
10
2.9486658661417322
20
1.162453031496063
11
2.9487264960629922
21
1.1623066929133858
0
LINE
8
BLACK
6
CONTINUOUS
10
2.9487264960629922
20
1.1623066929133858
11
2.9487473622047244
21
1.1620945669291338
0
LINE
8
BLACK
6
CONTINUOUS
10
2.9487473622047244
20
1.1620945669291338
11
2.94879468503937
21
1.1618865354330707
0
LINE
8
BLACK
6
CONTINUOUS
10
2.94879468503937
20
1.1618865354330707
11
2.9487834251968503
21
1.1617284251968503
0
LINE
8
BLACK
6
CONTINUOUS
10
2.9487834251968503
20
1.1617284251968503
11
2.9488417716535431
21
1.1611361417322834
0
LINE
8
BLACK
6
CONTINUOUS
10
2.9488417716535431
20
1.1611361417322834
11
2.9488417716535431
21
1.1554218503937008
0
LINE
8
BLACK
6
CONTINUOUS
10
2.9488417716535431
20
1.1554218503937008
11
2.9487264960629922
21
1.1542512992125984
0
LINE
8
BLACK
6
CONTINUOUS
10
2.9487264960629922
20
1.1542512992125984
11
2.947830590551181
21
1.1520884251968504
0
LINE
8
BLACK
6
CONTINUOUS
10
2.947830590551181
20
1.1520884251968504
11
2.9461751968503935
21
1.1504330314960629
0
LINE
8
BLACK
6
CONTINUOUS
10
2.9461751968503935
20
1.1504330314960629
11
2.9440123228346455
21
1.149537125984252
0
LINE
8
BLACK
6
CONTINUOUS
10
2.9440123228346455
20
1.149537125984252
11
2.9416712204724407
21
1.149537125984252
0
LINE
8
BLACK
6
CONTINUOUS
10
2.9416712204724407
20
1.149537125984252
11
2.9395083464566927
21
1.1504330314960629
0
LINE
8
BLACK
6
CONTINUOUS
10
2.9395083464566927
20
1.1504330314960629
11
2.9378529527559056
21
1.1520884251968504
0
LINE
8
BLACK
6
CONTINUOUS
10
2.9378529527559056
20
1.1520884251968504
11
2.9369570472440945
21
1.1542512992125984
0
LINE
8
BLACK
6
CONTINUOUS
10
2.9369570472440945
20
1.1542512992125984
11
2.9368417716535431
21
1.1554218503937008
0
LINE
8
BLACK
6
CONTINUOUS
10
2.9368417716535431
20
1.1554218503937008
11
2.9368417716535431
21
1.1601625590551181
0
LINE
8
BLACK
6
CONTINUOUS
10
2.9368417716535431
20
1.1601625590551181
11
2.934740433070866
21
1.166466496062992
0
LINE
8
BLACK
6
CONTINUOUS
10
2.934740433070866
20
1.166466496062992
11
2.9310292913385827
21
1.1701776377952755
0
LINE
8
BLACK
6
CONTINUOUS
10
2.9310292913385827
20
1.1701776377952755
11
2.9247252755905513
21
1.1722789763779526
0
LINE
8
BLACK
6
CONTINUOUS
10
2.9247252755905513
20
1.1722789763779526
11
2.8828417716535433
21
1.1722789763779526
0
LINE
8
BLACK
6
CONTINUOUS
10
2.8828417716535433
20
1.1722789763779526
11
2.8816712204724411
21
1.172394251968504
0
LINE
8
BLACK
6
CONTINUOUS
10
2.8816712204724411
20
1.172394251968504
11
2.8795083464566931
21
1.173290157480315
0
LINE
8
BLACK
6
CONTINUOUS
10
2.8795083464566931
20
1.173290157480315
11
2.8778529527559056
21
1.1749455511811024
0
LINE
8
BLACK
6
CONTINUOUS
10
2.8778529527559056
20
1.1749455511811024
11
2.8769570472440944
21
1.1771084251968504
0
LINE
8
BLACK
6
CONTINUOUS
10
2.8769570472440944
20
1.1771084251968504
11
2.8769570472440944
21
1.1794495275590551
0
LINE
8
BLACK
6
CONTINUOUS
10
2.8769570472440944
20
1.1794495275590551
11
2.8778529527559056
21
1.1816124015748031
0
LINE
8
BLACK
6
CONTINUOUS
10
2.8778529527559056
20
1.1816124015748031
11
2.8795083464566931
21
1.1832677952755906
0
LINE
8
BLACK
6
CONTINUOUS
10
2.8795083464566931
20
1.1832677952755906
11
2.8816712204724411
21
1.1841637007874015
0
LINE
8
BLACK
6
CONTINUOUS
10
2.8816712204724411
20
1.1841637007874015
11
2.8828417716535433
21
1.1842789763779527
0
LINE
8
BLACK
6
CONTINUOUS
10
2.8828417716535433
20
1.1842789763779527
11
2.9256988976377953
21
1.1842789763779527
0
LINE
8
BLACK
6
CONTINUOUS
10
2.9256988976377953
20
1.1842789763779527
11
2.9262911417322832
21
1.1842206692913386
0
LINE
8
BLACK
6
CONTINUOUS
10
2.9005768897637796
20
1.2442206692913385
11
2.9007350787401576
21
1.2442318897637794
0
LINE
8
BLACK
6
CONTINUOUS
10
2.9007350787401576
20
1.2442318897637794
11
2.9009430314960629
21
1.2441846062992126
0
LINE
8
BLACK
6
CONTINUOUS
10
2.9009430314960629
20
1.2441846062992126
11
2.9011551968503935
21
1.2441637007874016
0
LINE
8
BLACK
6
CONTINUOUS
10
2.9011551968503935
20
1.2441637007874016
11
2.9013015748031497
21
1.2441030708661418
0
LINE
8
BLACK
6
CONTINUOUS
10
2.9013015748031497
20
1.2441030708661418
11
2.9018820078740157
21
1.2439710629921259
0
LINE
8
BLACK
6
CONTINUOUS
10
2.9018820078740157
20
1.2439710629921259
11
2.9104534251968501
21
1.2411139370078741
0
LINE
8
BLACK
6
CONTINUOUS
10
2.9104534251968501
20
1.2411139370078741
11
2.9115274803149607
21
1.2406344094488189
0
LINE
8
BLACK
6
CONTINUOUS
10
2.9115274803149607
20
1.2406344094488189
11
2.9116903149606297
21
1.2404931889763779
0
LINE
8
BLACK
6
CONTINUOUS
10
2.9116903149606297
20
1.2404931889763779
11
2.9118894881889763
21
1.2404106692913386
0
LINE
8
BLACK
6
CONTINUOUS
10
2.9118894881889763
20
1.2404106692913386
11
2.9127987007874014
21
1.2396644881889765
0
LINE
8
BLACK
6
CONTINUOUS
10
2.9127987007874014
20
1.2396644881889765
11
2.9368417716535431
21
1.2156214173228346
0
LINE
8
BLACK
6
CONTINUOUS
10
2.9368417716535431
20
1.2156214173228346
11
2.9368417716535431
21
1.2382789763779527
0
LINE
8
BLACK
6
CONTINUOUS
10
2.9368417716535431
20
1.2382789763779527
11
2.9369570472440945
21
1.2394495275590551
0
LINE
8
BLACK
6
CONTINUOUS
10
2.9369570472440945
20
1.2394495275590551
11
2.9378529527559056
21
1.2416124015748031
0
LINE
8
BLACK
6
CONTINUOUS
10
2.9378529527559056
20
1.2416124015748031
11
2.9395083464566927
21
1.2432677952755906
0
LINE
8
BLACK
6
CONTINUOUS
10
2.9395083464566927
20
1.2432677952755906
11
2.9416712204724407
21
1.2441637007874016
0
LINE
8
BLACK
6
CONTINUOUS
10
2.9416712204724407
20
1.2441637007874016
11
2.9440123228346455
21
1.2441637007874016
0
LINE
8
BLACK
6
CONTINUOUS
10
2.9440123228346455
20
1.2441637007874016
11
2.9461751968503935
21
1.2432677952755906
0
LINE
8
BLACK
6
CONTINUOUS
10
2.9461751968503935
20
1.2432677952755906
11
2.947830590551181
21
1.2416124015748031
0
LINE
8
BLACK
6
CONTINUOUS
10
2.947830590551181
20
1.2416124015748031
11
2.9487264960629922
21
1.2394495275590551
0
LINE
8
BLACK
6
CONTINUOUS
10
2.9487264960629922
20
1.2394495275590551
11
2.9488417716535431
21
1.2382789763779527
0
LINE
8
BLACK
6
CONTINUOUS
10
2.9488417716535431
20
1.2382789763779527
11
2.9488417716535431
21
1.2011361417322834
0
LINE
8
BLACK
6
CONTINUOUS
10
2.9488417716535431
20
1.2011361417322834
11
2.9487264960629922
21
1.199965590551181
0
LINE
8
BLACK
6
CONTINUOUS
10
2.9487264960629922
20
1.199965590551181
11
2.9478306299212598
21
1.197802716535433
0
LINE
8
BLACK
6
CONTINUOUS
10
2.9478306299212598
20
1.197802716535433
11
2.9461751968503935
21
1.196147283464567
0
LINE
8
BLACK
6
CONTINUOUS
10
2.9461751968503935
20
1.196147283464567
11
2.9440123228346455
21
1.1952514173228346
0
LINE
8
BLACK
6
CONTINUOUS
10
2.9440123228346455
20
1.1952514173228346
11
2.9416712204724407
21
1.1952514173228346
0
LINE
8
BLACK
6
CONTINUOUS
10
2.9416712204724407
20
1.1952514173228346
11
2.9395083464566927
21
1.196147283464567
0
LINE
8
BLACK
6
CONTINUOUS
10
2.9395083464566927
20
1.196147283464567
11
2.9385991338582675
21
1.1968935039370079
0
LINE
8
BLACK
6
CONTINUOUS
10
2.9385991338582675
20
1.1968935039370079
11
2.9053149999999999
21
1.2301776377952756
0
LINE
8
BLACK
6
CONTINUOUS
10
2.9053149999999999
20
1.2301776377952756
11
2.8990110236220472
21
1.2322789763779527
0
LINE
8
BLACK
6
CONTINUOUS
10
2.8990110236220472
20
1.2322789763779527
11
2.8956867716535433
21
1.2322789763779527
0
LINE
8
BLACK
6
CONTINUOUS
10
2.8956867716535433
20
1.2322789763779527
11
2.8921101574803147
21
1.2304907086614172
0
LINE
8
BLACK
6
CONTINUOUS
10
2.8921101574803147
20
1.2304907086614172
11
2.8906300393700786
21
1.2290105511811023
0
LINE
8
BLACK
6
CONTINUOUS
10
2.8906300393700786
20
1.2290105511811023
11
2.8888417716535431
21
1.2254340157480315
0
LINE
8
BLACK
6
CONTINUOUS
10
2.8888417716535431
20
1.2254340157480315
11
2.8888417716535431
21
1.2139811023622047
0
LINE
8
BLACK
6
CONTINUOUS
10
2.8888417716535431
20
1.2139811023622047
11
2.8906300393700786
21
1.2104045669291339
0
LINE
8
BLACK
6
CONTINUOUS
10
2.8906300393700786
20
1.2104045669291339
11
2.8927987007874014
21
1.208235905511811
0
LINE
8
BLACK
6
CONTINUOUS
10
2.8927987007874014
20
1.208235905511811
11
2.8935448818897638
21
1.2073266929133859
0
LINE
8
BLACK
6
CONTINUOUS
10
2.8935448818897638
20
1.2073266929133859
11
2.894440787401575
21
1.2051638188976377
0
LINE
8
BLACK
6
CONTINUOUS
10
2.894440787401575
20
1.2051638188976377
11
2.894440787401575
21
1.202822716535433
0
LINE
8
BLACK
6
CONTINUOUS
10
2.894440787401575
20
1.202822716535433
11
2.8935448818897638
21
1.200659842519685
0
LINE
8
BLACK
6
CONTINUOUS
10
2.8935448818897638
20
1.200659842519685
11
2.8918894881889763
21
1.1990044488188976
0
LINE
8
BLACK
6
CONTINUOUS
10
2.8918894881889763
20
1.1990044488188976
11
2.8897266141732283
21
1.1981085433070866
0
LINE
8
BLACK
6
CONTINUOUS
10
2.8897266141732283
20
1.1981085433070866
11
2.8873855118110234
21
1.1981085433070866
0
LINE
8
BLACK
6
CONTINUOUS
10
2.8873855118110234
20
1.1981085433070866
11
2.8852226377952754
21
1.1990044488188976
0
LINE
8
BLACK
6
CONTINUOUS
10
2.8852226377952754
20
1.1990044488188976
11
2.8843134251968503
21
1.1997506299212599
0
LINE
8
BLACK
6
CONTINUOUS
10
2.8843134251968503
20
1.1997506299212599
11
2.8814562598425195
21
1.2026077952755905
0
LINE
8
BLACK
6
CONTINUOUS
10
2.8814562598425195
20
1.2026077952755905
11
2.881078622047244
21
1.2030679133858266
0
LINE
8
BLACK
6
CONTINUOUS
10
2.881078622047244
20
1.2030679133858266
11
2.8809589370078741
21
1.2031717322834645
0
LINE
8
BLACK
6
CONTINUOUS
10
2.8809589370078741
20
1.2031717322834645
11
2.8808452755905511
21
1.2033522440944882
0
LINE
8
BLACK
6
CONTINUOUS
10
2.8808452755905511
20
1.2033522440944882
11
2.8807100787401576
21
1.2035170078740156
0
LINE
8
BLACK
6
CONTINUOUS
10
2.8807100787401576
20
1.2035170078740156
11
2.8806494488188976
21
1.2036633464566928
0
LINE
8
BLACK
6
CONTINUOUS
10
2.8806494488188976
20
1.2036633464566928
11
2.8803323228346458
21
1.2041671259842519
0
LINE
8
BLACK
6
CONTINUOUS
10
2.8803323228346458
20
1.2041671259842519
11
2.8774751968503938
21
1.2098814173228347
0
LINE
8
BLACK
6
CONTINUOUS
10
2.8774751968503938
20
1.2098814173228347
11
2.8770548425196849
21
1.2109799212598424
0
LINE
8
BLACK
6
CONTINUOUS
10
2.8770548425196849
20
1.2109799212598424
11
2.877039527559055
21
1.2111949606299213
0
LINE
8
BLACK
6
CONTINUOUS
10
2.877039527559055
20
1.2111949606299213
11
2.8769570472440944
21
1.2113941338582677
0
LINE
8
BLACK
6
CONTINUOUS
10
2.8769570472440944
20
1.2113941338582677
11
2.876841771653543
21
1.2125646850393701
0
LINE
8
BLACK
6
CONTINUOUS
10
2.876841771653543
20
1.2125646850393701
11
2.876841771653543
21
1.2268504330708661
0
LINE
8
BLACK
6
CONTINUOUS
10
2.876841771653543
20
1.2268504330708661
11
2.8769570472440944
21
1.2280209842519685
0
LINE
8
BLACK
6
CONTINUOUS
10
2.8769570472440944
20
1.2280209842519685
11
2.877039527559055
21
1.2282201968503936
0
LINE
8
BLACK
6
CONTINUOUS
10
2.877039527559055
20
1.2282201968503936
11
2.8770548425196849
21
1.2284351968503937
0
LINE
8
BLACK
6
CONTINUOUS
10
2.8770548425196849
20
1.2284351968503937
11
2.8774751968503938
21
1.2295337007874017
0
LINE
8
BLACK
6
CONTINUOUS
10
2.8774751968503938
20
1.2295337007874017
11
2.8803323228346458
21
1.2352479921259842
0
LINE
8
BLACK
6
CONTINUOUS
10
2.8803323228346458
20
1.2352479921259842
11
2.8806494488188976
21
1.2357518110236221
0
LINE
8
BLACK
6
CONTINUOUS
10
2.8806494488188976
20
1.2357518110236221
11
2.8807100787401576
21
1.2358981102362205
0
LINE
8
BLACK
6
CONTINUOUS
10
2.8807100787401576
20
1.2358981102362205
11
2.8808452755905511
21
1.2360629133858267
0
LINE
8
BLACK
6
CONTINUOUS
10
2.8808452755905511
20
1.2360629133858267
11
2.8809589370078741
21
1.2362433858267716
0
LINE
8
BLACK
6
CONTINUOUS
10
2.8809589370078741
20
1.2362433858267716
11
2.881078622047244
21
1.2363472440944883
0
LINE
8
BLACK
6
CONTINUOUS
10
2.881078622047244
20
1.2363472440944883
11
2.8814562598425195
21
1.2368073228346457
0
LINE
8
BLACK
6
CONTINUOUS
10
2.8814562598425195
20
1.2368073228346457
11
2.8843134251968503
21
1.2396644881889765
0
LINE
8
BLACK
6
CONTINUOUS
10
2.8843134251968503
20
1.2396644881889765
11
2.8847733858267715
21
1.2400420078740158
0
LINE
8
BLACK
6
CONTINUOUS
10
2.8847733858267715
20
1.2400420078740158
11
2.8848773622047243
21
1.2401618503937009
0
LINE
8
BLACK
6
CONTINUOUS
10
2.8848773622047243
20
1.2401618503937009
11
2.8850579921259842
21
1.2402755905511811
0
LINE
8
BLACK
6
CONTINUOUS
10
2.8850579921259842
20
1.2402755905511811
11
2.8852226377952754
21
1.2404106692913386
0
LINE
8
BLACK
6
CONTINUOUS
10
2.8852226377952754
20
1.2404106692913386
11
2.8853688976377954
21
1.2404712992125984
0
LINE
8
BLACK
6
CONTINUOUS
10
2.8853688976377954
20
1.2404712992125984
11
2.8858727952755903
21
1.2407884251968504
0
LINE
8
BLACK
6
CONTINUOUS
10
2.8858727952755903
20
1.2407884251968504
11
2.8915870866141731
21
1.2436455511811024
0
LINE
8
BLACK
6
CONTINUOUS
10
2.8915870866141731
20
1.2436455511811024
11
2.8926856299212598
21
1.2440659448818898
0
LINE
8
BLACK
6
CONTINUOUS
10
2.8926856299212598
20
1.2440659448818898
11
2.8929006692913384
21
1.2440812598425197
0
LINE
8
BLACK
6
CONTINUOUS
10
2.8929006692913384
20
1.2440812598425197
11
2.8930998031496062
21
1.2441637007874016
0
LINE
8
BLACK
6
CONTINUOUS
10
2.8930998031496062
20
1.2441637007874016
11
2.8942703543307085
21
1.2442789763779527
0
LINE
8
BLACK
6
CONTINUOUS
10
2.8942703543307085
20
1.2442789763779527
11
2.8999846456692913
21
1.2442789763779527
0
LINE
8
BLACK
6
CONTINUOUS
10
2.8999846456692913
20
1.2442789763779527
11
2.9005768897637796
21
1.2442206692913385
0
LINE
8
BLACK
6
CONTINUOUS
10
2.9005768897637796
20
1.3013635433070865
11
2.9007350787401576
21
1.3013747637795274
0
LINE
8
BLACK
6
CONTINUOUS
10
2.9007350787401576
20
1.3013747637795274
11
2.9009430314960629
21
1.3013274803149606
0
LINE
8
BLACK
6
CONTINUOUS
10
2.9009430314960629
20
1.3013274803149606
11
2.9011551968503935
21
1.3013065748031496
0
LINE
8
BLACK
6
CONTINUOUS
10
2.9011551968503935
20
1.3013065748031496
11
2.9013015748031497
21
1.3012459448818898
0
LINE
8
BLACK
6
CONTINUOUS
10
2.9013015748031497
20
1.3012459448818898
11
2.9018820078740157
21
1.3011139370078739
0
LINE
8
BLACK
6
CONTINUOUS
10
2.9018820078740157
20
1.3011139370078739
11
2.9104534251968501
21
1.2982568110236221
0
LINE
8
BLACK
6
CONTINUOUS
10
2.9104534251968501
20
1.2982568110236221
11
2.9115274803149607
21
1.2977772834645669
0
LINE
8
BLACK
6
CONTINUOUS
10
2.9115274803149607
20
1.2977772834645669
11
2.9116903149606297
21
1.297636062992126
0
LINE
8
BLACK
6
CONTINUOUS
10
2.9116903149606297
20
1.297636062992126
11
2.9118894881889763
21
1.2975535433070866
0
LINE
8
BLACK
6
CONTINUOUS
10
2.9118894881889763
20
1.2975535433070866
11
2.9127987007874014
21
1.2968073622047245
0
LINE
8
BLACK
6
CONTINUOUS
10
2.9127987007874014
20
1.2968073622047245
11
2.9368417716535431
21
1.2727642913385826
0
LINE
8
BLACK
6
CONTINUOUS
10
2.9368417716535431
20
1.2727642913385826
11
2.9368417716535431
21
1.2954218503937007
0
LINE
8
BLACK
6
CONTINUOUS
10
2.9368417716535431
20
1.2954218503937007
11
2.9369570472440945
21
1.2965924015748032
0
LINE
8
BLACK
6
CONTINUOUS
10
2.9369570472440945
20
1.2965924015748032
11
2.9378529527559056
21
1.2987552755905512
0
LINE
8
BLACK
6
CONTINUOUS
10
2.9378529527559056
20
1.2987552755905512
11
2.9395083464566927
21
1.3004106692913386
0
LINE
8
BLACK
6
CONTINUOUS
10
2.9395083464566927
20
1.3004106692913386
11
2.9416712204724407
21
1.3013065748031496
0
LINE
8
BLACK
6
CONTINUOUS
10
2.9416712204724407
20
1.3013065748031496
11
2.9440123228346455
21
1.3013065748031496
0
LINE
8
BLACK
6
CONTINUOUS
10
2.9440123228346455
20
1.3013065748031496
11
2.9461751968503935
21
1.3004106692913386
0
LINE
8
BLACK
6
CONTINUOUS
10
2.9461751968503935
20
1.3004106692913386
11
2.947830590551181
21
1.2987552755905512
0
LINE
8
BLACK
6
CONTINUOUS
10
2.947830590551181
20
1.2987552755905512
11
2.9487264960629922
21
1.2965924015748032
0
LINE
8
BLACK
6
CONTINUOUS
10
2.9487264960629922
20
1.2965924015748032
11
2.9488417716535431
21
1.2954218503937007
0
LINE
8
BLACK
6
CONTINUOUS
10
2.9488417716535431
20
1.2954218503937007
11
2.9488417716535431
21
1.2582790157480315
0
LINE
8
BLACK
6
CONTINUOUS
10
2.9488417716535431
20
1.2582790157480315
11
2.9487264960629922
21
1.257108464566929
0
LINE
8
BLACK
6
CONTINUOUS
10
2.9487264960629922
20
1.257108464566929
11
2.9478306299212598
21
1.254945590551181
0
LINE
8
BLACK
6
CONTINUOUS
10
2.9478306299212598
20
1.254945590551181
11
2.9461751968503935
21
1.253290157480315
0
LINE
8
BLACK
6
CONTINUOUS
10
2.9461751968503935
20
1.253290157480315
11
2.9440123228346455
21
1.2523942913385826
0
LINE
8
BLACK
6
CONTINUOUS
10
2.9440123228346455
20
1.2523942913385826
11
2.9416712204724407
21
1.2523942913385826
0
LINE
8
BLACK
6
CONTINUOUS
10
2.9416712204724407
20
1.2523942913385826
11
2.9395083464566927
21
1.253290157480315
0
LINE
8
BLACK
6
CONTINUOUS
10
2.9395083464566927
20
1.253290157480315
11
2.9385991338582675
21
1.2540363779527559
0
LINE
8
BLACK
6
CONTINUOUS
10
2.9385991338582675
20
1.2540363779527559
11
2.9053149999999999
21
1.2873205118110236
0
LINE
8
BLACK
6
CONTINUOUS
10
2.9053149999999999
20
1.2873205118110236
11
2.8990110236220472
21
1.2894218503937007
0
LINE
8
BLACK
6
CONTINUOUS
10
2.8990110236220472
20
1.2894218503937007
11
2.8956867716535433
21
1.2894218503937007
0
LINE
8
BLACK
6
CONTINUOUS
10
2.8956867716535433
20
1.2894218503937007
11
2.8921101574803147
21
1.2876335826771654
0
LINE
8
BLACK
6
CONTINUOUS
10
2.8921101574803147
20
1.2876335826771654
11
2.8906300393700786
21
1.2861534251968503
0
LINE
8
BLACK
6
CONTINUOUS
10
2.8906300393700786
20
1.2861534251968503
11
2.8888417716535431
21
1.2825768897637795
0
LINE
8
BLACK
6
CONTINUOUS
10
2.8888417716535431
20
1.2825768897637795
11
2.8888417716535431
21
1.2711239763779527
0
LINE
8
BLACK
6
CONTINUOUS
10
2.8888417716535431
20
1.2711239763779527
11
2.8906300393700786
21
1.2675474409448819
0
LINE
8
BLACK
6
CONTINUOUS
10
2.8906300393700786
20
1.2675474409448819
11
2.8927987007874014
21
1.2653787795275591
0
LINE
8
BLACK
6
CONTINUOUS
10
2.8927987007874014
20
1.2653787795275591
11
2.8935448818897638
21
1.2644695669291339
0
LINE
8
BLACK
6
CONTINUOUS
10
2.8935448818897638
20
1.2644695669291339
11
2.894440787401575
21
1.2623066929133857
0
LINE
8
BLACK
6
CONTINUOUS
10
2.894440787401575
20
1.2623066929133857
11
2.894440787401575
21
1.2599655905511811
0
LINE
8
BLACK
6
CONTINUOUS
10
2.894440787401575
20
1.2599655905511811
11
2.8935448818897638
21
1.2578027165354331
0
LINE
8
BLACK
6
CONTINUOUS
10
2.8935448818897638
20
1.2578027165354331
11
2.8918894881889763
21
1.2561473228346456
0
LINE
8
BLACK
6
CONTINUOUS
10
2.8918894881889763
20
1.2561473228346456
11
2.8897266141732283
21
1.2552514173228346
0
LINE
8
BLACK
6
CONTINUOUS
10
2.8897266141732283
20
1.2552514173228346
11
2.8873855118110234
21
1.2552514173228346
0
LINE
8
BLACK
6
CONTINUOUS
10
2.8873855118110234
20
1.2552514173228346
11
2.8852226377952754
21
1.2561473228346456
0
LINE
8
BLACK
6
CONTINUOUS
10
2.8852226377952754
20
1.2561473228346456
11
2.8843134251968503
21
1.2568935039370079
0
LINE
8
BLACK
6
CONTINUOUS
10
2.8843134251968503
20
1.2568935039370079
11
2.8814562598425195
21
1.2597506692913385
0
LINE
8
BLACK
6
CONTINUOUS
10
2.8814562598425195
20
1.2597506692913385
11
2.881078622047244
21
1.2602107874015749
0
LINE
8
BLACK
6
CONTINUOUS
10
2.881078622047244
20
1.2602107874015749
11
2.8809589370078741
21
1.2603146062992125
0
LINE
8
BLACK
6
CONTINUOUS
10
2.8809589370078741
20
1.2603146062992125
11
2.8808452755905511
21
1.2604951181102362
0
LINE
8
BLACK
6
CONTINUOUS
10
2.8808452755905511
20
1.2604951181102362
11
2.8807100787401576
21
1.2606598818897639
0
LINE
8
BLACK
6
CONTINUOUS
10
2.8807100787401576
20
1.2606598818897639
11
2.8806494488188976
21
1.2608062204724408
0
LINE
8
BLACK
6
CONTINUOUS
10
2.8806494488188976
20
1.2608062204724408
11
2.8803323228346458
21
1.2613099999999999
0
LINE
8
BLACK
6
CONTINUOUS
10
2.8803323228346458
20
1.2613099999999999
11
2.8774751968503938
21
1.2670242913385827
0
LINE
8
BLACK
6
CONTINUOUS
10
2.8774751968503938
20
1.2670242913385827
11
2.8770548425196849
21
1.2681227952755905
0
LINE
8
BLACK
6
CONTINUOUS
10
2.8770548425196849
20
1.2681227952755905
11
2.877039527559055
21
1.2683378346456693
0
LINE
8
BLACK
6
CONTINUOUS
10
2.877039527559055
20
1.2683378346456693
11
2.8769570472440944
21
1.2685370078740157
0
LINE
8
BLACK
6
CONTINUOUS
10
2.8769570472440944
20
1.2685370078740157
11
2.876841771653543
21
1.2697075590551181
0
LINE
8
BLACK
6
CONTINUOUS
10
2.876841771653543
20
1.2697075590551181
11
2.876841771653543
21
1.2839933070866141
0
LINE
8
BLACK
6
CONTINUOUS
10
2.876841771653543
20
1.2839933070866141
11
2.8769570472440944
21
1.2851638582677165
0
LINE
8
BLACK
6
CONTINUOUS
10
2.8769570472440944
20
1.2851638582677165
11
2.877039527559055
21
1.2853630708661417
0
LINE
8
BLACK
6
CONTINUOUS
10
2.877039527559055
20
1.2853630708661417
11
2.8770548425196849
21
1.2855780708661417
0
LINE
8
BLACK
6
CONTINUOUS
10
2.8770548425196849
20
1.2855780708661417
11
2.8774751968503938
21
1.2866765748031497
0
LINE
8
BLACK
6
CONTINUOUS
10
2.8774751968503938
20
1.2866765748031497
11
2.8803323228346458
21
1.2923908661417323
0
LINE
8
BLACK
6
CONTINUOUS
10
2.8803323228346458
20
1.2923908661417323
11
2.8806494488188976
21
1.2928946850393701
0
LINE
8
BLACK
6
CONTINUOUS
10
2.8806494488188976
20
1.2928946850393701
11
2.8807100787401576
21
1.2930409842519686
0
LINE
8
BLACK
6
CONTINUOUS
10
2.8807100787401576
20
1.2930409842519686
11
2.8808452755905511
21
1.2932057874015748
0
LINE
8
BLACK
6
CONTINUOUS
10
2.8808452755905511
20
1.2932057874015748
11
2.8809589370078741
21
1.2933862598425196
0
LINE
8
BLACK
6
CONTINUOUS
10
2.8809589370078741
20
1.2933862598425196
11
2.881078622047244
21
1.2934901181102363
0
LINE
8
BLACK
6
CONTINUOUS
10
2.881078622047244
20
1.2934901181102363
11
2.8814562598425195
21
1.2939501968503937
0
LINE
8
BLACK
6
CONTINUOUS
10
2.8814562598425195
20
1.2939501968503937
11
2.8843134251968503
21
1.2968073622047245
0
LINE
8
BLACK
6
CONTINUOUS
10
2.8843134251968503
20
1.2968073622047245
11
2.8847733858267715
21
1.2971848818897638
0
LINE
8
BLACK
6
CONTINUOUS
10
2.8847733858267715
20
1.2971848818897638
11
2.8848773622047243
21
1.2973047244094489
0
LINE
8
BLACK
6
CONTINUOUS
10
2.8848773622047243
20
1.2973047244094489
11
2.8850579921259842
21
1.2974184645669291
0
LINE
8
BLACK
6
CONTINUOUS
10
2.8850579921259842
20
1.2974184645669291
11
2.8852226377952754
21
1.2975535433070866
0
LINE
8
BLACK
6
CONTINUOUS
10
2.8852226377952754
20
1.2975535433070866
11
2.8853688976377954
21
1.2976141732283464
0
LINE
8
BLACK
6
CONTINUOUS
10
2.8853688976377954
20
1.2976141732283464
11
2.8858727952755903
21
1.2979312992125984
0
LINE
8
BLACK
6
CONTINUOUS
10
2.8858727952755903
20
1.2979312992125984
11
2.8915870866141731
21
1.3007884251968505
0
LINE
8
BLACK
6
CONTINUOUS
10
2.8915870866141731
20
1.3007884251968505
11
2.8926856299212598
21
1.3012088188976378
0
LINE
8
BLACK
6
CONTINUOUS
10
2.8926856299212598
20
1.3012088188976378
11
2.8929006692913384
21
1.3012241338582677
0
LINE
8
BLACK
6
CONTINUOUS
10
2.8929006692913384
20
1.3012241338582677
11
2.8930998031496062
21
1.3013065748031496
0
LINE
8
BLACK
6
CONTINUOUS
10
2.8930998031496062
20
1.3013065748031496
11
2.8942703543307085
21
1.3014218503937007
0
LINE
8
BLACK
6
CONTINUOUS
10
2.8942703543307085
20
1.3014218503937007
11
2.8999846456692913
21
1.3014218503937007
0
LINE
8
BLACK
6
CONTINUOUS
10
2.8999846456692913
20
1.3014218503937007
11
2.9005768897637796
21
1.3013635433070865
0
LINE
8
BLACK
6
CONTINUOUS
10
2.4087156692913387
20
1.2888409055118111
11
2.4091154330708662
21
1.2888409055118111
0
LINE
8
BLACK
6
CONTINUOUS
10
2.4091154330708662
20
1.2888409055118111
11
2.410179842519685
21
1.2884
0
LINE
8
BLACK
6
CONTINUOUS
10
2.410179842519685
20
1.2884
11
2.4109944881889764
21
1.2875853543307085
0
LINE
8
BLACK
6
CONTINUOUS
10
2.4109944881889764
20
1.2875853543307085
11
2.4114353937007875
21
1.2865209448818897
0
LINE
8
BLACK
6
CONTINUOUS
10
2.4114353937007875
20
1.2865209448818897
11
2.4114921259842519
21
1.2859448818897639
0
LINE
8
BLACK
6
CONTINUOUS
10
2.4114921259842519
20
1.2859448818897639
11
2.4114921259842519
21
1.167755905511811
0
LINE
8
BLACK
6
CONTINUOUS
10
2.4114921259842519
20
1.167755905511811
11
2.4114353937007875
21
1.1671798425196851
0
LINE
8
BLACK
6
CONTINUOUS
10
2.4114353937007875
20
1.1671798425196851
11
2.4109944881889764
21
1.1661154330708661
0
LINE
8
BLACK
6
CONTINUOUS
10
2.4109944881889764
20
1.1661154330708661
11
2.410179842519685
21
1.1653007874015748
0
LINE
8
BLACK
6
CONTINUOUS
10
2.410179842519685
20
1.1653007874015748
11
2.4091154330708662
21
1.1648598818897637
0
LINE
8
BLACK
6
CONTINUOUS
10
2.4091154330708662
20
1.1648598818897637
11
2.4087156692913387
21
1.1648598818897637
0
LINE
8
BLACK
6
CONTINUOUS
10
2.4087156692913387
20
1.1648598818897637
11
2.4085393700787403
21
1.1648425196850394
0
LINE
8
BLACK
6
CONTINUOUS
10
2.4085393700787403
20
1.1648425196850394
11
2.3101181102362203
21
1.1648425196850394
0
LINE
8
BLACK
6
CONTINUOUS
10
2.3101181102362203
20
1.1648425196850394
11
2.3099418110236218
21
1.1648598818897637
0
LINE
8
BLACK
6
CONTINUOUS
10
2.3099418110236218
20
1.1648598818897637
11
2.3095420472440944
21
1.1648598818897637
0
LINE
8
BLACK
6
CONTINUOUS
10
2.3095420472440944
20
1.1648598818897637
11
2.3084776377952756
21
1.1653007874015748
0
LINE
8
BLACK
6
CONTINUOUS
10
2.3084776377952756
20
1.1653007874015748
11
2.3076629921259841
21
1.1661154330708661
0
LINE
8
BLACK
6
CONTINUOUS
10
2.3076629921259841
20
1.1661154330708661
11
2.3072220866141731
21
1.1671798425196851
0
LINE
8
BLACK
6
CONTINUOUS
10
2.3072220866141731
20
1.1671798425196851
11
2.3071653543307087
21
1.167755905511811
0
LINE
8
BLACK
6
CONTINUOUS
10
2.3071653543307087
20
1.167755905511811
11
2.3071653543307087
21
1.2859448818897639
0
LINE
8
BLACK
6
CONTINUOUS
10
2.3071653543307087
20
1.2859448818897639
11
2.3072220866141731
21
1.2865209448818897
0
LINE
8
BLACK
6
CONTINUOUS
10
2.3072220866141731
20
1.2865209448818897
11
2.3076629921259841
21
1.2875853543307085
0
LINE
8
BLACK
6
CONTINUOUS
10
2.3076629921259841
20
1.2875853543307085
11
2.3084776377952756
21
1.2884
0
LINE
8
BLACK
6
CONTINUOUS
10
2.3084776377952756
20
1.2884
11
2.3095420472440944
21
1.2888409055118111
0
LINE
8
BLACK
6
CONTINUOUS
10
2.3095420472440944
20
1.2888409055118111
11
2.3099418110236218
21
1.2888409055118111
0
LINE
8
BLACK
6
CONTINUOUS
10
2.3099418110236218
20
1.2888409055118111
11
2.3101181102362203
21
1.2888582677165354
0
LINE
8
BLACK
6
CONTINUOUS
10
2.3101181102362203
20
1.2888582677165354
11
2.4085393700787403
21
1.2888582677165354
0
LINE
8
BLACK
6
CONTINUOUS
10
2.4085393700787403
20
1.2888582677165354
11
2.4087156692913387
21
1.2888409055118111
0
LINE
8
BLACK
6
CONTINUOUS
10
2.3130708661417323
20
1.2829527559055118
11
2.3130708661417323
21
1.170748031496063
0
LINE
8
BLACK
6
CONTINUOUS
10
2.3130708661417323
20
1.170748031496063
11
2.4055866141732283
21
1.170748031496063
0
LINE
8
BLACK
6
CONTINUOUS
10
2.4055866141732283
20
1.170748031496063
11
2.4055866141732283
21
1.2829527559055118
0
LINE
8
BLACK
6
CONTINUOUS
10
2.4055866141732283
20
1.2829527559055118
11
2.3130708661417323
21
1.2829527559055118
0
LINE
8
BLACK
6
CONTINUOUS
10
2.9262911417322832
20
1.3810710629921259
11
2.9264493307086612
21
1.3810822834645669
0
LINE
8
BLACK
6
CONTINUOUS
10
2.9264493307086612
20
1.3810822834645669
11
2.926657283464567
21
1.381035
0
LINE
8
BLACK
6
CONTINUOUS
10
2.926657283464567
20
1.381035
11
2.9268694488188975
21
1.381014094488189
0
LINE
8
BLACK
6
CONTINUOUS
10
2.9268694488188975
20
1.381014094488189
11
2.9270158267716533
21
1.380953464566929
0
LINE
8
BLACK
6
CONTINUOUS
10
2.9270158267716533
20
1.380953464566929
11
2.9275962598425198
21
1.3808214566929133
0
LINE
8
BLACK
6
CONTINUOUS
10
2.9275962598425198
20
1.3808214566929133
11
2.936167716535433
21
1.3779643307086613
0
LINE
8
BLACK
6
CONTINUOUS
10
2.936167716535433
20
1.3779643307086613
11
2.9372417716535431
21
1.3774848425196851
0
LINE
8
BLACK
6
CONTINUOUS
10
2.9372417716535431
20
1.3774848425196851
11
2.93740468503937
21
1.3773435433070866
0
LINE
8
BLACK
6
CONTINUOUS
10
2.93740468503937
20
1.3773435433070866
11
2.9376037795275591
21
1.377261062992126
0
LINE
8
BLACK
6
CONTINUOUS
10
2.9376037795275591
20
1.377261062992126
11
2.9385129921259843
21
1.3765148818897637
0
LINE
8
BLACK
6
CONTINUOUS
10
2.9385129921259843
20
1.3765148818897637
11
2.9442272834645671
21
1.3708005905511811
0
LINE
8
BLACK
6
CONTINUOUS
10
2.9442272834645671
20
1.3708005905511811
11
2.944973464566929
21
1.369891377952756
0
LINE
8
BLACK
6
CONTINUOUS
10
2.944973464566929
20
1.369891377952756
11
2.9450559448818896
21
1.3696922440944881
0
LINE
8
BLACK
6
CONTINUOUS
10
2.9450559448818896
20
1.3696922440944881
11
2.945197244094488
21
1.3695293307086613
0
LINE
8
BLACK
6
CONTINUOUS
10
2.945197244094488
20
1.3695293307086613
11
2.9456767322834647
21
1.36845531496063
0
LINE
8
BLACK
6
CONTINUOUS
10
2.9456767322834647
20
1.36845531496063
11
2.9485338976377951
21
1.3598838976377952
0
LINE
8
BLACK
6
CONTINUOUS
10
2.9485338976377951
20
1.3598838976377952
11
2.9486658661417322
21
1.3593034251968503
0
LINE
8
BLACK
6
CONTINUOUS
10
2.9486658661417322
20
1.3593034251968503
11
2.9487264960629922
21
1.3591570866141731
0
LINE
8
BLACK
6
CONTINUOUS
10
2.9487264960629922
20
1.3591570866141731
11
2.9487473622047244
21
1.3589449606299213
0
LINE
8
BLACK
6
CONTINUOUS
10
2.9487473622047244
20
1.3589449606299213
11
2.94879468503937
21
1.3587369291338582
0
LINE
8
BLACK
6
CONTINUOUS
10
2.94879468503937
20
1.3587369291338582
11
2.9487834251968503
21
1.3585788188976378
0
LINE
8
BLACK
6
CONTINUOUS
10
2.9487834251968503
20
1.3585788188976378
11
2.9488417716535431
21
1.3579865354330709
0
LINE
8
BLACK
6
CONTINUOUS
10
2.9488417716535431
20
1.3579865354330709
11
2.9488417716535431
21
1.3522722440944881
0
LINE
8
BLACK
6
CONTINUOUS
10
2.9488417716535431
20
1.3522722440944881
11
2.9487264960629922
21
1.3511016929133859
0
LINE
8
BLACK
6
CONTINUOUS
10
2.9487264960629922
20
1.3511016929133859
11
2.947830590551181
21
1.3489388188976377
0
LINE
8
BLACK
6
CONTINUOUS
10
2.947830590551181
20
1.3489388188976377
11
2.9461751968503935
21
1.3472834251968504
0
LINE
8
BLACK
6
CONTINUOUS
10
2.9461751968503935
20
1.3472834251968504
11
2.9440123228346455
21
1.3463875196850394
0
LINE
8
BLACK
6
CONTINUOUS
10
2.9440123228346455
20
1.3463875196850394
11
2.9416712204724407
21
1.3463875196850394
0
LINE
8
BLACK
6
CONTINUOUS
10
2.9416712204724407
20
1.3463875196850394
11
2.9395083464566927
21
1.3472834251968504
0
LINE
8
BLACK
6
CONTINUOUS
10
2.9395083464566927
20
1.3472834251968504
11
2.9378529527559056
21
1.3489388188976377
0
LINE
8
BLACK
6
CONTINUOUS
10
2.9378529527559056
20
1.3489388188976377
11
2.9369570472440945
21
1.3511016929133859
0
LINE
8
BLACK
6
CONTINUOUS
10
2.9369570472440945
20
1.3511016929133859
11
2.9368417716535431
21
1.3522722440944881
0
LINE
8
BLACK
6
CONTINUOUS
10
2.9368417716535431
20
1.3522722440944881
11
2.9368417716535431
21
1.3570129527559054
0
LINE
8
BLACK
6
CONTINUOUS
10
2.9368417716535431
20
1.3570129527559054
11
2.934740433070866
21
1.3633168897637795
0
LINE
8
BLACK
6
CONTINUOUS
10
2.934740433070866
20
1.3633168897637795
11
2.9310292913385827
21
1.367028031496063
0
LINE
8
BLACK
6
CONTINUOUS
10
2.9310292913385827
20
1.367028031496063
11
2.9247252755905513
21
1.3691293700787401
0
LINE
8
BLACK
6
CONTINUOUS
10
2.9247252755905513
20
1.3691293700787401
11
2.8828417716535433
21
1.3691293700787401
0
LINE
8
BLACK
6
CONTINUOUS
10
2.8828417716535433
20
1.3691293700787401
11
2.8816712204724411
21
1.3692446456692913
0
LINE
8
BLACK
6
CONTINUOUS
10
2.8816712204724411
20
1.3692446456692913
11
2.8795083464566931
21
1.3701405511811022
0
LINE
8
BLACK
6
CONTINUOUS
10
2.8795083464566931
20
1.3701405511811022
11
2.8778529527559056
21
1.3717959448818897
0
LINE
8
BLACK
6
CONTINUOUS
10
2.8778529527559056
20
1.3717959448818897
11
2.8769570472440944
21
1.3739588188976377
0
LINE
8
BLACK
6
CONTINUOUS
10
2.8769570472440944
20
1.3739588188976377
11
2.8769570472440944
21
1.3762999212598426
0
LINE
8
BLACK
6
CONTINUOUS
10
2.8769570472440944
20
1.3762999212598426
11
2.8778529527559056
21
1.3784627952755906
0
LINE
8
BLACK
6
CONTINUOUS
10
2.8778529527559056
20
1.3784627952755906
11
2.8795083464566931
21
1.3801181889763778
0
LINE
8
BLACK
6
CONTINUOUS
10
2.8795083464566931
20
1.3801181889763778
11
2.8816712204724411
21
1.381014094488189
0
LINE
8
BLACK
6
CONTINUOUS
10
2.8816712204724411
20
1.381014094488189
11
2.8828417716535433
21
1.3811293700787401
0
LINE
8
BLACK
6
CONTINUOUS
10
2.8828417716535433
20
1.3811293700787401
11
2.9256988976377953
21
1.3811293700787401
0
LINE
8
BLACK
6
CONTINUOUS
10
2.9256988976377953
20
1.3811293700787401
11
2.9262911417322832
21
1.3810710629921259
0
LINE
8
BLACK
6
CONTINUOUS
10
2.9005768897637796
20
1.441071062992126
11
2.9007350787401576
21
1.4410822834645669
0
LINE
8
BLACK
6
CONTINUOUS
10
2.9007350787401576
20
1.4410822834645669
11
2.9009430314960629
21
1.4410350000000001
0
LINE
8
BLACK
6
CONTINUOUS
10
2.9009430314960629
20
1.4410350000000001
11
2.9011551968503935
21
1.4410140944881888
0
LINE
8
BLACK
6
CONTINUOUS
10
2.9011551968503935
20
1.4410140944881888
11
2.9013015748031497
21
1.4409534645669291
0
LINE
8
BLACK
6
CONTINUOUS
10
2.9013015748031497
20
1.4409534645669291
11
2.9018820078740157
21
1.4408214566929134
0
LINE
8
BLACK
6
CONTINUOUS
10
2.9018820078740157
20
1.4408214566929134
11
2.9104534251968501
21
1.4379643307086614
0
LINE
8
BLACK
6
CONTINUOUS
10
2.9104534251968501
20
1.4379643307086614
11
2.9115274803149607
21
1.4374848031496064
0
LINE
8
BLACK
6
CONTINUOUS
10
2.9115274803149607
20
1.4374848031496064
11
2.9116903149606297
21
1.4373435826771652
0
LINE
8
BLACK
6
CONTINUOUS
10
2.9116903149606297
20
1.4373435826771652
11
2.9118894881889763
21
1.4372610629921259
0
LINE
8
BLACK
6
CONTINUOUS
10
2.9118894881889763
20
1.4372610629921259
11
2.9127987007874014
21
1.4365148818897637
0
LINE
8
BLACK
6
CONTINUOUS
10
2.9127987007874014
20
1.4365148818897637
11
2.9368417716535431
21
1.4124718110236221
0
LINE
8
BLACK
6
CONTINUOUS
10
2.9368417716535431
20
1.4124718110236221
11
2.9368417716535431
21
1.4351293700787402
0
LINE
8
BLACK
6
CONTINUOUS
10
2.9368417716535431
20
1.4351293700787402
11
2.9369570472440945
21
1.4362999212598424
0
LINE
8
BLACK
6
CONTINUOUS
10
2.9369570472440945
20
1.4362999212598424
11
2.9378529527559056
21
1.4384627952755906
0
LINE
8
BLACK
6
CONTINUOUS
10
2.9378529527559056
20
1.4384627952755906
11
2.9395083464566927
21
1.4401181889763779
0
LINE
8
BLACK
6
CONTINUOUS
10
2.9395083464566927
20
1.4401181889763779
11
2.9416712204724407
21
1.4410140944881888
0
LINE
8
BLACK
6
CONTINUOUS
10
2.9416712204724407
20
1.4410140944881888
11
2.9440123228346455
21
1.4410140944881888
0
LINE
8
BLACK
6
CONTINUOUS
10
2.9440123228346455
20
1.4410140944881888
11
2.9461751968503935
21
1.4401181889763779
0
LINE
8
BLACK
6
CONTINUOUS
10
2.9461751968503935
20
1.4401181889763779
11
2.947830590551181
21
1.4384627952755906
0
LINE
8
BLACK
6
CONTINUOUS
10
2.947830590551181
20
1.4384627952755906
11
2.9487264960629922
21
1.4362999212598424
0
LINE
8
BLACK
6
CONTINUOUS
10
2.9487264960629922
20
1.4362999212598424
11
2.9488417716535431
21
1.4351293700787402
0
LINE
8
BLACK
6
CONTINUOUS
10
2.9488417716535431
20
1.4351293700787402
11
2.9488417716535431
21
1.3979865354330709
0
LINE
8
BLACK
6
CONTINUOUS
10
2.9488417716535431
20
1.3979865354330709
11
2.9487264960629922
21
1.3968159842519685
0
LINE
8
BLACK
6
CONTINUOUS
10
2.9487264960629922
20
1.3968159842519685
11
2.9478306299212598
21
1.3946531102362205
0
LINE
8
BLACK
6
CONTINUOUS
10
2.9478306299212598
20
1.3946531102362205
11
2.9461751968503935
21
1.3929976771653543
0
LINE
8
BLACK
6
CONTINUOUS
10
2.9461751968503935
20
1.3929976771653543
11
2.9440123228346455
21
1.3921018110236221
0
LINE
8
BLACK
6
CONTINUOUS
10
2.9440123228346455
20
1.3921018110236221
11
2.9416712204724407
21
1.3921018110236221
0
LINE
8
BLACK
6
CONTINUOUS
10
2.9416712204724407
20
1.3921018110236221
11
2.9395083464566927
21
1.3929976771653543
0
LINE
8
BLACK
6
CONTINUOUS
10
2.9395083464566927
20
1.3929976771653543
11
2.9385991338582675
21
1.3937438976377952
0
LINE
8
BLACK
6
CONTINUOUS
10
2.9385991338582675
20
1.3937438976377952
11
2.9053149999999999
21
1.4270280314960631
0
LINE
8
BLACK
6
CONTINUOUS
10
2.9053149999999999
20
1.4270280314960631
11
2.8990110236220472
21
1.4291293700787402
0
LINE
8
BLACK
6
CONTINUOUS
10
2.8990110236220472
20
1.4291293700787402
11
2.8956867716535433
21
1.4291293700787402
0
LINE
8
BLACK
6
CONTINUOUS
10
2.8956867716535433
20
1.4291293700787402
11
2.8921101574803147
21
1.4273411023622047
0
LINE
8
BLACK
6
CONTINUOUS
10
2.8921101574803147
20
1.4273411023622047
11
2.8906300393700786
21
1.4258609448818897
0
LINE
8
BLACK
6
CONTINUOUS
10
2.8906300393700786
20
1.4258609448818897
11
2.8888417716535431
21
1.422284409448819
0
LINE
8
BLACK
6
CONTINUOUS
10
2.8888417716535431
20
1.422284409448819
11
2.8888417716535431
21
1.4108314960629922
0
LINE
8
BLACK
6
CONTINUOUS
10
2.8888417716535431
20
1.4108314960629922
11
2.8906300393700786
21
1.4072549606299212
0
LINE
8
BLACK
6
CONTINUOUS
10
2.8906300393700786
20
1.4072549606299212
11
2.8927987007874014
21
1.4050862992125983
0
LINE
8
BLACK
6
CONTINUOUS
10
2.8927987007874014
20
1.4050862992125983
11
2.8935448818897638
21
1.4041770866141732
0
LINE
8
BLACK
6
CONTINUOUS
10
2.8935448818897638
20
1.4041770866141732
11
2.894440787401575
21
1.4020142125984252
0
LINE
8
BLACK
6
CONTINUOUS
10
2.894440787401575
20
1.4020142125984252
11
2.894440787401575
21
1.3996731102362205
0
LINE
8
BLACK
6
CONTINUOUS
10
2.894440787401575
20
1.3996731102362205
11
2.8935448818897638
21
1.3975102362204723
0
LINE
8
BLACK
6
CONTINUOUS
10
2.8935448818897638
20
1.3975102362204723
11
2.8918894881889763
21
1.3958548425196851
0
LINE
8
BLACK
6
CONTINUOUS
10
2.8918894881889763
20
1.3958548425196851
11
2.8897266141732283
21
1.3949589370078739
0
LINE
8
BLACK
6
CONTINUOUS
10
2.8897266141732283
20
1.3949589370078739
11
2.8873855118110234
21
1.3949589370078739
0
LINE
8
BLACK
6
CONTINUOUS
10
2.8873855118110234
20
1.3949589370078739
11
2.8852226377952754
21
1.3958548425196851
0
LINE
8
BLACK
6
CONTINUOUS
10
2.8852226377952754
20
1.3958548425196851
11
2.8843134251968503
21
1.3966010236220472
0
LINE
8
BLACK
6
CONTINUOUS
10
2.8843134251968503
20
1.3966010236220472
11
2.8814562598425195
21
1.399458188976378
0
LINE
8
BLACK
6
CONTINUOUS
10
2.8814562598425195
20
1.399458188976378
11
2.881078622047244
21
1.3999183070866141
0
LINE
8
BLACK
6
CONTINUOUS
10
2.881078622047244
20
1.3999183070866141
11
2.8809589370078741
21
1.400022125984252
0
LINE
8
BLACK
6
CONTINUOUS
10
2.8809589370078741
20
1.400022125984252
11
2.8808452755905511
21
1.4002026377952757
0
LINE
8
BLACK
6
CONTINUOUS
10
2.8808452755905511
20
1.4002026377952757
11
2.8807100787401576
21
1.4003674015748031
0
LINE
8
BLACK
6
CONTINUOUS
10
2.8807100787401576
20
1.4003674015748031
11
2.8806494488188976
21
1.4005137401574803
0
LINE
8
BLACK
6
CONTINUOUS
10
2.8806494488188976
20
1.4005137401574803
11
2.8803323228346458
21
1.4010175196850394
0
LINE
8
BLACK
6
CONTINUOUS
10
2.8803323228346458
20
1.4010175196850394
11
2.8774751968503938
21
1.406731811023622
0
LINE
8
BLACK
6
CONTINUOUS
10
2.8774751968503938
20
1.406731811023622
11
2.8770548425196849
21
1.4078303149606299
0
LINE
8
BLACK
6
CONTINUOUS
10
2.8770548425196849
20
1.4078303149606299
11
2.877039527559055
21
1.4080453543307085
0
LINE
8
BLACK
6
CONTINUOUS
10
2.877039527559055
20
1.4080453543307085
11
2.8769570472440944
21
1.4082445275590552
0
LINE
8
BLACK
6
CONTINUOUS
10
2.8769570472440944
20
1.4082445275590552
11
2.876841771653543
21
1.4094150787401574
0
LINE
8
BLACK
6
CONTINUOUS
10
2.876841771653543
20
1.4094150787401574
11
2.876841771653543
21
1.4237008267716535
0
LINE
8
BLACK
6
CONTINUOUS
10
2.876841771653543
20
1.4237008267716535
11
2.8769570472440944
21
1.424871377952756
0
LINE
8
BLACK
6
CONTINUOUS
10
2.8769570472440944
20
1.424871377952756
11
2.877039527559055
21
1.4250705905511811
0
LINE
8
BLACK
6
CONTINUOUS
10
2.877039527559055
20
1.4250705905511811
11
2.8770548425196849
21
1.425285590551181
0
LINE
8
BLACK
6
CONTINUOUS
10
2.8770548425196849
20
1.425285590551181
11
2.8774751968503938
21
1.4263840944881889
0
LINE
8
BLACK
6
CONTINUOUS
10
2.8774751968503938
20
1.4263840944881889
11
2.8803323228346458
21
1.4320983858267715
0
LINE
8
BLACK
6
CONTINUOUS
10
2.8803323228346458
20
1.4320983858267715
11
2.8806494488188976
21
1.4326022047244094
0
LINE
8
BLACK
6
CONTINUOUS
10
2.8806494488188976
20
1.4326022047244094
11
2.8807100787401576
21
1.4327485039370078
0
LINE
8
BLACK
6
CONTINUOUS
10
2.8807100787401576
20
1.4327485039370078
11
2.8808452755905511
21
1.4329133070866142
0
LINE
8
BLACK
6
CONTINUOUS
10
2.8808452755905511
20
1.4329133070866142
11
2.8809589370078741
21
1.4330937795275591
0
LINE
8
BLACK
6
CONTINUOUS
10
2.8809589370078741
20
1.4330937795275591
11
2.881078622047244
21
1.4331976377952755
0
LINE
8
BLACK
6
CONTINUOUS
10
2.881078622047244
20
1.4331976377952755
11
2.8814562598425195
21
1.4336577165354329
0
LINE
8
BLACK
6
CONTINUOUS
10
2.8814562598425195
20
1.4336577165354329
11
2.8843134251968503
21
1.4365148818897637
0
LINE
8
BLACK
6
CONTINUOUS
10
2.8843134251968503
20
1.4365148818897637
11
2.8847733858267715
21
1.436892401574803
0
LINE
8
BLACK
6
CONTINUOUS
10
2.8847733858267715
20
1.436892401574803
11
2.8848773622047243
21
1.4370122440944881
0
LINE
8
BLACK
6
CONTINUOUS
10
2.8848773622047243
20
1.4370122440944881
11
2.8850579921259842
21
1.4371259842519686
0
LINE
8
BLACK
6
CONTINUOUS
10
2.8850579921259842
20
1.4371259842519686
11
2.8852226377952754
21
1.4372610629921259
0
LINE
8
BLACK
6
CONTINUOUS
10
2.8852226377952754
20
1.4372610629921259
11
2.8853688976377954
21
1.4373216929133859
0
LINE
8
BLACK
6
CONTINUOUS
10
2.8853688976377954
20
1.4373216929133859
11
2.8858727952755903
21
1.4376388188976377
0
LINE
8
BLACK
6
CONTINUOUS
10
2.8858727952755903
20
1.4376388188976377
11
2.8915870866141731
21
1.4404959448818897
0
LINE
8
BLACK
6
CONTINUOUS
10
2.8915870866141731
20
1.4404959448818897
11
2.8926856299212598
21
1.4409163385826771
0
LINE
8
BLACK
6
CONTINUOUS
10
2.8926856299212598
20
1.4409163385826771
11
2.8929006692913384
21
1.440931653543307
0
LINE
8
BLACK
6
CONTINUOUS
10
2.8929006692913384
20
1.440931653543307
11
2.8930998031496062
21
1.4410140944881888
0
LINE
8
BLACK
6
CONTINUOUS
10
2.8930998031496062
20
1.4410140944881888
11
2.8942703543307085
21
1.4411293700787402
0
LINE
8
BLACK
6
CONTINUOUS
10
2.8942703543307085
20
1.4411293700787402
11
2.8999846456692913
21
1.4411293700787402
0
LINE
8
BLACK
6
CONTINUOUS
10
2.8999846456692913
20
1.4411293700787402
11
2.9005768897637796
21
1.441071062992126
0
LINE
8
BLACK
6
CONTINUOUS
10
2.920188779527559
20
1.4982521653543306
11
2.9202762992125986
21
1.498265157480315
0
LINE
8
BLACK
6
CONTINUOUS
10
2.9202762992125986
20
1.498265157480315
11
2.9207143700787399
21
1.4982003937007873
0
LINE
8
BLACK
6
CONTINUOUS
10
2.9207143700787399
20
1.4982003937007873
11
2.9211551968503935
21
1.4981569685039369
0
LINE
8
BLACK
6
CONTINUOUS
10
2.9211551968503935
20
1.4981569685039369
11
2.9212368897637795
21
1.4981231496062992
0
LINE
8
BLACK
6
CONTINUOUS
10
2.9212368897637795
20
1.4981231496062992
11
2.921439842519685
21
1.4980931102362205
0
LINE
8
BLACK
6
CONTINUOUS
10
2.921439842519685
20
1.4980931102362205
11
2.9328683858267715
21
1.4952359842519685
0
LINE
8
BLACK
6
CONTINUOUS
10
2.9328683858267715
20
1.4952359842519685
11
2.9329547637795277
21
1.4952051181102362
0
LINE
8
BLACK
6
CONTINUOUS
10
2.9329547637795277
20
1.4952051181102362
11
2.9329979527559056
21
1.4952020472440946
0
LINE
8
BLACK
6
CONTINUOUS
10
2.9329979527559056
20
1.4952020472440946
11
2.9334849212598426
21
1.4950157086614173
0
LINE
8
BLACK
6
CONTINUOUS
10
2.9334849212598426
20
1.4950157086614173
11
2.9339760629921261
21
1.4948402362204725
0
LINE
8
BLACK
6
CONTINUOUS
10
2.9339760629921261
20
1.4948402362204725
11
2.9340108267716536
21
1.4948144881889764
0
LINE
8
BLACK
6
CONTINUOUS
10
2.9340108267716536
20
1.4948144881889764
11
2.9340964960629923
21
1.4947816929133857
0
LINE
8
BLACK
6
CONTINUOUS
10
2.9340964960629923
20
1.4947816929133857
11
2.9398107874015746
21
1.4919245275590551
0
LINE
8
BLACK
6
CONTINUOUS
10
2.9398107874015746
20
1.4919245275590551
11
2.9403144488188975
21
1.4916074803149606
0
LINE
8
BLACK
6
CONTINUOUS
10
2.9403144488188975
20
1.4916074803149606
11
2.9404608661417324
21
1.4915468110236221
0
LINE
8
BLACK
6
CONTINUOUS
10
2.9404608661417324
20
1.4915468110236221
11
2.9406257086614174
21
1.4914115354330708
0
LINE
8
BLACK
6
CONTINUOUS
10
2.9406257086614174
20
1.4914115354330708
11
2.9408061811023622
21
1.4912979133858268
0
LINE
8
BLACK
6
CONTINUOUS
10
2.9408061811023622
20
1.4912979133858268
11
2.9409099606299214
21
1.4911782283464567
0
LINE
8
BLACK
6
CONTINUOUS
10
2.9409099606299214
20
1.4911782283464567
11
2.9413700787401575
21
1.4908006299212597
0
LINE
8
BLACK
6
CONTINUOUS
10
2.9413700787401575
20
1.4908006299212597
11
2.9442272834645671
21
1.4879435039370079
0
LINE
8
BLACK
6
CONTINUOUS
10
2.9442272834645671
20
1.4879435039370079
11
2.9446048818897639
21
1.4874833858267715
0
LINE
8
BLACK
6
CONTINUOUS
10
2.9446048818897639
20
1.4874833858267715
11
2.9447246456692913
21
1.4873795275590551
0
LINE
8
BLACK
6
CONTINUOUS
10
2.9447246456692913
20
1.4873795275590551
11
2.9448382283464567
21
1.487199094488189
0
LINE
8
BLACK
6
CONTINUOUS
10
2.9448382283464567
20
1.487199094488189
11
2.944973464566929
21
1.4870342913385826
0
LINE
8
BLACK
6
CONTINUOUS
10
2.944973464566929
20
1.4870342913385826
11
2.945034094488189
21
1.4868879133858268
0
LINE
8
BLACK
6
CONTINUOUS
10
2.945034094488189
20
1.4868879133858268
11
2.9453512204724408
21
1.486384094488189
0
LINE
8
BLACK
6
CONTINUOUS
10
2.9453512204724408
20
1.486384094488189
11
2.9482083464566928
21
1.4806698031496062
0
LINE
8
BLACK
6
CONTINUOUS
10
2.9482083464566928
20
1.4806698031496062
11
2.9486287401574804
21
1.4795712598425197
0
LINE
8
BLACK
6
CONTINUOUS
10
2.9486287401574804
20
1.4795712598425197
11
2.9486440157480316
21
1.4793562204724409
0
LINE
8
BLACK
6
CONTINUOUS
10
2.9486440157480316
20
1.4793562204724409
11
2.9487264960629922
21
1.4791570866141732
0
LINE
8
BLACK
6
CONTINUOUS
10
2.9487264960629922
20
1.4791570866141732
11
2.9488417716535431
21
1.4779865354330708
0
LINE
8
BLACK
6
CONTINUOUS
10
2.9488417716535431
20
1.4779865354330708
11
2.9488417716535431
21
1.4722722440944882
0
LINE
8
BLACK
6
CONTINUOUS
10
2.9488417716535431
20
1.4722722440944882
11
2.9487264960629922
21
1.4711016929133858
0
LINE
8
BLACK
6
CONTINUOUS
10
2.9487264960629922
20
1.4711016929133858
11
2.9486440157480316
21
1.4709025984251969
0
LINE
8
BLACK
6
CONTINUOUS
10
2.9486440157480316
20
1.4709025984251969
11
2.9486287401574804
21
1.4706875196850393
0
LINE
8
BLACK
6
CONTINUOUS
10
2.9486287401574804
20
1.4706875196850393
11
2.9482083464566928
21
1.4695889763779528
0
LINE
8
BLACK
6
CONTINUOUS
10
2.9482083464566928
20
1.4695889763779528
11
2.9453512204724408
21
1.46387468503937
0
LINE
8
BLACK
6
CONTINUOUS
10
2.9453512204724408
20
1.46387468503937
11
2.945034094488189
21
1.4633709055118109
0
LINE
8
BLACK
6
CONTINUOUS
10
2.945034094488189
20
1.4633709055118109
11
2.944973464566929
21
1.4632244881889764
0
LINE
8
BLACK
6
CONTINUOUS
10
2.944973464566929
20
1.4632244881889764
11
2.9448382283464567
21
1.4630597244094488
0
LINE
8
BLACK
6
CONTINUOUS
10
2.9448382283464567
20
1.4630597244094488
11
2.9447246456692913
21
1.4628792519685039
0
LINE
8
BLACK
6
CONTINUOUS
10
2.9447246456692913
20
1.4628792519685039
11
2.9446048818897639
21
1.4627754330708662
0
LINE
8
BLACK
6
CONTINUOUS
10
2.9446048818897639
20
1.4627754330708662
11
2.9442272834645671
21
1.4623152755905511
0
LINE
8
BLACK
6
CONTINUOUS
10
2.9442272834645671
20
1.4623152755905511
11
2.9413700787401575
21
1.4594581496062993
0
LINE
8
BLACK
6
CONTINUOUS
10
2.9413700787401575
20
1.4594581496062993
11
2.9409099606299214
21
1.459080590551181
0
LINE
8
BLACK
6
CONTINUOUS
10
2.9409099606299214
20
1.459080590551181
11
2.9408061811023622
21
1.4589608661417321
0
LINE
8
BLACK
6
CONTINUOUS
10
2.9408061811023622
20
1.4589608661417321
11
2.9406257480314961
21
1.4588473228346457
0
LINE
8
BLACK
6
CONTINUOUS
10
2.9406257480314961
20
1.4588473228346457
11
2.9404608661417324
21
1.4587119685039369
0
LINE
8
BLACK
6
CONTINUOUS
10
2.9404608661417324
20
1.4587119685039369
11
2.9403144094488187
21
1.4586513385826771
0
LINE
8
BLACK
6
CONTINUOUS
10
2.9403144094488187
20
1.4586513385826771
11
2.9398107480314959
21
1.4583342519685039
0
LINE
8
BLACK
6
CONTINUOUS
10
2.9398107480314959
20
1.4583342519685039
11
2.9340964566929135
21
1.4554771259842518
0
LINE
8
BLACK
6
CONTINUOUS
10
2.9340964566929135
20
1.4554771259842518
11
2.9340108661417323
21
1.4554444094488188
0
LINE
8
BLACK
6
CONTINUOUS
10
2.9340108661417323
20
1.4554444094488188
11
2.9339760629921261
21
1.4554185826771653
0
LINE
8
BLACK
6
CONTINUOUS
10
2.9339760629921261
20
1.4554185826771653
11
2.9334840551181101
21
1.4552428346456692
0
LINE
8
BLACK
6
CONTINUOUS
10
2.9334840551181101
20
1.4552428346456692
11
2.9329979133858268
21
1.4550567716535432
0
LINE
8
BLACK
6
CONTINUOUS
10
2.9329979133858268
20
1.4550567716535432
11
2.9329548425196852
21
1.4550537401574803
0
LINE
8
BLACK
6
CONTINUOUS
10
2.9329548425196852
20
1.4550537401574803
11
2.9328684251968502
21
1.4550228346456693
0
LINE
8
BLACK
6
CONTINUOUS
10
2.9328684251968502
20
1.4550228346456693
11
2.9214398818897638
21
1.4521656692913385
0
LINE
8
BLACK
6
CONTINUOUS
10
2.9214398818897638
20
1.4521656692913385
11
2.9212368897637795
21
1.4521356692913385
0
LINE
8
BLACK
6
CONTINUOUS
10
2.9212368897637795
20
1.4521356692913385
11
2.9211551968503935
21
1.4521018110236221
0
LINE
8
BLACK
6
CONTINUOUS
10
2.9211551968503935
20
1.4521018110236221
11
2.9207144094488187
21
1.4520584251968505
0
LINE
8
BLACK
6
CONTINUOUS
10
2.9207144094488187
20
1.4520584251968505
11
2.9202762992125986
21
1.451993622047244
0
LINE
8
BLACK
6
CONTINUOUS
10
2.9202762992125986
20
1.451993622047244
11
2.920188779527559
21
1.4520066535433072
0
LINE
8
BLACK
6
CONTINUOUS
10
2.920188779527559
20
1.4520066535433072
11
2.9199846456692913
21
1.4519865354330708
0
LINE
8
BLACK
6
CONTINUOUS
10
2.9199846456692913
20
1.4519865354330708
11
2.9056988976377953
21
1.4519865354330708
0
LINE
8
BLACK
6
CONTINUOUS
10
2.9056988976377953
20
1.4519865354330708
11
2.9054947244094489
21
1.4520066535433072
0
LINE
8
BLACK
6
CONTINUOUS
10
2.9054947244094489
20
1.4520066535433072
11
2.905407244094488
21
1.451993622047244
0
LINE
8
BLACK
6
CONTINUOUS
10
2.905407244094488
20
1.451993622047244
11
2.9049690944881887
21
1.4520584251968505
0
LINE
8
BLACK
6
CONTINUOUS
10
2.9049690944881887
20
1.4520584251968505
11
2.9045283464566927
21
1.4521018110236221
0
LINE
8
BLACK
6
CONTINUOUS
10
2.9045283464566927
20
1.4521018110236221
11
2.9044466141732284
21
1.4521356692913385
0
LINE
8
BLACK
6
CONTINUOUS
10
2.9044466141732284
20
1.4521356692913385
11
2.9042436614173228
21
1.4521656692913385
0
LINE
8
BLACK
6
CONTINUOUS
10
2.9042436614173228
20
1.4521656692913385
11
2.892815118110236
21
1.4550228346456693
0
LINE
8
BLACK
6
CONTINUOUS
10
2.892815118110236
20
1.4550228346456693
11
2.8927288188976377
21
1.4550537007874016
0
LINE
8
BLACK
6
CONTINUOUS
10
2.8927288188976377
20
1.4550537007874016
11
2.8926856299212598
21
1.4550567322834644
0
LINE
8
BLACK
6
CONTINUOUS
10
2.8926856299212598
20
1.4550567322834644
11
2.8921985826771652
21
1.4552431496062992
0
LINE
8
BLACK
6
CONTINUOUS
10
2.8921985826771652
20
1.4552431496062992
11
2.8917074803149605
21
1.4554185826771653
0
LINE
8
BLACK
6
CONTINUOUS
10
2.8917074803149605
20
1.4554185826771653
11
2.8916726377952755
21
1.4554444094488188
0
LINE
8
BLACK
6
CONTINUOUS
10
2.8916726377952755
20
1.4554444094488188
11
2.8915870866141731
21
1.4554771259842518
0
LINE
8
BLACK
6
CONTINUOUS
10
2.8915870866141731
20
1.4554771259842518
11
2.8858727952755903
21
1.4583342519685039
0
LINE
8
BLACK
6
CONTINUOUS
10
2.8858727952755903
20
1.4583342519685039
11
2.8853689763779529
21
1.4586513779527559
0
LINE
8
BLACK
6
CONTINUOUS
10
2.8853689763779529
20
1.4586513779527559
11
2.8852226771653542
21
1.4587119685039369
0
LINE
8
BLACK
6
CONTINUOUS
10
2.8852226771653542
20
1.4587119685039369
11
2.8850579527559055
21
1.4588471653543307
0
LINE
8
BLACK
6
CONTINUOUS
10
2.8850579527559055
20
1.4588471653543307
11
2.8848773622047243
21
1.4589608267716536
0
LINE
8
BLACK
6
CONTINUOUS
10
2.8848773622047243
20
1.4589608267716536
11
2.8847734251968502
21
1.4590806692913385
0
LINE
8
BLACK
6
CONTINUOUS
10
2.8847734251968502
20
1.4590806692913385
11
2.8843134645669291
21
1.4594581496062993
0
LINE
8
BLACK
6
CONTINUOUS
10
2.8843134645669291
20
1.4594581496062993
11
2.8814562992125983
21
1.4623152755905511
0
LINE
8
BLACK
6
CONTINUOUS
10
2.8814562992125983
20
1.4623152755905511
11
2.8810785826771652
21
1.4627754724409447
0
LINE
8
BLACK
6
CONTINUOUS
10
2.8810785826771652
20
1.4627754724409447
11
2.8809589370078741
21
1.4628792519685039
0
LINE
8
BLACK
6
CONTINUOUS
10
2.8809589370078741
20
1.4628792519685039
11
2.8808453937007874
21
1.4630596062992125
0
LINE
8
BLACK
6
CONTINUOUS
10
2.8808453937007874
20
1.4630596062992125
11
2.8807100787401576
21
1.4632244881889764
0
LINE
8
BLACK
6
CONTINUOUS
10
2.8807100787401576
20
1.4632244881889764
11
2.8806493700787401
21
1.4633709842519684
0
LINE
8
BLACK
6
CONTINUOUS
10
2.8806493700787401
20
1.4633709842519684
11
2.8803323228346458
21
1.46387468503937
0
LINE
8
BLACK
6
CONTINUOUS
10
2.8803323228346458
20
1.46387468503937
11
2.8774751968503938
21
1.4695889763779528
0
LINE
8
BLACK
6
CONTINUOUS
10
2.8774751968503938
20
1.4695889763779528
11
2.8770548425196849
21
1.4706875196850393
0
LINE
8
BLACK
6
CONTINUOUS
10
2.8770548425196849
20
1.4706875196850393
11
2.8770395669291338
21
1.4709024803149606
0
LINE
8
BLACK
6
CONTINUOUS
10
2.8770395669291338
20
1.4709024803149606
11
2.8769570472440944
21
1.4711016929133858
0
LINE
8
BLACK
6
CONTINUOUS
10
2.8769570472440944
20
1.4711016929133858
11
2.876841771653543
21
1.4722722440944882
0
LINE
8
BLACK
6
CONTINUOUS
10
2.876841771653543
20
1.4722722440944882
11
2.876841771653543
21
1.4779865354330708
0
LINE
8
BLACK
6
CONTINUOUS
10
2.876841771653543
20
1.4779865354330708
11
2.8769570472440944
21
1.4791570866141732
0
LINE
8
BLACK
6
CONTINUOUS
10
2.8769570472440944
20
1.4791570866141732
11
2.8770395669291338
21
1.4793563385826771
0
LINE
8
BLACK
6
CONTINUOUS
10
2.8770395669291338
20
1.4793563385826771
11
2.8770548425196849
21
1.4795712598425197
0
LINE
8
BLACK
6
CONTINUOUS
10
2.8770548425196849
20
1.4795712598425197
11
2.8774751968503938
21
1.4806698031496062
0
LINE
8
BLACK
6
CONTINUOUS
10
2.8774751968503938
20
1.4806698031496062
11
2.8803323228346458
21
1.486384094488189
0
LINE
8
BLACK
6
CONTINUOUS
10
2.8803323228346458
20
1.486384094488189
11
2.8806493700787401
21
1.4868878346456693
0
LINE
8
BLACK
6
CONTINUOUS
10
2.8806493700787401
20
1.4868878346456693
11
2.8807100787401576
21
1.4870342913385826
0
LINE
8
BLACK
6
CONTINUOUS
10
2.8807100787401576
20
1.4870342913385826
11
2.8808453937007874
21
1.4871992125984252
0
LINE
8
BLACK
6
CONTINUOUS
10
2.8808453937007874
20
1.4871992125984252
11
2.8809589370078741
21
1.4873795275590551
0
LINE
8
BLACK
6
CONTINUOUS
10
2.8809589370078741
20
1.4873795275590551
11
2.8810785826771652
21
1.4874833464566928
0
LINE
8
BLACK
6
CONTINUOUS
10
2.8810785826771652
20
1.4874833464566928
11
2.8814562992125983
21
1.4879435039370079
0
LINE
8
BLACK
6
CONTINUOUS
10
2.8814562992125983
20
1.4879435039370079
11
2.8843134645669291
21
1.4908006299212597
0
LINE
8
BLACK
6
CONTINUOUS
10
2.8843134645669291
20
1.4908006299212597
11
2.8847735433070865
21
1.4911782283464567
0
LINE
8
BLACK
6
CONTINUOUS
10
2.8847735433070865
20
1.4911782283464567
11
2.8848773622047243
21
1.4912979133858268
0
LINE
8
BLACK
6
CONTINUOUS
10
2.8848773622047243
20
1.4912979133858268
11
2.8850577952755905
21
1.4914115354330708
0
LINE
8
BLACK
6
CONTINUOUS
10
2.8850577952755905
20
1.4914115354330708
11
2.8852226771653542
21
1.4915468110236221
0
LINE
8
BLACK
6
CONTINUOUS
10
2.8852226771653542
20
1.4915468110236221
11
2.8853690157480316
21
1.4916074409448818
0
LINE
8
BLACK
6
CONTINUOUS
10
2.8853690157480316
20
1.4916074409448818
11
2.885872755905512
21
1.4919245275590551
0
LINE
8
BLACK
6
CONTINUOUS
10
2.885872755905512
20
1.4919245275590551
11
2.8915870472440943
21
1.4947816929133857
0
LINE
8
BLACK
6
CONTINUOUS
10
2.8915870472440943
20
1.4947816929133857
11
2.8916727559055118
21
1.4948145275590552
0
LINE
8
BLACK
6
CONTINUOUS
10
2.8916727559055118
20
1.4948145275590552
11
2.8917075196850393
21
1.4948402362204725
0
LINE
8
BLACK
6
CONTINUOUS
10
2.8917075196850393
20
1.4948402362204725
11
2.892198307086614
21
1.4950155905511811
0
LINE
8
BLACK
6
CONTINUOUS
10
2.892198307086614
20
1.4950155905511811
11
2.892685590551181
21
1.4952020472440946
0
LINE
8
BLACK
6
CONTINUOUS
10
2.892685590551181
20
1.4952020472440946
11
2.8927287401574802
21
1.4952051181102362
0
LINE
8
BLACK
6
CONTINUOUS
10
2.8927287401574802
20
1.4952051181102362
11
2.8928151574803147
21
1.4952359842519685
0
LINE
8
BLACK
6
CONTINUOUS
10
2.8928151574803147
20
1.4952359842519685
11
2.9042437007874016
21
1.4980931102362205
0
LINE
8
BLACK
6
CONTINUOUS
10
2.9042437007874016
20
1.4980931102362205
11
2.9044466141732284
21
1.4981231496062992
0
LINE
8
BLACK
6
CONTINUOUS
10
2.9044466141732284
20
1.4981231496062992
11
2.9045283464566927
21
1.4981569685039369
0
LINE
8
BLACK
6
CONTINUOUS
10
2.9045283464566927
20
1.4981569685039369
11
2.9049691338582675
21
1.4982003937007873
0
LINE
8
BLACK
6
CONTINUOUS
10
2.9049691338582675
20
1.4982003937007873
11
2.905407244094488
21
1.498265157480315
0
LINE
8
BLACK
6
CONTINUOUS
10
2.905407244094488
20
1.498265157480315
11
2.9054947244094489
21
1.4982521653543306
0
LINE
8
BLACK
6
CONTINUOUS
10
2.9054947244094489
20
1.4982521653543306
11
2.9056988976377953
21
1.4982722440944882
0
LINE
8
BLACK
6
CONTINUOUS
10
2.9056988976377953
20
1.4982722440944882
11
2.9199846456692913
21
1.4982722440944882
0
LINE
8
BLACK
6
CONTINUOUS
10
2.9199846456692913
20
1.4982722440944882
11
2.920188779527559
21
1.4982521653543306
0
LINE
8
BLACK
6
CONTINUOUS
10
2.8963646062992123
20
1.4837540551181101
11
2.8921101968503935
21
1.4816268110236219
0
LINE
8
BLACK
6
CONTINUOUS
10
2.8921101968503935
20
1.4816268110236219
11
2.8906299999999998
21
1.4801466929133857
0
LINE
8
BLACK
6
CONTINUOUS
10
2.8906299999999998
20
1.4801466929133857
11
2.8888417716535431
21
1.4765701574803149
0
LINE
8
BLACK
6
CONTINUOUS
10
2.8888417716535431
20
1.4765701574803149
11
2.8888417716535431
21
1.4736886614173228
0
LINE
8
BLACK
6
CONTINUOUS
10
2.8888417716535431
20
1.4736886614173228
11
2.8906299999999998
21
1.470112125984252
0
LINE
8
BLACK
6
CONTINUOUS
10
2.8906299999999998
20
1.470112125984252
11
2.8921101968503935
21
1.4686319685039371
0
LINE
8
BLACK
6
CONTINUOUS
10
2.8921101968503935
20
1.4686319685039371
11
2.8963644488188978
21
1.4665048425196849
0
LINE
8
BLACK
6
CONTINUOUS
10
2.8963644488188978
20
1.4665048425196849
11
2.9064375984251969
21
1.4639865354330708
0
LINE
8
BLACK
6
CONTINUOUS
10
2.9064375984251969
20
1.4639865354330708
11
2.9192459448818897
21
1.4639865354330708
0
LINE
8
BLACK
6
CONTINUOUS
10
2.9192459448818897
20
1.4639865354330708
11
2.9293190551181101
21
1.4665048425196849
0
LINE
8
BLACK
6
CONTINUOUS
10
2.9293190551181101
20
1.4665048425196849
11
2.9335733464566927
21
1.4686320078740158
0
LINE
8
BLACK
6
CONTINUOUS
10
2.9335733464566927
20
1.4686320078740158
11
2.9350535039370076
21
1.470112125984252
0
LINE
8
BLACK
6
CONTINUOUS
10
2.9350535039370076
20
1.470112125984252
11
2.9368417716535431
21
1.4736886614173228
0
LINE
8
BLACK
6
CONTINUOUS
10
2.9368417716535431
20
1.4736886614173228
11
2.9368417716535431
21
1.4765701574803149
0
LINE
8
BLACK
6
CONTINUOUS
10
2.9368417716535431
20
1.4765701574803149
11
2.9350535039370076
21
1.4801466929133857
0
LINE
8
BLACK
6
CONTINUOUS
10
2.9350535039370076
20
1.4801466929133857
11
2.9335733858267714
21
1.4816267716535432
0
LINE
8
BLACK
6
CONTINUOUS
10
2.9335733858267714
20
1.4816267716535432
11
2.9293188976377951
21
1.4837540551181101
0
LINE
8
BLACK
6
CONTINUOUS
10
2.9293188976377951
20
1.4837540551181101
11
2.9192459842519685
21
1.4862722440944882
0
LINE
8
BLACK
6
CONTINUOUS
10
2.9192459842519685
20
1.4862722440944882
11
2.9064375590551181
21
1.4862722440944882
0
LINE
8
BLACK
6
CONTINUOUS
10
2.9064375590551181
20
1.4862722440944882
11
2.8963646062992123
21
1.4837540551181101
0
LINE
8
BLACK
6
CONTINUOUS
10
2.4087156692913387
20
1.4856912992125983
11
2.4091154330708662
21
1.4856912992125983
0
LINE
8
BLACK
6
CONTINUOUS
10
2.4091154330708662
20
1.4856912992125983
11
2.410179842519685
21
1.4852503937007873
0
LINE
8
BLACK
6
CONTINUOUS
10
2.410179842519685
20
1.4852503937007873
11
2.4109944881889764
21
1.484435748031496
0
LINE
8
BLACK
6
CONTINUOUS
10
2.4109944881889764
20
1.484435748031496
11
2.4114353937007875
21
1.4833713385826772
0
LINE
8
BLACK
6
CONTINUOUS
10
2.4114353937007875
20
1.4833713385826772
11
2.4114921259842519
21
1.4827952755905511
0
LINE
8
BLACK
6
CONTINUOUS
10
2.4114921259842519
20
1.4827952755905511
11
2.4114921259842519
21
1.3646062992125985
0
LINE
8
BLACK
6
CONTINUOUS
10
2.4114921259842519
20
1.3646062992125985
11
2.4114353937007875
21
1.3640302362204724
0
LINE
8
BLACK
6
CONTINUOUS
10
2.4114353937007875
20
1.3640302362204724
11
2.4109944881889764
21
1.3629658267716536
0
LINE
8
BLACK
6
CONTINUOUS
10
2.4109944881889764
20
1.3629658267716536
11
2.410179842519685
21
1.3621511811023621
0
LINE
8
BLACK
6
CONTINUOUS
10
2.410179842519685
20
1.3621511811023621
11
2.4091154330708662
21
1.3617102755905512
0
LINE
8
BLACK
6
CONTINUOUS
10
2.4091154330708662
20
1.3617102755905512
11
2.4087156692913387
21
1.3617102755905512
0
LINE
8
BLACK
6
CONTINUOUS
10
2.4087156692913387
20
1.3617102755905512
11
2.4085393700787403
21
1.3616929133858267
0
LINE
8
BLACK
6
CONTINUOUS
10
2.4085393700787403
20
1.3616929133858267
11
2.3101181102362203
21
1.3616929133858267
0
LINE
8
BLACK
6
CONTINUOUS
10
2.3101181102362203
20
1.3616929133858267
11
2.3099418110236218
21
1.3617102755905512
0
LINE
8
BLACK
6
CONTINUOUS
10
2.3099418110236218
20
1.3617102755905512
11
2.3095420472440944
21
1.3617102755905512
0
LINE
8
BLACK
6
CONTINUOUS
10
2.3095420472440944
20
1.3617102755905512
11
2.3084776377952756
21
1.3621511811023621
0
LINE
8
BLACK
6
CONTINUOUS
10
2.3084776377952756
20
1.3621511811023621
11
2.3076629921259841
21
1.3629658267716536
0
LINE
8
BLACK
6
CONTINUOUS
10
2.3076629921259841
20
1.3629658267716536
11
2.3072220866141731
21
1.3640302362204724
0
LINE
8
BLACK
6
CONTINUOUS
10
2.3072220866141731
20
1.3640302362204724
11
2.3071653543307087
21
1.3646062992125985
0
LINE
8
BLACK
6
CONTINUOUS
10
2.3071653543307087
20
1.3646062992125985
11
2.3071653543307087
21
1.4827952755905511
0
LINE
8
BLACK
6
CONTINUOUS
10
2.3071653543307087
20
1.4827952755905511
11
2.3072220866141731
21
1.4833713385826772
0
LINE
8
BLACK
6
CONTINUOUS
10
2.3072220866141731
20
1.4833713385826772
11
2.3076629921259841
21
1.484435748031496
0
LINE
8
BLACK
6
CONTINUOUS
10
2.3076629921259841
20
1.484435748031496
11
2.3084776377952756
21
1.4852503937007873
0
LINE
8
BLACK
6
CONTINUOUS
10
2.3084776377952756
20
1.4852503937007873
11
2.3095420472440944
21
1.4856912992125983
0
LINE
8
BLACK
6
CONTINUOUS
10
2.3095420472440944
20
1.4856912992125983
11
2.3099418110236218
21
1.4856912992125983
0
LINE
8
BLACK
6
CONTINUOUS
10
2.3099418110236218
20
1.4856912992125983
11
2.3101181102362203
21
1.4857086614173227
0
LINE
8
BLACK
6
CONTINUOUS
10
2.3101181102362203
20
1.4857086614173227
11
2.4085393700787403
21
1.4857086614173227
0
LINE
8
BLACK
6
CONTINUOUS
10
2.4085393700787403
20
1.4857086614173227
11
2.4087156692913387
21
1.4856912992125983
0
LINE
8
BLACK
6
CONTINUOUS
10
2.3130708661417323
20
1.4798031496062991
11
2.3130708661417323
21
1.3675984251968503
0
LINE
8
BLACK
6
CONTINUOUS
10
2.3130708661417323
20
1.3675984251968503
11
2.4055866141732283
21
1.3675984251968503
0
LINE
8
BLACK
6
CONTINUOUS
10
2.4055866141732283
20
1.3675984251968503
11
2.4055866141732283
21
1.4798031496062991
0
LINE
8
BLACK
6
CONTINUOUS
10
2.4055866141732283
20
1.4798031496062991
11
2.3130708661417323
21
1.4798031496062991
0
LINE
8
BLACK
6
CONTINUOUS
10
2.6250787401574804
20
1.5250787401574804
11
2.9794094488188976
21
1.5250787401574804
0
LINE
8
BLACK
6
CONTINUOUS
10
2.9794094488188976
20
1.5250787401574804
11
2.9799455511811024
21
1.5250259448818897
0
LINE
8
BLACK
6
CONTINUOUS
10
2.9799455511811024
20
1.5250259448818897
11
2.9799855118110234
21
1.5250259448818897
0
LINE
8
BLACK
6
CONTINUOUS
10
2.9799855118110234
20
1.5250259448818897
11
2.9810499212598423
21
1.5245850393700786
0
LINE
8
BLACK
6
CONTINUOUS
10
2.9810499212598423
20
1.5245850393700786
11
2.9818645669291337
21
1.5237703937007874
0
LINE
8
BLACK
6
CONTINUOUS
10
2.9818645669291337
20
1.5237703937007874
11
2.9823054724409448
21
1.5227059842519686
0
LINE
8
BLACK
6
CONTINUOUS
10
2.9823054724409448
20
1.5227059842519686
11
2.9823622047244092
21
1.5221299212598425
0
LINE
8
BLACK
6
CONTINUOUS
10
2.9823622047244092
20
1.5221299212598425
11
2.9823622047244092
21
1.325279527559055
0
LINE
8
BLACK
6
CONTINUOUS
10
2.9823622047244092
20
1.325279527559055
11
2.9823622047244092
21
1.1284212598425196
0
LINE
8
BLACK
6
CONTINUOUS
10
2.9823622047244092
20
1.1284212598425196
11
2.9823054724409448
21
1.1278451968503937
0
LINE
8
BLACK
6
CONTINUOUS
10
2.9823054724409448
20
1.1278451968503937
11
2.9818645669291337
21
1.1267807874015747
0
LINE
8
BLACK
6
CONTINUOUS
10
2.9818645669291337
20
1.1267807874015747
11
2.9810499212598423
21
1.1259661417322835
0
LINE
8
BLACK
6
CONTINUOUS
10
2.9810499212598423
20
1.1259661417322835
11
2.9799855118110234
21
1.1255252362204724
0
LINE
8
BLACK
6
CONTINUOUS
10
2.9799855118110234
20
1.1255252362204724
11
2.9799455511811024
21
1.1255252362204724
0
LINE
8
BLACK
6
CONTINUOUS
10
2.9799455511811024
20
1.1255252362204724
11
2.9794094488188976
21
1.125472440944882
0
LINE
8
BLACK
6
CONTINUOUS
10
2.9794094488188976
20
1.125472440944882
11
2.9790179527559055
21
1.125472440944882
0
LINE
8
BLACK
6
CONTINUOUS
10
2.9790179527559055
20
1.125472440944882
11
2.9791853937007873
21
1.1250681889763778
0
LINE
8
BLACK
6
CONTINUOUS
10
2.9791853937007873
20
1.1250681889763778
11
2.9792421259842521
21
1.124492125984252
0
LINE
8
BLACK
6
CONTINUOUS
10
2.9792421259842521
20
1.124492125984252
11
2.9792421259842521
21
0.9276417322834646
0
LINE
8
BLACK
6
CONTINUOUS
10
2.9792421259842521
20
0.9276417322834646
11
2.9792421259842521
21
0.7307834645669291
0
LINE
8
BLACK
6
CONTINUOUS
10
2.9792421259842521
20
0.7307834645669291
11
2.9791853937007873
21
0.7302074015748031
0
LINE
8
BLACK
6
CONTINUOUS
10
2.9791853937007873
20
0.7302074015748031
11
2.9787444881889762
21
0.7291429921259842
0
LINE
8
BLACK
6
CONTINUOUS
10
2.9787444881889762
20
0.7291429921259842
11
2.9779298425196852
21
0.7283283464566929
0
LINE
8
BLACK
6
CONTINUOUS
10
2.9779298425196852
20
0.7283283464566929
11
2.9768654330708659
21
0.7278874409448819
0
LINE
8
BLACK
6
CONTINUOUS
10
2.9768654330708659
20
0.7278874409448819
11
2.9768254724409449
21
0.7278874409448819
0
LINE
8
BLACK
6
CONTINUOUS
10
2.9768254724409449
20
0.7278874409448819
11
2.9762893700787401
21
0.7278346456692913
0
LINE
8
BLACK
6
CONTINUOUS
10
2.9762893700787401
20
0.7278346456692913
11
2.6219586614173229
21
0.7278346456692913
0
LINE
8
BLACK
6
CONTINUOUS
10
2.6219586614173229
20
0.7278346456692913
11
2.385738188976378
21
0.7278346456692913
0
LINE
8
BLACK
6
CONTINUOUS
10
2.385738188976378
20
0.7278346456692913
11
2.3851621259842517
21
0.7278913779527559
0
LINE
8
BLACK
6
CONTINUOUS
10
2.3851621259842517
20
0.7278913779527559
11
2.3840977165354329
21
0.7283322834645669
0
LINE
8
BLACK
6
CONTINUOUS
10
2.3840977165354329
20
0.7283322834645669
11
2.3832830708661419
21
0.7291469291338583
0
LINE
8
BLACK
6
CONTINUOUS
10
2.3832830708661419
20
0.7291469291338583
11
2.3828421653543308
21
0.7302113385826772
0
LINE
8
BLACK
6
CONTINUOUS
10
2.3828421653543308
20
0.7302113385826772
11
2.382785433070866
21
0.7307874015748032
0
LINE
8
BLACK
6
CONTINUOUS
10
2.382785433070866
20
0.7307874015748032
11
2.382785433070866
21
0.7475196850393701
0
LINE
8
BLACK
6
CONTINUOUS
10
2.382785433070866
20
0.7475196850393701
11
2.2872736220472438
21
0.7475196850393701
0
LINE
8
BLACK
6
CONTINUOUS
10
2.2872736220472438
20
0.7475196850393701
11
2.286697559055118
21
0.7475764173228346
0
LINE
8
BLACK
6
CONTINUOUS
10
2.286697559055118
20
0.7475764173228346
11
2.2856331496062992
21
0.7480173228346456
0
LINE
8
BLACK
6
CONTINUOUS
10
2.2856331496062992
20
0.7480173228346456
11
2.2848185039370077
21
0.748831968503937
0
LINE
8
BLACK
6
CONTINUOUS
10
2.2848185039370077
20
0.748831968503937
11
2.2843775984251966
21
0.7498963779527559
0
LINE
8
BLACK
6
CONTINUOUS
10
2.2843775984251966
20
0.7498963779527559
11
2.2843775984251966
21
0.7502561811023621
0
LINE
8
BLACK
6
CONTINUOUS
10
2.2843775984251966
20
0.7502561811023621
11
2.2843562992125985
21
0.7504724409448819
0
LINE
8
BLACK
6
CONTINUOUS
10
2.2843562992125985
20
0.7504724409448819
11
2.2843562992125985
21
0.9079527559055118
0
LINE
8
BLACK
6
CONTINUOUS
10
2.2843562992125985
20
0.9079527559055118
11
2.2844130314960629
21
0.9085288188976378
0
LINE
8
BLACK
6
CONTINUOUS
10
2.2844130314960629
20
0.9085288188976378
11
2.284853937007874
21
0.9095932283464566
0
LINE
8
BLACK
6
CONTINUOUS
10
2.284853937007874
20
0.9095932283464566
11
2.2856685826771654
21
0.910407874015748
0
LINE
8
BLACK
6
CONTINUOUS
10
2.2856685826771654
20
0.910407874015748
11
2.2867329921259842
21
0.910848779527559
0
LINE
8
BLACK
6
CONTINUOUS
10
2.2867329921259842
20
0.910848779527559
11
2.2873090551181101
21
0.9109055118110236
0
LINE
8
BLACK
6
CONTINUOUS
10
2.2873090551181101
20
0.9109055118110236
11
2.382785433070866
21
0.9109055118110236
0
LINE
8
BLACK
6
CONTINUOUS
10
2.382785433070866
20
0.9109055118110236
11
2.382785433070866
21
0.9276377952755905
0
LINE
8
BLACK
6
CONTINUOUS
10
2.382785433070866
20
0.9276377952755905
11
2.382785433070866
21
0.9443700787401574
0
LINE
8
BLACK
6
CONTINUOUS
10
2.382785433070866
20
0.9443700787401574
11
2.2872736220472438
21
0.9443700787401574
0
LINE
8
BLACK
6
CONTINUOUS
10
2.2872736220472438
20
0.9443700787401574
11
2.286697559055118
21
0.944426811023622
0
LINE
8
BLACK
6
CONTINUOUS
10
2.286697559055118
20
0.944426811023622
11
2.2856331496062992
21
0.944867716535433
0
LINE
8
BLACK
6
CONTINUOUS
10
2.2856331496062992
20
0.944867716535433
11
2.2848185039370077
21
0.9456823622047243
0
LINE
8
BLACK
6
CONTINUOUS
10
2.2848185039370077
20
0.9456823622047243
11
2.2843775984251966
21
0.9467467716535433
0
LINE
8
BLACK
6
CONTINUOUS
10
2.2843775984251966
20
0.9467467716535433
11
2.2843775984251966
21
0.9471065748031496
0
LINE
8
BLACK
6
CONTINUOUS
10
2.2843775984251966
20
0.9471065748031496
11
2.2843562992125985
21
0.9473228346456692
0
LINE
8
BLACK
6
CONTINUOUS
10
2.2843562992125985
20
0.9473228346456692
11
2.2843562992125985
21
1.1048031496062991
0
LINE
8
BLACK
6
CONTINUOUS
10
2.2843562992125985
20
1.1048031496062991
11
2.2844130314960629
21
1.1053792125984252
0
LINE
8
BLACK
6
CONTINUOUS
10
2.2844130314960629
20
1.1053792125984252
11
2.284853937007874
21
1.106443622047244
0
LINE
8
BLACK
6
CONTINUOUS
10
2.284853937007874
20
1.106443622047244
11
2.2856685826771654
21
1.1072582677165355
0
LINE
8
BLACK
6
CONTINUOUS
10
2.2856685826771654
20
1.1072582677165355
11
2.2867329921259842
21
1.1076991732283463
0
LINE
8
BLACK
6
CONTINUOUS
10
2.2867329921259842
20
1.1076991732283463
11
2.2873090551181101
21
1.1077559055118109
0
LINE
8
BLACK
6
CONTINUOUS
10
2.2873090551181101
20
1.1077559055118109
11
2.382785433070866
21
1.1077559055118109
0
LINE
8
BLACK
6
CONTINUOUS
10
2.382785433070866
20
1.1077559055118109
11
2.382785433070866
21
1.124488188976378
0
LINE
8
BLACK
6
CONTINUOUS
10
2.382785433070866
20
1.124488188976378
11
2.3828421653543308
21
1.1250642519685039
0
LINE
8
BLACK
6
CONTINUOUS
10
2.3828421653543308
20
1.1250642519685039
11
2.3832830708661419
21
1.1261286614173227
0
LINE
8
BLACK
6
CONTINUOUS
10
2.3832830708661419
20
1.1261286614173227
11
2.3840977165354329
21
1.1269433070866142
0
LINE
8
BLACK
6
CONTINUOUS
10
2.3840977165354329
20
1.1269433070866142
11
2.3851621259842517
21
1.1273842125984253
0
LINE
8
BLACK
6
CONTINUOUS
10
2.3851621259842517
20
1.1273842125984253
11
2.385738188976378
21
1.1274409448818898
0
LINE
8
BLACK
6
CONTINUOUS
10
2.385738188976378
20
1.1274409448818898
11
2.3861313385826772
21
1.1274409448818898
0
LINE
8
BLACK
6
CONTINUOUS
10
2.3861313385826772
20
1.1274409448818898
11
2.3859622440944883
21
1.1278491338582677
0
LINE
8
BLACK
6
CONTINUOUS
10
2.3859622440944883
20
1.1278491338582677
11
2.3859055118110235
21
1.1284251968503938
0
LINE
8
BLACK
6
CONTINUOUS
10
2.3859055118110235
20
1.1284251968503938
11
2.3859055118110235
21
1.1451574803149607
0
LINE
8
BLACK
6
CONTINUOUS
10
2.3859055118110235
20
1.1451574803149607
11
2.2903937007874013
21
1.1451574803149607
0
LINE
8
BLACK
6
CONTINUOUS
10
2.2903937007874013
20
1.1451574803149607
11
2.2898176377952755
21
1.1452142125984253
0
LINE
8
BLACK
6
CONTINUOUS
10
2.2898176377952755
20
1.1452142125984253
11
2.2887532283464567
21
1.1456551181102361
0
LINE
8
BLACK
6
CONTINUOUS
10
2.2887532283464567
20
1.1456551181102361
11
2.2879385826771652
21
1.1464697637795276
0
LINE
8
BLACK
6
CONTINUOUS
10
2.2879385826771652
20
1.1464697637795276
11
2.2874976771653541
21
1.1475341732283464
0
LINE
8
BLACK
6
CONTINUOUS
10
2.2874976771653541
20
1.1475341732283464
11
2.2874976771653541
21
1.1478939763779528
0
LINE
8
BLACK
6
CONTINUOUS
10
2.2874976771653541
20
1.1478939763779528
11
2.287476377952756
21
1.1481102362204725
0
LINE
8
BLACK
6
CONTINUOUS
10
2.287476377952756
20
1.1481102362204725
11
2.287476377952756
21
1.3055905511811023
0
LINE
8
BLACK
6
CONTINUOUS
10
2.287476377952756
20
1.3055905511811023
11
2.2875331102362204
21
1.3061666141732282
0
LINE
8
BLACK
6
CONTINUOUS
10
2.2875331102362204
20
1.3061666141732282
11
2.2879740157480315
21
1.3072310236220472
0
LINE
8
BLACK
6
CONTINUOUS
10
2.2879740157480315
20
1.3072310236220472
11
2.288788661417323
21
1.3080456692913385
0
LINE
8
BLACK
6
CONTINUOUS
10
2.288788661417323
20
1.3080456692913385
11
2.2898530708661418
21
1.3084865748031496
0
LINE
8
BLACK
6
CONTINUOUS
10
2.2898530708661418
20
1.3084865748031496
11
2.2904291338582676
21
1.3085433070866141
0
LINE
8
BLACK
6
CONTINUOUS
10
2.2904291338582676
20
1.3085433070866141
11
2.3859055118110235
21
1.3085433070866141
0
LINE
8
BLACK
6
CONTINUOUS
10
2.3859055118110235
20
1.3085433070866141
11
2.3859055118110235
21
1.325275590551181
0
LINE
8
BLACK
6
CONTINUOUS
10
2.3859055118110235
20
1.325275590551181
11
2.3859055118110235
21
1.3420078740157479
0
LINE
8
BLACK
6
CONTINUOUS
10
2.3859055118110235
20
1.3420078740157479
11
2.2903937007874013
21
1.3420078740157479
0
LINE
8
BLACK
6
CONTINUOUS
10
2.2903937007874013
20
1.3420078740157479
11
2.2898176377952755
21
1.3420646062992125
0
LINE
8
BLACK
6
CONTINUOUS
10
2.2898176377952755
20
1.3420646062992125
11
2.2887532283464567
21
1.3425055118110236
0
LINE
8
BLACK
6
CONTINUOUS
10
2.2887532283464567
20
1.3425055118110236
11
2.2879385826771652
21
1.3433201574803149
0
LINE
8
BLACK
6
CONTINUOUS
10
2.2879385826771652
20
1.3433201574803149
11
2.2874976771653541
21
1.3443845669291339
0
LINE
8
BLACK
6
CONTINUOUS
10
2.2874976771653541
20
1.3443845669291339
11
2.2874976771653541
21
1.34474437007874
0
LINE
8
BLACK
6
CONTINUOUS
10
2.2874976771653541
20
1.34474437007874
11
2.287476377952756
21
1.3449606299212598
0
LINE
8
BLACK
6
CONTINUOUS
10
2.287476377952756
20
1.3449606299212598
11
2.287476377952756
21
1.5024409448818898
0
LINE
8
BLACK
6
CONTINUOUS
10
2.287476377952756
20
1.5024409448818898
11
2.2875331102362204
21
1.5030170078740157
0
LINE
8
BLACK
6
CONTINUOUS
10
2.2875331102362204
20
1.5030170078740157
11
2.2879740157480315
21
1.5040814173228345
0
LINE
8
BLACK
6
CONTINUOUS
10
2.2879740157480315
20
1.5040814173228345
11
2.288788661417323
21
1.504896062992126
0
LINE
8
BLACK
6
CONTINUOUS
10
2.288788661417323
20
1.504896062992126
11
2.2898530708661418
21
1.5053369685039371
0
LINE
8
BLACK
6
CONTINUOUS
10
2.2898530708661418
20
1.5053369685039371
11
2.2904291338582676
21
1.5053937007874016
0
LINE
8
BLACK
6
CONTINUOUS
10
2.2904291338582676
20
1.5053937007874016
11
2.3859055118110235
21
1.5053937007874016
0
LINE
8
BLACK
6
CONTINUOUS
10
2.3859055118110235
20
1.5053937007874016
11
2.3859055118110235
21
1.5221259842519685
0
LINE
8
BLACK
6
CONTINUOUS
10
2.3859055118110235
20
1.5221259842519685
11
2.3859622440944883
21
1.5227020472440944
0
LINE
8
BLACK
6
CONTINUOUS
10
2.3859622440944883
20
1.5227020472440944
11
2.386403149606299
21
1.5237664566929134
0
LINE
8
BLACK
6
CONTINUOUS
10
2.386403149606299
20
1.5237664566929134
11
2.3872177952755904
21
1.5245811023622047
0
LINE
8
BLACK
6
CONTINUOUS
10
2.3872177952755904
20
1.5245811023622047
11
2.3882822047244092
21
1.5250220078740158
0
LINE
8
BLACK
6
CONTINUOUS
10
2.3882822047244092
20
1.5250220078740158
11
2.3888582677165355
21
1.5250787401574804
0
LINE
8
BLACK
6
CONTINUOUS
10
2.3888582677165355
20
1.5250787401574804
11
2.6250787401574804
21
1.5250787401574804
0
LINE
8
BLACK
6
CONTINUOUS
10
2.3886909448818896
20
0.9246850393700787
11
2.3886909448818896
21
0.9109055118110236
0
LINE
8
BLACK
6
CONTINUOUS
10
2.3886909448818896
20
0.9109055118110236
11
2.4251082677165354
21
0.9109055118110236
0
LINE
8
BLACK
6
CONTINUOUS
10
2.4251082677165354
20
0.9109055118110236
11
2.4256843307086613
21
0.910848779527559
0
LINE
8
BLACK
6
CONTINUOUS
10
2.4256843307086613
20
0.910848779527559
11
2.4267487401574801
21
0.910407874015748
0
LINE
8
BLACK
6
CONTINUOUS
10
2.4267487401574801
20
0.910407874015748
11
2.4275633858267716
21
0.9095932283464566
0
LINE
8
BLACK
6
CONTINUOUS
10
2.4275633858267716
20
0.9095932283464566
11
2.4280042913385826
21
0.9085288188976378
0
LINE
8
BLACK
6
CONTINUOUS
10
2.4280042913385826
20
0.9085288188976378
11
2.428061023622047
21
0.9079527559055118
0
LINE
8
BLACK
6
CONTINUOUS
10
2.428061023622047
20
0.9079527559055118
11
2.428061023622047
21
0.7504724409448819
0
LINE
8
BLACK
6
CONTINUOUS
10
2.428061023622047
20
0.7504724409448819
11
2.4280042913385826
21
0.7498963779527559
0
LINE
8
BLACK
6
CONTINUOUS
10
2.4280042913385826
20
0.7498963779527559
11
2.4275633858267716
21
0.748831968503937
0
LINE
8
BLACK
6
CONTINUOUS
10
2.4275633858267716
20
0.748831968503937
11
2.4267487401574801
21
0.7480173228346456
0
LINE
8
BLACK
6
CONTINUOUS
10
2.4267487401574801
20
0.7480173228346456
11
2.4256843307086613
21
0.7475764173228346
0
LINE
8
BLACK
6
CONTINUOUS
10
2.4256843307086613
20
0.7475764173228346
11
2.4251082677165354
21
0.7475196850393701
0
LINE
8
BLACK
6
CONTINUOUS
10
2.4251082677165354
20
0.7475196850393701
11
2.3886909448818896
21
0.7475196850393701
0
LINE
8
BLACK
6
CONTINUOUS
10
2.3886909448818896
20
0.7475196850393701
11
2.3886909448818896
21
0.733740157480315
0
LINE
8
BLACK
6
CONTINUOUS
10
2.3886909448818896
20
0.733740157480315
11
2.6219586614173229
21
0.733740157480315
0
LINE
8
BLACK
6
CONTINUOUS
10
2.6219586614173229
20
0.733740157480315
11
2.9733366141732285
21
0.733740157480315
0
LINE
8
BLACK
6
CONTINUOUS
10
2.9733366141732285
20
0.733740157480315
11
2.9733366141732285
21
0.9246850393700787
0
LINE
8
BLACK
6
CONTINUOUS
10
2.9733366141732285
20
0.9246850393700787
11
2.6219586614173229
21
0.9246850393700787
0
LINE
8
BLACK
6
CONTINUOUS
10
2.6219586614173229
20
0.9246850393700787
11
2.3886909448818896
21
0.9246850393700787
0
LINE
8
BLACK
6
CONTINUOUS
10
2.2902618110236221
20
0.905
11
2.2902618110236221
21
0.7534251968503937
0
LINE
8
BLACK
6
CONTINUOUS
10
2.2902618110236221
20
0.7534251968503937
11
2.4221555118110234
21
0.7534251968503937
0
LINE
8
BLACK
6
CONTINUOUS
10
2.4221555118110234
20
0.7534251968503937
11
2.4221555118110234
21
0.905
0
LINE
8
BLACK
6
CONTINUOUS
10
2.4221555118110234
20
0.905
11
2.2902618110236221
21
0.905
0
LINE
8
BLACK
6
CONTINUOUS
10
2.3886909448818896
20
1.121535433070866
11
2.3886909448818896
21
1.1077559055118109
0
LINE
8
BLACK
6
CONTINUOUS
10
2.3886909448818896
20
1.1077559055118109
11
2.4251082677165354
21
1.1077559055118109
0
LINE
8
BLACK
6
CONTINUOUS
10
2.4251082677165354
20
1.1077559055118109
11
2.4256843307086613
21
1.1076991732283463
0
LINE
8
BLACK
6
CONTINUOUS
10
2.4256843307086613
20
1.1076991732283463
11
2.4267487401574801
21
1.1072582677165355
0
LINE
8
BLACK
6
CONTINUOUS
10
2.4267487401574801
20
1.1072582677165355
11
2.4275633858267716
21
1.106443622047244
0
LINE
8
BLACK
6
CONTINUOUS
10
2.4275633858267716
20
1.106443622047244
11
2.4280042913385826
21
1.1053792125984252
0
LINE
8
BLACK
6
CONTINUOUS
10
2.4280042913385826
20
1.1053792125984252
11
2.428061023622047
21
1.1048031496062991
0
LINE
8
BLACK
6
CONTINUOUS
10
2.428061023622047
20
1.1048031496062991
11
2.428061023622047
21
0.9473228346456692
0
LINE
8
BLACK
6
CONTINUOUS
10
2.428061023622047
20
0.9473228346456692
11
2.4280042913385826
21
0.9467467716535433
0
LINE
8
BLACK
6
CONTINUOUS
10
2.4280042913385826
20
0.9467467716535433
11
2.4275633858267716
21
0.9456823622047243
0
LINE
8
BLACK
6
CONTINUOUS
10
2.4275633858267716
20
0.9456823622047243
11
2.4267487401574801
21
0.944867716535433
0
LINE
8
BLACK
6
CONTINUOUS
10
2.4267487401574801
20
0.944867716535433
11
2.4256843307086613
21
0.944426811023622
0
LINE
8
BLACK
6
CONTINUOUS
10
2.4256843307086613
20
0.944426811023622
11
2.4251082677165354
21
0.9443700787401574
0
LINE
8
BLACK
6
CONTINUOUS
10
2.4251082677165354
20
0.9443700787401574
11
2.3886909448818896
21
0.9443700787401574
0
LINE
8
BLACK
6
CONTINUOUS
10
2.3886909448818896
20
0.9443700787401574
11
2.3886909448818896
21
0.9305905511811023
0
LINE
8
BLACK
6
CONTINUOUS
10
2.3886909448818896
20
0.9305905511811023
11
2.6219586614173229
21
0.9305905511811023
0
LINE
8
BLACK
6
CONTINUOUS
10
2.6219586614173229
20
0.9305905511811023
11
2.9733366141732285
21
0.9305905511811023
0
LINE
8
BLACK
6
CONTINUOUS
10
2.9733366141732285
20
0.9305905511811023
11
2.9733366141732285
21
1.121535433070866
0
LINE
8
BLACK
6
CONTINUOUS
10
2.9733366141732285
20
1.121535433070866
11
2.6219586614173229
21
1.121535433070866
0
LINE
8
BLACK
6
CONTINUOUS
10
2.6219586614173229
20
1.121535433070866
11
2.3886909448818896
21
1.121535433070866
0
LINE
8
BLACK
6
CONTINUOUS
10
2.2902618110236221
20
1.1018503937007873
11
2.2902618110236221
21
0.950275590551181
0
LINE
8
BLACK
6
CONTINUOUS
10
2.2902618110236221
20
0.950275590551181
11
2.4221555118110234
21
0.950275590551181
0
LINE
8
BLACK
6
CONTINUOUS
10
2.4221555118110234
20
0.950275590551181
11
2.4221555118110234
21
1.1018503937007873
0
LINE
8
BLACK
6
CONTINUOUS
10
2.4221555118110234
20
1.1018503937007873
11
2.2902618110236221
21
1.1018503937007873
0
LINE
8
BLACK
6
CONTINUOUS
10
2.3918110236220471
20
1.3223228346456692
11
2.3918110236220471
21
1.3085433070866141
0
LINE
8
BLACK
6
CONTINUOUS
10
2.3918110236220471
20
1.3085433070866141
11
2.4282283464566929
21
1.3085433070866141
0
LINE
8
BLACK
6
CONTINUOUS
10
2.4282283464566929
20
1.3085433070866141
11
2.4288044094488188
21
1.3084865748031496
0
LINE
8
BLACK
6
CONTINUOUS
10
2.4288044094488188
20
1.3084865748031496
11
2.4298688188976376
21
1.3080456692913385
0
LINE
8
BLACK
6
CONTINUOUS
10
2.4298688188976376
20
1.3080456692913385
11
2.4306834645669291
21
1.3072310236220472
0
LINE
8
BLACK
6
CONTINUOUS
10
2.4306834645669291
20
1.3072310236220472
11
2.4311243700787402
21
1.3061666141732282
0
LINE
8
BLACK
6
CONTINUOUS
10
2.4311243700787402
20
1.3061666141732282
11
2.4311811023622045
21
1.3055905511811023
0
LINE
8
BLACK
6
CONTINUOUS
10
2.4311811023622045
20
1.3055905511811023
11
2.4311811023622045
21
1.1481102362204725
0
LINE
8
BLACK
6
CONTINUOUS
10
2.4311811023622045
20
1.1481102362204725
11
2.4311243700787402
21
1.1475341732283464
0
LINE
8
BLACK
6
CONTINUOUS
10
2.4311243700787402
20
1.1475341732283464
11
2.4306834645669291
21
1.1464697637795276
0
LINE
8
BLACK
6
CONTINUOUS
10
2.4306834645669291
20
1.1464697637795276
11
2.4298688188976376
21
1.1456551181102361
0
LINE
8
BLACK
6
CONTINUOUS
10
2.4298688188976376
20
1.1456551181102361
11
2.4288044094488188
21
1.1452142125984253
0
LINE
8
BLACK
6
CONTINUOUS
10
2.4288044094488188
20
1.1452142125984253
11
2.4282283464566929
21
1.1451574803149607
0
LINE
8
BLACK
6
CONTINUOUS
10
2.4282283464566929
20
1.1451574803149607
11
2.3918110236220471
21
1.1451574803149607
0
LINE
8
BLACK
6
CONTINUOUS
10
2.3918110236220471
20
1.1451574803149607
11
2.3918110236220471
21
1.1313779527559056
0
LINE
8
BLACK
6
CONTINUOUS
10
2.3918110236220471
20
1.1313779527559056
11
2.6250787401574804
21
1.1313779527559056
0
LINE
8
BLACK
6
CONTINUOUS
10
2.6250787401574804
20
1.1313779527559056
11
2.9764566929133855
21
1.1313779527559056
0
LINE
8
BLACK
6
CONTINUOUS
10
2.9764566929133855
20
1.1313779527559056
11
2.9764566929133855
21
1.3223228346456692
0
LINE
8
BLACK
6
CONTINUOUS
10
2.9764566929133855
20
1.3223228346456692
11
2.6250787401574804
21
1.3223228346456692
0
LINE
8
BLACK
6
CONTINUOUS
10
2.6250787401574804
20
1.3223228346456692
11
2.3918110236220471
21
1.3223228346456692
0
LINE
8
BLACK
6
CONTINUOUS
10
2.2933818897637797
20
1.3026377952755905
11
2.2933818897637797
21
1.1510629921259843
0
LINE
8
BLACK
6
CONTINUOUS
10
2.2933818897637797
20
1.1510629921259843
11
2.4252755905511809
21
1.1510629921259843
0
LINE
8
BLACK
6
CONTINUOUS
10
2.4252755905511809
20
1.1510629921259843
11
2.4252755905511809
21
1.3026377952755905
0
LINE
8
BLACK
6
CONTINUOUS
10
2.4252755905511809
20
1.3026377952755905
11
2.2933818897637797
21
1.3026377952755905
0
LINE
8
BLACK
6
CONTINUOUS
10
2.3918110236220471
20
1.5191732283464567
11
2.3918110236220471
21
1.5053937007874016
0
LINE
8
BLACK
6
CONTINUOUS
10
2.3918110236220471
20
1.5053937007874016
11
2.4282283464566929
21
1.5053937007874016
0
LINE
8
BLACK
6
CONTINUOUS
10
2.4282283464566929
20
1.5053937007874016
11
2.4288044094488188
21
1.5053369685039371
0
LINE
8
BLACK
6
CONTINUOUS
10
2.4288044094488188
20
1.5053369685039371
11
2.4298688188976376
21
1.504896062992126
0
LINE
8
BLACK
6
CONTINUOUS
10
2.4298688188976376
20
1.504896062992126
11
2.4306834645669291
21
1.5040814173228345
0
LINE
8
BLACK
6
CONTINUOUS
10
2.4306834645669291
20
1.5040814173228345
11
2.4311243700787402
21
1.5030170078740157
0
LINE
8
BLACK
6
CONTINUOUS
10
2.4311243700787402
20
1.5030170078740157
11
2.4311811023622045
21
1.5024409448818898
0
LINE
8
BLACK
6
CONTINUOUS
10
2.4311811023622045
20
1.5024409448818898
11
2.4311811023622045
21
1.3449606299212598
0
LINE
8
BLACK
6
CONTINUOUS
10
2.4311811023622045
20
1.3449606299212598
11
2.4311243700787402
21
1.3443845669291339
0
LINE
8
BLACK
6
CONTINUOUS
10
2.4311243700787402
20
1.3443845669291339
11
2.4306834645669291
21
1.3433201574803149
0
LINE
8
BLACK
6
CONTINUOUS
10
2.4306834645669291
20
1.3433201574803149
11
2.4298688188976376
21
1.3425055118110236
0
LINE
8
BLACK
6
CONTINUOUS
10
2.4298688188976376
20
1.3425055118110236
11
2.4288044094488188
21
1.3420646062992125
0
LINE
8
BLACK
6
CONTINUOUS
10
2.4288044094488188
20
1.3420646062992125
11
2.4282283464566929
21
1.3420078740157479
0
LINE
8
BLACK
6
CONTINUOUS
10
2.4282283464566929
20
1.3420078740157479
11
2.3918110236220471
21
1.3420078740157479
0
LINE
8
BLACK
6
CONTINUOUS
10
2.3918110236220471
20
1.3420078740157479
11
2.3918110236220471
21
1.3282283464566929
0
LINE
8
BLACK
6
CONTINUOUS
10
2.3918110236220471
20
1.3282283464566929
11
2.6250787401574804
21
1.3282283464566929
0
LINE
8
BLACK
6
CONTINUOUS
10
2.6250787401574804
20
1.3282283464566929
11
2.9764566929133855
21
1.3282283464566929
0
LINE
8
BLACK
6
CONTINUOUS
10
2.9764566929133855
20
1.3282283464566929
11
2.9764566929133855
21
1.5191732283464567
0
LINE
8
BLACK
6
CONTINUOUS
10
2.9764566929133855
20
1.5191732283464567
11
2.6250787401574804
21
1.5191732283464567
0
LINE
8
BLACK
6
CONTINUOUS
10
2.6250787401574804
20
1.5191732283464567
11
2.3918110236220471
21
1.5191732283464567
0
LINE
8
BLACK
6
CONTINUOUS
10
2.2933818897637797
20
1.4994881889763778
11
2.2933818897637797
21
1.3479133858267716
0
LINE
8
BLACK
6
CONTINUOUS
10
2.2933818897637797
20
1.3479133858267716
11
2.4252755905511809
21
1.3479133858267716
0
LINE
8
BLACK
6
CONTINUOUS
10
2.4252755905511809
20
1.3479133858267716
11
2.4252755905511809
21
1.4994881889763778
0
LINE
8
BLACK
6
CONTINUOUS
10
2.4252755905511809
20
1.4994881889763778
11
2.2933818897637797
21
1.4994881889763778
0
LINE
8
BLACK
6
CONTINUOUS
10
1.2039310236220473
20
0.8000033464566929
11
1.2049963779527559
21
0.7989379921259843
0
LINE
8
BLACK
6
CONTINUOUS
10
1.2049963779527559
20
0.7989379921259843
11
1.2049963779527559
21
0.7974313779527559
0
LINE
8
BLACK
6
CONTINUOUS
10
1.2049963779527559
20
0.7974313779527559
11
1.2039310236220473
21
0.7963660236220472
0
LINE
8
BLACK
6
CONTINUOUS
10
1.2039310236220473
20
0.7963660236220472
11
1.2031777165354332
21
0.7962161811023621
0
LINE
8
BLACK
6
CONTINUOUS
10
1.2031777165354332
20
0.7962161811023621
11
1.1955853937007874
21
0.7962161811023621
0
LINE
8
BLACK
6
CONTINUOUS
10
1.1955853937007874
20
0.7962161811023621
11
1.1952200393700787
21
0.7925629133858267
0
LINE
8
BLACK
6
CONTINUOUS
10
1.1952200393700787
20
0.7925629133858267
11
1.195234842519685
21
0.7925658661417323
0
LINE
8
BLACK
6
CONTINUOUS
10
1.195234842519685
20
0.7925658661417323
11
1.195539094488189
21
0.7926491732283465
0
LINE
8
BLACK
6
CONTINUOUS
10
1.195539094488189
20
0.7926491732283465
11
1.1955819291338583
21
0.7926349212598425
0
LINE
8
BLACK
6
CONTINUOUS
10
1.1955819291338583
20
0.7926349212598425
11
1.1956786614173227
21
0.7926541338582677
0
LINE
8
BLACK
6
CONTINUOUS
10
1.1956786614173227
20
0.7926541338582677
11
1.200365590551181
21
0.7926541338582677
0
LINE
8
BLACK
6
CONTINUOUS
10
1.200365590551181
20
0.7926541338582677
11
1.2004622834645668
21
0.7926349212598425
0
LINE
8
BLACK
6
CONTINUOUS
10
1.2004622834645668
20
0.7926349212598425
11
1.2005051574803149
21
0.7926491732283465
0
LINE
8
BLACK
6
CONTINUOUS
10
1.2005051574803149
20
0.7926491732283465
11
1.2008093700787401
21
0.7925658661417323
0
LINE
8
BLACK
6
CONTINUOUS
10
1.2008093700787401
20
0.7925658661417323
11
1.2011188976377953
21
0.7925042913385827
0
LINE
8
BLACK
6
CONTINUOUS
10
1.2011188976377953
20
0.7925042913385827
11
1.2011508267716535
21
0.7924723622047244
0
LINE
8
BLACK
6
CONTINUOUS
10
1.2011508267716535
20
0.7924723622047244
11
1.2012459448818897
21
0.7924462992125985
0
LINE
8
BLACK
6
CONTINUOUS
10
1.2012459448818897
20
0.7924462992125985
11
1.2031207086614173
21
0.7915088976377953
0
LINE
8
BLACK
6
CONTINUOUS
10
1.2031207086614173
20
0.7915088976377953
11
1.2033700787401576
21
0.7913153937007874
0
LINE
8
BLACK
6
CONTINUOUS
10
1.2033700787401576
20
0.7913153937007874
11
1.203632283464567
21
0.791140157480315
0
LINE
8
BLACK
6
CONTINUOUS
10
1.203632283464567
20
0.791140157480315
11
1.2045696456692914
21
0.7902027952755906
0
LINE
8
BLACK
6
CONTINUOUS
10
1.2045696456692914
20
0.7902027952755906
11
1.2047448425196849
21
0.7899406299212598
0
LINE
8
BLACK
6
CONTINUOUS
10
1.2047448425196849
20
0.7899406299212598
11
1.2049383858267717
21
0.7896912204724409
0
LINE
8
BLACK
6
CONTINUOUS
10
1.2049383858267717
20
0.7896912204724409
11
1.2058757874015749
21
0.7878164566929133
0
LINE
8
BLACK
6
CONTINUOUS
10
1.2058757874015749
20
0.7878164566929133
11
1.2059018110236219
21
0.7877213779527559
0
LINE
8
BLACK
6
CONTINUOUS
10
1.2059018110236219
20
0.7877213779527559
11
1.2059337795275591
21
0.7876894094488189
0
LINE
8
BLACK
6
CONTINUOUS
10
1.2059337795275591
20
0.7876894094488189
11
1.2059953149606299
21
0.7873799212598425
0
LINE
8
BLACK
6
CONTINUOUS
10
1.2059953149606299
20
0.7873799212598425
11
1.2060786614173229
21
0.7870756692913385
0
LINE
8
BLACK
6
CONTINUOUS
10
1.2060786614173229
20
0.7870756692913385
11
1.2060643700787401
21
0.7870328346456693
0
LINE
8
BLACK
6
CONTINUOUS
10
1.2060643700787401
20
0.7870328346456693
11
1.2060836220472442
21
0.7869361023622047
0
LINE
8
BLACK
6
CONTINUOUS
10
1.2060836220472442
20
0.7869361023622047
11
1.2060836220472442
21
0.7822491732283464
0
LINE
8
BLACK
6
CONTINUOUS
10
1.2060836220472442
20
0.7822491732283464
11
1.2060643700787401
21
0.7821524803149607
0
LINE
8
BLACK
6
CONTINUOUS
10
1.2060643700787401
20
0.7821524803149607
11
1.2060786614173229
21
0.7821096062992126
0
LINE
8
BLACK
6
CONTINUOUS
10
1.2060786614173229
20
0.7821096062992126
11
1.2059953149606299
21
0.7818053937007874
0
LINE
8
BLACK
6
CONTINUOUS
10
1.2059953149606299
20
0.7818053937007874
11
1.2059337795275591
21
0.7814958661417323
0
LINE
8
BLACK
6
CONTINUOUS
10
1.2059337795275591
20
0.7814958661417323
11
1.2059018110236219
21
0.781463937007874
0
LINE
8
BLACK
6
CONTINUOUS
10
1.2059018110236219
20
0.781463937007874
11
1.2058757874015749
21
0.7813688188976378
0
LINE
8
BLACK
6
CONTINUOUS
10
1.2058757874015749
20
0.7813688188976378
11
1.2049383858267717
21
0.7794940551181102
0
LINE
8
BLACK
6
CONTINUOUS
10
1.2049383858267717
20
0.7794940551181102
11
1.2047448031496062
21
0.7792446850393701
0
LINE
8
BLACK
6
CONTINUOUS
10
1.2047448031496062
20
0.7792446850393701
11
1.2045696850393701
21
0.7789825196850394
0
LINE
8
BLACK
6
CONTINUOUS
10
1.2045696850393701
20
0.7789825196850394
11
1.2036323228346457
21
0.7780450787401575
0
LINE
8
BLACK
6
CONTINUOUS
10
1.2036323228346457
20
0.7780450787401575
11
1.2033700393700788
21
0.7778698818897638
0
LINE
8
BLACK
6
CONTINUOUS
10
1.2033700393700788
20
0.7778698818897638
11
1.2031206692913385
21
0.7776762992125984
0
LINE
8
BLACK
6
CONTINUOUS
10
1.2031206692913385
20
0.7776762992125984
11
1.201245905511811
21
0.776738937007874
0
LINE
8
BLACK
6
CONTINUOUS
10
1.201245905511811
20
0.776738937007874
11
1.2011507874015748
21
0.7767129133858267
0
LINE
8
BLACK
6
CONTINUOUS
10
1.2011507874015748
20
0.7767129133858267
11
1.2011188976377953
21
0.7766809842519685
0
LINE
8
BLACK
6
CONTINUOUS
10
1.2011188976377953
20
0.7766809842519685
11
1.2008094094488189
21
0.7766194488188977
0
LINE
8
BLACK
6
CONTINUOUS
10
1.2008094094488189
20
0.7766194488188977
11
1.2005051181102362
21
0.7765361023622047
0
LINE
8
BLACK
6
CONTINUOUS
10
1.2005051181102362
20
0.7765361023622047
11
1.2004622834645668
21
0.7765503937007874
0
LINE
8
BLACK
6
CONTINUOUS
10
1.2004622834645668
20
0.7765503937007874
11
1.200365590551181
21
0.7765311417322834
0
LINE
8
BLACK
6
CONTINUOUS
10
1.200365590551181
20
0.7765311417322834
11
1.1956786614173227
21
0.7765311417322834
0
LINE
8
BLACK
6
CONTINUOUS
10
1.1956786614173227
20
0.7765311417322834
11
1.1955819291338583
21
0.7765503937007874
0
LINE
8
BLACK
6
CONTINUOUS
10
1.1955819291338583
20
0.7765503937007874
11
1.195539094488189
21
0.7765361023622047
0
LINE
8
BLACK
6
CONTINUOUS
10
1.195539094488189
20
0.7765361023622047
11
1.195234842519685
21
0.7766194488188977
0
LINE
8
BLACK
6
CONTINUOUS
10
1.195234842519685
20
0.7766194488188977
11
1.1949253543307086
21
0.7766809842519685
0
LINE
8
BLACK
6
CONTINUOUS
10
1.1949253543307086
20
0.7766809842519685
11
1.1948933858267716
21
0.7767129527559055
0
LINE
8
BLACK
6
CONTINUOUS
10
1.1948933858267716
20
0.7767129527559055
11
1.1947983070866142
21
0.7767389763779528
0
LINE
8
BLACK
6
CONTINUOUS
10
1.1947983070866142
20
0.7767389763779528
11
1.1929235826771654
21
0.7776762992125984
0
LINE
8
BLACK
6
CONTINUOUS
10
1.1929235826771654
20
0.7776762992125984
11
1.1926742913385826
21
0.7778697637795275
0
LINE
8
BLACK
6
CONTINUOUS
10
1.1926742913385826
20
0.7778697637795275
11
1.1924119291338582
21
0.7780450787401575
0
LINE
8
BLACK
6
CONTINUOUS
10
1.1924119291338582
20
0.7780450787401575
11
1.1914745669291338
21
0.7789824803149606
0
LINE
8
BLACK
6
CONTINUOUS
10
1.1914745669291338
20
0.7789824803149606
11
1.191047874015748
21
0.7796211417322835
0
LINE
8
BLACK
6
CONTINUOUS
10
1.191047874015748
20
0.7796211417322835
11
1.1910479133858267
21
0.7811277559055118
0
LINE
8
BLACK
6
CONTINUOUS
10
1.1910479133858267
20
0.7811277559055118
11
1.1921132677165354
21
0.7821930708661418
0
LINE
8
BLACK
6
CONTINUOUS
10
1.1921132677165354
20
0.7821930708661418
11
1.1936198818897636
21
0.782193031496063
0
LINE
8
BLACK
6
CONTINUOUS
10
1.1936198818897636
20
0.782193031496063
11
1.1942585039370079
21
0.7817663385826772
0
LINE
8
BLACK
6
CONTINUOUS
10
1.1942585039370079
20
0.7817663385826772
11
1.1949698818897638
21
0.7810548818897638
0
LINE
8
BLACK
6
CONTINUOUS
10
1.1949698818897638
20
0.7810548818897638
11
1.1961433858267716
21
0.7804681496062992
0
LINE
8
BLACK
6
CONTINUOUS
10
1.1961433858267716
20
0.7804681496062992
11
1.1999008661417323
21
0.7804681496062992
0
LINE
8
BLACK
6
CONTINUOUS
10
1.1999008661417323
20
0.7804681496062992
11
1.2010742125984251
21
0.781054842519685
0
LINE
8
BLACK
6
CONTINUOUS
10
1.2010742125984251
20
0.781054842519685
11
1.2015598818897637
21
0.7815405118110236
0
LINE
8
BLACK
6
CONTINUOUS
10
1.2015598818897637
20
0.7815405118110236
11
1.2021466141732282
21
0.7827138976377953
0
LINE
8
BLACK
6
CONTINUOUS
10
1.2021466141732282
20
0.7827138976377953
11
1.2021466141732282
21
0.7864714173228347
0
LINE
8
BLACK
6
CONTINUOUS
10
1.2021466141732282
20
0.7864714173228347
11
1.2015598818897637
21
0.787644842519685
0
LINE
8
BLACK
6
CONTINUOUS
10
1.2015598818897637
20
0.787644842519685
11
1.2010742913385826
21
0.7881304330708662
0
LINE
8
BLACK
6
CONTINUOUS
10
1.2010742913385826
20
0.7881304330708662
11
1.1999009055118111
21
0.7887171259842519
0
LINE
8
BLACK
6
CONTINUOUS
10
1.1999009055118111
20
0.7887171259842519
11
1.1961433464566928
21
0.7887171259842519
0
LINE
8
BLACK
6
CONTINUOUS
10
1.1961433464566928
20
0.7887171259842519
11
1.1949699212598426
21
0.7881304330708662
0
LINE
8
BLACK
6
CONTINUOUS
10
1.1949699212598426
20
0.7881304330708662
11
1.1942584645669292
21
0.787418937007874
0
LINE
8
BLACK
6
CONTINUOUS
10
1.1942584645669292
20
0.787418937007874
11
1.1936198425196851
21
0.7869922047244094
0
LINE
8
BLACK
6
CONTINUOUS
10
1.1936198425196851
20
0.7869922047244094
11
1.193515748031496
21
0.7869922047244094
0
LINE
8
BLACK
6
CONTINUOUS
10
1.193515748031496
20
0.7869922047244094
11
1.193435157480315
21
0.7869262598425196
0
LINE
8
BLACK
6
CONTINUOUS
10
1.193435157480315
20
0.7869262598425196
11
1.192775748031496
21
0.7869922047244094
0
LINE
8
BLACK
6
CONTINUOUS
10
1.192775748031496
20
0.7869922047244094
11
1.1921132283464566
21
0.7869922047244094
0
LINE
8
BLACK
6
CONTINUOUS
10
1.1921132283464566
20
0.7869922047244094
11
1.1920396062992125
21
0.7870658267716535
0
LINE
8
BLACK
6
CONTINUOUS
10
1.1920396062992125
20
0.7870658267716535
11
1.1919360236220473
21
0.7870761811023622
0
LINE
8
BLACK
6
CONTINUOUS
10
1.1919360236220473
20
0.7870761811023622
11
1.1915163779527558
21
0.7875890551181102
0
LINE
8
BLACK
6
CONTINUOUS
10
1.1915163779527558
20
0.7875890551181102
11
1.191047874015748
21
0.7880575590551181
0
LINE
8
BLACK
6
CONTINUOUS
10
1.191047874015748
20
0.7880575590551181
11
1.191047874015748
21
0.788161653543307
0
LINE
8
BLACK
6
CONTINUOUS
10
1.191047874015748
20
0.788161653543307
11
1.1909819291338581
21
0.7882422440944882
0
LINE
8
BLACK
6
CONTINUOUS
10
1.1909819291338581
20
0.7882422440944882
11
1.1909077952755904
21
0.7890067322834645
0
LINE
8
BLACK
6
CONTINUOUS
10
1.1909077952755904
20
0.7890067322834645
11
1.1918451574803148
21
0.7983805511811023
0
LINE
8
BLACK
6
CONTINUOUS
10
1.1918451574803148
20
0.7983805511811023
11
1.1919852362204724
21
0.7988398818897637
0
LINE
8
BLACK
6
CONTINUOUS
10
1.1919852362204724
20
0.7988398818897637
11
1.1919852362204724
21
0.7989379921259843
0
LINE
8
BLACK
6
CONTINUOUS
10
1.1919852362204724
20
0.7989379921259843
11
1.1920282677165355
21
0.798981062992126
0
LINE
8
BLACK
6
CONTINUOUS
10
1.1920282677165355
20
0.798981062992126
11
1.1920692125984251
21
0.7991151968503937
0
LINE
8
BLACK
6
CONTINUOUS
10
1.1920692125984251
20
0.7991151968503937
11
1.1925819685039369
21
0.7995347637795276
0
LINE
8
BLACK
6
CONTINUOUS
10
1.1925819685039369
20
0.7995347637795276
11
1.193050590551181
21
0.8000033464566929
0
LINE
8
BLACK
6
CONTINUOUS
10
1.193050590551181
20
0.8000033464566929
11
1.1931881496062993
21
0.8000307480314961
0
LINE
8
BLACK
6
CONTINUOUS
10
1.1931881496062993
20
0.8000307480314961
11
1.1932352755905511
21
0.8000692519685039
0
LINE
8
BLACK
6
CONTINUOUS
10
1.1932352755905511
20
0.8000692519685039
11
1.1933328346456693
21
0.8000595275590551
0
LINE
8
BLACK
6
CONTINUOUS
10
1.1933328346456693
20
0.8000595275590551
11
1.1938038976377952
21
0.8001531889763779
0
LINE
8
BLACK
6
CONTINUOUS
10
1.1938038976377952
20
0.8001531889763779
11
1.2031777165354332
21
0.8001531889763779
0
LINE
8
BLACK
6
CONTINUOUS
10
1.2031777165354332
20
0.8001531889763779
11
1.2039310236220473
21
0.8000033464566929
0
LINE
8
BLACK
6
CONTINUOUS
10
1.1870581496062993
20
0.8000033464566929
11
1.1881235039370079
21
0.7989379921259843
0
LINE
8
BLACK
6
CONTINUOUS
10
1.1881235039370079
20
0.7989379921259843
11
1.1881235039370079
21
0.7974313779527559
0
LINE
8
BLACK
6
CONTINUOUS
10
1.1881235039370079
20
0.7974313779527559
11
1.1870581496062993
21
0.7963660236220472
0
LINE
8
BLACK
6
CONTINUOUS
10
1.1870581496062993
20
0.7963660236220472
11
1.1863048425196849
21
0.7962161811023621
0
LINE
8
BLACK
6
CONTINUOUS
10
1.1863048425196849
20
0.7962161811023621
11
1.178899527559055
21
0.7962161811023621
0
LINE
8
BLACK
6
CONTINUOUS
10
1.178899527559055
20
0.7962161811023621
11
1.178899527559055
21
0.7907793700787401
0
LINE
8
BLACK
6
CONTINUOUS
10
1.178899527559055
20
0.7907793700787401
11
1.183492716535433
21
0.7907793700787401
0
LINE
8
BLACK
6
CONTINUOUS
10
1.183492716535433
20
0.7907793700787401
11
1.1842460236220471
21
0.7906295275590551
0
LINE
8
BLACK
6
CONTINUOUS
10
1.1842460236220471
20
0.7906295275590551
11
1.185311377952756
21
0.7895641732283465
0
LINE
8
BLACK
6
CONTINUOUS
10
1.185311377952756
20
0.7895641732283465
11
1.185311377952756
21
0.7880575590551181
0
LINE
8
BLACK
6
CONTINUOUS
10
1.185311377952756
20
0.7880575590551181
11
1.1842460236220471
21
0.7869922047244094
0
LINE
8
BLACK
6
CONTINUOUS
10
1.1842460236220471
20
0.7869922047244094
11
1.183492716535433
21
0.7868423622047244
0
LINE
8
BLACK
6
CONTINUOUS
10
1.183492716535433
20
0.7868423622047244
11
1.178899527559055
21
0.7868423622047244
0
LINE
8
BLACK
6
CONTINUOUS
10
1.178899527559055
20
0.7868423622047244
11
1.178899527559055
21
0.7784996456692913
0
LINE
8
BLACK
6
CONTINUOUS
10
1.178899527559055
20
0.7784996456692913
11
1.1787496850393699
21
0.7777463385826772
0
LINE
8
BLACK
6
CONTINUOUS
10
1.1787496850393699
20
0.7777463385826772
11
1.1776843307086613
21
0.7766809842519685
0
LINE
8
BLACK
6
CONTINUOUS
10
1.1776843307086613
20
0.7766809842519685
11
1.176177716535433
21
0.7766809842519685
0
LINE
8
BLACK
6
CONTINUOUS
10
1.176177716535433
20
0.7766809842519685
11
1.1751123622047244
21
0.7777463385826772
0
LINE
8
BLACK
6
CONTINUOUS
10
1.1751123622047244
20
0.7777463385826772
11
1.1749625196850393
21
0.7784996456692913
0
LINE
8
BLACK
6
CONTINUOUS
10
1.1749625196850393
20
0.7784996456692913
11
1.1749625196850393
21
0.79818468503937
0
LINE
8
BLACK
6
CONTINUOUS
10
1.1749625196850393
20
0.79818468503937
11
1.1751123622047244
21
0.7989379921259843
0
LINE
8
BLACK
6
CONTINUOUS
10
1.1751123622047244
20
0.7989379921259843
11
1.176177716535433
21
0.8000033464566929
0
LINE
8
BLACK
6
CONTINUOUS
10
1.176177716535433
20
0.8000033464566929
11
1.1769310236220472
21
0.8001531889763779
0
LINE
8
BLACK
6
CONTINUOUS
10
1.1769310236220472
20
0.8001531889763779
11
1.1863048425196849
21
0.8001531889763779
0
LINE
8
BLACK
6
CONTINUOUS
10
1.1863048425196849
20
0.8001531889763779
11
1.1870581496062993
21
0.8000033464566929
0
LINE
8
BLACK
6
CONTINUOUS
10
1.808027401574803
20
0.8000033464566929
11
1.8090927559055117
21
0.7989379921259843
0
LINE
8
BLACK
6
CONTINUOUS
10
1.8090927559055117
20
0.7989379921259843
11
1.8090927559055117
21
0.7974313779527559
0
LINE
8
BLACK
6
CONTINUOUS
10
1.8090927559055117
20
0.7974313779527559
11
1.808027401574803
21
0.7963660236220472
0
LINE
8
BLACK
6
CONTINUOUS
10
1.808027401574803
20
0.7963660236220472
11
1.8072740944881889
21
0.7962161811023621
0
LINE
8
BLACK
6
CONTINUOUS
10
1.8072740944881889
20
0.7962161811023621
11
1.799868779527559
21
0.7962161811023621
0
LINE
8
BLACK
6
CONTINUOUS
10
1.799868779527559
20
0.7962161811023621
11
1.799868779527559
21
0.7907793700787401
0
LINE
8
BLACK
6
CONTINUOUS
10
1.799868779527559
20
0.7907793700787401
11
1.8044619685039369
21
0.7907793700787401
0
LINE
8
BLACK
6
CONTINUOUS
10
1.8044619685039369
20
0.7907793700787401
11
1.8052152755905511
21
0.7906295275590551
0
LINE
8
BLACK
6
CONTINUOUS
10
1.8052152755905511
20
0.7906295275590551
11
1.8062806299212597
21
0.7895641732283465
0
LINE
8
BLACK
6
CONTINUOUS
10
1.8062806299212597
20
0.7895641732283465
11
1.8062806299212597
21
0.7880575590551181
0
LINE
8
BLACK
6
CONTINUOUS
10
1.8062806299212597
20
0.7880575590551181
11
1.8052152755905511
21
0.7869922047244094
0
LINE
8
BLACK
6
CONTINUOUS
10
1.8052152755905511
20
0.7869922047244094
11
1.8044619685039369
21
0.7868423622047244
0
LINE
8
BLACK
6
CONTINUOUS
10
1.8044619685039369
20
0.7868423622047244
11
1.799868779527559
21
0.7868423622047244
0
LINE
8
BLACK
6
CONTINUOUS
10
1.799868779527559
20
0.7868423622047244
11
1.799868779527559
21
0.7784996456692913
0
LINE
8
BLACK
6
CONTINUOUS
10
1.799868779527559
20
0.7784996456692913
11
1.7997189370078739
21
0.7777463385826772
0
LINE
8
BLACK
6
CONTINUOUS
10
1.7997189370078739
20
0.7777463385826772
11
1.7986535826771652
21
0.7766809842519685
0
LINE
8
BLACK
6
CONTINUOUS
10
1.7986535826771652
20
0.7766809842519685
11
1.797146968503937
21
0.7766809842519685
0
LINE
8
BLACK
6
CONTINUOUS
10
1.797146968503937
20
0.7766809842519685
11
1.7960816141732283
21
0.7777463385826772
0
LINE
8
BLACK
6
CONTINUOUS
10
1.7960816141732283
20
0.7777463385826772
11
1.7959317716535432
21
0.7784996456692913
0
LINE
8
BLACK
6
CONTINUOUS
10
1.7959317716535432
20
0.7784996456692913
11
1.7959317716535432
21
0.79818468503937
0
LINE
8
BLACK
6
CONTINUOUS
10
1.7959317716535432
20
0.79818468503937
11
1.7960816141732283
21
0.7989379921259843
0
LINE
8
BLACK
6
CONTINUOUS
10
1.7960816141732283
20
0.7989379921259843
11
1.797146968503937
21
0.8000033464566929
0
LINE
8
BLACK
6
CONTINUOUS
10
1.797146968503937
20
0.8000033464566929
11
1.7979002755905511
21
0.8001531889763779
0
LINE
8
BLACK
6
CONTINUOUS
10
1.7979002755905511
20
0.8001531889763779
11
1.8072740944881889
21
0.8001531889763779
0
LINE
8
BLACK
6
CONTINUOUS
10
1.8072740944881889
20
0.8001531889763779
11
1.808027401574803
21
0.8000033464566929
0
LINE
8
BLACK
6
CONTINUOUS
10
1.8198124409448819
20
0.8006091732283465
11
1.8204862204724408
21
0.7992616141732283
0
LINE
8
BLACK
6
CONTINUOUS
10
1.8204862204724408
20
0.7992616141732283
11
1.820390157480315
21
0.7984995669291338
0
LINE
8
BLACK
6
CONTINUOUS
10
1.820390157480315
20
0.7984995669291338
11
1.8165669291338582
21
0.787029842519685
0
LINE
8
BLACK
6
CONTINUOUS
10
1.8165669291338582
20
0.787029842519685
11
1.8212411023622046
21
0.787029842519685
0
LINE
8
BLACK
6
CONTINUOUS
10
1.8212411023622046
20
0.787029842519685
11
1.8212411023622046
21
0.7916229921259842
0
LINE
8
BLACK
6
CONTINUOUS
10
1.8212411023622046
20
0.7916229921259842
11
1.8213909448818897
21
0.7923762992125984
0
LINE
8
BLACK
6
CONTINUOUS
10
1.8213909448818897
20
0.7923762992125984
11
1.8224562992125983
21
0.7934416535433071
0
LINE
8
BLACK
6
CONTINUOUS
10
1.8224562992125983
20
0.7934416535433071
11
1.8239629133858268
21
0.7934416535433071
0
LINE
8
BLACK
6
CONTINUOUS
10
1.8239629133858268
20
0.7934416535433071
11
1.8250282677165355
21
0.7923762992125984
0
LINE
8
BLACK
6
CONTINUOUS
10
1.8250282677165355
20
0.7923762992125984
11
1.8251781102362203
21
0.7916229921259842
0
LINE
8
BLACK
6
CONTINUOUS
10
1.8251781102362203
20
0.7916229921259842
11
1.8251781102362203
21
0.787029842519685
0
LINE
8
BLACK
6
CONTINUOUS
10
1.8251781102362203
20
0.787029842519685
11
1.8260217322834644
21
0.787029842519685
0
LINE
8
BLACK
6
CONTINUOUS
10
1.8260217322834644
20
0.787029842519685
11
1.8267750393700788
21
0.78688
0
LINE
8
BLACK
6
CONTINUOUS
10
1.8267750393700788
20
0.78688
11
1.8278403937007874
21
0.7858146456692913
0
LINE
8
BLACK
6
CONTINUOUS
10
1.8278403937007874
20
0.7858146456692913
11
1.8278403937007874
21
0.784308031496063
0
LINE
8
BLACK
6
CONTINUOUS
10
1.8278403937007874
20
0.784308031496063
11
1.8267750393700788
21
0.7832426771653543
0
LINE
8
BLACK
6
CONTINUOUS
10
1.8267750393700788
20
0.7832426771653543
11
1.8260217322834644
21
0.7830928346456693
0
LINE
8
BLACK
6
CONTINUOUS
10
1.8260217322834644
20
0.7830928346456693
11
1.8251781102362203
21
0.7830928346456693
0
LINE
8
BLACK
6
CONTINUOUS
10
1.8251781102362203
20
0.7830928346456693
11
1.8251781102362203
21
0.7784996456692913
0
LINE
8
BLACK
6
CONTINUOUS
10
1.8251781102362203
20
0.7784996456692913
11
1.8250282677165355
21
0.7777463385826772
0
LINE
8
BLACK
6
CONTINUOUS
10
1.8250282677165355
20
0.7777463385826772
11
1.8239629133858268
21
0.7766809842519685
0
LINE
8
BLACK
6
CONTINUOUS
10
1.8239629133858268
20
0.7766809842519685
11
1.8224562992125983
21
0.7766809842519685
0
LINE
8
BLACK
6
CONTINUOUS
10
1.8224562992125983
20
0.7766809842519685
11
1.8213909448818897
21
0.7777463385826772
0
LINE
8
BLACK
6
CONTINUOUS
10
1.8213909448818897
20
0.7777463385826772
11
1.8212411023622046
21
0.7784996456692913
0
LINE
8
BLACK
6
CONTINUOUS
10
1.8212411023622046
20
0.7784996456692913
11
1.8212411023622046
21
0.7830928346456693
0
LINE
8
BLACK
6
CONTINUOUS
10
1.8212411023622046
20
0.7830928346456693
11
1.8138357874015747
21
0.7830928346456693
0
LINE
8
BLACK
6
CONTINUOUS
10
1.8138357874015747
20
0.7830928346456693
11
1.8130824803149606
21
0.7832426771653543
0
LINE
8
BLACK
6
CONTINUOUS
10
1.8130824803149606
20
0.7832426771653543
11
1.8128533858267717
21
0.7834717716535433
0
LINE
8
BLACK
6
CONTINUOUS
10
1.8128533858267717
20
0.7834717716535433
11
1.8125460236220472
21
0.7835742125984252
0
LINE
8
BLACK
6
CONTINUOUS
10
1.8125460236220472
20
0.7835742125984252
11
1.8123411023622047
21
0.7839840551181102
0
LINE
8
BLACK
6
CONTINUOUS
10
1.8123411023622047
20
0.7839840551181102
11
1.8120171259842519
21
0.784308031496063
0
LINE
8
BLACK
6
CONTINUOUS
10
1.8120171259842519
20
0.784308031496063
11
1.8120171259842519
21
0.7846320472440945
0
LINE
8
BLACK
6
CONTINUOUS
10
1.8120171259842519
20
0.7846320472440945
11
1.8118722440944881
21
0.784921811023622
0
LINE
8
BLACK
6
CONTINUOUS
10
1.8118722440944881
20
0.784921811023622
11
1.8119683070866142
21
0.7856838188976378
0
LINE
8
BLACK
6
CONTINUOUS
10
1.8119683070866142
20
0.7856838188976378
11
1.8166551968503937
21
0.7997445669291339
0
LINE
8
BLACK
6
CONTINUOUS
10
1.8166551968503937
20
0.7997445669291339
11
1.8170355511811023
21
0.800411811023622
0
LINE
8
BLACK
6
CONTINUOUS
10
1.8170355511811023
20
0.800411811023622
11
1.8183831496062992
21
0.8010856299212599
0
LINE
8
BLACK
6
CONTINUOUS
10
1.8183831496062992
20
0.8010856299212599
11
1.8198124409448819
21
0.8006091732283465
0
LINE
8
BLACK
6
CONTINUOUS
10
1.6985417716535434
20
1.2201521653543306
11
1.6998201968503936
21
1.2188737401574803
0
LINE
8
BLACK
6
CONTINUOUS
10
1.6998201968503936
20
1.2188737401574803
11
1.7
21
1.2179697637795275
0
LINE
8
BLACK
6
CONTINUOUS
10
1.7
20
1.2179697637795275
11
1.7
21
0.8541902362204724
0
LINE
8
BLACK
6
CONTINUOUS
10
1.7
20
0.8541902362204724
11
1.6998201968503936
21
0.8532862598425197
0
LINE
8
BLACK
6
CONTINUOUS
10
1.6998201968503936
20
0.8532862598425197
11
1.6985417716535434
21
0.8520078346456693
0
LINE
8
BLACK
6
CONTINUOUS
10
1.6985417716535434
20
0.8520078346456693
11
1.6976377952755906
21
0.851828031496063
0
LINE
8
BLACK
6
CONTINUOUS
10
1.6976377952755906
20
0.851828031496063
11
1.1763779527559055
21
0.851828031496063
0
LINE
8
BLACK
6
CONTINUOUS
10
1.1763779527559055
20
0.851828031496063
11
1.1754739763779527
21
0.8520078346456693
0
LINE
8
BLACK
6
CONTINUOUS
10
1.1754739763779527
20
0.8520078346456693
11
1.1741955511811024
21
0.8532862598425197
0
LINE
8
BLACK
6
CONTINUOUS
10
1.1741955511811024
20
0.8532862598425197
11
1.1740157480314961
21
0.8541902362204724
0
LINE
8
BLACK
6
CONTINUOUS
10
1.1740157480314961
20
0.8541902362204724
11
1.1740157480314961
21
1.2179697637795275
0
LINE
8
BLACK
6
CONTINUOUS
10
1.1740157480314961
20
1.2179697637795275
11
1.1741955511811024
21
1.2188737401574803
0
LINE
8
BLACK
6
CONTINUOUS
10
1.1741955511811024
20
1.2188737401574803
11
1.1754739763779527
21
1.2201521653543306
0
LINE
8
BLACK
6
CONTINUOUS
10
1.1754739763779527
20
1.2201521653543306
11
1.1763779527559055
21
1.2203319685039369
0
LINE
8
BLACK
6
CONTINUOUS
10
1.1763779527559055
20
1.2203319685039369
11
1.6976377952755906
21
1.2203319685039369
0
LINE
8
BLACK
6
CONTINUOUS
10
1.6976377952755906
20
1.2203319685039369
11
1.6985417716535434
21
1.2201521653543306
0
LINE
8
BLACK
6
CONTINUOUS
10
1.1787401574803149
20
1.2156075590551181
11
1.1787401574803149
21
0.8565524409448819
0
LINE
8
BLACK
6
CONTINUOUS
10
1.1787401574803149
20
0.8565524409448819
11
1.2181102362204723
21
0.8565524409448819
0
LINE
8
BLACK
6
CONTINUOUS
10
1.2181102362204723
20
0.8565524409448819
11
1.2181102362204723
21
1.2156075590551181
0
LINE
8
BLACK
6
CONTINUOUS
10
1.2181102362204723
20
1.2156075590551181
11
1.1787401574803149
21
1.2156075590551181
0
LINE
8
BLACK
6
CONTINUOUS
10
1.2228346456692913
20
1.2156075590551181
11
1.2228346456692913
21
0.8565524409448819
0
LINE
8
BLACK
6
CONTINUOUS
10
1.2228346456692913
20
0.8565524409448819
11
1.6511811023622047
21
0.8565524409448819
0
LINE
8
BLACK
6
CONTINUOUS
10
1.6511811023622047
20
0.8565524409448819
11
1.6511811023622047
21
1.2156075590551181
0
LINE
8
BLACK
6
CONTINUOUS
10
1.6511811023622047
20
1.2156075590551181
11
1.2228346456692913
21
1.2156075590551181
0
LINE
8
BLACK
6
CONTINUOUS
10
1.6559055118110235
20
1.2156075590551181
11
1.6559055118110235
21
0.8565524409448819
0
LINE
8
BLACK
6
CONTINUOUS
10
1.6559055118110235
20
0.8565524409448819
11
1.6952755905511812
21
0.8565524409448819
0
LINE
8
BLACK
6
CONTINUOUS
10
1.6952755905511812
20
0.8565524409448819
11
1.6952755905511812
21
1.2156075590551181
0
LINE
8
BLACK
6
CONTINUOUS
10
1.6952755905511812
20
1.2156075590551181
11
1.6559055118110235
21
1.2156075590551181
0
LINE
8
BLACK
6
CONTINUOUS
10
0.307673031496063
20
1.0673702755905512
11
0.3078312204724409
21
1.0673814960629922
0
LINE
8
BLACK
6
CONTINUOUS
10
0.3078312204724409
20
1.0673814960629922
11
0.3080391732283465
21
1.0673342125984251
0
LINE
8
BLACK
6
CONTINUOUS
10
0.3080391732283465
20
1.0673342125984251
11
0.3082513385826772
21
1.0673133070866141
0
LINE
8
BLACK
6
CONTINUOUS
10
0.3082513385826772
20
1.0673133070866141
11
0.3083977165354331
21
1.0672526771653543
0
LINE
8
BLACK
6
CONTINUOUS
10
0.3083977165354331
20
1.0672526771653543
11
0.3089781496062992
21
1.0671206692913386
0
LINE
8
BLACK
6
CONTINUOUS
10
0.3089781496062992
20
1.0671206692913386
11
0.3175496062992126
21
1.0642635433070866
0
LINE
8
BLACK
6
CONTINUOUS
10
0.3175496062992126
20
1.0642635433070866
11
0.3186236614173228
21
1.0637840551181101
0
LINE
8
BLACK
6
CONTINUOUS
10
0.3186236614173228
20
1.0637840551181101
11
0.3187865748031496
21
1.0636427559055117
0
LINE
8
BLACK
6
CONTINUOUS
10
0.3187865748031496
20
1.0636427559055117
11
0.3189856692913386
21
1.0635602755905511
0
LINE
8
BLACK
6
CONTINUOUS
10
0.3189856692913386
20
1.0635602755905511
11
0.3198948818897638
21
1.062814094488189
0
LINE
8
BLACK
6
CONTINUOUS
10
0.3198948818897638
20
1.062814094488189
11
0.3256091732283464
21
1.0570998031496062
0
LINE
8
BLACK
6
CONTINUOUS
10
0.3256091732283464
20
1.0570998031496062
11
0.3263553543307087
21
1.056190590551181
0
LINE
8
BLACK
6
CONTINUOUS
10
0.3263553543307087
20
1.056190590551181
11
0.3264378346456693
21
1.0559914566929134
0
LINE
8
BLACK
6
CONTINUOUS
10
0.3264378346456693
20
1.0559914566929134
11
0.3265791338582677
21
1.0558285433070866
0
LINE
8
BLACK
6
CONTINUOUS
10
0.3265791338582677
20
1.0558285433070866
11
0.3270586220472441
21
1.0547545275590551
0
LINE
8
BLACK
6
CONTINUOUS
10
0.3270586220472441
20
1.0547545275590551
11
0.3299157874015748
21
1.0461831102362205
0
LINE
8
BLACK
6
CONTINUOUS
10
0.3299157874015748
20
1.0461831102362205
11
0.3300477559055118
21
1.0456026377952756
0
LINE
8
BLACK
6
CONTINUOUS
10
0.3300477559055118
20
1.0456026377952756
11
0.3301083858267717
21
1.0454562992125984
0
LINE
8
BLACK
6
CONTINUOUS
10
0.3301083858267717
20
1.0454562992125984
11
0.330129251968504
21
1.0452441732283464
0
LINE
8
BLACK
6
CONTINUOUS
10
0.330129251968504
20
1.0452441732283464
11
0.3301765748031496
21
1.0450361417322835
0
LINE
8
BLACK
6
CONTINUOUS
10
0.3301765748031496
20
1.0450361417322835
11
0.3301653149606299
21
1.0448780314960631
0
LINE
8
BLACK
6
CONTINUOUS
10
0.3301653149606299
20
1.0448780314960631
11
0.3302236614173228
21
1.044285748031496
0
LINE
8
BLACK
6
CONTINUOUS
10
0.3302236614173228
20
1.044285748031496
11
0.3302236614173228
21
1.0385714566929134
0
LINE
8
BLACK
6
CONTINUOUS
10
0.3302236614173228
20
1.0385714566929134
11
0.3301083858267717
21
1.037400905511811
0
LINE
8
BLACK
6
CONTINUOUS
10
0.3301083858267717
20
1.037400905511811
11
0.3292124803149606
21
1.035238031496063
0
LINE
8
BLACK
6
CONTINUOUS
10
0.3292124803149606
20
1.035238031496063
11
0.3275570866141732
21
1.0335826377952755
0
LINE
8
BLACK
6
CONTINUOUS
10
0.3275570866141732
20
1.0335826377952755
11
0.3253942125984252
21
1.0326867322834645
0
LINE
8
BLACK
6
CONTINUOUS
10
0.3253942125984252
20
1.0326867322834645
11
0.3230531102362205
21
1.0326867322834645
0
LINE
8
BLACK
6
CONTINUOUS
10
0.3230531102362205
20
1.0326867322834645
11
0.3208902362204724
21
1.0335826377952755
0
LINE
8
BLACK
6
CONTINUOUS
10
0.3208902362204724
20
1.0335826377952755
11
0.319234842519685
21
1.035238031496063
0
LINE
8
BLACK
6
CONTINUOUS
10
0.319234842519685
20
1.035238031496063
11
0.318338937007874
21
1.037400905511811
0
LINE
8
BLACK
6
CONTINUOUS
10
0.318338937007874
20
1.037400905511811
11
0.3182236614173228
21
1.0385714566929134
0
LINE
8
BLACK
6
CONTINUOUS
10
0.3182236614173228
20
1.0385714566929134
11
0.3182236614173228
21
1.0433121653543307
0
LINE
8
BLACK
6
CONTINUOUS
10
0.3182236614173228
20
1.0433121653543307
11
0.3161223228346456
21
1.0496161023622046
0
LINE
8
BLACK
6
CONTINUOUS
10
0.3161223228346456
20
1.0496161023622046
11
0.3124111811023622
21
1.0533272440944881
0
LINE
8
BLACK
6
CONTINUOUS
10
0.3124111811023622
20
1.0533272440944881
11
0.3061071653543307
21
1.0554285826771654
0
LINE
8
BLACK
6
CONTINUOUS
10
0.3061071653543307
20
1.0554285826771654
11
0.2642236614173228
21
1.0554285826771654
0
LINE
8
BLACK
6
CONTINUOUS
10
0.2642236614173228
20
1.0554285826771654
11
0.2630531102362205
21
1.0555438582677166
0
LINE
8
BLACK
6
CONTINUOUS
10
0.2630531102362205
20
1.0555438582677166
11
0.2608902362204724
21
1.0564397637795275
0
LINE
8
BLACK
6
CONTINUOUS
10
0.2608902362204724
20
1.0564397637795275
11
0.259234842519685
21
1.058095157480315
0
LINE
8
BLACK
6
CONTINUOUS
10
0.259234842519685
20
1.058095157480315
11
0.258338937007874
21
1.060258031496063
0
LINE
8
BLACK
6
CONTINUOUS
10
0.258338937007874
20
1.060258031496063
11
0.258338937007874
21
1.0625991338582677
0
LINE
8
BLACK
6
CONTINUOUS
10
0.258338937007874
20
1.0625991338582677
11
0.259234842519685
21
1.0647620078740156
0
LINE
8
BLACK
6
CONTINUOUS
10
0.259234842519685
20
1.0647620078740156
11
0.2608902362204724
21
1.0664174015748031
0
LINE
8
BLACK
6
CONTINUOUS
10
0.2608902362204724
20
1.0664174015748031
11
0.2630531102362205
21
1.0673133070866141
0
LINE
8
BLACK
6
CONTINUOUS
10
0.2630531102362205
20
1.0673133070866141
11
0.2642236614173228
21
1.0674285826771652
0
LINE
8
BLACK
6
CONTINUOUS
10
0.2642236614173228
20
1.0674285826771652
11
0.3070807874015748
21
1.0674285826771652
0
LINE
8
BLACK
6
CONTINUOUS
10
0.3070807874015748
20
1.0674285826771652
11
0.307673031496063
21
1.0673702755905512
0
LINE
8
BLACK
6
CONTINUOUS
10
0.3275570866141732
20
1.1264174015748032
11
0.3292124803149606
21
1.1247620078740157
0
LINE
8
BLACK
6
CONTINUOUS
10
0.3292124803149606
20
1.1247620078740157
11
0.3301083858267717
21
1.1225991338582677
0
LINE
8
BLACK
6
CONTINUOUS
10
0.3301083858267717
20
1.1225991338582677
11
0.3302236614173228
21
1.1214285826771653
0
LINE
8
BLACK
6
CONTINUOUS
10
0.3302236614173228
20
1.1214285826771653
11
0.3302236614173228
21
1.0871428740157481
0
LINE
8
BLACK
6
CONTINUOUS
10
0.3302236614173228
20
1.0871428740157481
11
0.3301083858267717
21
1.0859723228346456
0
LINE
8
BLACK
6
CONTINUOUS
10
0.3301083858267717
20
1.0859723228346456
11
0.3292124803149606
21
1.0838094488188976
0
LINE
8
BLACK
6
CONTINUOUS
10
0.3292124803149606
20
1.0838094488188976
11
0.3275570866141732
21
1.0821540551181101
0
LINE
8
BLACK
6
CONTINUOUS
10
0.3275570866141732
20
1.0821540551181101
11
0.3253942125984252
21
1.0812581496062992
0
LINE
8
BLACK
6
CONTINUOUS
10
0.3253942125984252
20
1.0812581496062992
11
0.3230531102362205
21
1.0812581496062992
0
LINE
8
BLACK
6
CONTINUOUS
10
0.3230531102362205
20
1.0812581496062992
11
0.3208902362204724
21
1.0821540551181101
0
LINE
8
BLACK
6
CONTINUOUS
10
0.3208902362204724
20
1.0821540551181101
11
0.319234842519685
21
1.0838094488188976
0
LINE
8
BLACK
6
CONTINUOUS
10
0.319234842519685
20
1.0838094488188976
11
0.318338937007874
21
1.0859723228346456
0
LINE
8
BLACK
6
CONTINUOUS
10
0.318338937007874
20
1.0859723228346456
11
0.3182236614173228
21
1.0871428740157481
0
LINE
8
BLACK
6
CONTINUOUS
10
0.3182236614173228
20
1.0871428740157481
11
0.3182236614173228
21
1.098285748031496
0
LINE
8
BLACK
6
CONTINUOUS
10
0.3182236614173228
20
1.098285748031496
11
0.281566062992126
21
1.098285748031496
0
LINE
8
BLACK
6
CONTINUOUS
10
0.281566062992126
20
1.098285748031496
11
0.2827520078740157
21
1.0970998031496062
0
LINE
8
BLACK
6
CONTINUOUS
10
0.2827520078740157
20
1.0970998031496062
11
0.2831296062992126
21
1.0966397244094488
0
LINE
8
BLACK
6
CONTINUOUS
10
0.2831296062992126
20
1.0966397244094488
11
0.2832493307086614
21
1.0965358661417322
0
LINE
8
BLACK
6
CONTINUOUS
10
0.2832493307086614
20
1.0965358661417322
11
0.2833629527559055
21
1.0963553937007873
0
LINE
8
BLACK
6
CONTINUOUS
10
0.2833629527559055
20
1.0963553937007873
11
0.283498188976378
21
1.0961905905511811
0
LINE
8
BLACK
6
CONTINUOUS
10
0.283498188976378
20
1.0961905905511811
11
0.283558779527559
21
1.0960442913385826
0
LINE
8
BLACK
6
CONTINUOUS
10
0.283558779527559
20
1.0960442913385826
11
0.2838759448818898
21
1.0955404724409448
0
LINE
8
BLACK
6
CONTINUOUS
10
0.2838759448818898
20
1.0955404724409448
11
0.2867331102362204
21
1.0898261811023622
0
LINE
8
BLACK
6
CONTINUOUS
10
0.2867331102362204
20
1.0898261811023622
11
0.2871534645669291
21
1.0887276377952755
0
LINE
8
BLACK
6
CONTINUOUS
10
0.2871534645669291
20
1.0887276377952755
11
0.2873194094488189
21
1.086392440944882
0
LINE
8
BLACK
6
CONTINUOUS
10
0.2873194094488189
20
1.086392440944882
11
0.2865791338582677
21
1.084171496062992
0
LINE
8
BLACK
6
CONTINUOUS
10
0.2865791338582677
20
1.084171496062992
11
0.2850452362204725
21
1.0824029133858268
0
LINE
8
BLACK
6
CONTINUOUS
10
0.2850452362204725
20
1.0824029133858268
11
0.2829512992125984
21
1.0813559448818897
0
LINE
8
BLACK
6
CONTINUOUS
10
0.2829512992125984
20
1.0813559448818897
11
0.2806161023622047
21
1.0811899999999999
0
LINE
8
BLACK
6
CONTINUOUS
10
0.2806161023622047
20
1.0811899999999999
11
0.278395157480315
21
1.0819302755905511
0
LINE
8
BLACK
6
CONTINUOUS
10
0.278395157480315
20
1.0819302755905511
11
0.2766265748031496
21
1.0834641732283465
0
LINE
8
BLACK
6
CONTINUOUS
10
0.2766265748031496
20
1.0834641732283465
11
0.2759999606299213
21
1.0844595669291339
0
LINE
8
BLACK
6
CONTINUOUS
10
0.2759999606299213
20
1.0844595669291339
11
0.2735781889763779
21
1.0893030708661418
0
LINE
8
BLACK
6
CONTINUOUS
10
0.2735781889763779
20
1.0893030708661418
11
0.2689724409448819
21
1.0939088188976378
0
LINE
8
BLACK
6
CONTINUOUS
10
0.2689724409448819
20
1.0939088188976378
11
0.2608954724409449
21
1.099293464566929
0
LINE
8
BLACK
6
CONTINUOUS
10
0.2608954724409449
20
1.099293464566929
11
0.2608922440944882
21
1.0992961023622048
0
LINE
8
BLACK
6
CONTINUOUS
10
0.2608922440944882
20
1.0992961023622048
11
0.2608902362204724
21
1.0992969291338583
0
LINE
8
BLACK
6
CONTINUOUS
10
0.2608902362204724
20
1.0992969291338583
11
0.2608856692913386
21
1.0993014960629921
0
LINE
8
BLACK
6
CONTINUOUS
10
0.2608856692913386
20
1.0993014960629921
11
0.2599854330708661
21
1.1000386614173228
0
LINE
8
BLACK
6
CONTINUOUS
10
0.2599854330708661
20
1.1000386614173228
11
0.259654842519685
21
1.1005323228346457
0
LINE
8
BLACK
6
CONTINUOUS
10
0.259654842519685
20
1.1005323228346457
11
0.259234842519685
21
1.1009523228346456
0
LINE
8
BLACK
6
CONTINUOUS
10
0.259234842519685
20
1.1009523228346456
11
0.259009842519685
21
1.1014954724409449
0
LINE
8
BLACK
6
CONTINUOUS
10
0.259009842519685
20
1.1014954724409449
11
0.2586827952755906
21
1.1019838582677166
0
LINE
8
BLACK
6
CONTINUOUS
10
0.2586827952755906
20
1.1019838582677166
11
0.2585662992125984
21
1.1025662992125984
0
LINE
8
BLACK
6
CONTINUOUS
10
0.2585662992125984
20
1.1025662992125984
11
0.258338937007874
21
1.1031151968503936
0
LINE
8
BLACK
6
CONTINUOUS
10
0.258338937007874
20
1.1031151968503936
11
0.258338937007874
21
1.1037031496062992
0
LINE
8
BLACK
6
CONTINUOUS
10
0.258338937007874
20
1.1037031496062992
11
0.2582236614173228
21
1.1042794881889764
0
LINE
8
BLACK
6
CONTINUOUS
10
0.2582236614173228
20
1.1042794881889764
11
0.258338937007874
21
1.1048622440944882
0
LINE
8
BLACK
6
CONTINUOUS
10
0.258338937007874
20
1.1048622440944882
11
0.258338937007874
21
1.1054562992125985
0
LINE
8
BLACK
6
CONTINUOUS
10
0.258338937007874
20
1.1054562992125985
11
0.2585638582677166
21
1.1059993307086613
0
LINE
8
BLACK
6
CONTINUOUS
10
0.2585638582677166
20
1.1059993307086613
11
0.2586779527559055
21
1.106576062992126
0
LINE
8
BLACK
6
CONTINUOUS
10
0.2586779527559055
20
1.106576062992126
11
0.2590075196850394
21
1.1070704724409448
0
LINE
8
BLACK
6
CONTINUOUS
10
0.2590075196850394
20
1.1070704724409448
11
0.259234842519685
21
1.1076191732283465
0
LINE
8
BLACK
6
CONTINUOUS
10
0.259234842519685
20
1.1076191732283465
11
0.2596503937007874
21
1.1080347637795276
0
LINE
8
BLACK
6
CONTINUOUS
10
0.2596503937007874
20
1.1080347637795276
11
0.2599765748031496
21
1.1085239763779526
0
LINE
8
BLACK
6
CONTINUOUS
10
0.2599765748031496
20
1.1085239763779526
11
0.2604701968503937
21
1.1088545669291339
0
LINE
8
BLACK
6
CONTINUOUS
10
0.2604701968503937
20
1.1088545669291339
11
0.2608902362204724
21
1.1092745669291337
0
LINE
8
BLACK
6
CONTINUOUS
10
0.2608902362204724
20
1.1092745669291337
11
0.2614333464566929
21
1.1094995669291339
0
LINE
8
BLACK
6
CONTINUOUS
10
0.2614333464566929
20
1.1094995669291339
11
0.2619217716535433
21
1.1098266141732283
0
LINE
8
BLACK
6
CONTINUOUS
10
0.2619217716535433
20
1.1098266141732283
11
0.2625041732283465
21
1.1099431102362205
0
LINE
8
BLACK
6
CONTINUOUS
10
0.2625041732283465
20
1.1099431102362205
11
0.2630531102362205
21
1.1101704724409449
0
LINE
8
BLACK
6
CONTINUOUS
10
0.2630531102362205
20
1.1101704724409449
11
0.2642112992125984
21
1.1102845669291339
0
LINE
8
BLACK
6
CONTINUOUS
10
0.2642112992125984
20
1.1102845669291339
11
0.2642174015748032
21
1.110285748031496
0
LINE
8
BLACK
6
CONTINUOUS
10
0.2642174015748032
20
1.110285748031496
11
0.2642194488188976
21
1.1102853543307087
0
LINE
8
BLACK
6
CONTINUOUS
10
0.2642194488188976
20
1.1102853543307087
11
0.2642236614173228
21
1.110285748031496
0
LINE
8
BLACK
6
CONTINUOUS
10
0.2642236614173228
20
1.110285748031496
11
0.3182236614173228
21
1.110285748031496
0
LINE
8
BLACK
6
CONTINUOUS
10
0.3182236614173228
20
1.110285748031496
11
0.3182236614173228
21
1.1214285826771653
0
LINE
8
BLACK
6
CONTINUOUS
10
0.3182236614173228
20
1.1214285826771653
11
0.318338937007874
21
1.1225991338582677
0
LINE
8
BLACK
6
CONTINUOUS
10
0.318338937007874
20
1.1225991338582677
11
0.319234842519685
21
1.1247620078740157
0
LINE
8
BLACK
6
CONTINUOUS
10
0.319234842519685
20
1.1247620078740157
11
0.3208902362204724
21
1.1264174015748032
0
LINE
8
BLACK
6
CONTINUOUS
10
0.3208902362204724
20
1.1264174015748032
11
0.3230531102362205
21
1.1273133070866141
0
LINE
8
BLACK
6
CONTINUOUS
10
0.3230531102362205
20
1.1273133070866141
11
0.3253942125984252
21
1.1273133070866141
0
LINE
8
BLACK
6
CONTINUOUS
10
0.3253942125984252
20
1.1273133070866141
11
0.3275570866141732
21
1.1264174015748032
0
LINE
8
BLACK
6
CONTINUOUS
10
0.3139656299212598
20
1.1844561811023622
11
0.314164842519685
21
1.1843736614173228
0
LINE
8
BLACK
6
CONTINUOUS
10
0.314164842519685
20
1.1843736614173228
11
0.3143798031496063
21
1.1843583858267717
0
LINE
8
BLACK
6
CONTINUOUS
10
0.3143798031496063
20
1.1843583858267717
11
0.3154783464566929
21
1.183938031496063
0
LINE
8
BLACK
6
CONTINUOUS
10
0.3154783464566929
20
1.183938031496063
11
0.3211926377952756
21
1.181080905511811
0
LINE
8
BLACK
6
CONTINUOUS
10
0.3211926377952756
20
1.181080905511811
11
0.3216963779527559
21
1.1807638188976377
0
LINE
8
BLACK
6
CONTINUOUS
10
0.3216963779527559
20
1.1807638188976377
11
0.3218427952755906
21
1.1807031496062992
0
LINE
8
BLACK
6
CONTINUOUS
10
0.3218427952755906
20
1.1807031496062992
11
0.3220075984251968
21
1.1805679133858267
0
LINE
8
BLACK
6
CONTINUOUS
10
0.3220075984251968
20
1.1805679133858267
11
0.3221880708661417
21
1.1804542913385827
0
LINE
8
BLACK
6
CONTINUOUS
10
0.3221880708661417
20
1.1804542913385827
11
0.3222918897637795
21
1.1803346062992126
0
LINE
8
BLACK
6
CONTINUOUS
10
0.3222918897637795
20
1.1803346062992126
11
0.3227520078740158
21
1.1799569685039371
0
LINE
8
BLACK
6
CONTINUOUS
10
0.3227520078740158
20
1.1799569685039371
11
0.3256091732283464
21
1.1770998031496063
0
LINE
8
BLACK
6
CONTINUOUS
10
0.3256091732283464
20
1.1770998031496063
11
0.3259867716535433
21
1.1766397244094489
0
LINE
8
BLACK
6
CONTINUOUS
10
0.3259867716535433
20
1.1766397244094489
11
0.3261064960629921
21
1.1765358661417322
0
LINE
8
BLACK
6
CONTINUOUS
10
0.3261064960629921
20
1.1765358661417322
11
0.3262200787401575
21
1.1763554330708661
0
LINE
8
BLACK
6
CONTINUOUS
10
0.3262200787401575
20
1.1763554330708661
11
0.3263553543307087
21
1.1761905905511811
0
LINE
8
BLACK
6
CONTINUOUS
10
0.3263553543307087
20
1.1761905905511811
11
0.3264159842519685
21
1.1760442125984252
0
LINE
8
BLACK
6
CONTINUOUS
10
0.3264159842519685
20
1.1760442125984252
11
0.3267331102362205
21
1.1755404330708661
0
LINE
8
BLACK
6
CONTINUOUS
10
0.3267331102362205
20
1.1755404330708661
11
0.3295902362204725
21
1.1698261811023623
0
LINE
8
BLACK
6
CONTINUOUS
10
0.3295902362204725
20
1.1698261811023623
11
0.3300106299212598
21
1.1687276771653543
0
LINE
8
BLACK
6
CONTINUOUS
10
0.3300106299212598
20
1.1687276771653543
11
0.330025905511811
21
1.1685125984251967
0
LINE
8
BLACK
6
CONTINUOUS
10
0.330025905511811
20
1.1685125984251967
11
0.3301083858267717
21
1.1683134645669291
0
LINE
8
BLACK
6
CONTINUOUS
10
0.3301083858267717
20
1.1683134645669291
11
0.3302236614173228
21
1.1671429133858267
0
LINE
8
BLACK
6
CONTINUOUS
10
0.3302236614173228
20
1.1671429133858267
11
0.3302236614173228
21
1.1500000393700787
0
LINE
8
BLACK
6
CONTINUOUS
10
0.3302236614173228
20
1.1500000393700787
11
0.3301083858267717
21
1.1488294881889765
0
LINE
8
BLACK
6
CONTINUOUS
10
0.3301083858267717
20
1.1488294881889765
11
0.330025905511811
21
1.1486303937007873
0
LINE
8
BLACK
6
CONTINUOUS
10
0.330025905511811
20
1.1486303937007873
11
0.3300106299212598
21
1.14841531496063
0
LINE
8
BLACK
6
CONTINUOUS
10
0.3300106299212598
20
1.14841531496063
11
0.3295902362204725
21
1.1473167716535433
0
LINE
8
BLACK
6
CONTINUOUS
10
0.3295902362204725
20
1.1473167716535433
11
0.3267331102362205
21
1.1416024803149607
0
LINE
8
BLACK
6
CONTINUOUS
10
0.3267331102362205
20
1.1416024803149607
11
0.3264159842519685
21
1.1410987007874016
0
LINE
8
BLACK
6
CONTINUOUS
10
0.3264159842519685
20
1.1410987007874016
11
0.3263553543307087
21
1.1409522834645669
0
LINE
8
BLACK
6
CONTINUOUS
10
0.3263553543307087
20
1.1409522834645669
11
0.3262201181102362
21
1.1407875196850394
0
LINE
8
BLACK
6
CONTINUOUS
10
0.3262201181102362
20
1.1407875196850394
11
0.3261065354330708
21
1.1406070472440946
0
LINE
8
BLACK
6
CONTINUOUS
10
0.3261065354330708
20
1.1406070472440946
11
0.3259867716535433
21
1.1405032283464567
0
LINE
8
BLACK
6
CONTINUOUS
10
0.3259867716535433
20
1.1405032283464567
11
0.3256091732283464
21
1.1400430708661418
0
LINE
8
BLACK
6
CONTINUOUS
10
0.3256091732283464
20
1.1400430708661418
11
0.322751968503937
21
1.1371859448818897
0
LINE
8
BLACK
6
CONTINUOUS
10
0.322751968503937
20
1.1371859448818897
11
0.3218427559055118
21
1.1364397637795276
0
LINE
8
BLACK
6
CONTINUOUS
10
0.3218427559055118
20
1.1364397637795276
11
0.3196798818897638
21
1.1355438976377952
0
LINE
8
BLACK
6
CONTINUOUS
10
0.3196798818897638
20
1.1355438976377952
11
0.3173387795275591
21
1.1355438976377952
0
LINE
8
BLACK
6
CONTINUOUS
10
0.3173387795275591
20
1.1355438976377952
11
0.315175905511811
21
1.1364398031496064
0
LINE
8
BLACK
6
CONTINUOUS
10
0.315175905511811
20
1.1364398031496064
11
0.3135205118110236
21
1.1380952362204724
0
LINE
8
BLACK
6
CONTINUOUS
10
0.3135205118110236
20
1.1380952362204724
11
0.3126246456692913
21
1.1402581102362204
0
LINE
8
BLACK
6
CONTINUOUS
10
0.3126246456692913
20
1.1402581102362204
11
0.3126246456692913
21
1.1425992125984252
0
LINE
8
BLACK
6
CONTINUOUS
10
0.3126246456692913
20
1.1425992125984252
11
0.3135205511811023
21
1.1447620866141732
0
LINE
8
BLACK
6
CONTINUOUS
10
0.3135205511811023
20
1.1447620866141732
11
0.3142667716535433
21
1.1456712992125984
0
LINE
8
BLACK
6
CONTINUOUS
10
0.3142667716535433
20
1.1456712992125984
11
0.3164353937007874
21
1.1478399212598425
0
LINE
8
BLACK
6
CONTINUOUS
10
0.3164353937007874
20
1.1478399212598425
11
0.3182236614173228
21
1.1514164566929133
0
LINE
8
BLACK
6
CONTINUOUS
10
0.3182236614173228
20
1.1514164566929133
11
0.3182236614173228
21
1.1657264960629921
0
LINE
8
BLACK
6
CONTINUOUS
10
0.3182236614173228
20
1.1657264960629921
11
0.3164353543307086
21
1.1693030708661416
0
LINE
8
BLACK
6
CONTINUOUS
10
0.3164353543307086
20
1.1693030708661416
11
0.3149552362204724
21
1.170783188976378
0
LINE
8
BLACK
6
CONTINUOUS
10
0.3149552362204724
20
1.170783188976378
11
0.3113786614173228
21
1.1725714566929133
0
LINE
8
BLACK
6
CONTINUOUS
10
0.3113786614173228
20
1.1725714566929133
11
0.2999257874015748
21
1.1725714566929133
0
LINE
8
BLACK
6
CONTINUOUS
10
0.2999257874015748
20
1.1725714566929133
11
0.2963492125984252
21
1.1707832283464568
0
LINE
8
BLACK
6
CONTINUOUS
10
0.2963492125984252
20
1.1707832283464568
11
0.2948690157480315
21
1.1693030314960631
0
LINE
8
BLACK
6
CONTINUOUS
10
0.2948690157480315
20
1.1693030314960631
11
0.2930807874015748
21
1.1657265354330708
0
LINE
8
BLACK
6
CONTINUOUS
10
0.2930807874015748
20
1.1657265354330708
11
0.2930807874015748
21
1.1585714566929133
0
LINE
8
BLACK
6
CONTINUOUS
10
0.2930807874015748
20
1.1585714566929133
11
0.2930198031496063
21
1.1579525984251968
0
LINE
8
BLACK
6
CONTINUOUS
10
0.2930198031496063
20
1.1579525984251968
11
0.2930303543307087
21
1.1577949212598424
0
LINE
8
BLACK
6
CONTINUOUS
10
0.2930303543307087
20
1.1577949212598424
11
0.2929935826771654
21
1.1576862992125985
0
LINE
8
BLACK
6
CONTINUOUS
10
0.2929935826771654
20
1.1576862992125985
11
0.2929655118110236
21
1.1574009055118111
0
LINE
8
BLACK
6
CONTINUOUS
10
0.2929655118110236
20
1.1574009055118111
11
0.2925926377952756
21
1.1565008267716534
0
LINE
8
BLACK
6
CONTINUOUS
10
0.2925926377952756
20
1.1565008267716534
11
0.2922803149606299
21
1.1555772440944883
0
LINE
8
BLACK
6
CONTINUOUS
10
0.2922803149606299
20
1.1555772440944883
11
0.2921470078740158
21
1.1554249212598424
0
LINE
8
BLACK
6
CONTINUOUS
10
0.2921470078740158
20
1.1554249212598424
11
0.2920696062992126
21
1.1552380314960629
0
LINE
8
BLACK
6
CONTINUOUS
10
0.2920696062992126
20
1.1552380314960629
11
0.2913807874015748
21
1.1545492519685039
0
LINE
8
BLACK
6
CONTINUOUS
10
0.2913807874015748
20
1.1545492519685039
11
0.2907387007874015
21
1.1538153937007873
0
LINE
8
BLACK
6
CONTINUOUS
10
0.2907387007874015
20
1.1538153937007873
11
0.2905572047244094
21
1.1537256692913385
0
LINE
8
BLACK
6
CONTINUOUS
10
0.2905572047244094
20
1.1537256692913385
11
0.2904142125984252
21
1.1535826377952756
0
LINE
8
BLACK
6
CONTINUOUS
10
0.2904142125984252
20
1.1535826377952756
11
0.2895139763779527
21
1.1532097637795276
0
LINE
8
BLACK
6
CONTINUOUS
10
0.2895139763779527
20
1.1532097637795276
11
0.2886401968503937
21
1.1527776377952756
0
LINE
8
BLACK
6
CONTINUOUS
10
0.2886401968503937
20
1.1527776377952756
11
0.2884382677165354
21
1.1527642125984252
0
LINE
8
BLACK
6
CONTINUOUS
10
0.2884382677165354
20
1.1527642125984252
11
0.2882513385826772
21
1.1526867322834646
0
LINE
8
BLACK
6
CONTINUOUS
10
0.2882513385826772
20
1.1526867322834646
11
0.287276811023622
21
1.1526867322834646
0
LINE
8
BLACK
6
CONTINUOUS
10
0.287276811023622
20
1.1526867322834646
11
0.2863042913385827
21
1.1526218897637794
0
LINE
8
BLACK
6
CONTINUOUS
10
0.2863042913385827
20
1.1526218897637794
11
0.2861125590551181
21
1.1526867322834646
0
LINE
8
BLACK
6
CONTINUOUS
10
0.2861125590551181
20
1.1526867322834646
11
0.2859102362204725
21
1.1526867322834646
0
LINE
8
BLACK
6
CONTINUOUS
10
0.2859102362204725
20
1.1526867322834646
11
0.2850099212598425
21
1.15305968503937
0
LINE
8
BLACK
6
CONTINUOUS
10
0.2850099212598425
20
1.15305968503937
11
0.2840866141732283
21
1.1533719291338582
0
LINE
8
BLACK
6
CONTINUOUS
10
0.2840866141732283
20
1.1533719291338582
11
0.283853188976378
21
1.1535388188976379
0
LINE
8
BLACK
6
CONTINUOUS
10
0.283853188976378
20
1.1535388188976379
11
0.2837473622047244
21
1.1535826377952756
0
LINE
8
BLACK
6
CONTINUOUS
10
0.2837473622047244
20
1.1535826377952756
11
0.2836357086614173
21
1.1536942913385826
0
LINE
8
BLACK
6
CONTINUOUS
10
0.2836357086614173
20
1.1536942913385826
11
0.2831297637795275
21
1.1540559842519684
0
LINE
8
BLACK
6
CONTINUOUS
10
0.2831297637795275
20
1.1540559842519684
11
0.2702236614173228
21
1.1653488582677165
0
LINE
8
BLACK
6
CONTINUOUS
10
0.2702236614173228
20
1.1653488582677165
11
0.2702236614173228
21
1.141428622047244
0
LINE
8
BLACK
6
CONTINUOUS
10
0.2702236614173228
20
1.141428622047244
11
0.2701083858267717
21
1.1402580708661416
0
LINE
8
BLACK
6
CONTINUOUS
10
0.2701083858267717
20
1.1402580708661416
11
0.2692124803149606
21
1.1380951968503936
0
LINE
8
BLACK
6
CONTINUOUS
10
0.2692124803149606
20
1.1380951968503936
11
0.2675570866141732
21
1.1364398031496064
0
LINE
8
BLACK
6
CONTINUOUS
10
0.2675570866141732
20
1.1364398031496064
11
0.2653942125984252
21
1.1355438976377952
0
LINE
8
BLACK
6
CONTINUOUS
10
0.2653942125984252
20
1.1355438976377952
11
0.2630531102362205
21
1.1355438976377952
0
LINE
8
BLACK
6
CONTINUOUS
10
0.2630531102362205
20
1.1355438976377952
11
0.2608902362204724
21
1.1364398031496064
0
LINE
8
BLACK
6
CONTINUOUS
10
0.2608902362204724
20
1.1364398031496064
11
0.259234842519685
21
1.1380951968503936
0
LINE
8
BLACK
6
CONTINUOUS
10
0.259234842519685
20
1.1380951968503936
11
0.258338937007874
21
1.1402580708661416
0
LINE
8
BLACK
6
CONTINUOUS
10
0.258338937007874
20
1.1402580708661416
11
0.2582236614173228
21
1.141428622047244
0
LINE
8
BLACK
6
CONTINUOUS
10
0.2582236614173228
20
1.141428622047244
11
0.2582236614173228
21
1.1785714566929133
0
LINE
8
BLACK
6
CONTINUOUS
10
0.2582236614173228
20
1.1785714566929133
11
0.2582846062992126
21
1.1791905511811023
0
LINE
8
BLACK
6
CONTINUOUS
10
0.2582846062992126
20
1.1791905511811023
11
0.2582741338582677
21
1.1793479527559054
0
LINE
8
BLACK
6
CONTINUOUS
10
0.2582741338582677
20
1.1793479527559054
11
0.2583107874015748
21
1.1794564173228346
0
LINE
8
BLACK
6
CONTINUOUS
10
0.2583107874015748
20
1.1794564173228346
11
0.258338937007874
21
1.1797420078740157
0
LINE
8
BLACK
6
CONTINUOUS
10
0.258338937007874
20
1.1797420078740157
11
0.2587119291338583
21
1.1806425196850394
0
LINE
8
BLACK
6
CONTINUOUS
10
0.2587119291338583
20
1.1806425196850394
11
0.2590241338582677
21
1.1815656299212598
0
LINE
8
BLACK
6
CONTINUOUS
10
0.2590241338582677
20
1.1815656299212598
11
0.2591574015748032
21
1.1817179527559054
0
LINE
8
BLACK
6
CONTINUOUS
10
0.2591574015748032
20
1.1817179527559054
11
0.259234842519685
21
1.1819048818897637
0
LINE
8
BLACK
6
CONTINUOUS
10
0.259234842519685
20
1.1819048818897637
11
0.259923937007874
21
1.1825939763779527
0
LINE
8
BLACK
6
CONTINUOUS
10
0.259923937007874
20
1.1825939763779527
11
0.2605657874015748
21
1.1833275196850392
0
LINE
8
BLACK
6
CONTINUOUS
10
0.2605657874015748
20
1.1833275196850392
11
0.2607471653543307
21
1.1834172440944881
0
LINE
8
BLACK
6
CONTINUOUS
10
0.2607471653543307
20
1.1834172440944881
11
0.2608902362204724
21
1.1835602755905512
0
LINE
8
BLACK
6
CONTINUOUS
10
0.2608902362204724
20
1.1835602755905512
11
0.2617905511811023
21
1.1839332283464568
0
LINE
8
BLACK
6
CONTINUOUS
10
0.2617905511811023
20
1.1839332283464568
11
0.2626642519685039
21
1.1843652755905512
0
LINE
8
BLACK
6
CONTINUOUS
10
0.2626642519685039
20
1.1843652755905512
11
0.2628661023622047
21
1.1843787401574803
0
LINE
8
BLACK
6
CONTINUOUS
10
0.2628661023622047
20
1.1843787401574803
11
0.2630531102362205
21
1.1844561811023622
0
LINE
8
BLACK
6
CONTINUOUS
10
0.2630531102362205
20
1.1844561811023622
11
0.2640279921259843
21
1.1844561811023622
0
LINE
8
BLACK
6
CONTINUOUS
10
0.2640279921259843
20
1.1844561811023622
11
0.265000157480315
21
1.1845209842519684
0
LINE
8
BLACK
6
CONTINUOUS
10
0.265000157480315
20
1.1845209842519684
11
0.2651917716535433
21
1.1844561811023622
0
LINE
8
BLACK
6
CONTINUOUS
10
0.2651917716535433
20
1.1844561811023622
11
0.2653942125984252
21
1.1844561811023622
0
LINE
8
BLACK
6
CONTINUOUS
10
0.2653942125984252
20
1.1844561811023622
11
0.2662946850393701
21
1.1840831889763779
0
LINE
8
BLACK
6
CONTINUOUS
10
0.2662946850393701
20
1.1840831889763779
11
0.2672178346456693
21
1.1837709842519686
0
LINE
8
BLACK
6
CONTINUOUS
10
0.2672178346456693
20
1.1837709842519686
11
0.267451220472441
21
1.1836041338582677
0
LINE
8
BLACK
6
CONTINUOUS
10
0.267451220472441
20
1.1836041338582677
11
0.2675570866141732
21
1.1835602755905512
0
LINE
8
BLACK
6
CONTINUOUS
10
0.2675570866141732
20
1.1835602755905512
11
0.2676687007874016
21
1.1834486614173227
0
LINE
8
BLACK
6
CONTINUOUS
10
0.2676687007874016
20
1.1834486614173227
11
0.2681746850393701
21
1.1830869291338582
0
LINE
8
BLACK
6
CONTINUOUS
10
0.2681746850393701
20
1.1830869291338582
11
0.282205905511811
21
1.1708095669291338
0
LINE
8
BLACK
6
CONTINUOUS
10
0.282205905511811
20
1.1708095669291338
11
0.2845714173228346
21
1.1755404724409448
0
LINE
8
BLACK
6
CONTINUOUS
10
0.2845714173228346
20
1.1755404724409448
11
0.2848884251968504
21
1.1760441732283464
0
LINE
8
BLACK
6
CONTINUOUS
10
0.2848884251968504
20
1.1760441732283464
11
0.2849490944881889
21
1.1761905511811024
0
LINE
8
BLACK
6
CONTINUOUS
10
0.2849490944881889
20
1.1761905511811024
11
0.2850843307086614
21
1.1763553543307086
0
LINE
8
BLACK
6
CONTINUOUS
10
0.2850843307086614
20
1.1763553543307086
11
0.2851979921259842
21
1.176535905511811
0
LINE
8
BLACK
6
CONTINUOUS
10
0.2851979921259842
20
1.176535905511811
11
0.2853177559055118
21
1.1766398031496064
0
LINE
8
BLACK
6
CONTINUOUS
10
0.2853177559055118
20
1.1766398031496064
11
0.2856952755905512
21
1.1770997637795275
0
LINE
8
BLACK
6
CONTINUOUS
10
0.2856952755905512
20
1.1770997637795275
11
0.2885524015748032
21
1.1799569685039371
0
LINE
8
BLACK
6
CONTINUOUS
10
0.2885524015748032
20
1.1799569685039371
11
0.2890125196850394
21
1.1803346062992126
0
LINE
8
BLACK
6
CONTINUOUS
10
0.2890125196850394
20
1.1803346062992126
11
0.2891163779527559
21
1.1804543307086615
0
LINE
8
BLACK
6
CONTINUOUS
10
0.2891163779527559
20
1.1804543307086615
11
0.289296811023622
21
1.1805679527559054
0
LINE
8
BLACK
6
CONTINUOUS
10
0.289296811023622
20
1.1805679527559054
11
0.2894616141732284
21
1.1807031496062992
0
LINE
8
BLACK
6
CONTINUOUS
10
0.2894616141732284
20
1.1807031496062992
11
0.2896079921259843
21
1.1807638188976377
0
LINE
8
BLACK
6
CONTINUOUS
10
0.2896079921259843
20
1.1807638188976377
11
0.290111811023622
21
1.181080905511811
0
LINE
8
BLACK
6
CONTINUOUS
10
0.290111811023622
20
1.181080905511811
11
0.2958261023622047
21
1.183938031496063
0
LINE
8
BLACK
6
CONTINUOUS
10
0.2958261023622047
20
1.183938031496063
11
0.2969246456692913
21
1.1843584251968504
0
LINE
8
BLACK
6
CONTINUOUS
10
0.2969246456692913
20
1.1843584251968504
11
0.29713968503937
21
1.1843737401574803
0
LINE
8
BLACK
6
CONTINUOUS
10
0.29713968503937
20
1.1843737401574803
11
0.2973388188976378
21
1.1844561811023622
0
LINE
8
BLACK
6
CONTINUOUS
10
0.2973388188976378
20
1.1844561811023622
11
0.2985093700787402
21
1.1845714566929133
0
LINE
8
BLACK
6
CONTINUOUS
10
0.2985093700787402
20
1.1845714566929133
11
0.3127950787401575
21
1.1845714566929133
0
LINE
8
BLACK
6
CONTINUOUS
10
0.3127950787401575
20
1.1845714566929133
11
0.3139656299212598
21
1.1844561811023622
0
LINE
8
BLACK
6
CONTINUOUS
10
0.9028574015748031
20
1.1719905118110236
11
0.9032571653543306
21
1.1719905118110236
0
LINE
8
BLACK
6
CONTINUOUS
10
0.9032571653543306
20
1.1719905118110236
11
0.9043215748031496
21
1.1715496062992126
0
LINE
8
BLACK
6
CONTINUOUS
10
0.9043215748031496
20
1.1715496062992126
11
0.9051362204724409
21
1.1707349606299213
0
LINE
8
BLACK
6
CONTINUOUS
10
0.9051362204724409
20
1.1707349606299213
11
0.905577125984252
21
1.1696705511811023
0
LINE
8
BLACK
6
CONTINUOUS
10
0.905577125984252
20
1.1696705511811023
11
0.9056338582677165
21
1.1690944881889764
0
LINE
8
BLACK
6
CONTINUOUS
10
0.9056338582677165
20
1.1690944881889764
11
0.9056338582677165
21
1.0509055118110235
0
LINE
8
BLACK
6
CONTINUOUS
10
0.9056338582677165
20
1.0509055118110235
11
0.905577125984252
21
1.0503294488188977
0
LINE
8
BLACK
6
CONTINUOUS
10
0.905577125984252
20
1.0503294488188977
11
0.9051362204724409
21
1.0492650393700786
0
LINE
8
BLACK
6
CONTINUOUS
10
0.9051362204724409
20
1.0492650393700786
11
0.9043215748031496
21
1.0484503937007874
0
LINE
8
BLACK
6
CONTINUOUS
10
0.9043215748031496
20
1.0484503937007874
11
0.9032571653543306
21
1.0480094881889763
0
LINE
8
BLACK
6
CONTINUOUS
10
0.9032571653543306
20
1.0480094881889763
11
0.9028574015748031
21
1.0480094881889763
0
LINE
8
BLACK
6
CONTINUOUS
10
0.9028574015748031
20
1.0480094881889763
11
0.9026811023622047
21
1.047992125984252
0
LINE
8
BLACK
6
CONTINUOUS
10
0.9026811023622047
20
1.047992125984252
11
0.8042598425196851
21
1.047992125984252
0
LINE
8
BLACK
6
CONTINUOUS
10
0.8042598425196851
20
1.047992125984252
11
0.8040835433070866
21
1.0480094881889763
0
LINE
8
BLACK
6
CONTINUOUS
10
0.8040835433070866
20
1.0480094881889763
11
0.803683779527559
21
1.0480094881889763
0
LINE
8
BLACK
6
CONTINUOUS
10
0.803683779527559
20
1.0480094881889763
11
0.8026193700787402
21
1.0484503937007874
0
LINE
8
BLACK
6
CONTINUOUS
10
0.8026193700787402
20
1.0484503937007874
11
0.8018047244094488
21
1.0492650393700786
0
LINE
8
BLACK
6
CONTINUOUS
10
0.8018047244094488
20
1.0492650393700786
11
0.8013638188976377
21
1.0503294488188977
0
LINE
8
BLACK
6
CONTINUOUS
10
0.8013638188976377
20
1.0503294488188977
11
0.8013070866141732
21
1.0509055118110235
0
LINE
8
BLACK
6
CONTINUOUS
10
0.8013070866141732
20
1.0509055118110235
11
0.8013070866141732
21
1.1690944881889764
0
LINE
8
BLACK
6
CONTINUOUS
10
0.8013070866141732
20
1.1690944881889764
11
0.8013638188976377
21
1.1696705511811023
0
LINE
8
BLACK
6
CONTINUOUS
10
0.8013638188976377
20
1.1696705511811023
11
0.8018047244094488
21
1.1707349606299213
0
LINE
8
BLACK
6
CONTINUOUS
10
0.8018047244094488
20
1.1707349606299213
11
0.8026193700787402
21
1.1715496062992126
0
LINE
8
BLACK
6
CONTINUOUS
10
0.8026193700787402
20
1.1715496062992126
11
0.803683779527559
21
1.1719905118110236
0
LINE
8
BLACK
6
CONTINUOUS
10
0.803683779527559
20
1.1719905118110236
11
0.8040835433070866
21
1.1719905118110236
0
LINE
8
BLACK
6
CONTINUOUS
10
0.8040835433070866
20
1.1719905118110236
11
0.8042598425196851
21
1.172007874015748
0
LINE
8
BLACK
6
CONTINUOUS
10
0.8042598425196851
20
1.172007874015748
11
0.9026811023622047
21
1.172007874015748
0
LINE
8
BLACK
6
CONTINUOUS
10
0.9026811023622047
20
1.172007874015748
11
0.9028574015748031
21
1.1719905118110236
0
LINE
8
BLACK
6
CONTINUOUS
10
0.8072125984251969
20
1.1661023622047244
11
0.8072125984251969
21
1.0538976377952756
0
LINE
8
BLACK
6
CONTINUOUS
10
0.8072125984251969
20
1.0538976377952756
11
0.8997283464566929
21
1.0538976377952756
0
LINE
8
BLACK
6
CONTINUOUS
10
0.8997283464566929
20
1.0538976377952756
11
0.8997283464566929
21
1.1661023622047244
0
LINE
8
BLACK
6
CONTINUOUS
10
0.8997283464566929
20
1.1661023622047244
11
0.8072125984251969
21
1.1661023622047244
0
LINE
8
BLACK
6
CONTINUOUS
10
0.307673031496063
20
1.2642206692913385
11
0.3078312204724409
21
1.2642318897637794
0
LINE
8
BLACK
6
CONTINUOUS
10
0.3078312204724409
20
1.2642318897637794
11
0.3080391732283465
21
1.2641846062992126
0
LINE
8
BLACK
6
CONTINUOUS
10
0.3080391732283465
20
1.2641846062992126
11
0.3082513385826772
21
1.2641637007874016
0
LINE
8
BLACK
6
CONTINUOUS
10
0.3082513385826772
20
1.2641637007874016
11
0.3083977165354331
21
1.2641030708661416
0
LINE
8
BLACK
6
CONTINUOUS
10
0.3083977165354331
20
1.2641030708661416
11
0.3089781496062992
21
1.2639710629921259
0
LINE
8
BLACK
6
CONTINUOUS
10
0.3089781496062992
20
1.2639710629921259
11
0.3175496062992126
21
1.2611139370078739
0
LINE
8
BLACK
6
CONTINUOUS
10
0.3175496062992126
20
1.2611139370078739
11
0.3186236614173228
21
1.2606344488188976
0
LINE
8
BLACK
6
CONTINUOUS
10
0.3186236614173228
20
1.2606344488188976
11
0.3187865748031496
21
1.2604931496062992
0
LINE
8
BLACK
6
CONTINUOUS
10
0.3187865748031496
20
1.2604931496062992
11
0.3189856692913386
21
1.2604106692913386
0
LINE
8
BLACK
6
CONTINUOUS
10
0.3189856692913386
20
1.2604106692913386
11
0.3198948818897638
21
1.2596644881889763
0
LINE
8
BLACK
6
CONTINUOUS
10
0.3198948818897638
20
1.2596644881889763
11
0.3256091732283464
21
1.2539501968503937
0
LINE
8
BLACK
6
CONTINUOUS
10
0.3256091732283464
20
1.2539501968503937
11
0.3263553543307087
21
1.2530409842519685
0
LINE
8
BLACK
6
CONTINUOUS
10
0.3263553543307087
20
1.2530409842519685
11
0.3264378346456693
21
1.2528418503937007
0
LINE
8
BLACK
6
CONTINUOUS
10
0.3264378346456693
20
1.2528418503937007
11
0.3265791338582677
21
1.2526789370078739
0
LINE
8
BLACK
6
CONTINUOUS
10
0.3265791338582677
20
1.2526789370078739
11
0.3270586220472441
21
1.2516049212598426
0
LINE
8
BLACK
6
CONTINUOUS
10
0.3270586220472441
20
1.2516049212598426
11
0.3299157874015748
21
1.243033503937008
0
LINE
8
BLACK
6
CONTINUOUS
10
0.3299157874015748
20
1.243033503937008
11
0.3300477559055118
21
1.2424530314960629
0
LINE
8
BLACK
6
CONTINUOUS
10
0.3300477559055118
20
1.2424530314960629
11
0.3301083858267717
21
1.2423066929133857
0
LINE
8
BLACK
6
CONTINUOUS
10
0.3301083858267717
20
1.2423066929133857
11
0.330129251968504
21
1.2420945669291339
0
LINE
8
BLACK
6
CONTINUOUS
10
0.330129251968504
20
1.2420945669291339
11
0.3301765748031496
21
1.2418865354330708
0
LINE
8
BLACK
6
CONTINUOUS
10
0.3301765748031496
20
1.2418865354330708
11
0.3301653149606299
21
1.2417284251968503
0
LINE
8
BLACK
6
CONTINUOUS
10
0.3301653149606299
20
1.2417284251968503
11
0.3302236614173228
21
1.2411361417322835
0
LINE
8
BLACK
6
CONTINUOUS
10
0.3302236614173228
20
1.2411361417322835
11
0.3302236614173228
21
1.2354218503937007
0
LINE
8
BLACK
6
CONTINUOUS
10
0.3302236614173228
20
1.2354218503937007
11
0.3301083858267717
21
1.2342512992125985
0
LINE
8
BLACK
6
CONTINUOUS
10
0.3301083858267717
20
1.2342512992125985
11
0.3292124803149606
21
1.2320884251968505
0
LINE
8
BLACK
6
CONTINUOUS
10
0.3292124803149606
20
1.2320884251968505
11
0.3275570866141732
21
1.230433031496063
0
LINE
8
BLACK
6
CONTINUOUS
10
0.3275570866141732
20
1.230433031496063
11
0.3253942125984252
21
1.229537125984252
0
LINE
8
BLACK
6
CONTINUOUS
10
0.3253942125984252
20
1.229537125984252
11
0.3230531102362205
21
1.229537125984252
0
LINE
8
BLACK
6
CONTINUOUS
10
0.3230531102362205
20
1.229537125984252
11
0.3208902362204724
21
1.230433031496063
0
LINE
8
BLACK
6
CONTINUOUS
10
0.3208902362204724
20
1.230433031496063
11
0.319234842519685
21
1.2320884251968505
0
LINE
8
BLACK
6
CONTINUOUS
10
0.319234842519685
20
1.2320884251968505
11
0.318338937007874
21
1.2342512992125985
0
LINE
8
BLACK
6
CONTINUOUS
10
0.318338937007874
20
1.2342512992125985
11
0.3182236614173228
21
1.2354218503937007
0
LINE
8
BLACK
6
CONTINUOUS
10
0.3182236614173228
20
1.2354218503937007
11
0.3182236614173228
21
1.2401625590551182
0
LINE
8
BLACK
6
CONTINUOUS
10
0.3182236614173228
20
1.2401625590551182
11
0.3161223228346456
21
1.2464664960629921
0
LINE
8
BLACK
6
CONTINUOUS
10
0.3161223228346456
20
1.2464664960629921
11
0.3124111811023622
21
1.2501776377952756
0
LINE
8
BLACK
6
CONTINUOUS
10
0.3124111811023622
20
1.2501776377952756
11
0.3061071653543307
21
1.2522789763779527
0
LINE
8
BLACK
6
CONTINUOUS
10
0.3061071653543307
20
1.2522789763779527
11
0.2642236614173228
21
1.2522789763779527
0
LINE
8
BLACK
6
CONTINUOUS
10
0.2642236614173228
20
1.2522789763779527
11
0.2630531102362205
21
1.2523942519685038
0
LINE
8
BLACK
6
CONTINUOUS
10
0.2630531102362205
20
1.2523942519685038
11
0.2608902362204724
21
1.253290157480315
0
LINE
8
BLACK
6
CONTINUOUS
10
0.2608902362204724
20
1.253290157480315
11
0.259234842519685
21
1.2549455511811023
0
LINE
8
BLACK
6
CONTINUOUS
10
0.259234842519685
20
1.2549455511811023
11
0.258338937007874
21
1.2571084251968503
0
LINE
8
BLACK
6
CONTINUOUS
10
0.258338937007874
20
1.2571084251968503
11
0.258338937007874
21
1.2594495275590551
0
LINE
8
BLACK
6
CONTINUOUS
10
0.258338937007874
20
1.2594495275590551
11
0.259234842519685
21
1.2616124015748031
0
LINE
8
BLACK
6
CONTINUOUS
10
0.259234842519685
20
1.2616124015748031
11
0.2608902362204724
21
1.2632677952755906
0
LINE
8
BLACK
6
CONTINUOUS
10
0.2608902362204724
20
1.2632677952755906
11
0.2630531102362205
21
1.2641637007874016
0
LINE
8
BLACK
6
CONTINUOUS
10
0.2630531102362205
20
1.2641637007874016
11
0.2642236614173228
21
1.2642789763779527
0
LINE
8
BLACK
6
CONTINUOUS
10
0.2642236614173228
20
1.2642789763779527
11
0.3070807874015748
21
1.2642789763779527
0
LINE
8
BLACK
6
CONTINUOUS
10
0.3070807874015748
20
1.2642789763779527
11
0.307673031496063
21
1.2642206692913385
0
LINE
8
BLACK
6
CONTINUOUS
10
0.3275570866141732
20
1.3232677952755905
11
0.3292124803149606
21
1.3216124015748032
0
LINE
8
BLACK
6
CONTINUOUS
10
0.3292124803149606
20
1.3216124015748032
11
0.3301083858267717
21
1.319449527559055
0
LINE
8
BLACK
6
CONTINUOUS
10
0.3301083858267717
20
1.319449527559055
11
0.3302236614173228
21
1.3182789763779528
0
LINE
8
BLACK
6
CONTINUOUS
10
0.3302236614173228
20
1.3182789763779528
11
0.3302236614173228
21
1.2839932677165353
0
LINE
8
BLACK
6
CONTINUOUS
10
0.3302236614173228
20
1.2839932677165353
11
0.3301083858267717
21
1.2828227165354331
0
LINE
8
BLACK
6
CONTINUOUS
10
0.3301083858267717
20
1.2828227165354331
11
0.3292124803149606
21
1.2806598425196851
0
LINE
8
BLACK
6
CONTINUOUS
10
0.3292124803149606
20
1.2806598425196851
11
0.3275570866141732
21
1.2790044488188976
0
LINE
8
BLACK
6
CONTINUOUS
10
0.3275570866141732
20
1.2790044488188976
11
0.3253942125984252
21
1.2781085433070867
0
LINE
8
BLACK
6
CONTINUOUS
10
0.3253942125984252
20
1.2781085433070867
11
0.3230531102362205
21
1.2781085433070867
0
LINE
8
BLACK
6
CONTINUOUS
10
0.3230531102362205
20
1.2781085433070867
11
0.3208902362204724
21
1.2790044488188976
0
LINE
8
BLACK
6
CONTINUOUS
10
0.3208902362204724
20
1.2790044488188976
11
0.319234842519685
21
1.2806598425196851
0
LINE
8
BLACK
6
CONTINUOUS
10
0.319234842519685
20
1.2806598425196851
11
0.318338937007874
21
1.2828227165354331
0
LINE
8
BLACK
6
CONTINUOUS
10
0.318338937007874
20
1.2828227165354331
11
0.3182236614173228
21
1.2839932677165353
0
LINE
8
BLACK
6
CONTINUOUS
10
0.3182236614173228
20
1.2839932677165353
11
0.3182236614173228
21
1.2951361417322835
0
LINE
8
BLACK
6
CONTINUOUS
10
0.3182236614173228
20
1.2951361417322835
11
0.281566062992126
21
1.2951361417322835
0
LINE
8
BLACK
6
CONTINUOUS
10
0.281566062992126
20
1.2951361417322835
11
0.2827520078740157
21
1.2939501968503937
0
LINE
8
BLACK
6
CONTINUOUS
10
0.2827520078740157
20
1.2939501968503937
11
0.2831296062992126
21
1.2934901181102363
0
LINE
8
BLACK
6
CONTINUOUS
10
0.2831296062992126
20
1.2934901181102363
11
0.2832493307086614
21
1.2933862598425196
0
LINE
8
BLACK
6
CONTINUOUS
10
0.2832493307086614
20
1.2933862598425196
11
0.2833629527559055
21
1.2932057874015748
0
LINE
8
BLACK
6
CONTINUOUS
10
0.2833629527559055
20
1.2932057874015748
11
0.283498188976378
21
1.2930409842519686
0
LINE
8
BLACK
6
CONTINUOUS
10
0.283498188976378
20
1.2930409842519686
11
0.283558779527559
21
1.2928946850393701
0
LINE
8
BLACK
6
CONTINUOUS
10
0.283558779527559
20
1.2928946850393701
11
0.2838759448818898
21
1.2923908661417323
0
LINE
8
BLACK
6
CONTINUOUS
10
0.2838759448818898
20
1.2923908661417323
11
0.2867331102362204
21
1.2866765748031497
0
LINE
8
BLACK
6
CONTINUOUS
10
0.2867331102362204
20
1.2866765748031497
11
0.2871534645669291
21
1.285578031496063
0
LINE
8
BLACK
6
CONTINUOUS
10
0.2871534645669291
20
1.285578031496063
11
0.2873194094488189
21
1.2832428346456692
0
LINE
8
BLACK
6
CONTINUOUS
10
0.2873194094488189
20
1.2832428346456692
11
0.2865791338582677
21
1.2810218897637795
0
LINE
8
BLACK
6
CONTINUOUS
10
0.2865791338582677
20
1.2810218897637795
11
0.2850452362204725
21
1.2792533070866141
0
LINE
8
BLACK
6
CONTINUOUS
10
0.2850452362204725
20
1.2792533070866141
11
0.2829512992125984
21
1.2782063385826772
0
LINE
8
BLACK
6
CONTINUOUS
10
0.2829512992125984
20
1.2782063385826772
11
0.2806161023622047
21
1.2780403937007874
0
LINE
8
BLACK
6
CONTINUOUS
10
0.2806161023622047
20
1.2780403937007874
11
0.278395157480315
21
1.2787806692913386
0
LINE
8
BLACK
6
CONTINUOUS
10
0.278395157480315
20
1.2787806692913386
11
0.2766265748031496
21
1.2803145669291338
0
LINE
8
BLACK
6
CONTINUOUS
10
0.2766265748031496
20
1.2803145669291338
11
0.2759999606299213
21
1.2813099606299212
0
LINE
8
BLACK
6
CONTINUOUS
10
0.2759999606299213
20
1.2813099606299212
11
0.2735781889763779
21
1.286153464566929
0
LINE
8
BLACK
6
CONTINUOUS
10
0.2735781889763779
20
1.286153464566929
11
0.2689724409448819
21
1.2907592125984251
0
LINE
8
BLACK
6
CONTINUOUS
10
0.2689724409448819
20
1.2907592125984251
11
0.2608954724409449
21
1.2961438582677165
0
LINE
8
BLACK
6
CONTINUOUS
10
0.2608954724409449
20
1.2961438582677165
11
0.2608922440944882
21
1.296146496062992
0
LINE
8
BLACK
6
CONTINUOUS
10
0.2608922440944882
20
1.296146496062992
11
0.2608902362204724
21
1.2961473228346456
0
LINE
8
BLACK
6
CONTINUOUS
10
0.2608902362204724
20
1.2961473228346456
11
0.2608856692913386
21
1.2961518897637796
0
LINE
8
BLACK
6
CONTINUOUS
10
0.2608856692913386
20
1.2961518897637796
11
0.2599854330708661
21
1.2968890551181103
0
LINE
8
BLACK
6
CONTINUOUS
10
0.2599854330708661
20
1.2968890551181103
11
0.259654842519685
21
1.297382716535433
0
LINE
8
BLACK
6
CONTINUOUS
10
0.259654842519685
20
1.297382716535433
11
0.259234842519685
21
1.2978027165354331
0
LINE
8
BLACK
6
CONTINUOUS
10
0.259234842519685
20
1.2978027165354331
11
0.259009842519685
21
1.2983458661417322
0
LINE
8
BLACK
6
CONTINUOUS
10
0.259009842519685
20
1.2983458661417322
11
0.2586827952755906
21
1.2988342519685039
0
LINE
8
BLACK
6
CONTINUOUS
10
0.2586827952755906
20
1.2988342519685039
11
0.2585662992125984
21
1.2994166929133859
0
LINE
8
BLACK
6
CONTINUOUS
10
0.2585662992125984
20
1.2994166929133859
11
0.258338937007874
21
1.2999655905511811
0
LINE
8
BLACK
6
CONTINUOUS
10
0.258338937007874
20
1.2999655905511811
11
0.258338937007874
21
1.3005535433070865
0
LINE
8
BLACK
6
CONTINUOUS
10
0.258338937007874
20
1.3005535433070865
11
0.2582236614173228
21
1.3011298818897636
0
LINE
8
BLACK
6
CONTINUOUS
10
0.2582236614173228
20
1.3011298818897636
11
0.258338937007874
21
1.3017126377952755
0
LINE
8
BLACK
6
CONTINUOUS
10
0.258338937007874
20
1.3017126377952755
11
0.258338937007874
21
1.3023066929133857
0
LINE
8
BLACK
6
CONTINUOUS
10
0.258338937007874
20
1.3023066929133857
11
0.2585638582677166
21
1.3028497244094488
0
LINE
8
BLACK
6
CONTINUOUS
10
0.2585638582677166
20
1.3028497244094488
11
0.2586779527559055
21
1.3034264566929135
0
LINE
8
BLACK
6
CONTINUOUS
10
0.2586779527559055
20
1.3034264566929135
11
0.2590075196850394
21
1.3039208661417323
0
LINE
8
BLACK
6
CONTINUOUS
10
0.2590075196850394
20
1.3039208661417323
11
0.259234842519685
21
1.3044695669291337
0
LINE
8
BLACK
6
CONTINUOUS
10
0.259234842519685
20
1.3044695669291337
11
0.2596503937007874
21
1.3048851574803149
0
LINE
8
BLACK
6
CONTINUOUS
10
0.2596503937007874
20
1.3048851574803149
11
0.2599765748031496
21
1.3053743700787401
0
LINE
8
BLACK
6
CONTINUOUS
10
0.2599765748031496
20
1.3053743700787401
11
0.2604701968503937
21
1.3057049606299211
0
LINE
8
BLACK
6
CONTINUOUS
10
0.2604701968503937
20
1.3057049606299211
11
0.2608902362204724
21
1.3061249606299212
0
LINE
8
BLACK
6
CONTINUOUS
10
0.2608902362204724
20
1.3061249606299212
11
0.2614333464566929
21
1.3063499606299211
0
LINE
8
BLACK
6
CONTINUOUS
10
0.2614333464566929
20
1.3063499606299211
11
0.2619217716535433
21
1.3066770078740158
0
LINE
8
BLACK
6
CONTINUOUS
10
0.2619217716535433
20
1.3066770078740158
11
0.2625041732283465
21
1.3067935039370078
0
LINE
8
BLACK
6
CONTINUOUS
10
0.2625041732283465
20
1.3067935039370078
11
0.2630531102362205
21
1.3070208661417322
0
LINE
8
BLACK
6
CONTINUOUS
10
0.2630531102362205
20
1.3070208661417322
11
0.2642112992125984
21
1.3071349606299212
0
LINE
8
BLACK
6
CONTINUOUS
10
0.2642112992125984
20
1.3071349606299212
11
0.2642174015748032
21
1.3071361417322835
0
LINE
8
BLACK
6
CONTINUOUS
10
0.2642174015748032
20
1.3071361417322835
11
0.2642194488188976
21
1.307135748031496
0
LINE
8
BLACK
6
CONTINUOUS
10
0.2642194488188976
20
1.307135748031496
11
0.2642236614173228
21
1.3071361417322835
0
LINE
8
BLACK
6
CONTINUOUS
10
0.2642236614173228
20
1.3071361417322835
11
0.3182236614173228
21
1.3071361417322835
0
LINE
8
BLACK
6
CONTINUOUS
10
0.3182236614173228
20
1.3071361417322835
11
0.3182236614173228
21
1.3182789763779528
0
LINE
8
BLACK
6
CONTINUOUS
10
0.3182236614173228
20
1.3182789763779528
11
0.318338937007874
21
1.319449527559055
0
LINE
8
BLACK
6
CONTINUOUS
10
0.318338937007874
20
1.319449527559055
11
0.319234842519685
21
1.3216124015748032
0
LINE
8
BLACK
6
CONTINUOUS
10
0.319234842519685
20
1.3216124015748032
11
0.3208902362204724
21
1.3232677952755905
0
LINE
8
BLACK
6
CONTINUOUS
10
0.3208902362204724
20
1.3232677952755905
11
0.3230531102362205
21
1.3241637007874016
0
LINE
8
BLACK
6
CONTINUOUS
10
0.3230531102362205
20
1.3241637007874016
11
0.3253942125984252
21
1.3241637007874016
0
LINE
8
BLACK
6
CONTINUOUS
10
0.3253942125984252
20
1.3241637007874016
11
0.3275570866141732
21
1.3232677952755905
0
LINE
8
BLACK
6
CONTINUOUS
10
0.3275570866141732
20
1.3804106692913385
11
0.3292124803149606
21
1.3787552755905512
0
LINE
8
BLACK
6
CONTINUOUS
10
0.3292124803149606
20
1.3787552755905512
11
0.3301083858267717
21
1.3765924015748032
0
LINE
8
BLACK
6
CONTINUOUS
10
0.3301083858267717
20
1.3765924015748032
11
0.3302236614173228
21
1.3754218503937008
0
LINE
8
BLACK
6
CONTINUOUS
10
0.3302236614173228
20
1.3754218503937008
11
0.3302236614173228
21
1.3411361417322833
0
LINE
8
BLACK
6
CONTINUOUS
10
0.3302236614173228
20
1.3411361417322833
11
0.3301083858267717
21
1.3399655905511811
0
LINE
8
BLACK
6
CONTINUOUS
10
0.3301083858267717
20
1.3399655905511811
11
0.3292124803149606
21
1.3378027165354331
0
LINE
8
BLACK
6
CONTINUOUS
10
0.3292124803149606
20
1.3378027165354331
11
0.3275570866141732
21
1.3361473228346457
0
LINE
8
BLACK
6
CONTINUOUS
10
0.3275570866141732
20
1.3361473228346457
11
0.3253942125984252
21
1.3352514173228347
0
LINE
8
BLACK
6
CONTINUOUS
10
0.3253942125984252
20
1.3352514173228347
11
0.3230531102362205
21
1.3352514173228347
0
LINE
8
BLACK
6
CONTINUOUS
10
0.3230531102362205
20
1.3352514173228347
11
0.3208902362204724
21
1.3361473228346457
0
LINE
8
BLACK
6
CONTINUOUS
10
0.3208902362204724
20
1.3361473228346457
11
0.319234842519685
21
1.3378027165354331
0
LINE
8
BLACK
6
CONTINUOUS
10
0.319234842519685
20
1.3378027165354331
11
0.318338937007874
21
1.3399655905511811
0
LINE
8
BLACK
6
CONTINUOUS
10
0.318338937007874
20
1.3399655905511811
11
0.3182236614173228
21
1.3411361417322833
0
LINE
8
BLACK
6
CONTINUOUS
10
0.3182236614173228
20
1.3411361417322833
11
0.3182236614173228
21
1.3522790157480316
0
LINE
8
BLACK
6
CONTINUOUS
10
0.3182236614173228
20
1.3522790157480316
11
0.281566062992126
21
1.3522790157480316
0
LINE
8
BLACK
6
CONTINUOUS
10
0.281566062992126
20
1.3522790157480316
11
0.2827520078740157
21
1.3510930708661417
0
LINE
8
BLACK
6
CONTINUOUS
10
0.2827520078740157
20
1.3510930708661417
11
0.2831296062992126
21
1.3506329921259843
0
LINE
8
BLACK
6
CONTINUOUS
10
0.2831296062992126
20
1.3506329921259843
11
0.2832493307086614
21
1.3505291338582677
0
LINE
8
BLACK
6
CONTINUOUS
10
0.2832493307086614
20
1.3505291338582677
11
0.2833629527559055
21
1.3503486614173228
0
LINE
8
BLACK
6
CONTINUOUS
10
0.2833629527559055
20
1.3503486614173228
11
0.283498188976378
21
1.3501838582677166
0
LINE
8
BLACK
6
CONTINUOUS
10
0.283498188976378
20
1.3501838582677166
11
0.283558779527559
21
1.3500375590551181
0
LINE
8
BLACK
6
CONTINUOUS
10
0.283558779527559
20
1.3500375590551181
11
0.2838759448818898
21
1.3495337401574803
0
LINE
8
BLACK
6
CONTINUOUS
10
0.2838759448818898
20
1.3495337401574803
11
0.2867331102362204
21
1.3438194488188977
0
LINE
8
BLACK
6
CONTINUOUS
10
0.2867331102362204
20
1.3438194488188977
11
0.2871534645669291
21
1.342720905511811
0
LINE
8
BLACK
6
CONTINUOUS
10
0.2871534645669291
20
1.342720905511811
11
0.2873194094488189
21
1.3403857086614173
0
LINE
8
BLACK
6
CONTINUOUS
10
0.2873194094488189
20
1.3403857086614173
11
0.2865791338582677
21
1.3381647637795275
0
LINE
8
BLACK
6
CONTINUOUS
10
0.2865791338582677
20
1.3381647637795275
11
0.2850452362204725
21
1.3363961811023621
0
LINE
8
BLACK
6
CONTINUOUS
10
0.2850452362204725
20
1.3363961811023621
11
0.2829512992125984
21
1.3353492125984252
0
LINE
8
BLACK
6
CONTINUOUS
10
0.2829512992125984
20
1.3353492125984252
11
0.2806161023622047
21
1.3351832677165354
0
LINE
8
BLACK
6
CONTINUOUS
10
0.2806161023622047
20
1.3351832677165354
11
0.278395157480315
21
1.3359235433070866
0
LINE
8
BLACK
6
CONTINUOUS
10
0.278395157480315
20
1.3359235433070866
11
0.2766265748031496
21
1.3374574409448818
0
LINE
8
BLACK
6
CONTINUOUS
10
0.2766265748031496
20
1.3374574409448818
11
0.2759999606299213
21
1.3384528346456692
0
LINE
8
BLACK
6
CONTINUOUS
10
0.2759999606299213
20
1.3384528346456692
11
0.2735781889763779
21
1.3432963385826771
0
LINE
8
BLACK
6
CONTINUOUS
10
0.2735781889763779
20
1.3432963385826771
11
0.2689724409448819
21
1.3479020866141731
0
LINE
8
BLACK
6
CONTINUOUS
10
0.2689724409448819
20
1.3479020866141731
11
0.2608954724409449
21
1.3532867322834645
0
LINE
8
BLACK
6
CONTINUOUS
10
0.2608954724409449
20
1.3532867322834645
11
0.2608922440944882
21
1.3532893700787401
0
LINE
8
BLACK
6
CONTINUOUS
10
0.2608922440944882
20
1.3532893700787401
11
0.2608902362204724
21
1.3532901968503936
0
LINE
8
BLACK
6
CONTINUOUS
10
0.2608902362204724
20
1.3532901968503936
11
0.2608856692913386
21
1.3532947637795276
0
LINE
8
BLACK
6
CONTINUOUS
10
0.2608856692913386
20
1.3532947637795276
11
0.2599854330708661
21
1.3540319291338583
0
LINE
8
BLACK
6
CONTINUOUS
10
0.2599854330708661
20
1.3540319291338583
11
0.259654842519685
21
1.354525590551181
0
LINE
8
BLACK
6
CONTINUOUS
10
0.259654842519685
20
1.354525590551181
11
0.259234842519685
21
1.3549455905511811
0
LINE
8
BLACK
6
CONTINUOUS
10
0.259234842519685
20
1.3549455905511811
11
0.259009842519685
21
1.3554887401574802
0
LINE
8
BLACK
6
CONTINUOUS
10
0.259009842519685
20
1.3554887401574802
11
0.2586827952755906
21
1.3559771259842519
0
LINE
8
BLACK
6
CONTINUOUS
10
0.2586827952755906
20
1.3559771259842519
11
0.2585662992125984
21
1.3565595669291339
0
LINE
8
BLACK
6
CONTINUOUS
10
0.2585662992125984
20
1.3565595669291339
11
0.258338937007874
21
1.3571084645669291
0
LINE
8
BLACK
6
CONTINUOUS
10
0.258338937007874
20
1.3571084645669291
11
0.258338937007874
21
1.3576964173228345
0
LINE
8
BLACK
6
CONTINUOUS
10
0.258338937007874
20
1.3576964173228345
11
0.2582236614173228
21
1.3582727559055119
0
LINE
8
BLACK
6
CONTINUOUS
10
0.2582236614173228
20
1.3582727559055119
11
0.258338937007874
21
1.3588555118110235
0
LINE
8
BLACK
6
CONTINUOUS
10
0.258338937007874
20
1.3588555118110235
11
0.258338937007874
21
1.3594495669291338
0
LINE
8
BLACK
6
CONTINUOUS
10
0.258338937007874
20
1.3594495669291338
11
0.2585638582677166
21
1.3599925984251968
0
LINE
8
BLACK
6
CONTINUOUS
10
0.2585638582677166
20
1.3599925984251968
11
0.2586779527559055
21
1.3605693307086615
0
LINE
8
BLACK
6
CONTINUOUS
10
0.2586779527559055
20
1.3605693307086615
11
0.2590075196850394
21
1.3610637401574803
0
LINE
8
BLACK
6
CONTINUOUS
10
0.2590075196850394
20
1.3610637401574803
11
0.259234842519685
21
1.3616124409448818
0
LINE
8
BLACK
6
CONTINUOUS
10
0.259234842519685
20
1.3616124409448818
11
0.2596503937007874
21
1.3620280314960629
0
LINE
8
BLACK
6
CONTINUOUS
10
0.2596503937007874
20
1.3620280314960629
11
0.2599765748031496
21
1.3625172440944882
0
LINE
8
BLACK
6
CONTINUOUS
10
0.2599765748031496
20
1.3625172440944882
11
0.2604701968503937
21
1.3628478346456692
0
LINE
8
BLACK
6
CONTINUOUS
10
0.2604701968503937
20
1.3628478346456692
11
0.2608902362204724
21
1.3632678346456693
0
LINE
8
BLACK
6
CONTINUOUS
10
0.2608902362204724
20
1.3632678346456693
11
0.2614333464566929
21
1.3634928346456692
0
LINE
8
BLACK
6
CONTINUOUS
10
0.2614333464566929
20
1.3634928346456692
11
0.2619217716535433
21
1.3638198818897638
0
LINE
8
BLACK
6
CONTINUOUS
10
0.2619217716535433
20
1.3638198818897638
11
0.2625041732283465
21
1.3639363779527558
0
LINE
8
BLACK
6
CONTINUOUS
10
0.2625041732283465
20
1.3639363779527558
11
0.2630531102362205
21
1.3641637401574802
0
LINE
8
BLACK
6
CONTINUOUS
10
0.2630531102362205
20
1.3641637401574802
11
0.2642112992125984
21
1.3642778346456692
0
LINE
8
BLACK
6
CONTINUOUS
10
0.2642112992125984
20
1.3642778346456692
11
0.2642174015748032
21
1.3642790157480316
0
LINE
8
BLACK
6
CONTINUOUS
10
0.2642174015748032
20
1.3642790157480316
11
0.2642194488188976
21
1.364278622047244
0
LINE
8
BLACK
6
CONTINUOUS
10
0.2642194488188976
20
1.364278622047244
11
0.2642236614173228
21
1.3642790157480316
0
LINE
8
BLACK
6
CONTINUOUS
10
0.2642236614173228
20
1.3642790157480316
11
0.3182236614173228
21
1.3642790157480316
0
LINE
8
BLACK
6
CONTINUOUS
10
0.3182236614173228
20
1.3642790157480316
11
0.3182236614173228
21
1.3754218503937008
0
LINE
8
BLACK
6
CONTINUOUS
10
0.3182236614173228
20
1.3754218503937008
11
0.318338937007874
21
1.3765924015748032
0
LINE
8
BLACK
6
CONTINUOUS
10
0.318338937007874
20
1.3765924015748032
11
0.319234842519685
21
1.3787552755905512
0
LINE
8
BLACK
6
CONTINUOUS
10
0.319234842519685
20
1.3787552755905512
11
0.3208902362204724
21
1.3804106692913385
0
LINE
8
BLACK
6
CONTINUOUS
10
0.3208902362204724
20
1.3804106692913385
11
0.3230531102362205
21
1.3813065748031497
0
LINE
8
BLACK
6
CONTINUOUS
10
0.3230531102362205
20
1.3813065748031497
11
0.3253942125984252
21
1.3813065748031497
0
LINE
8
BLACK
6
CONTINUOUS
10
0.3253942125984252
20
1.3813065748031497
11
0.3275570866141732
21
1.3804106692913385
0
LINE
8
BLACK
6
CONTINUOUS
10
0.9028574015748031
20
1.3688409055118109
11
0.9032571653543306
21
1.3688409055118109
0
LINE
8
BLACK
6
CONTINUOUS
10
0.9032571653543306
20
1.3688409055118109
11
0.9043215748031496
21
1.3684000000000001
0
LINE
8
BLACK
6
CONTINUOUS
10
0.9043215748031496
20
1.3684000000000001
11
0.9051362204724409
21
1.3675853543307086
0
LINE
8
BLACK
6
CONTINUOUS
10
0.9051362204724409
20
1.3675853543307086
11
0.905577125984252
21
1.3665209448818898
0
LINE
8
BLACK
6
CONTINUOUS
10
0.905577125984252
20
1.3665209448818898
11
0.9056338582677165
21
1.3659448818897637
0
LINE
8
BLACK
6
CONTINUOUS
10
0.9056338582677165
20
1.3659448818897637
11
0.9056338582677165
21
1.247755905511811
0
LINE
8
BLACK
6
CONTINUOUS
10
0.9056338582677165
20
1.247755905511811
11
0.905577125984252
21
1.2471798425196849
0
LINE
8
BLACK
6
CONTINUOUS
10
0.905577125984252
20
1.2471798425196849
11
0.9051362204724409
21
1.2461154330708661
0
LINE
8
BLACK
6
CONTINUOUS
10
0.9051362204724409
20
1.2461154330708661
11
0.9043215748031496
21
1.2453007874015747
0
LINE
8
BLACK
6
CONTINUOUS
10
0.9043215748031496
20
1.2453007874015747
11
0.9032571653543306
21
1.2448598818897638
0
LINE
8
BLACK
6
CONTINUOUS
10
0.9032571653543306
20
1.2448598818897638
11
0.9028574015748031
21
1.2448598818897638
0
LINE
8
BLACK
6
CONTINUOUS
10
0.9028574015748031
20
1.2448598818897638
11
0.9026811023622047
21
1.2448425196850395
0
LINE
8
BLACK
6
CONTINUOUS
10
0.9026811023622047
20
1.2448425196850395
11
0.8042598425196851
21
1.2448425196850395
0
LINE
8
BLACK
6
CONTINUOUS
10
0.8042598425196851
20
1.2448425196850395
11
0.8040835433070866
21
1.2448598818897638
0
LINE
8
BLACK
6
CONTINUOUS
10
0.8040835433070866
20
1.2448598818897638
11
0.803683779527559
21
1.2448598818897638
0
LINE
8
BLACK
6
CONTINUOUS
10
0.803683779527559
20
1.2448598818897638
11
0.8026193700787402
21
1.2453007874015747
0
LINE
8
BLACK
6
CONTINUOUS
10
0.8026193700787402
20
1.2453007874015747
11
0.8018047244094488
21
1.2461154330708661
0
LINE
8
BLACK
6
CONTINUOUS
10
0.8018047244094488
20
1.2461154330708661
11
0.8013638188976377
21
1.2471798425196849
0
LINE
8
BLACK
6
CONTINUOUS
10
0.8013638188976377
20
1.2471798425196849
11
0.8013070866141732
21
1.247755905511811
0
LINE
8
BLACK
6
CONTINUOUS
10
0.8013070866141732
20
1.247755905511811
11
0.8013070866141732
21
1.3659448818897637
0
LINE
8
BLACK
6
CONTINUOUS
10
0.8013070866141732
20
1.3659448818897637
11
0.8013638188976377
21
1.3665209448818898
0
LINE
8
BLACK
6
CONTINUOUS
10
0.8013638188976377
20
1.3665209448818898
11
0.8018047244094488
21
1.3675853543307086
0
LINE
8
BLACK
6
CONTINUOUS
10
0.8018047244094488
20
1.3675853543307086
11
0.8026193700787402
21
1.3684000000000001
0
LINE
8
BLACK
6
CONTINUOUS
10
0.8026193700787402
20
1.3684000000000001
11
0.803683779527559
21
1.3688409055118109
0
LINE
8
BLACK
6
CONTINUOUS
10
0.803683779527559
20
1.3688409055118109
11
0.8040835433070866
21
1.3688409055118109
0
LINE
8
BLACK
6
CONTINUOUS
10
0.8040835433070866
20
1.3688409055118109
11
0.8042598425196851
21
1.3688582677165353
0
LINE
8
BLACK
6
CONTINUOUS
10
0.8042598425196851
20
1.3688582677165353
11
0.9026811023622047
21
1.3688582677165353
0
LINE
8
BLACK
6
CONTINUOUS
10
0.9026811023622047
20
1.3688582677165353
11
0.9028574015748031
21
1.3688409055118109
0
LINE
8
BLACK
6
CONTINUOUS
10
0.8072125984251969
20
1.3629527559055117
11
0.8072125984251969
21
1.2507480314960631
0
LINE
8
BLACK
6
CONTINUOUS
10
0.8072125984251969
20
1.2507480314960631
11
0.8997283464566929
21
1.2507480314960631
0
LINE
8
BLACK
6
CONTINUOUS
10
0.8997283464566929
20
1.2507480314960631
11
0.8997283464566929
21
1.3629527559055117
0
LINE
8
BLACK
6
CONTINUOUS
10
0.8997283464566929
20
1.3629527559055117
11
0.8072125984251969
21
1.3629527559055117
0
LINE
8
BLACK
6
CONTINUOUS
10
0.307673031496063
20
1.461071062992126
11
0.3078312204724409
21
1.4610822834645669
0
LINE
8
BLACK
6
CONTINUOUS
10
0.3078312204724409
20
1.4610822834645669
11
0.3080391732283465
21
1.4610349999999999
0
LINE
8
BLACK
6
CONTINUOUS
10
0.3080391732283465
20
1.4610349999999999
11
0.3082513385826772
21
1.4610140944881889
0
LINE
8
BLACK
6
CONTINUOUS
10
0.3082513385826772
20
1.4610140944881889
11
0.3083977165354331
21
1.4609534645669291
0
LINE
8
BLACK
6
CONTINUOUS
10
0.3083977165354331
20
1.4609534645669291
11
0.3089781496062992
21
1.4608214566929134
0
LINE
8
BLACK
6
CONTINUOUS
10
0.3089781496062992
20
1.4608214566929134
11
0.3175496062992126
21
1.4579643307086614
0
LINE
8
BLACK
6
CONTINUOUS
10
0.3175496062992126
20
1.4579643307086614
11
0.3186236614173228
21
1.4574848425196849
0
LINE
8
BLACK
6
CONTINUOUS
10
0.3186236614173228
20
1.4574848425196849
11
0.3187865748031496
21
1.4573435433070865
0
LINE
8
BLACK
6
CONTINUOUS
10
0.3187865748031496
20
1.4573435433070865
11
0.3189856692913386
21
1.4572610629921259
0
LINE
8
BLACK
6
CONTINUOUS
10
0.3189856692913386
20
1.4572610629921259
11
0.3198948818897638
21
1.4565148818897637
0
LINE
8
BLACK
6
CONTINUOUS
10
0.3198948818897638
20
1.4565148818897637
11
0.3256091732283464
21
1.4508005905511812
0
LINE
8
BLACK
6
CONTINUOUS
10
0.3256091732283464
20
1.4508005905511812
11
0.3263553543307087
21
1.4498913779527558
0
LINE
8
BLACK
6
CONTINUOUS
10
0.3263553543307087
20
1.4498913779527558
11
0.3264378346456693
21
1.4496922440944882
0
LINE
8
BLACK
6
CONTINUOUS
10
0.3264378346456693
20
1.4496922440944882
11
0.3265791338582677
21
1.4495293307086614
0
LINE
8
BLACK
6
CONTINUOUS
10
0.3265791338582677
20
1.4495293307086614
11
0.3270586220472441
21
1.4484553149606298
0
LINE
8
BLACK
6
CONTINUOUS
10
0.3270586220472441
20
1.4484553149606298
11
0.3299157874015748
21
1.4398838976377952
0
LINE
8
BLACK
6
CONTINUOUS
10
0.3299157874015748
20
1.4398838976377952
11
0.3300477559055118
21
1.4393034251968504
0
LINE
8
BLACK
6
CONTINUOUS
10
0.3300477559055118
20
1.4393034251968504
11
0.3301083858267717
21
1.4391570866141732
0
LINE
8
BLACK
6
CONTINUOUS
10
0.3301083858267717
20
1.4391570866141732
11
0.330129251968504
21
1.4389449606299212
0
LINE
8
BLACK
6
CONTINUOUS
10
0.330129251968504
20
1.4389449606299212
11
0.3301765748031496
21
1.4387369291338583
0
LINE
8
BLACK
6
CONTINUOUS
10
0.3301765748031496
20
1.4387369291338583
11
0.3301653149606299
21
1.4385788188976378
0
LINE
8
BLACK
6
CONTINUOUS
10
0.3301653149606299
20
1.4385788188976378
11
0.3302236614173228
21
1.4379865354330708
0
LINE
8
BLACK
6
CONTINUOUS
10
0.3302236614173228
20
1.4379865354330708
11
0.3302236614173228
21
1.4322722440944882
0
LINE
8
BLACK
6
CONTINUOUS
10
0.3302236614173228
20
1.4322722440944882
11
0.3301083858267717
21
1.4311016929133857
0
LINE
8
BLACK
6
CONTINUOUS
10
0.3301083858267717
20
1.4311016929133857
11
0.3292124803149606
21
1.4289388188976377
0
LINE
8
BLACK
6
CONTINUOUS
10
0.3292124803149606
20
1.4289388188976377
11
0.3275570866141732
21
1.4272834251968503
0
LINE
8
BLACK
6
CONTINUOUS
10
0.3275570866141732
20
1.4272834251968503
11
0.3253942125984252
21
1.4263875196850393
0
LINE
8
BLACK
6
CONTINUOUS
10
0.3253942125984252
20
1.4263875196850393
11
0.3230531102362205
21
1.4263875196850393
0
LINE
8
BLACK
6
CONTINUOUS
10
0.3230531102362205
20
1.4263875196850393
11
0.3208902362204724
21
1.4272834251968503
0
LINE
8
BLACK
6
CONTINUOUS
10
0.3208902362204724
20
1.4272834251968503
11
0.319234842519685
21
1.4289388188976377
0
LINE
8
BLACK
6
CONTINUOUS
10
0.319234842519685
20
1.4289388188976377
11
0.318338937007874
21
1.4311016929133857
0
LINE
8
BLACK
6
CONTINUOUS
10
0.318338937007874
20
1.4311016929133857
11
0.3182236614173228
21
1.4322722440944882
0
LINE
8
BLACK
6
CONTINUOUS
10
0.3182236614173228
20
1.4322722440944882
11
0.3182236614173228
21
1.4370129527559055
0
LINE
8
BLACK
6
CONTINUOUS
10
0.3182236614173228
20
1.4370129527559055
11
0.3161223228346456
21
1.4433168897637796
0
LINE
8
BLACK
6
CONTINUOUS
10
0.3161223228346456
20
1.4433168897637796
11
0.3124111811023622
21
1.4470280314960628
0
LINE
8
BLACK
6
CONTINUOUS
10
0.3124111811023622
20
1.4470280314960628
11
0.3061071653543307
21
1.4491293700787402
0
LINE
8
BLACK
6
CONTINUOUS
10
0.3061071653543307
20
1.4491293700787402
11
0.2642236614173228
21
1.4491293700787402
0
LINE
8
BLACK
6
CONTINUOUS
10
0.2642236614173228
20
1.4491293700787402
11
0.2630531102362205
21
1.4492446456692913
0
LINE
8
BLACK
6
CONTINUOUS
10
0.2630531102362205
20
1.4492446456692913
11
0.2608902362204724
21
1.4501405511811023
0
LINE
8
BLACK
6
CONTINUOUS
10
0.2608902362204724
20
1.4501405511811023
11
0.259234842519685
21
1.4517959448818898
0
LINE
8
BLACK
6
CONTINUOUS
10
0.259234842519685
20
1.4517959448818898
11
0.258338937007874
21
1.4539588188976378
0
LINE
8
BLACK
6
CONTINUOUS
10
0.258338937007874
20
1.4539588188976378
11
0.258338937007874
21
1.4562999212598424
0
LINE
8
BLACK
6
CONTINUOUS
10
0.258338937007874
20
1.4562999212598424
11
0.259234842519685
21
1.4584627952755904
0
LINE
8
BLACK
6
CONTINUOUS
10
0.259234842519685
20
1.4584627952755904
11
0.2608902362204724
21
1.4601181889763779
0
LINE
8
BLACK
6
CONTINUOUS
10
0.2608902362204724
20
1.4601181889763779
11
0.2630531102362205
21
1.4610140944881889
0
LINE
8
BLACK
6
CONTINUOUS
10
0.2630531102362205
20
1.4610140944881889
11
0.2642236614173228
21
1.4611293700787402
0
LINE
8
BLACK
6
CONTINUOUS
10
0.2642236614173228
20
1.4611293700787402
11
0.3070807874015748
21
1.4611293700787402
0
LINE
8
BLACK
6
CONTINUOUS
10
0.3070807874015748
20
1.4611293700787402
11
0.307673031496063
21
1.461071062992126
0
LINE
8
BLACK
6
CONTINUOUS
10
0.3275570866141732
20
1.520118188976378
11
0.3292124803149606
21
1.5184627952755905
0
LINE
8
BLACK
6
CONTINUOUS
10
0.3292124803149606
20
1.5184627952755905
11
0.3301083858267717
21
1.5162999212598425
0
LINE
8
BLACK
6
CONTINUOUS
10
0.3301083858267717
20
1.5162999212598425
11
0.3302236614173228
21
1.51512937007874
0
LINE
8
BLACK
6
CONTINUOUS
10
0.3302236614173228
20
1.51512937007874
11
0.3302236614173228
21
1.4808436614173228
0
LINE
8
BLACK
6
CONTINUOUS
10
0.3302236614173228
20
1.4808436614173228
11
0.3301083858267717
21
1.4796731102362204
0
LINE
8
BLACK
6
CONTINUOUS
10
0.3301083858267717
20
1.4796731102362204
11
0.3292124803149606
21
1.4775102362204724
0
LINE
8
BLACK
6
CONTINUOUS
10
0.3292124803149606
20
1.4775102362204724
11
0.3275570866141732
21
1.4758548425196849
0
LINE
8
BLACK
6
CONTINUOUS
10
0.3275570866141732
20
1.4758548425196849
11
0.3253942125984252
21
1.4749589370078739
0
LINE
8
BLACK
6
CONTINUOUS
10
0.3253942125984252
20
1.4749589370078739
11
0.3230531102362205
21
1.4749589370078739
0
LINE
8
BLACK
6
CONTINUOUS
10
0.3230531102362205
20
1.4749589370078739
11
0.3208902362204724
21
1.4758548425196849
0
LINE
8
BLACK
6
CONTINUOUS
10
0.3208902362204724
20
1.4758548425196849
11
0.319234842519685
21
1.4775102362204724
0
LINE
8
BLACK
6
CONTINUOUS
10
0.319234842519685
20
1.4775102362204724
11
0.318338937007874
21
1.4796731102362204
0
LINE
8
BLACK
6
CONTINUOUS
10
0.318338937007874
20
1.4796731102362204
11
0.3182236614173228
21
1.4808436614173228
0
LINE
8
BLACK
6
CONTINUOUS
10
0.3182236614173228
20
1.4808436614173228
11
0.3182236614173228
21
1.4919865354330708
0
LINE
8
BLACK
6
CONTINUOUS
10
0.3182236614173228
20
1.4919865354330708
11
0.281566062992126
21
1.4919865354330708
0
LINE
8
BLACK
6
CONTINUOUS
10
0.281566062992126
20
1.4919865354330708
11
0.2827520078740157
21
1.490800590551181
0
LINE
8
BLACK
6
CONTINUOUS
10
0.2827520078740157
20
1.490800590551181
11
0.2831296062992126
21
1.4903405118110236
0
LINE
8
BLACK
6
CONTINUOUS
10
0.2831296062992126
20
1.4903405118110236
11
0.2832493307086614
21
1.4902366535433071
0
LINE
8
BLACK
6
CONTINUOUS
10
0.2832493307086614
20
1.4902366535433071
11
0.2833629527559055
21
1.4900561811023623
0
LINE
8
BLACK
6
CONTINUOUS
10
0.2833629527559055
20
1.4900561811023623
11
0.283498188976378
21
1.4898913779527558
0
LINE
8
BLACK
6
CONTINUOUS
10
0.283498188976378
20
1.4898913779527558
11
0.283558779527559
21
1.4897450787401574
0
LINE
8
BLACK
6
CONTINUOUS
10
0.283558779527559
20
1.4897450787401574
11
0.2838759448818898
21
1.4892412598425198
0
LINE
8
BLACK
6
CONTINUOUS
10
0.2838759448818898
20
1.4892412598425198
11
0.2867331102362204
21
1.4835269685039369
0
LINE
8
BLACK
6
CONTINUOUS
10
0.2867331102362204
20
1.4835269685039369
11
0.2871534645669291
21
1.4824284251968503
0
LINE
8
BLACK
6
CONTINUOUS
10
0.2871534645669291
20
1.4824284251968503
11
0.2873194094488189
21
1.4800932283464567
0
LINE
8
BLACK
6
CONTINUOUS
10
0.2873194094488189
20
1.4800932283464567
11
0.2865791338582677
21
1.477872283464567
0
LINE
8
BLACK
6
CONTINUOUS
10
0.2865791338582677
20
1.477872283464567
11
0.2850452362204725
21
1.4761037007874016
0
LINE
8
BLACK
6
CONTINUOUS
10
0.2850452362204725
20
1.4761037007874016
11
0.2829512992125984
21
1.4750567322834645
0
LINE
8
BLACK
6
CONTINUOUS
10
0.2829512992125984
20
1.4750567322834645
11
0.2806161023622047
21
1.4748907874015749
0
LINE
8
BLACK
6
CONTINUOUS
10
0.2806161023622047
20
1.4748907874015749
11
0.278395157480315
21
1.4756310629921259
0
LINE
8
BLACK
6
CONTINUOUS
10
0.278395157480315
20
1.4756310629921259
11
0.2766265748031496
21
1.4771649606299213
0
LINE
8
BLACK
6
CONTINUOUS
10
0.2766265748031496
20
1.4771649606299213
11
0.2759999606299213
21
1.4781603543307087
0
LINE
8
BLACK
6
CONTINUOUS
10
0.2759999606299213
20
1.4781603543307087
11
0.2735781889763779
21
1.4830038582677165
0
LINE
8
BLACK
6
CONTINUOUS
10
0.2735781889763779
20
1.4830038582677165
11
0.2689724409448819
21
1.4876096062992126
0
LINE
8
BLACK
6
CONTINUOUS
10
0.2689724409448819
20
1.4876096062992126
11
0.2608954724409449
21
1.492994251968504
0
LINE
8
BLACK
6
CONTINUOUS
10
0.2608954724409449
20
1.492994251968504
11
0.2608922440944882
21
1.4929968897637795
0
LINE
8
BLACK
6
CONTINUOUS
10
0.2608922440944882
20
1.4929968897637795
11
0.2608902362204724
21
1.4929977165354331
0
LINE
8
BLACK
6
CONTINUOUS
10
0.2608902362204724
20
1.4929977165354331
11
0.2608856692913386
21
1.4930022834645669
0
LINE
8
BLACK
6
CONTINUOUS
10
0.2608856692913386
20
1.4930022834645669
11
0.2599854330708661
21
1.4937394488188975
0
LINE
8
BLACK
6
CONTINUOUS
10
0.2599854330708661
20
1.4937394488188975
11
0.259654842519685
21
1.4942331102362205
0
LINE
8
BLACK
6
CONTINUOUS
10
0.259654842519685
20
1.4942331102362205
11
0.259234842519685
21
1.4946531102362204
0
LINE
8
BLACK
6
CONTINUOUS
10
0.259234842519685
20
1.4946531102362204
11
0.259009842519685
21
1.4951962598425197
0
LINE
8
BLACK
6
CONTINUOUS
10
0.259009842519685
20
1.4951962598425197
11
0.2586827952755906
21
1.4956846456692914
0
LINE
8
BLACK
6
CONTINUOUS
10
0.2586827952755906
20
1.4956846456692914
11
0.2585662992125984
21
1.4962670866141732
0
LINE
8
BLACK
6
CONTINUOUS
10
0.2585662992125984
20
1.4962670866141732
11
0.258338937007874
21
1.4968159842519684
0
LINE
8
BLACK
6
CONTINUOUS
10
0.258338937007874
20
1.4968159842519684
11
0.258338937007874
21
1.497403937007874
0
LINE
8
BLACK
6
CONTINUOUS
10
0.258338937007874
20
1.497403937007874
11
0.2582236614173228
21
1.4979802755905511
0
LINE
8
BLACK
6
CONTINUOUS
10
0.2582236614173228
20
1.4979802755905511
11
0.258338937007874
21
1.498563031496063
0
LINE
8
BLACK
6
CONTINUOUS
10
0.258338937007874
20
1.498563031496063
11
0.258338937007874
21
1.4991570866141732
0
LINE
8
BLACK
6
CONTINUOUS
10
0.258338937007874
20
1.4991570866141732
11
0.2585638582677166
21
1.4997001181102363
0
LINE
8
BLACK
6
CONTINUOUS
10
0.2585638582677166
20
1.4997001181102363
11
0.2586779527559055
21
1.5002768503937007
0
LINE
8
BLACK
6
CONTINUOUS
10
0.2586779527559055
20
1.5002768503937007
11
0.2590075196850394
21
1.5007712598425196
0
LINE
8
BLACK
6
CONTINUOUS
10
0.2590075196850394
20
1.5007712598425196
11
0.259234842519685
21
1.5013199606299212
0
LINE
8
BLACK
6
CONTINUOUS
10
0.259234842519685
20
1.5013199606299212
11
0.2596503937007874
21
1.5017355511811024
0
LINE
8
BLACK
6
CONTINUOUS
10
0.2596503937007874
20
1.5017355511811024
11
0.2599765748031496
21
1.5022247637795276
0
LINE
8
BLACK
6
CONTINUOUS
10
0.2599765748031496
20
1.5022247637795276
11
0.2604701968503937
21
1.5025553543307086
0
LINE
8
BLACK
6
CONTINUOUS
10
0.2604701968503937
20
1.5025553543307086
11
0.2608902362204724
21
1.5029753543307087
0
LINE
8
BLACK
6
CONTINUOUS
10
0.2608902362204724
20
1.5029753543307087
11
0.2614333464566929
21
1.5032003543307086
0
LINE
8
BLACK
6
CONTINUOUS
10
0.2614333464566929
20
1.5032003543307086
11
0.2619217716535433
21
1.503527401574803
0
LINE
8
BLACK
6
CONTINUOUS
10
0.2619217716535433
20
1.503527401574803
11
0.2625041732283465
21
1.5036438976377953
0
LINE
8
BLACK
6
CONTINUOUS
10
0.2625041732283465
20
1.5036438976377953
11
0.2630531102362205
21
1.5038712598425197
0
LINE
8
BLACK
6
CONTINUOUS
10
0.2630531102362205
20
1.5038712598425197
11
0.2642112992125984
21
1.5039853543307087
0
LINE
8
BLACK
6
CONTINUOUS
10
0.2642112992125984
20
1.5039853543307087
11
0.2642174015748032
21
1.5039865354330708
0
LINE
8
BLACK
6
CONTINUOUS
10
0.2642174015748032
20
1.5039865354330708
11
0.2642194488188976
21
1.5039861417322835
0
LINE
8
BLACK
6
CONTINUOUS
10
0.2642194488188976
20
1.5039861417322835
11
0.2642236614173228
21
1.5039865354330708
0
LINE
8
BLACK
6
CONTINUOUS
10
0.2642236614173228
20
1.5039865354330708
11
0.3182236614173228
21
1.5039865354330708
0
LINE
8
BLACK
6
CONTINUOUS
10
0.3182236614173228
20
1.5039865354330708
11
0.3182236614173228
21
1.51512937007874
0
LINE
8
BLACK
6
CONTINUOUS
10
0.3182236614173228
20
1.51512937007874
11
0.318338937007874
21
1.5162999212598425
0
LINE
8
BLACK
6
CONTINUOUS
10
0.318338937007874
20
1.5162999212598425
11
0.319234842519685
21
1.5184627952755905
0
LINE
8
BLACK
6
CONTINUOUS
10
0.319234842519685
20
1.5184627952755905
11
0.3208902362204724
21
1.520118188976378
0
LINE
8
BLACK
6
CONTINUOUS
10
0.3208902362204724
20
1.520118188976378
11
0.3230531102362205
21
1.5210140944881889
0
LINE
8
BLACK
6
CONTINUOUS
10
0.3230531102362205
20
1.5210140944881889
11
0.3253942125984252
21
1.5210140944881889
0
LINE
8
BLACK
6
CONTINUOUS
10
0.3253942125984252
20
1.5210140944881889
11
0.3275570866141732
21
1.520118188976378
0
LINE
8
BLACK
6
CONTINUOUS
10
0.3015706692913386
20
1.5782521653543307
11
0.301658188976378
21
1.5782651574803148
0
LINE
8
BLACK
6
CONTINUOUS
10
0.301658188976378
20
1.5782651574803148
11
0.3020962598425197
21
1.5782003937007874
0
LINE
8
BLACK
6
CONTINUOUS
10
0.3020962598425197
20
1.5782003937007874
11
0.3025370866141732
21
1.5781569685039369
0
LINE
8
BLACK
6
CONTINUOUS
10
0.3025370866141732
20
1.5781569685039369
11
0.3026187795275591
21
1.5781231496062991
0
LINE
8
BLACK
6
CONTINUOUS
10
0.3026187795275591
20
1.5781231496062991
11
0.3028217322834645
21
1.5780931102362203
0
LINE
8
BLACK
6
CONTINUOUS
10
0.3028217322834645
20
1.5780931102362203
11
0.3142502755905512
21
1.5752359842519685
0
LINE
8
BLACK
6
CONTINUOUS
10
0.3142502755905512
20
1.5752359842519685
11
0.3143366535433071
21
1.5752051181102362
0
LINE
8
BLACK
6
CONTINUOUS
10
0.3143366535433071
20
1.5752051181102362
11
0.314379842519685
21
1.5752020472440944
0
LINE
8
BLACK
6
CONTINUOUS
10
0.314379842519685
20
1.5752020472440944
11
0.314866811023622
21
1.5750157086614174
0
LINE
8
BLACK
6
CONTINUOUS
10
0.314866811023622
20
1.5750157086614174
11
0.3153579527559055
21
1.5748402362204723
0
LINE
8
BLACK
6
CONTINUOUS
10
0.3153579527559055
20
1.5748402362204723
11
0.315392716535433
21
1.5748144881889763
0
LINE
8
BLACK
6
CONTINUOUS
10
0.315392716535433
20
1.5748144881889763
11
0.3154783858267716
21
1.5747816929133858
0
LINE
8
BLACK
6
CONTINUOUS
10
0.3154783858267716
20
1.5747816929133858
11
0.3211926771653543
21
1.571924527559055
0
LINE
8
BLACK
6
CONTINUOUS
10
0.3211926771653543
20
1.571924527559055
11
0.3216963385826772
21
1.5716074803149607
0
LINE
8
BLACK
6
CONTINUOUS
10
0.3216963385826772
20
1.5716074803149607
11
0.3218427559055118
21
1.5715468110236219
0
LINE
8
BLACK
6
CONTINUOUS
10
0.3218427559055118
20
1.5715468110236219
11
0.3220075984251968
21
1.5714115354330709
0
LINE
8
BLACK
6
CONTINUOUS
10
0.3220075984251968
20
1.5714115354330709
11
0.3221880708661417
21
1.5712979133858267
0
LINE
8
BLACK
6
CONTINUOUS
10
0.3221880708661417
20
1.5712979133858267
11
0.3222918503937008
21
1.5711782283464566
0
LINE
8
BLACK
6
CONTINUOUS
10
0.3222918503937008
20
1.5711782283464566
11
0.322751968503937
21
1.5708006299212598
0
LINE
8
BLACK
6
CONTINUOUS
10
0.322751968503937
20
1.5708006299212598
11
0.3256091732283464
21
1.5679435039370078
0
LINE
8
BLACK
6
CONTINUOUS
10
0.3256091732283464
20
1.5679435039370078
11
0.3259867716535433
21
1.5674833858267716
0
LINE
8
BLACK
6
CONTINUOUS
10
0.3259867716535433
20
1.5674833858267716
11
0.3261065354330708
21
1.5673795275590552
0
LINE
8
BLACK
6
CONTINUOUS
10
0.3261065354330708
20
1.5673795275590552
11
0.3262201181102362
21
1.5671990944881888
0
LINE
8
BLACK
6
CONTINUOUS
10
0.3262201181102362
20
1.5671990944881888
11
0.3263553543307087
21
1.5670342913385826
0
LINE
8
BLACK
6
CONTINUOUS
10
0.3263553543307087
20
1.5670342913385826
11
0.3264159842519685
21
1.5668879133858267
0
LINE
8
BLACK
6
CONTINUOUS
10
0.3264159842519685
20
1.5668879133858267
11
0.3267331102362205
21
1.566384094488189
0
LINE
8
BLACK
6
CONTINUOUS
10
0.3267331102362205
20
1.566384094488189
11
0.3295902362204725
21
1.5606698031496062
0
LINE
8
BLACK
6
CONTINUOUS
10
0.3295902362204725
20
1.5606698031496062
11
0.3300106299212598
21
1.5595712598425195
0
LINE
8
BLACK
6
CONTINUOUS
10
0.3300106299212598
20
1.5595712598425195
11
0.330025905511811
21
1.5593562204724409
0
LINE
8
BLACK
6
CONTINUOUS
10
0.330025905511811
20
1.5593562204724409
11
0.3301083858267717
21
1.5591570866141733
0
LINE
8
BLACK
6
CONTINUOUS
10
0.3301083858267717
20
1.5591570866141733
11
0.3302236614173228
21
1.5579865354330709
0
LINE
8
BLACK
6
CONTINUOUS
10
0.3302236614173228
20
1.5579865354330709
11
0.3302236614173228
21
1.5522722440944881
0
LINE
8
BLACK
6
CONTINUOUS
10
0.3302236614173228
20
1.5522722440944881
11
0.3301083858267717
21
1.5511016929133858
0
LINE
8
BLACK
6
CONTINUOUS
10
0.3301083858267717
20
1.5511016929133858
11
0.330025905511811
21
1.5509025984251967
0
LINE
8
BLACK
6
CONTINUOUS
10
0.330025905511811
20
1.5509025984251967
11
0.3300106299212598
21
1.5506875196850394
0
LINE
8
BLACK
6
CONTINUOUS
10
0.3300106299212598
20
1.5506875196850394
11
0.3295902362204725
21
1.5495889763779527
0
LINE
8
BLACK
6
CONTINUOUS
10
0.3295902362204725
20
1.5495889763779527
11
0.3267331102362205
21
1.5438746850393701
0
LINE
8
BLACK
6
CONTINUOUS
10
0.3267331102362205
20
1.5438746850393701
11
0.3264159842519685
21
1.543370905511811
0
LINE
8
BLACK
6
CONTINUOUS
10
0.3264159842519685
20
1.543370905511811
11
0.3263553543307087
21
1.5432244881889763
0
LINE
8
BLACK
6
CONTINUOUS
10
0.3263553543307087
20
1.5432244881889763
11
0.3262201181102362
21
1.5430597244094488
0
LINE
8
BLACK
6
CONTINUOUS
10
0.3262201181102362
20
1.5430597244094488
11
0.3261065354330708
21
1.542879251968504
0
LINE
8
BLACK
6
CONTINUOUS
10
0.3261065354330708
20
1.542879251968504
11
0.3259867716535433
21
1.5427754330708661
0
LINE
8
BLACK
6
CONTINUOUS
10
0.3259867716535433
20
1.5427754330708661
11
0.3256091732283464
21
1.5423152755905511
0
LINE
8
BLACK
6
CONTINUOUS
10
0.3256091732283464
20
1.5423152755905511
11
0.322751968503937
21
1.5394581496062991
0
LINE
8
BLACK
6
CONTINUOUS
10
0.322751968503937
20
1.5394581496062991
11
0.3222918503937008
21
1.5390805905511811
0
LINE
8
BLACK
6
CONTINUOUS
10
0.3222918503937008
20
1.5390805905511811
11
0.3221880708661417
21
1.5389608661417322
0
LINE
8
BLACK
6
CONTINUOUS
10
0.3221880708661417
20
1.5389608661417322
11
0.3220076377952756
21
1.5388473228346455
0
LINE
8
BLACK
6
CONTINUOUS
10
0.3220076377952756
20
1.5388473228346455
11
0.3218427559055118
21
1.538711968503937
0
LINE
8
BLACK
6
CONTINUOUS
10
0.3218427559055118
20
1.538711968503937
11
0.3216962992125984
21
1.5386513385826772
0
LINE
8
BLACK
6
CONTINUOUS
10
0.3216962992125984
20
1.5386513385826772
11
0.3211926377952756
21
1.5383342519685039
0
LINE
8
BLACK
6
CONTINUOUS
10
0.3211926377952756
20
1.5383342519685039
11
0.3154783464566929
21
1.5354771259842519
0
LINE
8
BLACK
6
CONTINUOUS
10
0.3154783464566929
20
1.5354771259842519
11
0.3153927559055118
21
1.5354444094488189
0
LINE
8
BLACK
6
CONTINUOUS
10
0.3153927559055118
20
1.5354444094488189
11
0.3153579527559055
21
1.5354185826771654
0
LINE
8
BLACK
6
CONTINUOUS
10
0.3153579527559055
20
1.5354185826771654
11
0.3148659448818897
21
1.5352428346456692
0
LINE
8
BLACK
6
CONTINUOUS
10
0.3148659448818897
20
1.5352428346456692
11
0.3143798031496063
21
1.5350567716535433
0
LINE
8
BLACK
6
CONTINUOUS
10
0.3143798031496063
20
1.5350567716535433
11
0.3143367322834645
21
1.5350537401574802
0
LINE
8
BLACK
6
CONTINUOUS
10
0.3143367322834645
20
1.5350537401574802
11
0.3142503149606299
21
1.5350228346456694
0
LINE
8
BLACK
6
CONTINUOUS
10
0.3142503149606299
20
1.5350228346456694
11
0.3028217716535433
21
1.5321656692913386
0
LINE
8
BLACK
6
CONTINUOUS
10
0.3028217716535433
20
1.5321656692913386
11
0.3026187795275591
21
1.5321356692913386
0
LINE
8
BLACK
6
CONTINUOUS
10
0.3026187795275591
20
1.5321356692913386
11
0.3025370866141732
21
1.532101811023622
0
LINE
8
BLACK
6
CONTINUOUS
10
0.3025370866141732
20
1.532101811023622
11
0.3020962992125984
21
1.5320584251968503
0
LINE
8
BLACK
6
CONTINUOUS
10
0.3020962992125984
20
1.5320584251968503
11
0.301658188976378
21
1.5319936220472441
0
LINE
8
BLACK
6
CONTINUOUS
10
0.301658188976378
20
1.5319936220472441
11
0.3015706692913386
21
1.532006653543307
0
LINE
8
BLACK
6
CONTINUOUS
10
0.3015706692913386
20
1.532006653543307
11
0.3013665354330708
21
1.5319865354330708
0
LINE
8
BLACK
6
CONTINUOUS
10
0.3013665354330708
20
1.5319865354330708
11
0.2870807874015748
21
1.5319865354330708
0
LINE
8
BLACK
6
CONTINUOUS
10
0.2870807874015748
20
1.5319865354330708
11
0.2868766141732284
21
1.532006653543307
0
LINE
8
BLACK
6
CONTINUOUS
10
0.2868766141732284
20
1.532006653543307
11
0.2867891338582677
21
1.5319936220472441
0
LINE
8
BLACK
6
CONTINUOUS
10
0.2867891338582677
20
1.5319936220472441
11
0.2863509842519685
21
1.5320584251968503
0
LINE
8
BLACK
6
CONTINUOUS
10
0.2863509842519685
20
1.5320584251968503
11
0.2859102362204725
21
1.532101811023622
0
LINE
8
BLACK
6
CONTINUOUS
10
0.2859102362204725
20
1.532101811023622
11
0.2858285039370079
21
1.5321356692913386
0
LINE
8
BLACK
6
CONTINUOUS
10
0.2858285039370079
20
1.5321356692913386
11
0.2856255511811023
21
1.5321656692913386
0
LINE
8
BLACK
6
CONTINUOUS
10
0.2856255511811023
20
1.5321656692913386
11
0.2741970078740157
21
1.5350228346456694
0
LINE
8
BLACK
6
CONTINUOUS
10
0.2741970078740157
20
1.5350228346456694
11
0.2741107086614173
21
1.5350537007874014
0
LINE
8
BLACK
6
CONTINUOUS
10
0.2741107086614173
20
1.5350537007874014
11
0.2740675196850393
21
1.5350567322834645
0
LINE
8
BLACK
6
CONTINUOUS
10
0.2740675196850393
20
1.5350567322834645
11
0.2735804724409449
21
1.5352431496062993
0
LINE
8
BLACK
6
CONTINUOUS
10
0.2735804724409449
20
1.5352431496062993
11
0.2730893700787402
21
1.5354185826771654
0
LINE
8
BLACK
6
CONTINUOUS
10
0.2730893700787402
20
1.5354185826771654
11
0.2730545275590551
21
1.5354444094488189
0
LINE
8
BLACK
6
CONTINUOUS
10
0.2730545275590551
20
1.5354444094488189
11
0.2729689763779528
21
1.5354771259842519
0
LINE
8
BLACK
6
CONTINUOUS
10
0.2729689763779528
20
1.5354771259842519
11
0.2672546850393701
21
1.5383342519685039
0
LINE
8
BLACK
6
CONTINUOUS
10
0.2672546850393701
20
1.5383342519685039
11
0.2667508661417323
21
1.538651377952756
0
LINE
8
BLACK
6
CONTINUOUS
10
0.2667508661417323
20
1.538651377952756
11
0.2666045669291339
21
1.538711968503937
0
LINE
8
BLACK
6
CONTINUOUS
10
0.2666045669291339
20
1.538711968503937
11
0.2664398425196851
21
1.5388471653543307
0
LINE
8
BLACK
6
CONTINUOUS
10
0.2664398425196851
20
1.5388471653543307
11
0.2662592519685039
21
1.5389608267716535
0
LINE
8
BLACK
6
CONTINUOUS
10
0.2662592519685039
20
1.5389608267716535
11
0.2661553149606299
21
1.5390806692913386
0
LINE
8
BLACK
6
CONTINUOUS
10
0.2661553149606299
20
1.5390806692913386
11
0.2656953543307087
21
1.5394581496062991
0
LINE
8
BLACK
6
CONTINUOUS
10
0.2656953543307087
20
1.5394581496062991
11
0.262838188976378
21
1.5423152755905511
0
LINE
8
BLACK
6
CONTINUOUS
10
0.262838188976378
20
1.5423152755905511
11
0.2624604724409449
21
1.5427754724409448
0
LINE
8
BLACK
6
CONTINUOUS
10
0.2624604724409449
20
1.5427754724409448
11
0.2623408267716535
21
1.542879251968504
0
LINE
8
BLACK
6
CONTINUOUS
10
0.2623408267716535
20
1.542879251968504
11
0.2622272834645669
21
1.5430596062992126
0
LINE
8
BLACK
6
CONTINUOUS
10
0.2622272834645669
20
1.5430596062992126
11
0.262091968503937
21
1.5432244881889763
0
LINE
8
BLACK
6
CONTINUOUS
10
0.262091968503937
20
1.5432244881889763
11
0.2620312598425197
21
1.5433709842519685
0
LINE
8
BLACK
6
CONTINUOUS
10
0.2620312598425197
20
1.5433709842519685
11
0.2617142125984252
21
1.5438746850393701
0
LINE
8
BLACK
6
CONTINUOUS
10
0.2617142125984252
20
1.5438746850393701
11
0.2588570866141732
21
1.5495889763779527
0
LINE
8
BLACK
6
CONTINUOUS
10
0.2588570866141732
20
1.5495889763779527
11
0.2584367322834646
21
1.5506875196850394
0
LINE
8
BLACK
6
CONTINUOUS
10
0.2584367322834646
20
1.5506875196850394
11
0.2584214566929134
21
1.5509024803149607
0
LINE
8
BLACK
6
CONTINUOUS
10
0.2584214566929134
20
1.5509024803149607
11
0.258338937007874
21
1.5511016929133858
0
LINE
8
BLACK
6
CONTINUOUS
10
0.258338937007874
20
1.5511016929133858
11
0.2582236614173228
21
1.5522722440944881
0
LINE
8
BLACK
6
CONTINUOUS
10
0.2582236614173228
20
1.5522722440944881
11
0.2582236614173228
21
1.5579865354330709
0
LINE
8
BLACK
6
CONTINUOUS
10
0.2582236614173228
20
1.5579865354330709
11
0.258338937007874
21
1.5591570866141733
0
LINE
8
BLACK
6
CONTINUOUS
10
0.258338937007874
20
1.5591570866141733
11
0.2584214566929134
21
1.5593563385826772
0
LINE
8
BLACK
6
CONTINUOUS
10
0.2584214566929134
20
1.5593563385826772
11
0.2584367322834646
21
1.5595712598425195
0
LINE
8
BLACK
6
CONTINUOUS
10
0.2584367322834646
20
1.5595712598425195
11
0.2588570866141732
21
1.5606698031496062
0
LINE
8
BLACK
6
CONTINUOUS
10
0.2588570866141732
20
1.5606698031496062
11
0.2617142125984252
21
1.566384094488189
0
LINE
8
BLACK
6
CONTINUOUS
10
0.2617142125984252
20
1.566384094488189
11
0.2620312598425197
21
1.5668878346456692
0
LINE
8
BLACK
6
CONTINUOUS
10
0.2620312598425197
20
1.5668878346456692
11
0.262091968503937
21
1.5670342913385826
0
LINE
8
BLACK
6
CONTINUOUS
10
0.262091968503937
20
1.5670342913385826
11
0.2622272834645669
21
1.5671992125984251
0
LINE
8
BLACK
6
CONTINUOUS
10
0.2622272834645669
20
1.5671992125984251
11
0.2623408267716535
21
1.5673795275590552
0
LINE
8
BLACK
6
CONTINUOUS
10
0.2623408267716535
20
1.5673795275590552
11
0.2624604724409449
21
1.5674833464566928
0
LINE
8
BLACK
6
CONTINUOUS
10
0.2624604724409449
20
1.5674833464566928
11
0.262838188976378
21
1.5679435039370078
0
LINE
8
BLACK
6
CONTINUOUS
10
0.262838188976378
20
1.5679435039370078
11
0.2656953543307087
21
1.5708006299212598
0
LINE
8
BLACK
6
CONTINUOUS
10
0.2656953543307087
20
1.5708006299212598
11
0.2661554330708661
21
1.5711782283464566
0
LINE
8
BLACK
6
CONTINUOUS
10
0.2661554330708661
20
1.5711782283464566
11
0.2662592519685039
21
1.5712979133858267
0
LINE
8
BLACK
6
CONTINUOUS
10
0.2662592519685039
20
1.5712979133858267
11
0.2664396850393701
21
1.5714115354330709
0
LINE
8
BLACK
6
CONTINUOUS
10
0.2664396850393701
20
1.5714115354330709
11
0.2666045669291339
21
1.5715468110236219
0
LINE
8
BLACK
6
CONTINUOUS
10
0.2666045669291339
20
1.5715468110236219
11
0.266750905511811
21
1.5716074409448819
0
LINE
8
BLACK
6
CONTINUOUS
10
0.266750905511811
20
1.5716074409448819
11
0.2672546456692914
21
1.571924527559055
0
LINE
8
BLACK
6
CONTINUOUS
10
0.2672546456692914
20
1.571924527559055
11
0.272968937007874
21
1.5747816929133858
0
LINE
8
BLACK
6
CONTINUOUS
10
0.272968937007874
20
1.5747816929133858
11
0.2730546456692913
21
1.574814527559055
0
LINE
8
BLACK
6
CONTINUOUS
10
0.2730546456692913
20
1.574814527559055
11
0.2730894094488189
21
1.5748402362204723
0
LINE
8
BLACK
6
CONTINUOUS
10
0.2730894094488189
20
1.5748402362204723
11
0.2735801968503937
21
1.5750155905511811
0
LINE
8
BLACK
6
CONTINUOUS
10
0.2735801968503937
20
1.5750155905511811
11
0.2740674803149606
21
1.5752020472440944
0
LINE
8
BLACK
6
CONTINUOUS
10
0.2740674803149606
20
1.5752020472440944
11
0.2741106299212598
21
1.5752051181102362
0
LINE
8
BLACK
6
CONTINUOUS
10
0.2741106299212598
20
1.5752051181102362
11
0.2741970472440945
21
1.5752359842519685
0
LINE
8
BLACK
6
CONTINUOUS
10
0.2741970472440945
20
1.5752359842519685
11
0.2856255905511811
21
1.5780931102362203
0
LINE
8
BLACK
6
CONTINUOUS
10
0.2856255905511811
20
1.5780931102362203
11
0.2858285039370079
21
1.5781231496062991
0
LINE
8
BLACK
6
CONTINUOUS
10
0.2858285039370079
20
1.5781231496062991
11
0.2859102362204725
21
1.5781569685039369
0
LINE
8
BLACK
6
CONTINUOUS
10
0.2859102362204725
20
1.5781569685039369
11
0.2863510236220472
21
1.5782003937007874
0
LINE
8
BLACK
6
CONTINUOUS
10
0.2863510236220472
20
1.5782003937007874
11
0.2867891338582677
21
1.5782651574803148
0
LINE
8
BLACK
6
CONTINUOUS
10
0.2867891338582677
20
1.5782651574803148
11
0.2868766141732284
21
1.5782521653543307
0
LINE
8
BLACK
6
CONTINUOUS
10
0.2868766141732284
20
1.5782521653543307
11
0.2870807874015748
21
1.5782722440944881
0
LINE
8
BLACK
6
CONTINUOUS
10
0.2870807874015748
20
1.5782722440944881
11
0.3013665354330708
21
1.5782722440944881
0
LINE
8
BLACK
6
CONTINUOUS
10
0.3013665354330708
20
1.5782722440944881
11
0.3015706692913386
21
1.5782521653543307
0
LINE
8
BLACK
6
CONTINUOUS
10
0.2777464960629921
20
1.5637540551181102
11
0.2734920866141732
21
1.561626811023622
0
LINE
8
BLACK
6
CONTINUOUS
10
0.2734920866141732
20
1.561626811023622
11
0.2720118897637795
21
1.5601466929133858
0
LINE
8
BLACK
6
CONTINUOUS
10
0.2720118897637795
20
1.5601466929133858
11
0.2702236614173228
21
1.556570157480315
0
LINE
8
BLACK
6
CONTINUOUS
10
0.2702236614173228
20
1.556570157480315
11
0.2702236614173228
21
1.5536886614173229
0
LINE
8
BLACK
6
CONTINUOUS
10
0.2702236614173228
20
1.5536886614173229
11
0.2720118897637795
21
1.5501121259842519
0
LINE
8
BLACK
6
CONTINUOUS
10
0.2720118897637795
20
1.5501121259842519
11
0.2734920866141732
21
1.5486319685039369
0
LINE
8
BLACK
6
CONTINUOUS
10
0.2734920866141732
20
1.5486319685039369
11
0.2777463385826772
21
1.546504842519685
0
LINE
8
BLACK
6
CONTINUOUS
10
0.2777463385826772
20
1.546504842519685
11
0.2878194881889763
21
1.5439865354330709
0
LINE
8
BLACK
6
CONTINUOUS
10
0.2878194881889763
20
1.5439865354330709
11
0.3006278346456693
21
1.5439865354330709
0
LINE
8
BLACK
6
CONTINUOUS
10
0.3006278346456693
20
1.5439865354330709
11
0.3107009448818898
21
1.546504842519685
0
LINE
8
BLACK
6
CONTINUOUS
10
0.3107009448818898
20
1.546504842519685
11
0.3149552362204724
21
1.5486320078740157
0
LINE
8
BLACK
6
CONTINUOUS
10
0.3149552362204724
20
1.5486320078740157
11
0.3164353937007874
21
1.5501121259842519
0
LINE
8
BLACK
6
CONTINUOUS
10
0.3164353937007874
20
1.5501121259842519
11
0.3182236614173228
21
1.5536886614173229
0
LINE
8
BLACK
6
CONTINUOUS
10
0.3182236614173228
20
1.5536886614173229
11
0.3182236614173228
21
1.556570157480315
0
LINE
8
BLACK
6
CONTINUOUS
10
0.3182236614173228
20
1.556570157480315
11
0.3164353937007874
21
1.5601466929133858
0
LINE
8
BLACK
6
CONTINUOUS
10
0.3164353937007874
20
1.5601466929133858
11
0.3149552755905512
21
1.5616267716535432
0
LINE
8
BLACK
6
CONTINUOUS
10
0.3149552755905512
20
1.5616267716535432
11
0.3107007874015748
21
1.5637540551181102
0
LINE
8
BLACK
6
CONTINUOUS
10
0.3107007874015748
20
1.5637540551181102
11
0.300627874015748
21
1.5662722440944881
0
LINE
8
BLACK
6
CONTINUOUS
10
0.300627874015748
20
1.5662722440944881
11
0.2878194488188976
21
1.5662722440944881
0
LINE
8
BLACK
6
CONTINUOUS
10
0.2878194488188976
20
1.5662722440944881
11
0.2777464960629921
21
1.5637540551181102
0
LINE
8
BLACK
6
CONTINUOUS
10
0.9028574015748031
20
1.5656912992125984
11
0.9032571653543306
21
1.5656912992125984
0
LINE
8
BLACK
6
CONTINUOUS
10
0.9032571653543306
20
1.5656912992125984
11
0.9043215748031496
21
1.5652503937007873
0
LINE
8
BLACK
6
CONTINUOUS
10
0.9043215748031496
20
1.5652503937007873
11
0.9051362204724409
21
1.5644357480314961
0
LINE
8
BLACK
6
CONTINUOUS
10
0.9051362204724409
20
1.5644357480314961
11
0.905577125984252
21
1.5633713385826771
0
LINE
8
BLACK
6
CONTINUOUS
10
0.905577125984252
20
1.5633713385826771
11
0.9056338582677165
21
1.5627952755905512
0
LINE
8
BLACK
6
CONTINUOUS
10
0.9056338582677165
20
1.5627952755905512
11
0.9056338582677165
21
1.4446062992125983
0
LINE
8
BLACK
6
CONTINUOUS
10
0.9056338582677165
20
1.4446062992125983
11
0.905577125984252
21
1.4440302362204724
0
LINE
8
BLACK
6
CONTINUOUS
10
0.905577125984252
20
1.4440302362204724
11
0.9051362204724409
21
1.4429658267716534
0
LINE
8
BLACK
6
CONTINUOUS
10
0.9051362204724409
20
1.4429658267716534
11
0.9043215748031496
21
1.4421511811023622
0
LINE
8
BLACK
6
CONTINUOUS
10
0.9043215748031496
20
1.4421511811023622
11
0.9032571653543306
21
1.4417102755905511
0
LINE
8
BLACK
6
CONTINUOUS
10
0.9032571653543306
20
1.4417102755905511
11
0.9028574015748031
21
1.4417102755905511
0
LINE
8
BLACK
6
CONTINUOUS
10
0.9028574015748031
20
1.4417102755905511
11
0.9026811023622047
21
1.4416929133858267
0
LINE
8
BLACK
6
CONTINUOUS
10
0.9026811023622047
20
1.4416929133858267
11
0.8042598425196851
21
1.4416929133858267
0
LINE
8
BLACK
6
CONTINUOUS
10
0.8042598425196851
20
1.4416929133858267
11
0.8040835433070866
21
1.4417102755905511
0
LINE
8
BLACK
6
CONTINUOUS
10
0.8040835433070866
20
1.4417102755905511
11
0.803683779527559
21
1.4417102755905511
0
LINE
8
BLACK
6
CONTINUOUS
10
0.803683779527559
20
1.4417102755905511
11
0.8026193700787402
21
1.4421511811023622
0
LINE
8
BLACK
6
CONTINUOUS
10
0.8026193700787402
20
1.4421511811023622
11
0.8018047244094488
21
1.4429658267716534
0
LINE
8
BLACK
6
CONTINUOUS
10
0.8018047244094488
20
1.4429658267716534
11
0.8013638188976377
21
1.4440302362204724
0
LINE
8
BLACK
6
CONTINUOUS
10
0.8013638188976377
20
1.4440302362204724
11
0.8013070866141732
21
1.4446062992125983
0
LINE
8
BLACK
6
CONTINUOUS
10
0.8013070866141732
20
1.4446062992125983
11
0.8013070866141732
21
1.5627952755905512
0
LINE
8
BLACK
6
CONTINUOUS
10
0.8013070866141732
20
1.5627952755905512
11
0.8013638188976377
21
1.5633713385826771
0
LINE
8
BLACK
6
CONTINUOUS
10
0.8013638188976377
20
1.5633713385826771
11
0.8018047244094488
21
1.5644357480314961
0
LINE
8
BLACK
6
CONTINUOUS
10
0.8018047244094488
20
1.5644357480314961
11
0.8026193700787402
21
1.5652503937007873
0
LINE
8
BLACK
6
CONTINUOUS
10
0.8026193700787402
20
1.5652503937007873
11
0.803683779527559
21
1.5656912992125984
0
LINE
8
BLACK
6
CONTINUOUS
10
0.803683779527559
20
1.5656912992125984
11
0.8040835433070866
21
1.5656912992125984
0
LINE
8
BLACK
6
CONTINUOUS
10
0.8040835433070866
20
1.5656912992125984
11
0.8042598425196851
21
1.5657086614173228
0
LINE
8
BLACK
6
CONTINUOUS
10
0.8042598425196851
20
1.5657086614173228
11
0.9026811023622047
21
1.5657086614173228
0
LINE
8
BLACK
6
CONTINUOUS
10
0.9026811023622047
20
1.5657086614173228
11
0.9028574015748031
21
1.5656912992125984
0
LINE
8
BLACK
6
CONTINUOUS
10
0.8072125984251969
20
1.5598031496062992
11
0.8072125984251969
21
1.4475984251968503
0
LINE
8
BLACK
6
CONTINUOUS
10
0.8072125984251969
20
1.4475984251968503
11
0.8997283464566929
21
1.4475984251968503
0
LINE
8
BLACK
6
CONTINUOUS
10
0.8997283464566929
20
1.4475984251968503
11
0.8997283464566929
21
1.5598031496062992
0
LINE
8
BLACK
6
CONTINUOUS
10
0.8997283464566929
20
1.5598031496062992
11
0.8072125984251969
21
1.5598031496062992
0
LINE
8
BLACK
6
CONTINUOUS
10
0.307673031496063
20
1.6864928740157481
11
0.3078312204724409
21
1.6865040944881888
0
LINE
8
BLACK
6
CONTINUOUS
10
0.3078312204724409
20
1.6865040944881888
11
0.3080391732283465
21
1.686456811023622
0
LINE
8
BLACK
6
CONTINUOUS
10
0.3080391732283465
20
1.686456811023622
11
0.3082513385826772
21
1.686435905511811
0
LINE
8
BLACK
6
CONTINUOUS
10
0.3082513385826772
20
1.686435905511811
11
0.3083977165354331
21
1.6863752755905512
0
LINE
8
BLACK
6
CONTINUOUS
10
0.3083977165354331
20
1.6863752755905512
11
0.3089781496062992
21
1.6862432677165353
0
LINE
8
BLACK
6
CONTINUOUS
10
0.3089781496062992
20
1.6862432677165353
11
0.3175496062992126
21
1.6833861417322835
0
LINE
8
BLACK
6
CONTINUOUS
10
0.3175496062992126
20
1.6833861417322835
11
0.3186236614173228
21
1.682906653543307
0
LINE
8
BLACK
6
CONTINUOUS
10
0.3186236614173228
20
1.682906653543307
11
0.3187865748031496
21
1.6827653543307086
0
LINE
8
BLACK
6
CONTINUOUS
10
0.3187865748031496
20
1.6827653543307086
11
0.3189856692913386
21
1.682682874015748
0
LINE
8
BLACK
6
CONTINUOUS
10
0.3189856692913386
20
1.682682874015748
11
0.3198948818897638
21
1.6819366929133859
0
LINE
8
BLACK
6
CONTINUOUS
10
0.3198948818897638
20
1.6819366929133859
11
0.3256091732283464
21
1.6762224015748031
0
LINE
8
BLACK
6
CONTINUOUS
10
0.3256091732283464
20
1.6762224015748031
11
0.3263553543307087
21
1.6753131889763779
0
LINE
8
BLACK
6
CONTINUOUS
10
0.3263553543307087
20
1.6753131889763779
11
0.3264378346456693
21
1.6751140551181103
0
LINE
8
BLACK
6
CONTINUOUS
10
0.3264378346456693
20
1.6751140551181103
11
0.3265791338582677
21
1.6749511417322833
0
LINE
8
BLACK
6
CONTINUOUS
10
0.3265791338582677
20
1.6749511417322833
11
0.3270586220472441
21
1.673877125984252
0
LINE
8
BLACK
6
CONTINUOUS
10
0.3270586220472441
20
1.673877125984252
11
0.3299157874015748
21
1.6653057086614174
0
LINE
8
BLACK
6
CONTINUOUS
10
0.3299157874015748
20
1.6653057086614174
11
0.3300477559055118
21
1.6647252362204723
0
LINE
8
BLACK
6
CONTINUOUS
10
0.3300477559055118
20
1.6647252362204723
11
0.3301083858267717
21
1.6645788976377953
0
LINE
8
BLACK
6
CONTINUOUS
10
0.3301083858267717
20
1.6645788976377953
11
0.330129251968504
21
1.6643667716535433
0
LINE
8
BLACK
6
CONTINUOUS
10
0.330129251968504
20
1.6643667716535433
11
0.3301765748031496
21
1.6641587401574802
0
LINE
8
BLACK
6
CONTINUOUS
10
0.3301765748031496
20
1.6641587401574802
11
0.3301653149606299
21
1.6640006299212597
0
LINE
8
BLACK
6
CONTINUOUS
10
0.3301653149606299
20
1.6640006299212597
11
0.3302236614173228
21
1.6634083464566929
0
LINE
8
BLACK
6
CONTINUOUS
10
0.3302236614173228
20
1.6634083464566929
11
0.3302236614173228
21
1.6576940551181103
0
LINE
8
BLACK
6
CONTINUOUS
10
0.3302236614173228
20
1.6576940551181103
11
0.3301083858267717
21
1.6565235039370079
0
LINE
8
BLACK
6
CONTINUOUS
10
0.3301083858267717
20
1.6565235039370079
11
0.3292124803149606
21
1.6543606299212599
0
LINE
8
BLACK
6
CONTINUOUS
10
0.3292124803149606
20
1.6543606299212599
11
0.3275570866141732
21
1.6527052362204724
0
LINE
8
BLACK
6
CONTINUOUS
10
0.3275570866141732
20
1.6527052362204724
11
0.3253942125984252
21
1.6518093307086614
0
LINE
8
BLACK
6
CONTINUOUS
10
0.3253942125984252
20
1.6518093307086614
11
0.3230531102362205
21
1.6518093307086614
0
LINE
8
BLACK
6
CONTINUOUS
10
0.3230531102362205
20
1.6518093307086614
11
0.3208902362204724
21
1.6527052362204724
0
LINE
8
BLACK
6
CONTINUOUS
10
0.3208902362204724
20
1.6527052362204724
11
0.319234842519685
21
1.6543606299212599
0
LINE
8
BLACK
6
CONTINUOUS
10
0.319234842519685
20
1.6543606299212599
11
0.318338937007874
21
1.6565235039370079
0
LINE
8
BLACK
6
CONTINUOUS
10
0.318338937007874
20
1.6565235039370079
11
0.3182236614173228
21
1.6576940551181103
0
LINE
8
BLACK
6
CONTINUOUS
10
0.3182236614173228
20
1.6576940551181103
11
0.3182236614173228
21
1.6624347637795276
0
LINE
8
BLACK
6
CONTINUOUS
10
0.3182236614173228
20
1.6624347637795276
11
0.3161223228346456
21
1.6687387007874015
0
LINE
8
BLACK
6
CONTINUOUS
10
0.3161223228346456
20
1.6687387007874015
11
0.3124111811023622
21
1.672449842519685
0
LINE
8
BLACK
6
CONTINUOUS
10
0.3124111811023622
20
1.672449842519685
11
0.3061071653543307
21
1.6745511811023621
0
LINE
8
BLACK
6
CONTINUOUS
10
0.3061071653543307
20
1.6745511811023621
11
0.2642236614173228
21
1.6745511811023621
0
LINE
8
BLACK
6
CONTINUOUS
10
0.2642236614173228
20
1.6745511811023621
11
0.2630531102362205
21
1.6746664566929133
0
LINE
8
BLACK
6
CONTINUOUS
10
0.2630531102362205
20
1.6746664566929133
11
0.2608902362204724
21
1.6755623622047244
0
LINE
8
BLACK
6
CONTINUOUS
10
0.2608902362204724
20
1.6755623622047244
11
0.259234842519685
21
1.6772177559055117
0
LINE
8
BLACK
6
CONTINUOUS
10
0.259234842519685
20
1.6772177559055117
11
0.258338937007874
21
1.6793806299212597
0
LINE
8
BLACK
6
CONTINUOUS
10
0.258338937007874
20
1.6793806299212597
11
0.258338937007874
21
1.6817217322834646
0
LINE
8
BLACK
6
CONTINUOUS
10
0.258338937007874
20
1.6817217322834646
11
0.259234842519685
21
1.6838846062992125
0
LINE
8
BLACK
6
CONTINUOUS
10
0.259234842519685
20
1.6838846062992125
11
0.2608902362204724
21
1.68554
0
LINE
8
BLACK
6
CONTINUOUS
10
0.2608902362204724
20
1.68554
11
0.2630531102362205
21
1.686435905511811
0
LINE
8
BLACK
6
CONTINUOUS
10
0.2630531102362205
20
1.686435905511811
11
0.2642236614173228
21
1.6865511811023621
0
LINE
8
BLACK
6
CONTINUOUS
10
0.2642236614173228
20
1.6865511811023621
11
0.3070807874015748
21
1.6865511811023621
0
LINE
8
BLACK
6
CONTINUOUS
10
0.3070807874015748
20
1.6865511811023621
11
0.307673031496063
21
1.6864928740157481
0
LINE
8
BLACK
6
CONTINUOUS
10
0.2987135039370079
20
1.7465311023622048
11
0.2988010236220472
21
1.7465440944881889
0
LINE
8
BLACK
6
CONTINUOUS
10
0.2988010236220472
20
1.7465440944881889
11
0.299239094488189
21
1.7464793307086615
0
LINE
8
BLACK
6
CONTINUOUS
10
0.299239094488189
20
1.7464793307086615
11
0.2996799212598425
21
1.746435905511811
0
LINE
8
BLACK
6
CONTINUOUS
10
0.2996799212598425
20
1.746435905511811
11
0.2997616141732283
21
1.7464020866141732
0
LINE
8
BLACK
6
CONTINUOUS
10
0.2997616141732283
20
1.7464020866141732
11
0.2999645669291339
21
1.7463720472440944
0
LINE
8
BLACK
6
CONTINUOUS
10
0.2999645669291339
20
1.7463720472440944
11
0.3113931496062992
21
1.7435149212598424
0
LINE
8
BLACK
6
CONTINUOUS
10
0.3113931496062992
20
1.7435149212598424
11
0.3120826377952756
21
1.7432685826771652
0
LINE
8
BLACK
6
CONTINUOUS
10
0.3120826377952756
20
1.7432685826771652
11
0.3122282677165354
21
1.7432397637795276
0
LINE
8
BLACK
6
CONTINUOUS
10
0.3122282677165354
20
1.7432397637795276
11
0.3123602362204724
21
1.7431694094488188
0
LINE
8
BLACK
6
CONTINUOUS
10
0.3123602362204724
20
1.7431694094488188
11
0.3125007874015748
21
1.7431191732283464
0
LINE
8
BLACK
6
CONTINUOUS
10
0.3125007874015748
20
1.7431191732283464
11
0.3126198031496063
21
1.7430309842519685
0
LINE
8
BLACK
6
CONTINUOUS
10
0.3126198031496063
20
1.7430309842519685
11
0.3132661417322835
21
1.7426863385826772
0
LINE
8
BLACK
6
CONTINUOUS
10
0.3132661417322835
20
1.7426863385826772
11
0.3218375984251968
21
1.7369720472440944
0
LINE
8
BLACK
6
CONTINUOUS
10
0.3218375984251968
20
1.7369720472440944
11
0.321840748031496
21
1.7369694488188976
0
LINE
8
BLACK
6
CONTINUOUS
10
0.321840748031496
20
1.7369694488188976
11
0.3218427559055118
21
1.736968622047244
0
LINE
8
BLACK
6
CONTINUOUS
10
0.3218427559055118
20
1.736968622047244
11
0.3222882677165354
21
1.7366029921259842
0
LINE
8
BLACK
6
CONTINUOUS
10
0.3222882677165354
20
1.7366029921259842
11
0.3227475984251968
21
1.7362268503937008
0
LINE
8
BLACK
6
CONTINUOUS
10
0.3227475984251968
20
1.7362268503937008
11
0.3227488188976378
21
1.7362250393700787
0
LINE
8
BLACK
6
CONTINUOUS
10
0.3227488188976378
20
1.7362250393700787
11
0.322751968503937
21
1.7362224409448819
0
LINE
8
BLACK
6
CONTINUOUS
10
0.322751968503937
20
1.7362224409448819
11
0.3256091732283464
21
1.7333653149606298
0
LINE
8
BLACK
6
CONTINUOUS
10
0.3256091732283464
20
1.7333653149606298
11
0.3259867716535433
21
1.7329051968503937
0
LINE
8
BLACK
6
CONTINUOUS
10
0.3259867716535433
20
1.7329051968503937
11
0.3261065354330708
21
1.732801338582677
0
LINE
8
BLACK
6
CONTINUOUS
10
0.3261065354330708
20
1.732801338582677
11
0.3262201181102362
21
1.7326209055118109
0
LINE
8
BLACK
6
CONTINUOUS
10
0.3262201181102362
20
1.7326209055118109
11
0.3263553543307087
21
1.7324561023622047
0
LINE
8
BLACK
6
CONTINUOUS
10
0.3263553543307087
20
1.7324561023622047
11
0.3264159842519685
21
1.7323097244094487
0
LINE
8
BLACK
6
CONTINUOUS
10
0.3264159842519685
20
1.7323097244094487
11
0.3267331102362205
21
1.7318059055118109
0
LINE
8
BLACK
6
CONTINUOUS
10
0.3267331102362205
20
1.7318059055118109
11
0.3295902362204725
21
1.7260916141732283
0
LINE
8
BLACK
6
CONTINUOUS
10
0.3295902362204725
20
1.7260916141732283
11
0.3300106299212598
21
1.7249930708661416
0
LINE
8
BLACK
6
CONTINUOUS
10
0.3300106299212598
20
1.7249930708661416
11
0.330025905511811
21
1.724778031496063
0
LINE
8
BLACK
6
CONTINUOUS
10
0.330025905511811
20
1.724778031496063
11
0.3301083858267717
21
1.7245788976377951
0
LINE
8
BLACK
6
CONTINUOUS
10
0.3301083858267717
20
1.7245788976377951
11
0.3302236614173228
21
1.7234083464566929
0
LINE
8
BLACK
6
CONTINUOUS
10
0.3302236614173228
20
1.7234083464566929
11
0.3302236614173228
21
1.7119797637795275
0
LINE
8
BLACK
6
CONTINUOUS
10
0.3302236614173228
20
1.7119797637795275
11
0.3301083858267717
21
1.7108092125984251
0
LINE
8
BLACK
6
CONTINUOUS
10
0.3301083858267717
20
1.7108092125984251
11
0.3292124803149606
21
1.7086463385826771
0
LINE
8
BLACK
6
CONTINUOUS
10
0.3292124803149606
20
1.7086463385826771
11
0.3275570866141732
21
1.7069909448818896
0
LINE
8
BLACK
6
CONTINUOUS
10
0.3275570866141732
20
1.7069909448818896
11
0.3253942125984252
21
1.7060950393700787
0
LINE
8
BLACK
6
CONTINUOUS
10
0.3253942125984252
20
1.7060950393700787
11
0.3230531102362205
21
1.7060950393700787
0
LINE
8
BLACK
6
CONTINUOUS
10
0.3230531102362205
20
1.7060950393700787
11
0.3208902362204724
21
1.7069909448818896
0
LINE
8
BLACK
6
CONTINUOUS
10
0.3208902362204724
20
1.7069909448818896
11
0.319234842519685
21
1.7086463385826771
0
LINE
8
BLACK
6
CONTINUOUS
10
0.319234842519685
20
1.7086463385826771
11
0.318338937007874
21
1.7108092125984251
0
LINE
8
BLACK
6
CONTINUOUS
10
0.318338937007874
20
1.7108092125984251
11
0.3182236614173228
21
1.7119797637795275
0
LINE
8
BLACK
6
CONTINUOUS
10
0.3182236614173228
20
1.7119797637795275
11
0.3182236614173228
21
1.7219919685039369
0
LINE
8
BLACK
6
CONTINUOUS
10
0.3182236614173228
20
1.7219919685039369
11
0.3164353937007874
21
1.7255685039370079
0
LINE
8
BLACK
6
CONTINUOUS
10
0.3164353937007874
20
1.7255685039370079
11
0.3146867716535433
21
1.7273170866141732
0
LINE
8
BLACK
6
CONTINUOUS
10
0.3146867716535433
20
1.7273170866141732
11
0.3074745669291338
21
1.7321252362204724
0
LINE
8
BLACK
6
CONTINUOUS
10
0.3074745669291338
20
1.7321252362204724
11
0.3064446850393701
21
1.7323827165354331
0
LINE
8
BLACK
6
CONTINUOUS
10
0.3064446850393701
20
1.7323827165354331
11
0.3067330708661417
21
1.7318059448818897
0
LINE
8
BLACK
6
CONTINUOUS
10
0.3067330708661417
20
1.7318059448818897
11
0.3071534645669291
21
1.7307074409448819
0
LINE
8
BLACK
6
CONTINUOUS
10
0.3071534645669291
20
1.7307074409448819
11
0.3071687401574803
21
1.7304924015748031
0
LINE
8
BLACK
6
CONTINUOUS
10
0.3071687401574803
20
1.7304924015748031
11
0.3072512598425197
21
1.730293188976378
0
LINE
8
BLACK
6
CONTINUOUS
10
0.3072512598425197
20
1.730293188976378
11
0.3073665354330709
21
1.7291226377952755
0
LINE
8
BLACK
6
CONTINUOUS
10
0.3073665354330709
20
1.7291226377952755
11
0.3073665354330709
21
1.7176940551181101
0
LINE
8
BLACK
6
CONTINUOUS
10
0.3073665354330709
20
1.7176940551181101
11
0.3072512598425197
21
1.7165235039370079
0
LINE
8
BLACK
6
CONTINUOUS
10
0.3072512598425197
20
1.7165235039370079
11
0.3071687401574803
21
1.7163243307086613
0
LINE
8
BLACK
6
CONTINUOUS
10
0.3071687401574803
20
1.7163243307086613
11
0.3071534645669291
21
1.7161092913385827
0
LINE
8
BLACK
6
CONTINUOUS
10
0.3071534645669291
20
1.7161092913385827
11
0.3067331102362205
21
1.715010748031496
0
LINE
8
BLACK
6
CONTINUOUS
10
0.3067331102362205
20
1.715010748031496
11
0.3038759448818897
21
1.7092964566929134
0
LINE
8
BLACK
6
CONTINUOUS
10
0.3038759448818897
20
1.7092964566929134
11
0.3035587795275591
21
1.7087926771653543
0
LINE
8
BLACK
6
CONTINUOUS
10
0.3035587795275591
20
1.7087926771653543
11
0.3034981889763779
21
1.7086463385826771
0
LINE
8
BLACK
6
CONTINUOUS
10
0.3034981889763779
20
1.7086463385826771
11
0.3033629527559055
21
1.7084815748031497
0
LINE
8
BLACK
6
CONTINUOUS
10
0.3033629527559055
20
1.7084815748031497
11
0.3032493307086614
21
1.708301062992126
0
LINE
8
BLACK
6
CONTINUOUS
10
0.3032493307086614
20
1.708301062992126
11
0.3031296062992126
21
1.7081972440944881
0
LINE
8
BLACK
6
CONTINUOUS
10
0.3031296062992126
20
1.7081972440944881
11
0.3027520078740157
21
1.707737125984252
0
LINE
8
BLACK
6
CONTINUOUS
10
0.3027520078740157
20
1.707737125984252
11
0.2998948818897638
21
1.70488
0
LINE
8
BLACK
6
CONTINUOUS
10
0.2998948818897638
20
1.70488
11
0.2994347637795275
21
1.7045024015748031
0
LINE
8
BLACK
6
CONTINUOUS
10
0.2994347637795275
20
1.7045024015748031
11
0.2993309448818898
21
1.7043826771653543
0
LINE
8
BLACK
6
CONTINUOUS
10
0.2993309448818898
20
1.7043826771653543
11
0.2991504330708661
21
1.7042690551181101
0
LINE
8
BLACK
6
CONTINUOUS
10
0.2991504330708661
20
1.7042690551181101
11
0.2989856692913386
21
1.7041338188976378
0
LINE
8
BLACK
6
CONTINUOUS
10
0.2989856692913386
20
1.7041338188976378
11
0.2988393307086614
21
1.7040732283464566
0
LINE
8
BLACK
6
CONTINUOUS
10
0.2988393307086614
20
1.7040732283464566
11
0.2983355511811023
21
1.703756062992126
0
LINE
8
BLACK
6
CONTINUOUS
10
0.2983355511811023
20
1.703756062992126
11
0.2926212598425197
21
1.7008988976377952
0
LINE
8
BLACK
6
CONTINUOUS
10
0.2926212598425197
20
1.7008988976377952
11
0.291522716535433
21
1.7004785433070866
0
LINE
8
BLACK
6
CONTINUOUS
10
0.291522716535433
20
1.7004785433070866
11
0.2913076771653543
21
1.7004632677165354
0
LINE
8
BLACK
6
CONTINUOUS
10
0.2913076771653543
20
1.7004632677165354
11
0.2911085039370079
21
1.7003807480314961
0
LINE
8
BLACK
6
CONTINUOUS
10
0.2911085039370079
20
1.7003807480314961
11
0.2899379527559055
21
1.7002654724409449
0
LINE
8
BLACK
6
CONTINUOUS
10
0.2899379527559055
20
1.7002654724409449
11
0.2756522440944882
21
1.7002654724409449
0
LINE
8
BLACK
6
CONTINUOUS
10
0.2756522440944882
20
1.7002654724409449
11
0.2744816929133858
21
1.7003807480314961
0
LINE
8
BLACK
6
CONTINUOUS
10
0.2744816929133858
20
1.7003807480314961
11
0.2742824803149606
21
1.7004632677165354
0
LINE
8
BLACK
6
CONTINUOUS
10
0.2742824803149606
20
1.7004632677165354
11
0.2740674803149606
21
1.7004785433070866
0
LINE
8
BLACK
6
CONTINUOUS
10
0.2740674803149606
20
1.7004785433070866
11
0.272968937007874
21
1.7008988976377952
0
LINE
8
BLACK
6
CONTINUOUS
10
0.272968937007874
20
1.7008988976377952
11
0.2672546456692914
21
1.703756062992126
0
LINE
8
BLACK
6
CONTINUOUS
10
0.2672546456692914
20
1.703756062992126
11
0.266750905511811
21
1.7040731889763778
0
LINE
8
BLACK
6
CONTINUOUS
10
0.266750905511811
20
1.7040731889763778
11
0.2666045669291339
21
1.7041337795275591
0
LINE
8
BLACK
6
CONTINUOUS
10
0.2666045669291339
20
1.7041337795275591
11
0.2664396850393701
21
1.7042690944881889
0
LINE
8
BLACK
6
CONTINUOUS
10
0.2664396850393701
20
1.7042690944881889
11
0.2662592519685039
21
1.7043826771653543
0
LINE
8
BLACK
6
CONTINUOUS
10
0.2662592519685039
20
1.7043826771653543
11
0.2661554330708661
21
1.7045024015748031
0
LINE
8
BLACK
6
CONTINUOUS
10
0.2661554330708661
20
1.7045024015748031
11
0.2656953543307087
21
1.7048799606299212
0
LINE
8
BLACK
6
CONTINUOUS
10
0.2656953543307087
20
1.7048799606299212
11
0.262838188976378
21
1.7077370866141732
0
LINE
8
BLACK
6
CONTINUOUS
10
0.262838188976378
20
1.7077370866141732
11
0.2624604724409449
21
1.7081972834645669
0
LINE
8
BLACK
6
CONTINUOUS
10
0.2624604724409449
20
1.7081972834645669
11
0.2623408267716535
21
1.708301062992126
0
LINE
8
BLACK
6
CONTINUOUS
10
0.2623408267716535
20
1.708301062992126
11
0.2622272834645669
21
1.7084814173228347
0
LINE
8
BLACK
6
CONTINUOUS
10
0.2622272834645669
20
1.7084814173228347
11
0.262091968503937
21
1.7086462992125984
0
LINE
8
BLACK
6
CONTINUOUS
10
0.262091968503937
20
1.7086462992125984
11
0.2620312598425197
21
1.7087927952755906
0
LINE
8
BLACK
6
CONTINUOUS
10
0.2620312598425197
20
1.7087927952755906
11
0.2617142125984252
21
1.7092964960629922
0
LINE
8
BLACK
6
CONTINUOUS
10
0.2617142125984252
20
1.7092964960629922
11
0.2588570866141732
21
1.7150107874015748
0
LINE
8
BLACK
6
CONTINUOUS
10
0.2588570866141732
20
1.7150107874015748
11
0.2584367322834646
21
1.7161093307086615
0
LINE
8
BLACK
6
CONTINUOUS
10
0.2584367322834646
20
1.7161093307086615
11
0.2584214566929134
21
1.7163242913385826
0
LINE
8
BLACK
6
CONTINUOUS
10
0.2584214566929134
20
1.7163242913385826
11
0.258338937007874
21
1.7165235039370079
0
LINE
8
BLACK
6
CONTINUOUS
10
0.258338937007874
20
1.7165235039370079
11
0.2582236614173228
21
1.7176940551181101
0
LINE
8
BLACK
6
CONTINUOUS
10
0.2582236614173228
20
1.7176940551181101
11
0.2582236614173228
21
1.7291226377952755
0
LINE
8
BLACK
6
CONTINUOUS
10
0.2582236614173228
20
1.7291226377952755
11
0.258338937007874
21
1.730293188976378
0
LINE
8
BLACK
6
CONTINUOUS
10
0.258338937007874
20
1.730293188976378
11
0.2584214173228346
21
1.7304924015748031
0
LINE
8
BLACK
6
CONTINUOUS
10
0.2584214173228346
20
1.7304924015748031
11
0.2584367322834646
21
1.7307074015748032
0
LINE
8
BLACK
6
CONTINUOUS
10
0.2584367322834646
20
1.7307074015748032
11
0.2588570866141732
21
1.7318059055118109
0
LINE
8
BLACK
6
CONTINUOUS
10
0.2588570866141732
20
1.7318059055118109
11
0.2617142125984252
21
1.7375201968503937
0
LINE
8
BLACK
6
CONTINUOUS
10
0.2617142125984252
20
1.7375201968503937
11
0.2620313385826772
21
1.7380240157480316
0
LINE
8
BLACK
6
CONTINUOUS
10
0.2620313385826772
20
1.7380240157480316
11
0.262091968503937
21
1.7381703149606298
0
LINE
8
BLACK
6
CONTINUOUS
10
0.262091968503937
20
1.7381703149606298
11
0.2622271653543307
21
1.7383351181102362
0
LINE
8
BLACK
6
CONTINUOUS
10
0.2622271653543307
20
1.7383351181102362
11
0.2623408267716535
21
1.7385155905511811
0
LINE
8
BLACK
6
CONTINUOUS
10
0.2623408267716535
20
1.7385155905511811
11
0.2624605118110236
21
1.7386194488188975
0
LINE
8
BLACK
6
CONTINUOUS
10
0.2624605118110236
20
1.7386194488188975
11
0.2628381496062992
21
1.7390795275590551
0
LINE
8
BLACK
6
CONTINUOUS
10
0.2628381496062992
20
1.7390795275590551
11
0.2656953149606299
21
1.7419366929133857
0
LINE
8
BLACK
6
CONTINUOUS
10
0.2656953149606299
20
1.7419366929133857
11
0.2661552755905512
21
1.7423142125984252
0
LINE
8
BLACK
6
CONTINUOUS
10
0.2661552755905512
20
1.7423142125984252
11
0.2662592519685039
21
1.7424340551181101
0
LINE
8
BLACK
6
CONTINUOUS
10
0.2662592519685039
20
1.7424340551181101
11
0.2664398818897638
21
1.7425477952755906
0
LINE
8
BLACK
6
CONTINUOUS
10
0.2664398818897638
20
1.7425477952755906
11
0.2666045275590551
21
1.7426828740157481
0
LINE
8
BLACK
6
CONTINUOUS
10
0.2666045275590551
20
1.7426828740157481
11
0.2667507874015748
21
1.7427435039370078
0
LINE
8
BLACK
6
CONTINUOUS
10
0.2667507874015748
20
1.7427435039370078
11
0.2672546850393701
21
1.7430606299212599
0
LINE
8
BLACK
6
CONTINUOUS
10
0.2672546850393701
20
1.7430606299212599
11
0.2729689763779528
21
1.7459177559055117
0
LINE
8
BLACK
6
CONTINUOUS
10
0.2729689763779528
20
1.7459177559055117
11
0.2740675196850393
21
1.7463381496062991
0
LINE
8
BLACK
6
CONTINUOUS
10
0.2740675196850393
20
1.7463381496062991
11
0.2742825590551181
21
1.7463534645669292
0
LINE
8
BLACK
6
CONTINUOUS
10
0.2742825590551181
20
1.7463534645669292
11
0.2744816929133858
21
1.746435905511811
0
LINE
8
BLACK
6
CONTINUOUS
10
0.2744816929133858
20
1.746435905511811
11
0.2756522440944882
21
1.7465511811023622
0
LINE
8
BLACK
6
CONTINUOUS
10
0.2756522440944882
20
1.7465511811023622
11
0.2985093700787402
21
1.7465511811023622
0
LINE
8
BLACK
6
CONTINUOUS
10
0.2985093700787402
20
1.7465511811023622
11
0.2987135039370079
21
1.7465311023622048
0
LINE
8
BLACK
6
CONTINUOUS
10
0.2734920472440945
20
1.7327629133858267
11
0.2720119291338582
21
1.7312827559055117
0
LINE
8
BLACK
6
CONTINUOUS
10
0.2720119291338582
20
1.7312827559055117
11
0.2702236614173228
21
1.7277062204724409
0
LINE
8
BLACK
6
CONTINUOUS
10
0.2702236614173228
20
1.7277062204724409
11
0.2702236614173228
21
1.7191104724409449
0
LINE
8
BLACK
6
CONTINUOUS
10
0.2702236614173228
20
1.7191104724409449
11
0.2720118897637795
21
1.7155339370078739
0
LINE
8
BLACK
6
CONTINUOUS
10
0.2720118897637795
20
1.7155339370078739
11
0.2734920866141732
21
1.7140538188976377
0
LINE
8
BLACK
6
CONTINUOUS
10
0.2734920866141732
20
1.7140538188976377
11
0.2770687007874016
21
1.7122654724409447
0
LINE
8
BLACK
6
CONTINUOUS
10
0.2770687007874016
20
1.7122654724409447
11
0.2885214960629921
21
1.7122654724409447
0
LINE
8
BLACK
6
CONTINUOUS
10
0.2885214960629921
20
1.7122654724409447
11
0.2920981102362205
21
1.7140538188976377
0
LINE
8
BLACK
6
CONTINUOUS
10
0.2920981102362205
20
1.7140538188976377
11
0.2935781889763779
21
1.7155338976377952
0
LINE
8
BLACK
6
CONTINUOUS
10
0.2935781889763779
20
1.7155338976377952
11
0.2953665354330708
21
1.7191105511811022
0
LINE
8
BLACK
6
CONTINUOUS
10
0.2953665354330708
20
1.7191105511811022
11
0.2953665354330708
21
1.7277062598425197
0
LINE
8
BLACK
6
CONTINUOUS
10
0.2953665354330708
20
1.7277062598425197
11
0.2935782677165354
21
1.7312826771653542
0
LINE
8
BLACK
6
CONTINUOUS
10
0.2935782677165354
20
1.7312826771653542
11
0.2920980708661417
21
1.7327629527559054
0
LINE
8
BLACK
6
CONTINUOUS
10
0.2920980708661417
20
1.7327629527559054
11
0.2885215354330709
21
1.7345511811023622
0
LINE
8
BLACK
6
CONTINUOUS
10
0.2885215354330709
20
1.7345511811023622
11
0.2770686614173228
21
1.7345511811023622
0
LINE
8
BLACK
6
CONTINUOUS
10
0.2770686614173228
20
1.7345511811023622
11
0.2734920472440945
21
1.7327629133858267
0
LINE
8
BLACK
6
CONTINUOUS
10
0.9028574015748031
20
1.7625416929133857
11
0.9032571653543306
21
1.7625416929133857
0
LINE
8
BLACK
6
CONTINUOUS
10
0.9032571653543306
20
1.7625416929133857
11
0.9043215748031496
21
1.7621007874015748
0
LINE
8
BLACK
6
CONTINUOUS
10
0.9043215748031496
20
1.7621007874015748
11
0.9051362204724409
21
1.7612861417322834
0
LINE
8
BLACK
6
CONTINUOUS
10
0.9051362204724409
20
1.7612861417322834
11
0.905577125984252
21
1.7602217322834646
0
LINE
8
BLACK
6
CONTINUOUS
10
0.905577125984252
20
1.7602217322834646
11
0.9056338582677165
21
1.7596456692913385
0
LINE
8
BLACK
6
CONTINUOUS
10
0.9056338582677165
20
1.7596456692913385
11
0.9056338582677165
21
1.6414566929133858
0
LINE
8
BLACK
6
CONTINUOUS
10
0.9056338582677165
20
1.6414566929133858
11
0.905577125984252
21
1.6408806299212597
0
LINE
8
BLACK
6
CONTINUOUS
10
0.905577125984252
20
1.6408806299212597
11
0.9051362204724409
21
1.6398162204724409
0
LINE
8
BLACK
6
CONTINUOUS
10
0.9051362204724409
20
1.6398162204724409
11
0.9043215748031496
21
1.6390015748031497
0
LINE
8
BLACK
6
CONTINUOUS
10
0.9043215748031496
20
1.6390015748031497
11
0.9032571653543306
21
1.6385606692913386
0
LINE
8
BLACK
6
CONTINUOUS
10
0.9032571653543306
20
1.6385606692913386
11
0.9028574015748031
21
1.6385606692913386
0
LINE
8
BLACK
6
CONTINUOUS
10
0.9028574015748031
20
1.6385606692913386
11
0.9026811023622047
21
1.6385433070866142
0
LINE
8
BLACK
6
CONTINUOUS
10
0.9026811023622047
20
1.6385433070866142
11
0.8042598425196851
21
1.6385433070866142
0
LINE
8
BLACK
6
CONTINUOUS
10
0.8042598425196851
20
1.6385433070866142
11
0.8040835433070866
21
1.6385606692913386
0
LINE
8
BLACK
6
CONTINUOUS
10
0.8040835433070866
20
1.6385606692913386
11
0.803683779527559
21
1.6385606692913386
0
LINE
8
BLACK
6
CONTINUOUS
10
0.803683779527559
20
1.6385606692913386
11
0.8026193700787402
21
1.6390015748031497
0
LINE
8
BLACK
6
CONTINUOUS
10
0.8026193700787402
20
1.6390015748031497
11
0.8018047244094488
21
1.6398162204724409
0
LINE
8
BLACK
6
CONTINUOUS
10
0.8018047244094488
20
1.6398162204724409
11
0.8013638188976377
21
1.6408806299212597
0
LINE
8
BLACK
6
CONTINUOUS
10
0.8013638188976377
20
1.6408806299212597
11
0.8013070866141732
21
1.6414566929133858
0
LINE
8
BLACK
6
CONTINUOUS
10
0.8013070866141732
20
1.6414566929133858
11
0.8013070866141732
21
1.7596456692913385
0
LINE
8
BLACK
6
CONTINUOUS
10
0.8013070866141732
20
1.7596456692913385
11
0.8013638188976377
21
1.7602217322834646
0
LINE
8
BLACK
6
CONTINUOUS
10
0.8013638188976377
20
1.7602217322834646
11
0.8018047244094488
21
1.7612861417322834
0
LINE
8
BLACK
6
CONTINUOUS
10
0.8018047244094488
20
1.7612861417322834
11
0.8026193700787402
21
1.7621007874015748
0
LINE
8
BLACK
6
CONTINUOUS
10
0.8026193700787402
20
1.7621007874015748
11
0.803683779527559
21
1.7625416929133857
0
LINE
8
BLACK
6
CONTINUOUS
10
0.803683779527559
20
1.7625416929133857
11
0.8040835433070866
21
1.7625416929133857
0
LINE
8
BLACK
6
CONTINUOUS
10
0.8040835433070866
20
1.7625416929133857
11
0.8042598425196851
21
1.7625590551181103
0
LINE
8
BLACK
6
CONTINUOUS
10
0.8042598425196851
20
1.7625590551181103
11
0.9026811023622047
21
1.7625590551181103
0
LINE
8
BLACK
6
CONTINUOUS
10
0.9026811023622047
20
1.7625590551181103
11
0.9028574015748031
21
1.7625416929133857
0
LINE
8
BLACK
6
CONTINUOUS
10
0.8072125984251969
20
1.7566535433070867
11
0.8072125984251969
21
1.6444488188976378
0
LINE
8
BLACK
6
CONTINUOUS
10
0.8072125984251969
20
1.6444488188976378
11
0.8997283464566929
21
1.6444488188976378
0
LINE
8
BLACK
6
CONTINUOUS
10
0.8997283464566929
20
1.6444488188976378
11
0.8997283464566929
21
1.7566535433070867
0
LINE
8
BLACK
6
CONTINUOUS
10
0.8997283464566929
20
1.7566535433070867
11
0.8072125984251969
21
1.7566535433070867
0
LINE
8
BLACK
6
CONTINUOUS
10
0.307673031496063
20
1.8833432677165354
11
0.3078312204724409
21
1.8833544881889763
0
LINE
8
BLACK
6
CONTINUOUS
10
0.3078312204724409
20
1.8833544881889763
11
0.3080391732283465
21
1.8833072047244095
0
LINE
8
BLACK
6
CONTINUOUS
10
0.3080391732283465
20
1.8833072047244095
11
0.3082513385826772
21
1.8832862992125985
0
LINE
8
BLACK
6
CONTINUOUS
10
0.3082513385826772
20
1.8832862992125985
11
0.3083977165354331
21
1.8832256692913385
0
LINE
8
BLACK
6
CONTINUOUS
10
0.3083977165354331
20
1.8832256692913385
11
0.3089781496062992
21
1.8830936614173228
0
LINE
8
BLACK
6
CONTINUOUS
10
0.3089781496062992
20
1.8830936614173228
11
0.3175496062992126
21
1.8802365354330708
0
LINE
8
BLACK
6
CONTINUOUS
10
0.3175496062992126
20
1.8802365354330708
11
0.3186236614173228
21
1.8797570472440945
0
LINE
8
BLACK
6
CONTINUOUS
10
0.3186236614173228
20
1.8797570472440945
11
0.3187865748031496
21
1.8796157480314961
0
LINE
8
BLACK
6
CONTINUOUS
10
0.3187865748031496
20
1.8796157480314961
11
0.3189856692913386
21
1.8795332677165353
0
LINE
8
BLACK
6
CONTINUOUS
10
0.3189856692913386
20
1.8795332677165353
11
0.3198948818897638
21
1.8787870866141732
0
LINE
8
BLACK
6
CONTINUOUS
10
0.3198948818897638
20
1.8787870866141732
11
0.3256091732283464
21
1.8730727952755906
0
LINE
8
BLACK
6
CONTINUOUS
10
0.3256091732283464
20
1.8730727952755906
11
0.3263553543307087
21
1.8721635826771652
0
LINE
8
BLACK
6
CONTINUOUS
10
0.3263553543307087
20
1.8721635826771652
11
0.3264378346456693
21
1.8719644488188976
0
LINE
8
BLACK
6
CONTINUOUS
10
0.3264378346456693
20
1.8719644488188976
11
0.3265791338582677
21
1.8718015354330708
0
LINE
8
BLACK
6
CONTINUOUS
10
0.3265791338582677
20
1.8718015354330708
11
0.3270586220472441
21
1.8707275196850393
0
LINE
8
BLACK
6
CONTINUOUS
10
0.3270586220472441
20
1.8707275196850393
11
0.3299157874015748
21
1.8621561023622046
0
LINE
8
BLACK
6
CONTINUOUS
10
0.3299157874015748
20
1.8621561023622046
11
0.3300477559055118
21
1.8615756299212598
0
LINE
8
BLACK
6
CONTINUOUS
10
0.3300477559055118
20
1.8615756299212598
11
0.3301083858267717
21
1.8614292913385826
0
LINE
8
BLACK
6
CONTINUOUS
10
0.3301083858267717
20
1.8614292913385826
11
0.330129251968504
21
1.8612171653543306
0
LINE
8
BLACK
6
CONTINUOUS
10
0.330129251968504
20
1.8612171653543306
11
0.3301765748031496
21
1.8610091338582677
0
LINE
8
BLACK
6
CONTINUOUS
10
0.3301765748031496
20
1.8610091338582677
11
0.3301653149606299
21
1.8608510236220472
0
LINE
8
BLACK
6
CONTINUOUS
10
0.3301653149606299
20
1.8608510236220472
11
0.3302236614173228
21
1.8602587401574802
0
LINE
8
BLACK
6
CONTINUOUS
10
0.3302236614173228
20
1.8602587401574802
11
0.3302236614173228
21
1.8545444488188976
0
LINE
8
BLACK
6
CONTINUOUS
10
0.3302236614173228
20
1.8545444488188976
11
0.3301083858267717
21
1.8533738976377951
0
LINE
8
BLACK
6
CONTINUOUS
10
0.3301083858267717
20
1.8533738976377951
11
0.3292124803149606
21
1.8512110236220471
0
LINE
8
BLACK
6
CONTINUOUS
10
0.3292124803149606
20
1.8512110236220471
11
0.3275570866141732
21
1.8495556299212599
0
LINE
8
BLACK
6
CONTINUOUS
10
0.3275570866141732
20
1.8495556299212599
11
0.3253942125984252
21
1.8486597244094487
0
LINE
8
BLACK
6
CONTINUOUS
10
0.3253942125984252
20
1.8486597244094487
11
0.3230531102362205
21
1.8486597244094487
0
LINE
8
BLACK
6
CONTINUOUS
10
0.3230531102362205
20
1.8486597244094487
11
0.3208902362204724
21
1.8495556299212599
0
LINE
8
BLACK
6
CONTINUOUS
10
0.3208902362204724
20
1.8495556299212599
11
0.319234842519685
21
1.8512110236220471
0
LINE
8
BLACK
6
CONTINUOUS
10
0.319234842519685
20
1.8512110236220471
11
0.318338937007874
21
1.8533738976377951
0
LINE
8
BLACK
6
CONTINUOUS
10
0.318338937007874
20
1.8533738976377951
11
0.3182236614173228
21
1.8545444488188976
0
LINE
8
BLACK
6
CONTINUOUS
10
0.3182236614173228
20
1.8545444488188976
11
0.3182236614173228
21
1.8592851574803149
0
LINE
8
BLACK
6
CONTINUOUS
10
0.3182236614173228
20
1.8592851574803149
11
0.3161223228346456
21
1.865589094488189
0
LINE
8
BLACK
6
CONTINUOUS
10
0.3161223228346456
20
1.865589094488189
11
0.3124111811023622
21
1.8693002362204725
0
LINE
8
BLACK
6
CONTINUOUS
10
0.3124111811023622
20
1.8693002362204725
11
0.3061071653543307
21
1.8714015748031496
0
LINE
8
BLACK
6
CONTINUOUS
10
0.3061071653543307
20
1.8714015748031496
11
0.2642236614173228
21
1.8714015748031496
0
LINE
8
BLACK
6
CONTINUOUS
10
0.2642236614173228
20
1.8714015748031496
11
0.2630531102362205
21
1.8715168503937007
0
LINE
8
BLACK
6
CONTINUOUS
10
0.2630531102362205
20
1.8715168503937007
11
0.2608902362204724
21
1.8724127559055117
0
LINE
8
BLACK
6
CONTINUOUS
10
0.2608902362204724
20
1.8724127559055117
11
0.259234842519685
21
1.8740681496062992
0
LINE
8
BLACK
6
CONTINUOUS
10
0.259234842519685
20
1.8740681496062992
11
0.258338937007874
21
1.8762310236220472
0
LINE
8
BLACK
6
CONTINUOUS
10
0.258338937007874
20
1.8762310236220472
11
0.258338937007874
21
1.8785721259842518
0
LINE
8
BLACK
6
CONTINUOUS
10
0.258338937007874
20
1.8785721259842518
11
0.259234842519685
21
1.880735
0
LINE
8
BLACK
6
CONTINUOUS
10
0.259234842519685
20
1.880735
11
0.2608902362204724
21
1.8823903937007873
0
LINE
8
BLACK
6
CONTINUOUS
10
0.2608902362204724
20
1.8823903937007873
11
0.2630531102362205
21
1.8832862992125985
0
LINE
8
BLACK
6
CONTINUOUS
10
0.2630531102362205
20
1.8832862992125985
11
0.2642236614173228
21
1.8834015748031496
0
LINE
8
BLACK
6
CONTINUOUS
10
0.2642236614173228
20
1.8834015748031496
11
0.3070807874015748
21
1.8834015748031496
0
LINE
8
BLACK
6
CONTINUOUS
10
0.3070807874015748
20
1.8834015748031496
11
0.307673031496063
21
1.8833432677165354
0
LINE
8
BLACK
6
CONTINUOUS
10
0.2796799212598425
20
1.9432862992125983
11
0.2798791338582677
21
1.943203779527559
0
LINE
8
BLACK
6
CONTINUOUS
10
0.2798791338582677
20
1.943203779527559
11
0.2800940944881889
21
1.9431885039370078
0
LINE
8
BLACK
6
CONTINUOUS
10
0.2800940944881889
20
1.9431885039370078
11
0.2811926377952756
21
1.9427681496062992
0
LINE
8
BLACK
6
CONTINUOUS
10
0.2811926377952756
20
1.9427681496062992
11
0.2869069291338582
21
1.9399110236220471
0
LINE
8
BLACK
6
CONTINUOUS
10
0.2869069291338582
20
1.9399110236220471
11
0.2874106299212598
21
1.9395939763779526
0
LINE
8
BLACK
6
CONTINUOUS
10
0.2874106299212598
20
1.9395939763779526
11
0.287557125984252
21
1.9395332677165353
0
LINE
8
BLACK
6
CONTINUOUS
10
0.287557125984252
20
1.9395332677165353
11
0.2877220078740158
21
1.9393979527559055
0
LINE
8
BLACK
6
CONTINUOUS
10
0.2877220078740158
20
1.9393979527559055
11
0.2879023622047244
21
1.9392844094488189
0
LINE
8
BLACK
6
CONTINUOUS
10
0.2879023622047244
20
1.9392844094488189
11
0.2880061417322834
21
1.9391647637795275
0
LINE
8
BLACK
6
CONTINUOUS
10
0.2880061417322834
20
1.9391647637795275
11
0.2884663385826772
21
1.9387870472440945
0
LINE
8
BLACK
6
CONTINUOUS
10
0.2884663385826772
20
1.9387870472440945
11
0.2899379133858268
21
1.9373154330708662
0
LINE
8
BLACK
6
CONTINUOUS
10
0.2899379133858268
20
1.9373154330708662
11
0.2914096062992126
21
1.9387870866141732
0
LINE
8
BLACK
6
CONTINUOUS
10
0.2914096062992126
20
1.9387870866141732
11
0.2918695669291339
21
1.9391646062992125
0
LINE
8
BLACK
6
CONTINUOUS
10
0.2918695669291339
20
1.9391646062992125
11
0.2919735433070866
21
1.9392844488188976
0
LINE
8
BLACK
6
CONTINUOUS
10
0.2919735433070866
20
1.9392844488188976
11
0.2921541732283465
21
1.9393981889763778
0
LINE
8
BLACK
6
CONTINUOUS
10
0.2921541732283465
20
1.9393981889763778
11
0.2923188188976378
21
1.9395332677165353
0
LINE
8
BLACK
6
CONTINUOUS
10
0.2923188188976378
20
1.9395332677165353
11
0.2924650787401575
21
1.9395938976377953
0
LINE
8
BLACK
6
CONTINUOUS
10
0.2924650787401575
20
1.9395938976377953
11
0.2929689763779528
21
1.9399110236220471
0
LINE
8
BLACK
6
CONTINUOUS
10
0.2929689763779528
20
1.9399110236220471
11
0.2986832677165354
21
1.9427681496062992
0
LINE
8
BLACK
6
CONTINUOUS
10
0.2986832677165354
20
1.9427681496062992
11
0.2997818110236221
21
1.9431885433070866
0
LINE
8
BLACK
6
CONTINUOUS
10
0.2997818110236221
20
1.9431885433070866
11
0.2999968503937008
21
1.9432038582677165
0
LINE
8
BLACK
6
CONTINUOUS
10
0.2999968503937008
20
1.9432038582677165
11
0.3001959842519685
21
1.9432862992125983
0
LINE
8
BLACK
6
CONTINUOUS
10
0.3001959842519685
20
1.9432862992125983
11
0.3013665354330708
21
1.9434015748031495
0
LINE
8
BLACK
6
CONTINUOUS
10
0.3013665354330708
20
1.9434015748031495
11
0.3127950787401575
21
1.9434015748031495
0
LINE
8
BLACK
6
CONTINUOUS
10
0.3127950787401575
20
1.9434015748031495
11
0.3139656299212598
21
1.9432862992125983
0
LINE
8
BLACK
6
CONTINUOUS
10
0.3139656299212598
20
1.9432862992125983
11
0.314164842519685
21
1.943203779527559
0
LINE
8
BLACK
6
CONTINUOUS
10
0.314164842519685
20
1.943203779527559
11
0.3143798031496063
21
1.9431885039370078
0
LINE
8
BLACK
6
CONTINUOUS
10
0.3143798031496063
20
1.9431885039370078
11
0.3154783464566929
21
1.9427681496062992
0
LINE
8
BLACK
6
CONTINUOUS
10
0.3154783464566929
20
1.9427681496062992
11
0.3211926377952756
21
1.9399110236220471
0
LINE
8
BLACK
6
CONTINUOUS
10
0.3211926377952756
20
1.9399110236220471
11
0.3216963779527559
21
1.9395939370078741
0
LINE
8
BLACK
6
CONTINUOUS
10
0.3216963779527559
20
1.9395939370078741
11
0.3218427952755906
21
1.9395332677165353
0
LINE
8
BLACK
6
CONTINUOUS
10
0.3218427952755906
20
1.9395332677165353
11
0.3220075984251968
21
1.939398031496063
0
LINE
8
BLACK
6
CONTINUOUS
10
0.3220075984251968
20
1.939398031496063
11
0.3221880708661417
21
1.9392844094488189
0
LINE
8
BLACK
6
CONTINUOUS
10
0.3221880708661417
20
1.9392844094488189
11
0.3222918897637795
21
1.9391647244094488
0
LINE
8
BLACK
6
CONTINUOUS
10
0.3222918897637795
20
1.9391647244094488
11
0.3227520078740158
21
1.9387870866141732
0
LINE
8
BLACK
6
CONTINUOUS
10
0.3227520078740158
20
1.9387870866141732
11
0.3256091732283464
21
1.9359299212598424
0
LINE
8
BLACK
6
CONTINUOUS
10
0.3256091732283464
20
1.9359299212598424
11
0.3259867716535433
21
1.935469842519685
0
LINE
8
BLACK
6
CONTINUOUS
10
0.3259867716535433
20
1.935469842519685
11
0.3261064960629921
21
1.9353659842519684
0
LINE
8
BLACK
6
CONTINUOUS
10
0.3261064960629921
20
1.9353659842519684
11
0.3262200787401575
21
1.9351855511811022
0
LINE
8
BLACK
6
CONTINUOUS
10
0.3262200787401575
20
1.9351855511811022
11
0.3263553543307087
21
1.9350207086614173
0
LINE
8
BLACK
6
CONTINUOUS
10
0.3263553543307087
20
1.9350207086614173
11
0.3264159842519685
21
1.9348743307086613
0
LINE
8
BLACK
6
CONTINUOUS
10
0.3264159842519685
20
1.9348743307086613
11
0.3267331102362205
21
1.9343705511811022
0
LINE
8
BLACK
6
CONTINUOUS
10
0.3267331102362205
20
1.9343705511811022
11
0.3295902362204725
21
1.9286562992125984
0
LINE
8
BLACK
6
CONTINUOUS
10
0.3295902362204725
20
1.9286562992125984
11
0.3300106299212598
21
1.9275577952755905
0
LINE
8
BLACK
6
CONTINUOUS
10
0.3300106299212598
20
1.9275577952755905
11
0.330025905511811
21
1.9273427165354331
0
LINE
8
BLACK
6
CONTINUOUS
10
0.330025905511811
20
1.9273427165354331
11
0.3301083858267717
21
1.9271435826771652
0
LINE
8
BLACK
6
CONTINUOUS
10
0.3301083858267717
20
1.9271435826771652
11
0.3302236614173228
21
1.925973031496063
0
LINE
8
BLACK
6
CONTINUOUS
10
0.3302236614173228
20
1.925973031496063
11
0.3302236614173228
21
1.9145444488188976
0
LINE
8
BLACK
6
CONTINUOUS
10
0.3302236614173228
20
1.9145444488188976
11
0.3301083858267717
21
1.9133738976377952
0
LINE
8
BLACK
6
CONTINUOUS
10
0.3301083858267717
20
1.9133738976377952
11
0.330025905511811
21
1.9131748031496063
0
LINE
8
BLACK
6
CONTINUOUS
10
0.330025905511811
20
1.9131748031496063
11
0.3300106299212598
21
1.9129597244094487
0
LINE
8
BLACK
6
CONTINUOUS
10
0.3300106299212598
20
1.9129597244094487
11
0.3295902362204725
21
1.9118611811023623
0
LINE
8
BLACK
6
CONTINUOUS
10
0.3295902362204725
20
1.9118611811023623
11
0.3267331102362205
21
1.9061468897637794
0
LINE
8
BLACK
6
CONTINUOUS
10
0.3267331102362205
20
1.9061468897637794
11
0.3264159842519685
21
1.9056431102362204
0
LINE
8
BLACK
6
CONTINUOUS
10
0.3264159842519685
20
1.9056431102362204
11
0.3263553543307087
21
1.9054966929133859
0
LINE
8
BLACK
6
CONTINUOUS
10
0.3263553543307087
20
1.9054966929133859
11
0.3262201181102362
21
1.9053319291338582
0
LINE
8
BLACK
6
CONTINUOUS
10
0.3262201181102362
20
1.9053319291338582
11
0.3261065354330708
21
1.9051514566929133
0
LINE
8
BLACK
6
CONTINUOUS
10
0.3261065354330708
20
1.9051514566929133
11
0.3259867716535433
21
1.9050476377952756
0
LINE
8
BLACK
6
CONTINUOUS
10
0.3259867716535433
20
1.9050476377952756
11
0.3256091732283464
21
1.9045874803149605
0
LINE
8
BLACK
6
CONTINUOUS
10
0.3256091732283464
20
1.9045874803149605
11
0.322751968503937
21
1.9017303543307087
0
LINE
8
BLACK
6
CONTINUOUS
10
0.322751968503937
20
1.9017303543307087
11
0.3222918503937008
21
1.9013527952755904
0
LINE
8
BLACK
6
CONTINUOUS
10
0.3222918503937008
20
1.9013527952755904
11
0.3221880708661417
21
1.9012330708661418
0
LINE
8
BLACK
6
CONTINUOUS
10
0.3221880708661417
20
1.9012330708661418
11
0.3220075984251968
21
1.9011194881889764
0
LINE
8
BLACK
6
CONTINUOUS
10
0.3220075984251968
20
1.9011194881889764
11
0.3218427559055118
21
1.9009841732283463
0
LINE
8
BLACK
6
CONTINUOUS
10
0.3218427559055118
20
1.9009841732283463
11
0.3216963385826772
21
1.9009235433070866
0
LINE
8
BLACK
6
CONTINUOUS
10
0.3216963385826772
20
1.9009235433070866
11
0.3211926771653543
21
1.9006064566929133
0
LINE
8
BLACK
6
CONTINUOUS
10
0.3211926771653543
20
1.9006064566929133
11
0.3154783858267716
21
1.8977492913385827
0
LINE
8
BLACK
6
CONTINUOUS
10
0.3154783858267716
20
1.8977492913385827
11
0.314379842519685
21
1.8973289370078741
0
LINE
8
BLACK
6
CONTINUOUS
10
0.314379842519685
20
1.8973289370078741
11
0.3141648031496063
21
1.8973136614173227
0
LINE
8
BLACK
6
CONTINUOUS
10
0.3141648031496063
20
1.8973136614173227
11
0.3139656299212598
21
1.8972311417322834
0
LINE
8
BLACK
6
CONTINUOUS
10
0.3139656299212598
20
1.8972311417322834
11
0.3127950787401575
21
1.8971158661417322
0
LINE
8
BLACK
6
CONTINUOUS
10
0.3127950787401575
20
1.8971158661417322
11
0.3013665354330708
21
1.8971158661417322
0
LINE
8
BLACK
6
CONTINUOUS
10
0.3013665354330708
20
1.8971158661417322
11
0.3001959842519685
21
1.8972311417322834
0
LINE
8
BLACK
6
CONTINUOUS
10
0.3001959842519685
20
1.8972311417322834
11
0.2999967716535433
21
1.8973136614173227
0
LINE
8
BLACK
6
CONTINUOUS
10
0.2999967716535433
20
1.8973136614173227
11
0.2997817716535433
21
1.8973289370078741
0
LINE
8
BLACK
6
CONTINUOUS
10
0.2997817716535433
20
1.8973289370078741
11
0.2986832283464567
21
1.8977492913385827
0
LINE
8
BLACK
6
CONTINUOUS
10
0.2986832283464567
20
1.8977492913385827
11
0.292968937007874
21
1.9006064566929133
0
LINE
8
BLACK
6
CONTINUOUS
10
0.292968937007874
20
1.9006064566929133
11
0.2924651968503937
21
1.9009235826771653
0
LINE
8
BLACK
6
CONTINUOUS
10
0.2924651968503937
20
1.9009235826771653
11
0.2923188582677165
21
1.9009841732283463
0
LINE
8
BLACK
6
CONTINUOUS
10
0.2923188582677165
20
1.9009841732283463
11
0.2921539763779528
21
1.9011194881889764
0
LINE
8
BLACK
6
CONTINUOUS
10
0.2921539763779528
20
1.9011194881889764
11
0.2919735433070866
21
1.9012330708661418
0
LINE
8
BLACK
6
CONTINUOUS
10
0.2919735433070866
20
1.9012330708661418
11
0.2918697244094488
21
1.9013527952755904
0
LINE
8
BLACK
6
CONTINUOUS
10
0.2918697244094488
20
1.9013527952755904
11
0.2914096456692913
21
1.9017303543307087
0
LINE
8
BLACK
6
CONTINUOUS
10
0.2914096456692913
20
1.9017303543307087
11
0.2899379133858268
21
1.9032020472440945
0
LINE
8
BLACK
6
CONTINUOUS
10
0.2899379133858268
20
1.9032020472440945
11
0.2884662992125984
21
1.9017303937007874
0
LINE
8
BLACK
6
CONTINUOUS
10
0.2884662992125984
20
1.9017303937007874
11
0.2880061811023622
21
1.9013527952755904
0
LINE
8
BLACK
6
CONTINUOUS
10
0.2880061811023622
20
1.9013527952755904
11
0.2879023622047244
21
1.9012330708661418
0
LINE
8
BLACK
6
CONTINUOUS
10
0.2879023622047244
20
1.9012330708661418
11
0.2877218503937008
21
1.9011194488188976
0
LINE
8
BLACK
6
CONTINUOUS
10
0.2877218503937008
20
1.9011194488188976
11
0.2875570866141732
21
1.9009842125984251
0
LINE
8
BLACK
6
CONTINUOUS
10
0.2875570866141732
20
1.9009842125984251
11
0.2874107480314961
21
1.9009236220472441
0
LINE
8
BLACK
6
CONTINUOUS
10
0.2874107480314961
20
1.9009236220472441
11
0.286906968503937
21
1.9006064566929133
0
LINE
8
BLACK
6
CONTINUOUS
10
0.286906968503937
20
1.9006064566929133
11
0.2811926771653543
21
1.8977492913385827
0
LINE
8
BLACK
6
CONTINUOUS
10
0.2811926771653543
20
1.8977492913385827
11
0.2800941338582677
21
1.8973289370078741
0
LINE
8
BLACK
6
CONTINUOUS
10
0.2800941338582677
20
1.8973289370078741
11
0.279879094488189
21
1.8973136614173227
0
LINE
8
BLACK
6
CONTINUOUS
10
0.279879094488189
20
1.8973136614173227
11
0.2796799212598425
21
1.8972311417322834
0
LINE
8
BLACK
6
CONTINUOUS
10
0.2796799212598425
20
1.8972311417322834
11
0.2785093700787402
21
1.8971158661417322
0
LINE
8
BLACK
6
CONTINUOUS
10
0.2785093700787402
20
1.8971158661417322
11
0.2756522440944882
21
1.8971158661417322
0
LINE
8
BLACK
6
CONTINUOUS
10
0.2756522440944882
20
1.8971158661417322
11
0.2744816929133858
21
1.8972311417322834
0
LINE
8
BLACK
6
CONTINUOUS
10
0.2744816929133858
20
1.8972311417322834
11
0.2742824803149606
21
1.8973136614173227
0
LINE
8
BLACK
6
CONTINUOUS
10
0.2742824803149606
20
1.8973136614173227
11
0.2740674803149606
21
1.8973289370078741
0
LINE
8
BLACK
6
CONTINUOUS
10
0.2740674803149606
20
1.8973289370078741
11
0.272968937007874
21
1.8977492913385827
0
LINE
8
BLACK
6
CONTINUOUS
10
0.272968937007874
20
1.8977492913385827
11
0.2672546456692914
21
1.9006064566929133
0
LINE
8
BLACK
6
CONTINUOUS
10
0.2672546456692914
20
1.9006064566929133
11
0.266750905511811
21
1.9009235826771653
0
LINE
8
BLACK
6
CONTINUOUS
10
0.266750905511811
20
1.9009235826771653
11
0.2666045669291339
21
1.9009841732283463
0
LINE
8
BLACK
6
CONTINUOUS
10
0.2666045669291339
20
1.9009841732283463
11
0.2664396850393701
21
1.9011194881889764
0
LINE
8
BLACK
6
CONTINUOUS
10
0.2664396850393701
20
1.9011194881889764
11
0.2662592519685039
21
1.9012330708661418
0
LINE
8
BLACK
6
CONTINUOUS
10
0.2662592519685039
20
1.9012330708661418
11
0.2661554330708661
21
1.9013527952755904
0
LINE
8
BLACK
6
CONTINUOUS
10
0.2661554330708661
20
1.9013527952755904
11
0.2656953543307087
21
1.9017303543307087
0
LINE
8
BLACK
6
CONTINUOUS
10
0.2656953543307087
20
1.9017303543307087
11
0.262838188976378
21
1.9045874803149605
0
LINE
8
BLACK
6
CONTINUOUS
10
0.262838188976378
20
1.9045874803149605
11
0.2624604724409449
21
1.9050476771653544
0
LINE
8
BLACK
6
CONTINUOUS
10
0.2624604724409449
20
1.9050476771653544
11
0.2623408267716535
21
1.9051514566929133
0
LINE
8
BLACK
6
CONTINUOUS
10
0.2623408267716535
20
1.9051514566929133
11
0.2622272834645669
21
1.9053318110236219
0
LINE
8
BLACK
6
CONTINUOUS
10
0.2622272834645669
20
1.9053318110236219
11
0.262091968503937
21
1.9054966929133859
0
LINE
8
BLACK
6
CONTINUOUS
10
0.262091968503937
20
1.9054966929133859
11
0.2620312598425197
21
1.9056431889763779
0
LINE
8
BLACK
6
CONTINUOUS
10
0.2620312598425197
20
1.9056431889763779
11
0.2617142125984252
21
1.9061468897637794
0
LINE
8
BLACK
6
CONTINUOUS
10
0.2617142125984252
20
1.9061468897637794
11
0.2588570866141732
21
1.9118611811023623
0
LINE
8
BLACK
6
CONTINUOUS
10
0.2588570866141732
20
1.9118611811023623
11
0.2584367322834646
21
1.9129597244094487
0
LINE
8
BLACK
6
CONTINUOUS
10
0.2584367322834646
20
1.9129597244094487
11
0.2584214566929134
21
1.91317468503937
0
LINE
8
BLACK
6
CONTINUOUS
10
0.2584214566929134
20
1.91317468503937
11
0.258338937007874
21
1.9133738976377952
0
LINE
8
BLACK
6
CONTINUOUS
10
0.258338937007874
20
1.9133738976377952
11
0.2582236614173228
21
1.9145444488188976
0
LINE
8
BLACK
6
CONTINUOUS
10
0.2582236614173228
20
1.9145444488188976
11
0.2582236614173228
21
1.925973031496063
0
LINE
8
BLACK
6
CONTINUOUS
10
0.2582236614173228
20
1.925973031496063
11
0.258338937007874
21
1.9271435826771652
0
LINE
8
BLACK
6
CONTINUOUS
10
0.258338937007874
20
1.9271435826771652
11
0.2584214173228346
21
1.9273427952755906
0
LINE
8
BLACK
6
CONTINUOUS
10
0.2584214173228346
20
1.9273427952755906
11
0.2584367322834646
21
1.9275577952755905
0
LINE
8
BLACK
6
CONTINUOUS
10
0.2584367322834646
20
1.9275577952755905
11
0.2588570866141732
21
1.9286562992125984
0
LINE
8
BLACK
6
CONTINUOUS
10
0.2588570866141732
20
1.9286562992125984
11
0.2617142125984252
21
1.934370590551181
0
LINE
8
BLACK
6
CONTINUOUS
10
0.2617142125984252
20
1.934370590551181
11
0.2620313385826772
21
1.9348744094488188
0
LINE
8
BLACK
6
CONTINUOUS
10
0.2620313385826772
20
1.9348744094488188
11
0.262091968503937
21
1.9350207086614173
0
LINE
8
BLACK
6
CONTINUOUS
10
0.262091968503937
20
1.9350207086614173
11
0.2622271653543307
21
1.9351855118110235
0
LINE
8
BLACK
6
CONTINUOUS
10
0.2622271653543307
20
1.9351855118110235
11
0.2623408267716535
21
1.9353659842519684
0
LINE
8
BLACK
6
CONTINUOUS
10
0.2623408267716535
20
1.9353659842519684
11
0.2624605118110236
21
1.935469842519685
0
LINE
8
BLACK
6
CONTINUOUS
10
0.2624605118110236
20
1.935469842519685
11
0.2628381496062992
21
1.9359299212598424
0
LINE
8
BLACK
6
CONTINUOUS
10
0.2628381496062992
20
1.9359299212598424
11
0.2656953149606299
21
1.9387870866141732
0
LINE
8
BLACK
6
CONTINUOUS
10
0.2656953149606299
20
1.9387870866141732
11
0.2661552755905512
21
1.9391646062992125
0
LINE
8
BLACK
6
CONTINUOUS
10
0.2661552755905512
20
1.9391646062992125
11
0.2662592519685039
21
1.9392844488188976
0
LINE
8
BLACK
6
CONTINUOUS
10
0.2662592519685039
20
1.9392844488188976
11
0.2664398818897638
21
1.9393981889763778
0
LINE
8
BLACK
6
CONTINUOUS
10
0.2664398818897638
20
1.9393981889763778
11
0.2666045275590551
21
1.9395332677165353
0
LINE
8
BLACK
6
CONTINUOUS
10
0.2666045275590551
20
1.9395332677165353
11
0.2667507874015748
21
1.9395938976377953
0
LINE
8
BLACK
6
CONTINUOUS
10
0.2667507874015748
20
1.9395938976377953
11
0.2672546850393701
21
1.9399110236220471
0
LINE
8
BLACK
6
CONTINUOUS
10
0.2672546850393701
20
1.9399110236220471
11
0.2729689763779528
21
1.9427681496062992
0
LINE
8
BLACK
6
CONTINUOUS
10
0.2729689763779528
20
1.9427681496062992
11
0.2740675196850393
21
1.9431885433070866
0
LINE
8
BLACK
6
CONTINUOUS
10
0.2740675196850393
20
1.9431885433070866
11
0.2742825590551181
21
1.9432038582677165
0
LINE
8
BLACK
6
CONTINUOUS
10
0.2742825590551181
20
1.9432038582677165
11
0.2744816929133858
21
1.9432862992125983
0
LINE
8
BLACK
6
CONTINUOUS
10
0.2744816929133858
20
1.9432862992125983
11
0.2756522440944882
21
1.9434015748031495
0
LINE
8
BLACK
6
CONTINUOUS
10
0.2756522440944882
20
1.9434015748031495
11
0.2785093700787402
21
1.9434015748031495
0
LINE
8
BLACK
6
CONTINUOUS
10
0.2785093700787402
20
1.9434015748031495
11
0.2796799212598425
21
1.9432862992125983
0
LINE
8
BLACK
6
CONTINUOUS
10
0.2734920472440945
20
1.9296133070866142
11
0.2720119291338582
21
1.9281331496062992
0
LINE
8
BLACK
6
CONTINUOUS
10
0.2720119291338582
20
1.9281331496062992
11
0.2702236614173228
21
1.9245566141732282
0
LINE
8
BLACK
6
CONTINUOUS
10
0.2702236614173228
20
1.9245566141732282
11
0.2702236614173228
21
1.9159608661417322
0
LINE
8
BLACK
6
CONTINUOUS
10
0.2702236614173228
20
1.9159608661417322
11
0.2720118897637795
21
1.9123843307086614
0
LINE
8
BLACK
6
CONTINUOUS
10
0.2720118897637795
20
1.9123843307086614
11
0.2734920866141732
21
1.9109042125984252
0
LINE
8
BLACK
6
CONTINUOUS
10
0.2734920866141732
20
1.9109042125984252
11
0.2770687007874016
21
1.9091158661417322
0
LINE
8
BLACK
6
CONTINUOUS
10
0.2770687007874016
20
1.9091158661417322
11
0.2770929133858268
21
1.9091158661417322
0
LINE
8
BLACK
6
CONTINUOUS
10
0.2770929133858268
20
1.9091158661417322
11
0.2806695275590551
21
1.9109042125984252
0
LINE
8
BLACK
6
CONTINUOUS
10
0.2806695275590551
20
1.9109042125984252
11
0.2821496062992126
21
1.9123842913385827
0
LINE
8
BLACK
6
CONTINUOUS
10
0.2821496062992126
20
1.9123842913385827
11
0.2839379527559055
21
1.9159609448818897
0
LINE
8
BLACK
6
CONTINUOUS
10
0.2839379527559055
20
1.9159609448818897
11
0.2839379527559055
21
1.924556653543307
0
LINE
8
BLACK
6
CONTINUOUS
10
0.2839379527559055
20
1.924556653543307
11
0.28214968503937
21
1.9281330708661417
0
LINE
8
BLACK
6
CONTINUOUS
10
0.28214968503937
20
1.9281330708661417
11
0.2806694881889764
21
1.9296133464566929
0
LINE
8
BLACK
6
CONTINUOUS
10
0.2806694881889764
20
1.9296133464566929
11
0.2770929527559055
21
1.9314015748031497
0
LINE
8
BLACK
6
CONTINUOUS
10
0.2770929527559055
20
1.9314015748031497
11
0.2770686614173228
21
1.9314015748031497
0
LINE
8
BLACK
6
CONTINUOUS
10
0.2770686614173228
20
1.9314015748031497
11
0.2734920472440945
21
1.9296133070866142
0
LINE
8
BLACK
6
CONTINUOUS
10
0.2992063385826771
20
1.9296133070866142
11
0.297726220472441
21
1.9281331496062992
0
LINE
8
BLACK
6
CONTINUOUS
10
0.297726220472441
20
1.9281331496062992
11
0.2959379527559055
21
1.9245566141732282
0
LINE
8
BLACK
6
CONTINUOUS
10
0.2959379527559055
20
1.9245566141732282
11
0.2959379527559055
21
1.9159608661417322
0
LINE
8
BLACK
6
CONTINUOUS
10
0.2959379527559055
20
1.9159608661417322
11
0.2977261811023622
21
1.9123843307086614
0
LINE
8
BLACK
6
CONTINUOUS
10
0.2977261811023622
20
1.9123843307086614
11
0.2992063779527559
21
1.9109042125984252
0
LINE
8
BLACK
6
CONTINUOUS
10
0.2992063779527559
20
1.9109042125984252
11
0.3027829921259843
21
1.9091158661417322
0
LINE
8
BLACK
6
CONTINUOUS
10
0.3027829921259843
20
1.9091158661417322
11
0.3113786220472441
21
1.9091158661417322
0
LINE
8
BLACK
6
CONTINUOUS
10
0.3113786220472441
20
1.9091158661417322
11
0.3149552755905512
21
1.910904251968504
0
LINE
8
BLACK
6
CONTINUOUS
10
0.3149552755905512
20
1.910904251968504
11
0.3164353937007874
21
1.9123843307086614
0
LINE
8
BLACK
6
CONTINUOUS
10
0.3164353937007874
20
1.9123843307086614
11
0.3182236614173228
21
1.9159608661417322
0
LINE
8
BLACK
6
CONTINUOUS
10
0.3182236614173228
20
1.9159608661417322
11
0.3182236614173228
21
1.9245566141732282
0
LINE
8
BLACK
6
CONTINUOUS
10
0.3182236614173228
20
1.9245566141732282
11
0.3164353543307086
21
1.928133188976378
0
LINE
8
BLACK
6
CONTINUOUS
10
0.3164353543307086
20
1.928133188976378
11
0.3149552362204724
21
1.9296133070866142
0
LINE
8
BLACK
6
CONTINUOUS
10
0.3149552362204724
20
1.9296133070866142
11
0.3113786614173228
21
1.9314015748031497
0
LINE
8
BLACK
6
CONTINUOUS
10
0.3113786614173228
20
1.9314015748031497
11
0.3027829527559055
21
1.9314015748031497
0
LINE
8
BLACK
6
CONTINUOUS
10
0.3027829527559055
20
1.9314015748031497
11
0.2992063385826771
21
1.9296133070866142
0
LINE
8
BLACK
6
CONTINUOUS
10
0.9028574015748031
20
1.9593920866141732
11
0.9032571653543306
21
1.9593920866141732
0
LINE
8
BLACK
6
CONTINUOUS
10
0.9032571653543306
20
1.9593920866141732
11
0.9043215748031496
21
1.9589511811023621
0
LINE
8
BLACK
6
CONTINUOUS
10
0.9043215748031496
20
1.9589511811023621
11
0.9051362204724409
21
1.9581365354330709
0
LINE
8
BLACK
6
CONTINUOUS
10
0.9051362204724409
20
1.9581365354330709
11
0.905577125984252
21
1.9570721259842518
0
LINE
8
BLACK
6
CONTINUOUS
10
0.905577125984252
20
1.9570721259842518
11
0.9056338582677165
21
1.956496062992126
0
LINE
8
BLACK
6
CONTINUOUS
10
0.9056338582677165
20
1.956496062992126
11
0.9056338582677165
21
1.8383070866141731
0
LINE
8
BLACK
6
CONTINUOUS
10
0.9056338582677165
20
1.8383070866141731
11
0.905577125984252
21
1.8377310236220472
0
LINE
8
BLACK
6
CONTINUOUS
10
0.905577125984252
20
1.8377310236220472
11
0.9051362204724409
21
1.8366666141732284
0
LINE
8
BLACK
6
CONTINUOUS
10
0.9051362204724409
20
1.8366666141732284
11
0.9043215748031496
21
1.8358519685039369
0
LINE
8
BLACK
6
CONTINUOUS
10
0.9043215748031496
20
1.8358519685039369
11
0.9032571653543306
21
1.8354110629921259
0
LINE
8
BLACK
6
CONTINUOUS
10
0.9032571653543306
20
1.8354110629921259
11
0.9028574015748031
21
1.8354110629921259
0
LINE
8
BLACK
6
CONTINUOUS
10
0.9028574015748031
20
1.8354110629921259
11
0.9026811023622047
21
1.8353937007874015
0
LINE
8
BLACK
6
CONTINUOUS
10
0.9026811023622047
20
1.8353937007874015
11
0.8042598425196851
21
1.8353937007874015
0
LINE
8
BLACK
6
CONTINUOUS
10
0.8042598425196851
20
1.8353937007874015
11
0.8040835433070866
21
1.8354110629921259
0
LINE
8
BLACK
6
CONTINUOUS
10
0.8040835433070866
20
1.8354110629921259
11
0.803683779527559
21
1.8354110629921259
0
LINE
8
BLACK
6
CONTINUOUS
10
0.803683779527559
20
1.8354110629921259
11
0.8026193700787402
21
1.8358519685039369
0
LINE
8
BLACK
6
CONTINUOUS
10
0.8026193700787402
20
1.8358519685039369
11
0.8018047244094488
21
1.8366666141732284
0
LINE
8
BLACK
6
CONTINUOUS
10
0.8018047244094488
20
1.8366666141732284
11
0.8013638188976377
21
1.8377310236220472
0
LINE
8
BLACK
6
CONTINUOUS
10
0.8013638188976377
20
1.8377310236220472
11
0.8013070866141732
21
1.8383070866141731
0
LINE
8
BLACK
6
CONTINUOUS
10
0.8013070866141732
20
1.8383070866141731
11
0.8013070866141732
21
1.956496062992126
0
LINE
8
BLACK
6
CONTINUOUS
10
0.8013070866141732
20
1.956496062992126
11
0.8013638188976377
21
1.9570721259842518
0
LINE
8
BLACK
6
CONTINUOUS
10
0.8013638188976377
20
1.9570721259842518
11
0.8018047244094488
21
1.9581365354330709
0
LINE
8
BLACK
6
CONTINUOUS
10
0.8018047244094488
20
1.9581365354330709
11
0.8026193700787402
21
1.9589511811023621
0
LINE
8
BLACK
6
CONTINUOUS
10
0.8026193700787402
20
1.9589511811023621
11
0.803683779527559
21
1.9593920866141732
0
LINE
8
BLACK
6
CONTINUOUS
10
0.803683779527559
20
1.9593920866141732
11
0.8040835433070866
21
1.9593920866141732
0
LINE
8
BLACK
6
CONTINUOUS
10
0.8040835433070866
20
1.9593920866141732
11
0.8042598425196851
21
1.9594094488188976
0
LINE
8
BLACK
6
CONTINUOUS
10
0.8042598425196851
20
1.9594094488188976
11
0.9026811023622047
21
1.9594094488188976
0
LINE
8
BLACK
6
CONTINUOUS
10
0.9026811023622047
20
1.9594094488188976
11
0.9028574015748031
21
1.9593920866141732
0
LINE
8
BLACK
6
CONTINUOUS
10
0.8072125984251969
20
1.9535039370078739
11
0.8072125984251969
21
1.8412992125984251
0
LINE
8
BLACK
6
CONTINUOUS
10
0.8072125984251969
20
1.8412992125984251
11
0.8997283464566929
21
1.8412992125984251
0
LINE
8
BLACK
6
CONTINUOUS
10
0.8997283464566929
20
1.8412992125984251
11
0.8997283464566929
21
1.9535039370078739
0
LINE
8
BLACK
6
CONTINUOUS
10
0.8997283464566929
20
1.9535039370078739
11
0.8072125984251969
21
1.9535039370078739
0
LINE
8
BLACK
6
CONTINUOUS
10
0.307673031496063
20
2.0801936614173226
11
0.3078312204724409
21
2.0802048818897636
0
LINE
8
BLACK
6
CONTINUOUS
10
0.3078312204724409
20
2.0802048818897636
11
0.3080391732283465
21
2.0801575984251968
0
LINE
8
BLACK
6
CONTINUOUS
10
0.3080391732283465
20
2.0801575984251968
11
0.3082513385826772
21
2.0801366929133858
0
LINE
8
BLACK
6
CONTINUOUS
10
0.3082513385826772
20
2.0801366929133858
11
0.3083977165354331
21
2.0800760629921258
0
LINE
8
BLACK
6
CONTINUOUS
10
0.3083977165354331
20
2.0800760629921258
11
0.3089781496062992
21
2.0799440551181103
0
LINE
8
BLACK
6
CONTINUOUS
10
0.3089781496062992
20
2.0799440551181103
11
0.3175496062992126
21
2.0770869291338583
0
LINE
8
BLACK
6
CONTINUOUS
10
0.3175496062992126
20
2.0770869291338583
11
0.3186236614173228
21
2.076607440944882
0
LINE
8
BLACK
6
CONTINUOUS
10
0.3186236614173228
20
2.076607440944882
11
0.3187865748031496
21
2.0764661417322836
0
LINE
8
BLACK
6
CONTINUOUS
10
0.3187865748031496
20
2.0764661417322836
11
0.3189856692913386
21
2.076383661417323
0
LINE
8
BLACK
6
CONTINUOUS
10
0.3189856692913386
20
2.076383661417323
11
0.3198948818897638
21
2.0756374803149606
0
LINE
8
BLACK
6
CONTINUOUS
10
0.3198948818897638
20
2.0756374803149606
11
0.3256091732283464
21
2.0699231889763778
0
LINE
8
BLACK
6
CONTINUOUS
10
0.3256091732283464
20
2.0699231889763778
11
0.3263553543307087
21
2.0690139763779527
0
LINE
8
BLACK
6
CONTINUOUS
10
0.3263553543307087
20
2.0690139763779527
11
0.3264378346456693
21
2.0688148425196848
0
LINE
8
BLACK
6
CONTINUOUS
10
0.3264378346456693
20
2.0688148425196848
11
0.3265791338582677
21
2.0686519291338583
0
LINE
8
BLACK
6
CONTINUOUS
10
0.3265791338582677
20
2.0686519291338583
11
0.3270586220472441
21
2.0675779133858265
0
LINE
8
BLACK
6
CONTINUOUS
10
0.3270586220472441
20
2.0675779133858265
11
0.3299157874015748
21
2.0590064960629921
0
LINE
8
BLACK
6
CONTINUOUS
10
0.3299157874015748
20
2.0590064960629921
11
0.3300477559055118
21
2.0584260236220473
0
LINE
8
BLACK
6
CONTINUOUS
10
0.3300477559055118
20
2.0584260236220473
11
0.3301083858267717
21
2.0582796850393699
0
LINE
8
BLACK
6
CONTINUOUS
10
0.3301083858267717
20
2.0582796850393699
11
0.330129251968504
21
2.0580675590551181
0
LINE
8
BLACK
6
CONTINUOUS
10
0.330129251968504
20
2.0580675590551181
11
0.3301765748031496
21
2.0578595275590552
0
LINE
8
BLACK
6
CONTINUOUS
10
0.3301765748031496
20
2.0578595275590552
11
0.3301653149606299
21
2.0577014173228347
0
LINE
8
BLACK
6
CONTINUOUS
10
0.3301653149606299
20
2.0577014173228347
11
0.3302236614173228
21
2.0571091338582677
0
LINE
8
BLACK
6
CONTINUOUS
10
0.3302236614173228
20
2.0571091338582677
11
0.3302236614173228
21
2.0513948425196848
0
LINE
8
BLACK
6
CONTINUOUS
10
0.3302236614173228
20
2.0513948425196848
11
0.3301083858267717
21
2.0502242913385826
0
LINE
8
BLACK
6
CONTINUOUS
10
0.3301083858267717
20
2.0502242913385826
11
0.3292124803149606
21
2.0480614173228346
0
LINE
8
BLACK
6
CONTINUOUS
10
0.3292124803149606
20
2.0480614173228346
11
0.3275570866141732
21
2.0464060236220472
0
LINE
8
BLACK
6
CONTINUOUS
10
0.3275570866141732
20
2.0464060236220472
11
0.3253942125984252
21
2.045510118110236
0
LINE
8
BLACK
6
CONTINUOUS
10
0.3253942125984252
20
2.045510118110236
11
0.3230531102362205
21
2.045510118110236
0
LINE
8
BLACK
6
CONTINUOUS
10
0.3230531102362205
20
2.045510118110236
11
0.3208902362204724
21
2.0464060236220472
0
LINE
8
BLACK
6
CONTINUOUS
10
0.3208902362204724
20
2.0464060236220472
11
0.319234842519685
21
2.0480614173228346
0
LINE
8
BLACK
6
CONTINUOUS
10
0.319234842519685
20
2.0480614173228346
11
0.318338937007874
21
2.0502242913385826
0
LINE
8
BLACK
6
CONTINUOUS
10
0.318338937007874
20
2.0502242913385826
11
0.3182236614173228
21
2.0513948425196848
0
LINE
8
BLACK
6
CONTINUOUS
10
0.3182236614173228
20
2.0513948425196848
11
0.3182236614173228
21
2.0561355511811024
0
LINE
8
BLACK
6
CONTINUOUS
10
0.3182236614173228
20
2.0561355511811024
11
0.3161223228346456
21
2.0624394881889763
0
LINE
8
BLACK
6
CONTINUOUS
10
0.3161223228346456
20
2.0624394881889763
11
0.3124111811023622
21
2.06615062992126
0
LINE
8
BLACK
6
CONTINUOUS
10
0.3124111811023622
20
2.06615062992126
11
0.3061071653543307
21
2.0682519685039371
0
LINE
8
BLACK
6
CONTINUOUS
10
0.3061071653543307
20
2.0682519685039371
11
0.2642236614173228
21
2.0682519685039371
0
LINE
8
BLACK
6
CONTINUOUS
10
0.2642236614173228
20
2.0682519685039371
11
0.2630531102362205
21
2.068367244094488
0
LINE
8
BLACK
6
CONTINUOUS
10
0.2630531102362205
20
2.068367244094488
11
0.2608902362204724
21
2.0692631496062992
0
LINE
8
BLACK
6
CONTINUOUS
10
0.2608902362204724
20
2.0692631496062992
11
0.259234842519685
21
2.0709185433070867
0
LINE
8
BLACK
6
CONTINUOUS
10
0.259234842519685
20
2.0709185433070867
11
0.258338937007874
21
2.0730814173228347
0
LINE
8
BLACK
6
CONTINUOUS
10
0.258338937007874
20
2.0730814173228347
11
0.258338937007874
21
2.0754225196850391
0
LINE
8
BLACK
6
CONTINUOUS
10
0.258338937007874
20
2.0754225196850391
11
0.259234842519685
21
2.0775853937007875
0
LINE
8
BLACK
6
CONTINUOUS
10
0.259234842519685
20
2.0775853937007875
11
0.2608902362204724
21
2.0792407874015746
0
LINE
8
BLACK
6
CONTINUOUS
10
0.2608902362204724
20
2.0792407874015746
11
0.2630531102362205
21
2.0801366929133858
0
LINE
8
BLACK
6
CONTINUOUS
10
0.2630531102362205
20
2.0801366929133858
11
0.2642236614173228
21
2.0802519685039371
0
LINE
8
BLACK
6
CONTINUOUS
10
0.2642236614173228
20
2.0802519685039371
11
0.3070807874015748
21
2.0802519685039371
0
LINE
8
BLACK
6
CONTINUOUS
10
0.3070807874015748
20
2.0802519685039371
11
0.307673031496063
21
2.0801936614173226
0
LINE
8
BLACK
6
CONTINUOUS
10
0.2642582677165354
20
2.1429938582677166
11
0.2653942125984252
21
2.1429938582677166
0
LINE
8
BLACK
6
CONTINUOUS
10
0.2653942125984252
20
2.1429938582677166
11
0.2654286614173229
21
2.1429796062992126
0
LINE
8
BLACK
6
CONTINUOUS
10
0.2654286614173229
20
2.1429796062992126
11
0.2654658661417323
21
2.1429791338582675
0
LINE
8
BLACK
6
CONTINUOUS
10
0.2654658661417323
20
2.1429791338582675
11
0.2665871653543307
21
2.1426240157480314
0
LINE
8
BLACK
6
CONTINUOUS
10
0.2665871653543307
20
2.1426240157480314
11
0.3265872047244094
21
2.1169097244094486
0
LINE
8
BLACK
6
CONTINUOUS
10
0.3265872047244094
20
2.1169097244094486
11
0.3276176771653543
21
2.1163426377952756
0
LINE
8
BLACK
6
CONTINUOUS
10
0.3276176771653543
20
2.1163426377952756
11
0.3292527559055118
21
2.1146671653543305
0
LINE
8
BLACK
6
CONTINUOUS
10
0.3292527559055118
20
2.1146671653543305
11
0.3301222047244095
21
2.1124935433070866
0
LINE
8
BLACK
6
CONTINUOUS
10
0.3301222047244095
20
2.1124935433070866
11
0.3300937007874016
21
2.1101526377952755
0
LINE
8
BLACK
6
CONTINUOUS
10
0.3300937007874016
20
2.1101526377952755
11
0.3291714960629921
21
2.1080008267716535
0
LINE
8
BLACK
6
CONTINUOUS
10
0.3291714960629921
20
2.1080008267716535
11
0.3274960236220472
21
2.1063657480314961
0
LINE
8
BLACK
6
CONTINUOUS
10
0.3274960236220472
20
2.1063657480314961
11
0.3253224015748031
21
2.1054962992125983
0
LINE
8
BLACK
6
CONTINUOUS
10
0.3253224015748031
20
2.1054962992125983
11
0.3229814566929134
21
2.1055248031496063
0
LINE
8
BLACK
6
CONTINUOUS
10
0.3229814566929134
20
2.1055248031496063
11
0.3218601574803149
21
2.1058799606299212
0
LINE
8
BLACK
6
CONTINUOUS
10
0.3218601574803149
20
2.1058799606299212
11
0.2702236614173228
21
2.1280099212598427
0
LINE
8
BLACK
6
CONTINUOUS
10
0.2702236614173228
20
2.1280099212598427
11
0.2702236614173228
21
2.0971091338582677
0
LINE
8
BLACK
6
CONTINUOUS
10
0.2702236614173228
20
2.0971091338582677
11
0.2701083858267717
21
2.0959385826771655
0
LINE
8
BLACK
6
CONTINUOUS
10
0.2701083858267717
20
2.0959385826771655
11
0.2692124803149606
21
2.0937757086614175
0
LINE
8
BLACK
6
CONTINUOUS
10
0.2692124803149606
20
2.0937757086614175
11
0.2675570866141732
21
2.09212031496063
0
LINE
8
BLACK
6
CONTINUOUS
10
0.2675570866141732
20
2.09212031496063
11
0.2653942125984252
21
2.0912244094488188
0
LINE
8
BLACK
6
CONTINUOUS
10
0.2653942125984252
20
2.0912244094488188
11
0.2630531102362205
21
2.0912244094488188
0
LINE
8
BLACK
6
CONTINUOUS
10
0.2630531102362205
20
2.0912244094488188
11
0.2608902362204724
21
2.09212031496063
0
LINE
8
BLACK
6
CONTINUOUS
10
0.2608902362204724
20
2.09212031496063
11
0.259234842519685
21
2.0937757086614175
0
LINE
8
BLACK
6
CONTINUOUS
10
0.259234842519685
20
2.0937757086614175
11
0.258338937007874
21
2.0959385826771655
0
LINE
8
BLACK
6
CONTINUOUS
10
0.258338937007874
20
2.0959385826771655
11
0.2582236614173228
21
2.0971091338582677
0
LINE
8
BLACK
6
CONTINUOUS
10
0.2582236614173228
20
2.0971091338582677
11
0.2582236614173228
21
2.1371091338582677
0
LINE
8
BLACK
6
CONTINUOUS
10
0.2582236614173228
20
2.1371091338582677
11
0.258338937007874
21
2.1382796850393699
0
LINE
8
BLACK
6
CONTINUOUS
10
0.258338937007874
20
2.1382796850393699
11
0.2583531889763779
21
2.1383141732283466
0
LINE
8
BLACK
6
CONTINUOUS
10
0.2583531889763779
20
2.1383141732283466
11
0.2583536614173229
21
2.1383513385826771
0
LINE
8
BLACK
6
CONTINUOUS
10
0.2583536614173229
20
2.1383513385826771
11
0.2588002755905512
21
2.139393464566929
0
LINE
8
BLACK
6
CONTINUOUS
10
0.2588002755905512
20
2.139393464566929
11
0.259234842519685
21
2.1404425590551179
0
LINE
8
BLACK
6
CONTINUOUS
10
0.259234842519685
20
2.1404425590551179
11
0.2592611811023622
21
2.1404689370078738
0
LINE
8
BLACK
6
CONTINUOUS
10
0.2592611811023622
20
2.1404689370078738
11
0.2592758661417323
21
2.1405031496062992
0
LINE
8
BLACK
6
CONTINUOUS
10
0.2592758661417323
20
2.1405031496062992
11
0.2600882283464567
21
2.1412959842519683
0
LINE
8
BLACK
6
CONTINUOUS
10
0.2600882283464567
20
2.1412959842519683
11
0.2608902362204724
21
2.1420979527559054
0
LINE
8
BLACK
6
CONTINUOUS
10
0.2608902362204724
20
2.1420979527559054
11
0.2609246062992126
21
2.1421122047244094
0
LINE
8
BLACK
6
CONTINUOUS
10
0.2609246062992126
20
2.1421122047244094
11
0.2609512992125984
21
2.1421382283464565
0
LINE
8
BLACK
6
CONTINUOUS
10
0.2609512992125984
20
2.1421382283464565
11
0.2620043307086614
21
2.1425594488188975
0
LINE
8
BLACK
6
CONTINUOUS
10
0.2620043307086614
20
2.1425594488188975
11
0.2630531102362205
21
2.1429938582677166
0
LINE
8
BLACK
6
CONTINUOUS
10
0.2630531102362205
20
2.1429938582677166
11
0.2630903937007874
21
2.1429938582677166
0
LINE
8
BLACK
6
CONTINUOUS
10
0.2630903937007874
20
2.1429938582677166
11
0.2631249606299212
21
2.1430076771653543
0
LINE
8
BLACK
6
CONTINUOUS
10
0.2631249606299212
20
2.1430076771653543
11
0.2642582677165354
21
2.1429938582677166
0
LINE
8
BLACK
6
CONTINUOUS
10
0.9028574015748031
20
2.1562424803149605
11
0.9032571653543306
21
2.1562424803149605
0
LINE
8
BLACK
6
CONTINUOUS
10
0.9032571653543306
20
2.1562424803149605
11
0.9043215748031496
21
2.1558015748031494
0
LINE
8
BLACK
6
CONTINUOUS
10
0.9043215748031496
20
2.1558015748031494
11
0.9051362204724409
21
2.1549869291338584
0
LINE
8
BLACK
6
CONTINUOUS
10
0.9051362204724409
20
2.1549869291338584
11
0.905577125984252
21
2.1539225196850391
0
LINE
8
BLACK
6
CONTINUOUS
10
0.905577125984252
20
2.1539225196850391
11
0.9056338582677165
21
2.1533464566929132
0
LINE
8
BLACK
6
CONTINUOUS
10
0.9056338582677165
20
2.1533464566929132
11
0.9056338582677165
21
2.0351574803149606
0
LINE
8
BLACK
6
CONTINUOUS
10
0.9056338582677165
20
2.0351574803149606
11
0.905577125984252
21
2.0345814173228347
0
LINE
8
BLACK
6
CONTINUOUS
10
0.905577125984252
20
2.0345814173228347
11
0.9051362204724409
21
2.0335170078740159
0
LINE
8
BLACK
6
CONTINUOUS
10
0.9051362204724409
20
2.0335170078740159
11
0.9043215748031496
21
2.0327023622047244
0
LINE
8
BLACK
6
CONTINUOUS
10
0.9043215748031496
20
2.0327023622047244
11
0.9032571653543306
21
2.0322614566929134
0
LINE
8
BLACK
6
CONTINUOUS
10
0.9032571653543306
20
2.0322614566929134
11
0.9028574015748031
21
2.0322614566929134
0
LINE
8
BLACK
6
CONTINUOUS
10
0.9028574015748031
20
2.0322614566929134
11
0.9026811023622047
21
2.0322440944881888
0
LINE
8
BLACK
6
CONTINUOUS
10
0.9026811023622047
20
2.0322440944881888
11
0.8042598425196851
21
2.0322440944881888
0
LINE
8
BLACK
6
CONTINUOUS
10
0.8042598425196851
20
2.0322440944881888
11
0.8040835433070866
21
2.0322614566929134
0
LINE
8
BLACK
6
CONTINUOUS
10
0.8040835433070866
20
2.0322614566929134
11
0.803683779527559
21
2.0322614566929134
0
LINE
8
BLACK
6
CONTINUOUS
10
0.803683779527559
20
2.0322614566929134
11
0.8026193700787402
21
2.0327023622047244
0
LINE
8
BLACK
6
CONTINUOUS
10
0.8026193700787402
20
2.0327023622047244
11
0.8018047244094488
21
2.0335170078740159
0
LINE
8
BLACK
6
CONTINUOUS
10
0.8018047244094488
20
2.0335170078740159
11
0.8013638188976377
21
2.0345814173228347
0
LINE
8
BLACK
6
CONTINUOUS
10
0.8013638188976377
20
2.0345814173228347
11
0.8013070866141732
21
2.0351574803149606
0
LINE
8
BLACK
6
CONTINUOUS
10
0.8013070866141732
20
2.0351574803149606
11
0.8013070866141732
21
2.1533464566929132
0
LINE
8
BLACK
6
CONTINUOUS
10
0.8013070866141732
20
2.1533464566929132
11
0.8013638188976377
21
2.1539225196850391
0
LINE
8
BLACK
6
CONTINUOUS
10
0.8013638188976377
20
2.1539225196850391
11
0.8018047244094488
21
2.1549869291338584
0
LINE
8
BLACK
6
CONTINUOUS
10
0.8018047244094488
20
2.1549869291338584
11
0.8026193700787402
21
2.1558015748031494
0
LINE
8
BLACK
6
CONTINUOUS
10
0.8026193700787402
20
2.1558015748031494
11
0.803683779527559
21
2.1562424803149605
0
LINE
8
BLACK
6
CONTINUOUS
10
0.803683779527559
20
2.1562424803149605
11
0.8040835433070866
21
2.1562424803149605
0
LINE
8
BLACK
6
CONTINUOUS
10
0.8040835433070866
20
2.1562424803149605
11
0.8042598425196851
21
2.1562598425196851
0
LINE
8
BLACK
6
CONTINUOUS
10
0.8042598425196851
20
2.1562598425196851
11
0.9026811023622047
21
2.1562598425196851
0
LINE
8
BLACK
6
CONTINUOUS
10
0.9026811023622047
20
2.1562598425196851
11
0.9028574015748031
21
2.1562424803149605
0
LINE
8
BLACK
6
CONTINUOUS
10
0.8072125984251969
20
2.1503543307086614
11
0.8072125984251969
21
2.0381496062992124
0
LINE
8
BLACK
6
CONTINUOUS
10
0.8072125984251969
20
2.0381496062992124
11
0.8997283464566929
21
2.0381496062992124
0
LINE
8
BLACK
6
CONTINUOUS
10
0.8997283464566929
20
2.0381496062992124
11
0.8997283464566929
21
2.1503543307086614
0
LINE
8
BLACK
6
CONTINUOUS
10
0.8997283464566929
20
2.1503543307086614
11
0.8072125984251969
21
2.1503543307086614
0
LINE
8
BLACK
6
CONTINUOUS
10
0.307673031496063
20
2.2770440551181101
11
0.3078312204724409
21
2.2770552755905511
0
LINE
8
BLACK
6
CONTINUOUS
10
0.3078312204724409
20
2.2770552755905511
11
0.3080391732283465
21
2.2770079921259843
0
LINE
8
BLACK
6
CONTINUOUS
10
0.3080391732283465
20
2.2770079921259843
11
0.3082513385826772
21
2.2769870866141733
0
LINE
8
BLACK
6
CONTINUOUS
10
0.3082513385826772
20
2.2769870866141733
11
0.3083977165354331
21
2.2769264566929133
0
LINE
8
BLACK
6
CONTINUOUS
10
0.3083977165354331
20
2.2769264566929133
11
0.3089781496062992
21
2.2767944488188974
0
LINE
8
BLACK
6
CONTINUOUS
10
0.3089781496062992
20
2.2767944488188974
11
0.3175496062992126
21
2.2739373228346458
0
LINE
8
BLACK
6
CONTINUOUS
10
0.3175496062992126
20
2.2739373228346458
11
0.3186236614173228
21
2.2734578346456691
0
LINE
8
BLACK
6
CONTINUOUS
10
0.3186236614173228
20
2.2734578346456691
11
0.3187865748031496
21
2.2733165354330707
0
LINE
8
BLACK
6
CONTINUOUS
10
0.3187865748031496
20
2.2733165354330707
11
0.3189856692913386
21
2.2732340551181101
0
LINE
8
BLACK
6
CONTINUOUS
10
0.3189856692913386
20
2.2732340551181101
11
0.3198948818897638
21
2.2724878740157481
0
LINE
8
BLACK
6
CONTINUOUS
10
0.3198948818897638
20
2.2724878740157481
11
0.3256091732283464
21
2.2667735826771653
0
LINE
8
BLACK
6
CONTINUOUS
10
0.3256091732283464
20
2.2667735826771653
11
0.3263553543307087
21
2.2658643700787402
0
LINE
8
BLACK
6
CONTINUOUS
10
0.3263553543307087
20
2.2658643700787402
11
0.3264378346456693
21
2.2656652362204723
0
LINE
8
BLACK
6
CONTINUOUS
10
0.3264378346456693
20
2.2656652362204723
11
0.3265791338582677
21
2.2655023228346458
0
LINE
8
BLACK
6
CONTINUOUS
10
0.3265791338582677
20
2.2655023228346458
11
0.3270586220472441
21
2.264428307086614
0
LINE
8
BLACK
6
CONTINUOUS
10
0.3270586220472441
20
2.264428307086614
11
0.3299157874015748
21
2.2558568897637796
0
LINE
8
BLACK
6
CONTINUOUS
10
0.3299157874015748
20
2.2558568897637796
11
0.3300477559055118
21
2.2552764173228348
0
LINE
8
BLACK
6
CONTINUOUS
10
0.3300477559055118
20
2.2552764173228348
11
0.3301083858267717
21
2.2551300787401574
0
LINE
8
BLACK
6
CONTINUOUS
10
0.3301083858267717
20
2.2551300787401574
11
0.330129251968504
21
2.2549179527559056
0
LINE
8
BLACK
6
CONTINUOUS
10
0.330129251968504
20
2.2549179527559056
11
0.3301765748031496
21
2.2547099212598423
0
LINE
8
BLACK
6
CONTINUOUS
10
0.3301765748031496
20
2.2547099212598423
11
0.3301653149606299
21
2.2545518110236218
0
LINE
8
BLACK
6
CONTINUOUS
10
0.3301653149606299
20
2.2545518110236218
11
0.3302236614173228
21
2.2539595275590552
0
LINE
8
BLACK
6
CONTINUOUS
10
0.3302236614173228
20
2.2539595275590552
11
0.3302236614173228
21
2.2482452362204723
0
LINE
8
BLACK
6
CONTINUOUS
10
0.3302236614173228
20
2.2482452362204723
11
0.3301083858267717
21
2.2470746850393701
0
LINE
8
BLACK
6
CONTINUOUS
10
0.3301083858267717
20
2.2470746850393701
11
0.3292124803149606
21
2.2449118110236221
0
LINE
8
BLACK
6
CONTINUOUS
10
0.3292124803149606
20
2.2449118110236221
11
0.3275570866141732
21
2.2432564173228347
0
LINE
8
BLACK
6
CONTINUOUS
10
0.3275570866141732
20
2.2432564173228347
11
0.3253942125984252
21
2.2423605118110235
0
LINE
8
BLACK
6
CONTINUOUS
10
0.3253942125984252
20
2.2423605118110235
11
0.3230531102362205
21
2.2423605118110235
0
LINE
8
BLACK
6
CONTINUOUS
10
0.3230531102362205
20
2.2423605118110235
11
0.3208902362204724
21
2.2432564173228347
0
LINE
8
BLACK
6
CONTINUOUS
10
0.3208902362204724
20
2.2432564173228347
11
0.319234842519685
21
2.2449118110236221
0
LINE
8
BLACK
6
CONTINUOUS
10
0.319234842519685
20
2.2449118110236221
11
0.318338937007874
21
2.2470746850393701
0
LINE
8
BLACK
6
CONTINUOUS
10
0.318338937007874
20
2.2470746850393701
11
0.3182236614173228
21
2.2482452362204723
0
LINE
8
BLACK
6
CONTINUOUS
10
0.3182236614173228
20
2.2482452362204723
11
0.3182236614173228
21
2.2529859448818899
0
LINE
8
BLACK
6
CONTINUOUS
10
0.3182236614173228
20
2.2529859448818899
11
0.3161223228346456
21
2.2592898818897638
0
LINE
8
BLACK
6
CONTINUOUS
10
0.3161223228346456
20
2.2592898818897638
11
0.3124111811023622
21
2.263001023622047
0
LINE
8
BLACK
6
CONTINUOUS
10
0.3124111811023622
20
2.263001023622047
11
0.3061071653543307
21
2.2651023622047242
0
LINE
8
BLACK
6
CONTINUOUS
10
0.3061071653543307
20
2.2651023622047242
11
0.2642236614173228
21
2.2651023622047242
0
LINE
8
BLACK
6
CONTINUOUS
10
0.2642236614173228
20
2.2651023622047242
11
0.2630531102362205
21
2.2652176377952755
0
LINE
8
BLACK
6
CONTINUOUS
10
0.2630531102362205
20
2.2652176377952755
11
0.2608902362204724
21
2.2661135433070867
0
LINE
8
BLACK
6
CONTINUOUS
10
0.2608902362204724
20
2.2661135433070867
11
0.259234842519685
21
2.2677689370078742
0
LINE
8
BLACK
6
CONTINUOUS
10
0.259234842519685
20
2.2677689370078742
11
0.258338937007874
21
2.2699318110236222
0
LINE
8
BLACK
6
CONTINUOUS
10
0.258338937007874
20
2.2699318110236222
11
0.258338937007874
21
2.2722729133858266
0
LINE
8
BLACK
6
CONTINUOUS
10
0.258338937007874
20
2.2722729133858266
11
0.259234842519685
21
2.2744357874015746
0
LINE
8
BLACK
6
CONTINUOUS
10
0.259234842519685
20
2.2744357874015746
11
0.2608902362204724
21
2.2760911811023621
0
LINE
8
BLACK
6
CONTINUOUS
10
0.2608902362204724
20
2.2760911811023621
11
0.2630531102362205
21
2.2769870866141733
0
LINE
8
BLACK
6
CONTINUOUS
10
0.2630531102362205
20
2.2769870866141733
11
0.2642236614173228
21
2.2771023622047242
0
LINE
8
BLACK
6
CONTINUOUS
10
0.2642236614173228
20
2.2771023622047242
11
0.3070807874015748
21
2.2771023622047242
0
LINE
8
BLACK
6
CONTINUOUS
10
0.3070807874015748
20
2.2771023622047242
11
0.307673031496063
21
2.2770440551181101
0
LINE
8
BLACK
6
CONTINUOUS
10
0.3139656299212598
20
2.3369870866141733
11
0.314164842519685
21
2.336904566929134
0
LINE
8
BLACK
6
CONTINUOUS
10
0.314164842519685
20
2.336904566929134
11
0.3143798031496063
21
2.3368892913385828
0
LINE
8
BLACK
6
CONTINUOUS
10
0.3143798031496063
20
2.3368892913385828
11
0.3154783464566929
21
2.3364689370078739
0
LINE
8
BLACK
6
CONTINUOUS
10
0.3154783464566929
20
2.3364689370078739
11
0.3211926377952756
21
2.3336118110236219
0
LINE
8
BLACK
6
CONTINUOUS
10
0.3211926377952756
20
2.3336118110236219
11
0.3216963779527559
21
2.3332947244094489
0
LINE
8
BLACK
6
CONTINUOUS
10
0.3216963779527559
20
2.3332947244094489
11
0.3218427952755906
21
2.3332340551181101
0
LINE
8
BLACK
6
CONTINUOUS
10
0.3218427952755906
20
2.3332340551181101
11
0.3220075984251968
21
2.3330988188976378
0
LINE
8
BLACK
6
CONTINUOUS
10
0.3220075984251968
20
2.3330988188976378
11
0.3221880708661417
21
2.3329851968503936
0
LINE
8
BLACK
6
CONTINUOUS
10
0.3221880708661417
20
2.3329851968503936
11
0.3222918897637795
21
2.3328655118110238
0
LINE
8
BLACK
6
CONTINUOUS
10
0.3222918897637795
20
2.3328655118110238
11
0.3227520078740158
21
2.3324878740157482
0
LINE
8
BLACK
6
CONTINUOUS
10
0.3227520078740158
20
2.3324878740157482
11
0.3256091732283464
21
2.3296307086614174
0
LINE
8
BLACK
6
CONTINUOUS
10
0.3256091732283464
20
2.3296307086614174
11
0.3259867716535433
21
2.32917062992126
0
LINE
8
BLACK
6
CONTINUOUS
10
0.3259867716535433
20
2.32917062992126
11
0.3261064960629921
21
2.3290667716535434
0
LINE
8
BLACK
6
CONTINUOUS
10
0.3261064960629921
20
2.3290667716535434
11
0.3262200787401575
21
2.3288863385826772
0
LINE
8
BLACK
6
CONTINUOUS
10
0.3262200787401575
20
2.3288863385826772
11
0.3263553543307087
21
2.3287214960629923
0
LINE
8
BLACK
6
CONTINUOUS
10
0.3263553543307087
20
2.3287214960629923
11
0.3264159842519685
21
2.3285751181102361
0
LINE
8
BLACK
6
CONTINUOUS
10
0.3264159842519685
20
2.3285751181102361
11
0.3267331102362205
21
2.328071338582677
0
LINE
8
BLACK
6
CONTINUOUS
10
0.3267331102362205
20
2.328071338582677
11
0.3295902362204725
21
2.3223570866141734
0
LINE
8
BLACK
6
CONTINUOUS
10
0.3295902362204725
20
2.3223570866141734
11
0.3300106299212598
21
2.3212585826771654
0
LINE
8
BLACK
6
CONTINUOUS
10
0.3300106299212598
20
2.3212585826771654
11
0.330025905511811
21
2.3210435039370076
0
LINE
8
BLACK
6
CONTINUOUS
10
0.330025905511811
20
2.3210435039370076
11
0.3301083858267717
21
2.3208443700787402
0
LINE
8
BLACK
6
CONTINUOUS
10
0.3301083858267717
20
2.3208443700787402
11
0.3302236614173228
21
2.3196738188976376
0
LINE
8
BLACK
6
CONTINUOUS
10
0.3302236614173228
20
2.3196738188976376
11
0.3302236614173228
21
2.3082452362204724
0
LINE
8
BLACK
6
CONTINUOUS
10
0.3302236614173228
20
2.3082452362204724
11
0.3301083858267717
21
2.3070746850393702
0
LINE
8
BLACK
6
CONTINUOUS
10
0.3301083858267717
20
2.3070746850393702
11
0.330025905511811
21
2.3068755905511811
0
LINE
8
BLACK
6
CONTINUOUS
10
0.330025905511811
20
2.3068755905511811
11
0.3300106299212598
21
2.3066605118110237
0
LINE
8
BLACK
6
CONTINUOUS
10
0.3300106299212598
20
2.3066605118110237
11
0.3295902362204725
21
2.305561968503937
0
LINE
8
BLACK
6
CONTINUOUS
10
0.3295902362204725
20
2.305561968503937
11
0.3267331102362205
21
2.2998476771653542
0
LINE
8
BLACK
6
CONTINUOUS
10
0.3267331102362205
20
2.2998476771653542
11
0.3264159842519685
21
2.2993438976377951
0
LINE
8
BLACK
6
CONTINUOUS
10
0.3264159842519685
20
2.2993438976377951
11
0.3263553543307087
21
2.2991974803149606
0
LINE
8
BLACK
6
CONTINUOUS
10
0.3263553543307087
20
2.2991974803149606
11
0.3262201181102362
21
2.2990327165354332
0
LINE
8
BLACK
6
CONTINUOUS
10
0.3262201181102362
20
2.2990327165354332
11
0.3261065354330708
21
2.2988522440944883
0
LINE
8
BLACK
6
CONTINUOUS
10
0.3261065354330708
20
2.2988522440944883
11
0.3259867716535433
21
2.2987484251968504
0
LINE
8
BLACK
6
CONTINUOUS
10
0.3259867716535433
20
2.2987484251968504
11
0.3256091732283464
21
2.2982882677165355
0
LINE
8
BLACK
6
CONTINUOUS
10
0.3256091732283464
20
2.2982882677165355
11
0.322751968503937
21
2.2954311417322835
0
LINE
8
BLACK
6
CONTINUOUS
10
0.322751968503937
20
2.2954311417322835
11
0.3222918503937008
21
2.2950535826771654
0
LINE
8
BLACK
6
CONTINUOUS
10
0.3222918503937008
20
2.2950535826771654
11
0.3221880708661417
21
2.2949338582677163
0
LINE
8
BLACK
6
CONTINUOUS
10
0.3221880708661417
20
2.2949338582677163
11
0.3220075984251968
21
2.2948202755905514
0
LINE
8
BLACK
6
CONTINUOUS
10
0.3220075984251968
20
2.2948202755905514
11
0.3218427559055118
21
2.2946849606299211
0
LINE
8
BLACK
6
CONTINUOUS
10
0.3218427559055118
20
2.2946849606299211
11
0.3216963385826772
21
2.2946243307086616
0
LINE
8
BLACK
6
CONTINUOUS
10
0.3216963385826772
20
2.2946243307086616
11
0.3211926771653543
21
2.2943072440944881
0
LINE
8
BLACK
6
CONTINUOUS
10
0.3211926771653543
20
2.2943072440944881
11
0.3154783858267716
21
2.2914500787401573
0
LINE
8
BLACK
6
CONTINUOUS
10
0.3154783858267716
20
2.2914500787401573
11
0.314379842519685
21
2.2910297244094489
0
LINE
8
BLACK
6
CONTINUOUS
10
0.314379842519685
20
2.2910297244094489
11
0.3141648031496063
21
2.2910144488188977
0
LINE
8
BLACK
6
CONTINUOUS
10
0.3141648031496063
20
2.2910144488188977
11
0.3139656299212598
21
2.2909319291338583
0
LINE
8
BLACK
6
CONTINUOUS
10
0.3139656299212598
20
2.2909319291338583
11
0.3127950787401575
21
2.290816653543307
0
LINE
8
BLACK
6
CONTINUOUS
10
0.3127950787401575
20
2.290816653543307
11
0.2899379527559055
21
2.290816653543307
0
LINE
8
BLACK
6
CONTINUOUS
10
0.2899379527559055
20
2.290816653543307
11
0.289733779527559
21
2.2908367716535434
0
LINE
8
BLACK
6
CONTINUOUS
10
0.289733779527559
20
2.2908367716535434
11
0.2896462992125984
21
2.2908237401574802
0
LINE
8
BLACK
6
CONTINUOUS
10
0.2896462992125984
20
2.2908237401574802
11
0.2892081496062992
21
2.2908885433070867
0
LINE
8
BLACK
6
CONTINUOUS
10
0.2892081496062992
20
2.2908885433070867
11
0.2887674015748031
21
2.2909319291338583
0
LINE
8
BLACK
6
CONTINUOUS
10
0.2887674015748031
20
2.2909319291338583
11
0.2886856692913386
21
2.290965787401575
0
LINE
8
BLACK
6
CONTINUOUS
10
0.2886856692913386
20
2.290965787401575
11
0.2884827165354331
21
2.2909957874015747
0
LINE
8
BLACK
6
CONTINUOUS
10
0.2884827165354331
20
2.2909957874015747
11
0.2770541338582677
21
2.2938529527559055
0
LINE
8
BLACK
6
CONTINUOUS
10
0.2770541338582677
20
2.2938529527559055
11
0.2763645669291339
21
2.2940993307086615
0
LINE
8
BLACK
6
CONTINUOUS
10
0.2763645669291339
20
2.2940993307086615
11
0.2762190551181102
21
2.2941281102362203
0
LINE
8
BLACK
6
CONTINUOUS
10
0.2762190551181102
20
2.2941281102362203
11
0.2760871259842519
21
2.2941984645669291
0
LINE
8
BLACK
6
CONTINUOUS
10
0.2760871259842519
20
2.2941984645669291
11
0.2759464960629921
21
2.2942487007874015
0
LINE
8
BLACK
6
CONTINUOUS
10
0.2759464960629921
20
2.2942487007874015
11
0.2758273622047244
21
2.294336968503937
0
LINE
8
BLACK
6
CONTINUOUS
10
0.2758273622047244
20
2.294336968503937
11
0.2751811811023622
21
2.294681535433071
0
LINE
8
BLACK
6
CONTINUOUS
10
0.2751811811023622
20
2.294681535433071
11
0.2666097637795276
21
2.3003957480314958
0
LINE
8
BLACK
6
CONTINUOUS
10
0.2666097637795276
20
2.3003957480314958
11
0.2666064566929134
21
2.3003984645669289
0
LINE
8
BLACK
6
CONTINUOUS
10
0.2666064566929134
20
2.3003984645669289
11
0.2666045275590551
21
2.3003992519685039
0
LINE
8
BLACK
6
CONTINUOUS
10
0.2666045275590551
20
2.3003992519685039
11
0.2661559842519685
21
2.3007673622047244
0
LINE
8
BLACK
6
CONTINUOUS
10
0.2661559842519685
20
2.3007673622047244
11
0.2656997637795275
21
2.3011409842519686
0
LINE
8
BLACK
6
CONTINUOUS
10
0.2656997637795275
20
2.3011409842519686
11
0.2656985433070866
21
2.3011427559055115
0
LINE
8
BLACK
6
CONTINUOUS
10
0.2656985433070866
20
2.3011427559055115
11
0.2656953149606299
21
2.3011454330708663
0
LINE
8
BLACK
6
CONTINUOUS
10
0.2656953149606299
20
2.3011454330708663
11
0.2628381496062992
21
2.3040025984251966
0
LINE
8
BLACK
6
CONTINUOUS
10
0.2628381496062992
20
2.3040025984251966
11
0.2624605118110236
21
2.3044627165354332
0
LINE
8
BLACK
6
CONTINUOUS
10
0.2624605118110236
20
2.3044627165354332
11
0.2623408267716535
21
2.3045665354330707
0
LINE
8
BLACK
6
CONTINUOUS
10
0.2623408267716535
20
2.3045665354330707
11
0.2622272047244095
21
2.3047470078740155
0
LINE
8
BLACK
6
CONTINUOUS
10
0.2622272047244095
20
2.3047470078740155
11
0.262091968503937
21
2.3049118110236222
0
LINE
8
BLACK
6
CONTINUOUS
10
0.262091968503937
20
2.3049118110236222
11
0.2620312992125984
21
2.3050582283464567
0
LINE
8
BLACK
6
CONTINUOUS
10
0.2620312992125984
20
2.3050582283464567
11
0.2617142125984252
21
2.305561968503937
0
LINE
8
BLACK
6
CONTINUOUS
10
0.2617142125984252
20
2.305561968503937
11
0.2588570866141732
21
2.3112762598425198
0
LINE
8
BLACK
6
CONTINUOUS
10
0.2588570866141732
20
2.3112762598425198
11
0.2584367322834646
21
2.3123748031496061
0
LINE
8
BLACK
6
CONTINUOUS
10
0.2584367322834646
20
2.3123748031496061
11
0.2584214566929134
21
2.3125897637795276
0
LINE
8
BLACK
6
CONTINUOUS
10
0.2584214566929134
20
2.3125897637795276
11
0.258338937007874
21
2.3127889763779526
0
LINE
8
BLACK
6
CONTINUOUS
10
0.258338937007874
20
2.3127889763779526
11
0.2582236614173228
21
2.3139595275590552
0
LINE
8
BLACK
6
CONTINUOUS
10
0.2582236614173228
20
2.3139595275590552
11
0.2582236614173228
21
2.3253880708661416
0
LINE
8
BLACK
6
CONTINUOUS
10
0.2582236614173228
20
2.3253880708661416
11
0.258338937007874
21
2.3265586220472438
0
LINE
8
BLACK
6
CONTINUOUS
10
0.258338937007874
20
2.3265586220472438
11
0.259234842519685
21
2.3287214960629923
0
LINE
8
BLACK
6
CONTINUOUS
10
0.259234842519685
20
2.3287214960629923
11
0.2608902362204724
21
2.3303768897637793
0
LINE
8
BLACK
6
CONTINUOUS
10
0.2608902362204724
20
2.3303768897637793
11
0.2630531102362205
21
2.3312727952755905
0
LINE
8
BLACK
6
CONTINUOUS
10
0.2630531102362205
20
2.3312727952755905
11
0.2653942125984252
21
2.3312727952755905
0
LINE
8
BLACK
6
CONTINUOUS
10
0.2653942125984252
20
2.3312727952755905
11
0.2675570866141732
21
2.3303768897637793
0
LINE
8
BLACK
6
CONTINUOUS
10
0.2675570866141732
20
2.3303768897637793
11
0.2692124803149606
21
2.3287214960629923
0
LINE
8
BLACK
6
CONTINUOUS
10
0.2692124803149606
20
2.3287214960629923
11
0.2701083858267717
21
2.3265586220472438
0
LINE
8
BLACK
6
CONTINUOUS
10
0.2701083858267717
20
2.3265586220472438
11
0.2702236614173228
21
2.3253880708661416
0
LINE
8
BLACK
6
CONTINUOUS
10
0.2702236614173228
20
2.3253880708661416
11
0.2702236614173228
21
2.3153759448818896
0
LINE
8
BLACK
6
CONTINUOUS
10
0.2702236614173228
20
2.3153759448818896
11
0.2720119291338582
21
2.3117993700787403
0
LINE
8
BLACK
6
CONTINUOUS
10
0.2720119291338582
20
2.3117993700787403
11
0.2737603937007874
21
2.3100509055118108
0
LINE
8
BLACK
6
CONTINUOUS
10
0.2737603937007874
20
2.3100509055118108
11
0.2809727952755905
21
2.3052426377952755
0
LINE
8
BLACK
6
CONTINUOUS
10
0.2809727952755905
20
2.3052426377952755
11
0.2820025590551181
21
2.3049851968503936
0
LINE
8
BLACK
6
CONTINUOUS
10
0.2820025590551181
20
2.3049851968503936
11
0.2817142125984252
21
2.3055619291338583
0
LINE
8
BLACK
6
CONTINUOUS
10
0.2817142125984252
20
2.3055619291338583
11
0.2812938582677165
21
2.306660472440945
0
LINE
8
BLACK
6
CONTINUOUS
10
0.2812938582677165
20
2.306660472440945
11
0.2812785433070866
21
2.3068755118110236
0
LINE
8
BLACK
6
CONTINUOUS
10
0.2812785433070866
20
2.3068755118110236
11
0.281196062992126
21
2.3070746850393702
0
LINE
8
BLACK
6
CONTINUOUS
10
0.281196062992126
20
2.3070746850393702
11
0.2810807874015748
21
2.3082452362204724
0
LINE
8
BLACK
6
CONTINUOUS
10
0.2810807874015748
20
2.3082452362204724
11
0.2810807874015748
21
2.3196738188976376
0
LINE
8
BLACK
6
CONTINUOUS
10
0.2810807874015748
20
2.3196738188976376
11
0.281196062992126
21
2.3208443700787402
0
LINE
8
BLACK
6
CONTINUOUS
10
0.281196062992126
20
2.3208443700787402
11
0.2812785433070866
21
2.3210435826771652
0
LINE
8
BLACK
6
CONTINUOUS
10
0.2812785433070866
20
2.3210435826771652
11
0.2812938582677165
21
2.3212586220472442
0
LINE
8
BLACK
6
CONTINUOUS
10
0.2812938582677165
20
2.3212586220472442
11
0.2817142519685039
21
2.3223571259842517
0
LINE
8
BLACK
6
CONTINUOUS
10
0.2817142519685039
20
2.3223571259842517
11
0.2845714173228346
21
2.3280713779527558
0
LINE
8
BLACK
6
CONTINUOUS
10
0.2845714173228346
20
2.3280713779527558
11
0.2848884251968504
21
2.3285750787401573
0
LINE
8
BLACK
6
CONTINUOUS
10
0.2848884251968504
20
2.3285750787401573
11
0.2849490944881889
21
2.3287214566929135
0
LINE
8
BLACK
6
CONTINUOUS
10
0.2849490944881889
20
2.3287214566929135
11
0.2850843307086614
21
2.3288862598425197
0
LINE
8
BLACK
6
CONTINUOUS
10
0.2850843307086614
20
2.3288862598425197
11
0.2851979921259842
21
2.3290668110236221
0
LINE
8
BLACK
6
CONTINUOUS
10
0.2851979921259842
20
2.3290668110236221
11
0.2853177559055118
21
2.3291707086614171
0
LINE
8
BLACK
6
CONTINUOUS
10
0.2853177559055118
20
2.3291707086614171
11
0.2856952755905512
21
2.3296306692913387
0
LINE
8
BLACK
6
CONTINUOUS
10
0.2856952755905512
20
2.3296306692913387
11
0.2885524015748032
21
2.3324878740157482
0
LINE
8
BLACK
6
CONTINUOUS
10
0.2885524015748032
20
2.3324878740157482
11
0.2890125196850394
21
2.3328655118110238
0
LINE
8
BLACK
6
CONTINUOUS
10
0.2890125196850394
20
2.3328655118110238
11
0.2891163779527559
21
2.3329852362204724
0
LINE
8
BLACK
6
CONTINUOUS
10
0.2891163779527559
20
2.3329852362204724
11
0.289296811023622
21
2.3330988582677166
0
LINE
8
BLACK
6
CONTINUOUS
10
0.289296811023622
20
2.3330988582677166
11
0.2894616141732284
21
2.3332340551181101
0
LINE
8
BLACK
6
CONTINUOUS
10
0.2894616141732284
20
2.3332340551181101
11
0.2896079921259843
21
2.3332947244094489
0
LINE
8
BLACK
6
CONTINUOUS
10
0.2896079921259843
20
2.3332947244094489
11
0.290111811023622
21
2.3336118110236219
0
LINE
8
BLACK
6
CONTINUOUS
10
0.290111811023622
20
2.3336118110236219
11
0.2958261023622047
21
2.3364689370078739
0
LINE
8
BLACK
6
CONTINUOUS
10
0.2958261023622047
20
2.3364689370078739
11
0.2969246456692913
21
2.3368893307086616
0
LINE
8
BLACK
6
CONTINUOUS
10
0.2969246456692913
20
2.3368893307086616
11
0.29713968503937
21
2.3369046456692915
0
LINE
8
BLACK
6
CONTINUOUS
10
0.29713968503937
20
2.3369046456692915
11
0.2973388188976378
21
2.3369870866141733
0
LINE
8
BLACK
6
CONTINUOUS
10
0.2973388188976378
20
2.3369870866141733
11
0.2985093700787402
21
2.3371023622047242
0
LINE
8
BLACK
6
CONTINUOUS
10
0.2985093700787402
20
2.3371023622047242
11
0.3127950787401575
21
2.3371023622047242
0
LINE
8
BLACK
6
CONTINUOUS
10
0.3127950787401575
20
2.3371023622047242
11
0.3139656299212598
21
2.3369870866141733
0
LINE
8
BLACK
6
CONTINUOUS
10
0.2963492125984252
20
2.3233141338582675
11
0.2948690157480315
21
2.3218339370078738
0
LINE
8
BLACK
6
CONTINUOUS
10
0.2948690157480315
20
2.3218339370078738
11
0.2930807874015748
21
2.318257440944882
0
LINE
8
BLACK
6
CONTINUOUS
10
0.2930807874015748
20
2.318257440944882
11
0.2930807874015748
21
2.3096617322834647
0
LINE
8
BLACK
6
CONTINUOUS
10
0.2930807874015748
20
2.3096617322834647
11
0.294869094488189
21
2.3060850787401574
0
LINE
8
BLACK
6
CONTINUOUS
10
0.294869094488189
20
2.3060850787401574
11
0.2963491732283465
21
2.304605
0
LINE
8
BLACK
6
CONTINUOUS
10
0.2963491732283465
20
2.304605
11
0.2999258267716535
21
2.302816653543307
0
LINE
8
BLACK
6
CONTINUOUS
10
0.2999258267716535
20
2.302816653543307
11
0.3113786220472441
21
2.302816653543307
0
LINE
8
BLACK
6
CONTINUOUS
10
0.3113786220472441
20
2.302816653543307
11
0.3149552755905512
21
2.3046050393700788
0
LINE
8
BLACK
6
CONTINUOUS
10
0.3149552755905512
20
2.3046050393700788
11
0.3164353937007874
21
2.3060851181102362
0
LINE
8
BLACK
6
CONTINUOUS
10
0.3164353937007874
20
2.3060851181102362
11
0.3182236614173228
21
2.3096616535433072
0
LINE
8
BLACK
6
CONTINUOUS
10
0.3182236614173228
20
2.3096616535433072
11
0.3182236614173228
21
2.3182574015748032
0
LINE
8
BLACK
6
CONTINUOUS
10
0.3182236614173228
20
2.3182574015748032
11
0.3164353543307086
21
2.3218339763779525
0
LINE
8
BLACK
6
CONTINUOUS
10
0.3164353543307086
20
2.3218339763779525
11
0.3149552362204724
21
2.3233140944881887
0
LINE
8
BLACK
6
CONTINUOUS
10
0.3149552362204724
20
2.3233140944881887
11
0.3113786614173228
21
2.3251023622047242
0
LINE
8
BLACK
6
CONTINUOUS
10
0.3113786614173228
20
2.3251023622047242
11
0.2999257874015748
21
2.3251023622047242
0
LINE
8
BLACK
6
CONTINUOUS
10
0.2999257874015748
20
2.3251023622047242
11
0.2963492125984252
21
2.3233141338582675
0
LINE
8
BLACK
6
CONTINUOUS
10
0.9028574015748031
20
2.353092874015748
11
0.9032571653543306
21
2.353092874015748
0
LINE
8
BLACK
6
CONTINUOUS
10
0.9032571653543306
20
2.353092874015748
11
0.9043215748031496
21
2.3526519685039369
0
LINE
8
BLACK
6
CONTINUOUS
10
0.9043215748031496
20
2.3526519685039369
11
0.9051362204724409
21
2.3518373228346454
0
LINE
8
BLACK
6
CONTINUOUS
10
0.9051362204724409
20
2.3518373228346454
11
0.905577125984252
21
2.3507729133858266
0
LINE
8
BLACK
6
CONTINUOUS
10
0.905577125984252
20
2.3507729133858266
11
0.9056338582677165
21
2.3501968503937007
0
LINE
8
BLACK
6
CONTINUOUS
10
0.9056338582677165
20
2.3501968503937007
11
0.9056338582677165
21
2.2320078740157481
0
LINE
8
BLACK
6
CONTINUOUS
10
0.9056338582677165
20
2.2320078740157481
11
0.905577125984252
21
2.2314318110236222
0
LINE
8
BLACK
6
CONTINUOUS
10
0.905577125984252
20
2.2314318110236222
11
0.9051362204724409
21
2.230367401574803
0
LINE
8
BLACK
6
CONTINUOUS
10
0.9051362204724409
20
2.230367401574803
11
0.9043215748031496
21
2.2295527559055119
0
LINE
8
BLACK
6
CONTINUOUS
10
0.9043215748031496
20
2.2295527559055119
11
0.9032571653543306
21
2.2291118503937009
0
LINE
8
BLACK
6
CONTINUOUS
10
0.9032571653543306
20
2.2291118503937009
11
0.9028574015748031
21
2.2291118503937009
0
LINE
8
BLACK
6
CONTINUOUS
10
0.9028574015748031
20
2.2291118503937009
11
0.9026811023622047
21
2.2290944881889763
0
LINE
8
BLACK
6
CONTINUOUS
10
0.9026811023622047
20
2.2290944881889763
11
0.8042598425196851
21
2.2290944881889763
0
LINE
8
BLACK
6
CONTINUOUS
10
0.8042598425196851
20
2.2290944881889763
11
0.8040835433070866
21
2.2291118503937009
0
LINE
8
BLACK
6
CONTINUOUS
10
0.8040835433070866
20
2.2291118503937009
11
0.803683779527559
21
2.2291118503937009
0
LINE
8
BLACK
6
CONTINUOUS
10
0.803683779527559
20
2.2291118503937009
11
0.8026193700787402
21
2.2295527559055119
0
LINE
8
BLACK
6
CONTINUOUS
10
0.8026193700787402
20
2.2295527559055119
11
0.8018047244094488
21
2.230367401574803
0
LINE
8
BLACK
6
CONTINUOUS
10
0.8018047244094488
20
2.230367401574803
11
0.8013638188976377
21
2.2314318110236222
0
LINE
8
BLACK
6
CONTINUOUS
10
0.8013638188976377
20
2.2314318110236222
11
0.8013070866141732
21
2.2320078740157481
0
LINE
8
BLACK
6
CONTINUOUS
10
0.8013070866141732
20
2.2320078740157481
11
0.8013070866141732
21
2.3501968503937007
0
LINE
8
BLACK
6
CONTINUOUS
10
0.8013070866141732
20
2.3501968503937007
11
0.8013638188976377
21
2.3507729133858266
0
LINE
8
BLACK
6
CONTINUOUS
10
0.8013638188976377
20
2.3507729133858266
11
0.8018047244094488
21
2.3518373228346454
0
LINE
8
BLACK
6
CONTINUOUS
10
0.8018047244094488
20
2.3518373228346454
11
0.8026193700787402
21
2.3526519685039369
0
LINE
8
BLACK
6
CONTINUOUS
10
0.8026193700787402
20
2.3526519685039369
11
0.803683779527559
21
2.353092874015748
0
LINE
8
BLACK
6
CONTINUOUS
10
0.803683779527559
20
2.353092874015748
11
0.8040835433070866
21
2.353092874015748
0
LINE
8
BLACK
6
CONTINUOUS
10
0.8040835433070866
20
2.353092874015748
11
0.8042598425196851
21
2.3531102362204726
0
LINE
8
BLACK
6
CONTINUOUS
10
0.8042598425196851
20
2.3531102362204726
11
0.9026811023622047
21
2.3531102362204726
0
LINE
8
BLACK
6
CONTINUOUS
10
0.9026811023622047
20
2.3531102362204726
11
0.9028574015748031
21
2.353092874015748
0
LINE
8
BLACK
6
CONTINUOUS
10
0.8072125984251969
20
2.3472047244094489
11
0.8072125984251969
21
2.2349999999999999
0
LINE
8
BLACK
6
CONTINUOUS
10
0.8072125984251969
20
2.2349999999999999
11
0.8997283464566929
21
2.2349999999999999
0
LINE
8
BLACK
6
CONTINUOUS
10
0.8997283464566929
20
2.2349999999999999
11
0.8997283464566929
21
2.3472047244094489
0
LINE
8
BLACK
6
CONTINUOUS
10
0.8997283464566929
20
2.3472047244094489
11
0.8072125984251969
21
2.3472047244094489
0
LINE
8
BLACK
6
CONTINUOUS
10
0.307673031496063
20
2.4738944488188976
11
0.3078312204724409
21
2.4739056692913386
0
LINE
8
BLACK
6
CONTINUOUS
10
0.3078312204724409
20
2.4739056692913386
11
0.3080391732283465
21
2.4738583858267718
0
LINE
8
BLACK
6
CONTINUOUS
10
0.3080391732283465
20
2.4738583858267718
11
0.3082513385826772
21
2.4738374803149608
0
LINE
8
BLACK
6
CONTINUOUS
10
0.3082513385826772
20
2.4738374803149608
11
0.3083977165354331
21
2.4737768503937008
0
LINE
8
BLACK
6
CONTINUOUS
10
0.3083977165354331
20
2.4737768503937008
11
0.3089781496062992
21
2.4736448425196849
0
LINE
8
BLACK
6
CONTINUOUS
10
0.3089781496062992
20
2.4736448425196849
11
0.3175496062992126
21
2.4707877165354328
0
LINE
8
BLACK
6
CONTINUOUS
10
0.3175496062992126
20
2.4707877165354328
11
0.3186236614173228
21
2.4703082283464566
0
LINE
8
BLACK
6
CONTINUOUS
10
0.3186236614173228
20
2.4703082283464566
11
0.3187865748031496
21
2.4701669291338582
0
LINE
8
BLACK
6
CONTINUOUS
10
0.3187865748031496
20
2.4701669291338582
11
0.3189856692913386
21
2.4700844488188975
0
LINE
8
BLACK
6
CONTINUOUS
10
0.3189856692913386
20
2.4700844488188975
11
0.3198948818897638
21
2.4693382677165352
0
LINE
8
BLACK
6
CONTINUOUS
10
0.3198948818897638
20
2.4693382677165352
11
0.3256091732283464
21
2.4636239763779528
0
LINE
8
BLACK
6
CONTINUOUS
10
0.3256091732283464
20
2.4636239763779528
11
0.3263553543307087
21
2.4627147637795277
0
LINE
8
BLACK
6
CONTINUOUS
10
0.3263553543307087
20
2.4627147637795277
11
0.3264378346456693
21
2.4625156299212598
0
LINE
8
BLACK
6
CONTINUOUS
10
0.3264378346456693
20
2.4625156299212598
11
0.3265791338582677
21
2.4623527165354329
0
LINE
8
BLACK
6
CONTINUOUS
10
0.3265791338582677
20
2.4623527165354329
11
0.3270586220472441
21
2.4612787007874015
0
LINE
8
BLACK
6
CONTINUOUS
10
0.3270586220472441
20
2.4612787007874015
11
0.3299157874015748
21
2.4527072834645667
0
LINE
8
BLACK
6
CONTINUOUS
10
0.3299157874015748
20
2.4527072834645667
11
0.3300477559055118
21
2.4521268110236218
0
LINE
8
BLACK
6
CONTINUOUS
10
0.3300477559055118
20
2.4521268110236218
11
0.3301083858267717
21
2.4519804724409449
0
LINE
8
BLACK
6
CONTINUOUS
10
0.3301083858267717
20
2.4519804724409449
11
0.330129251968504
21
2.4517683464566931
0
LINE
8
BLACK
6
CONTINUOUS
10
0.330129251968504
20
2.4517683464566931
11
0.3301765748031496
21
2.4515603149606298
0
LINE
8
BLACK
6
CONTINUOUS
10
0.3301765748031496
20
2.4515603149606298
11
0.3301653149606299
21
2.4514022047244093
0
LINE
8
BLACK
6
CONTINUOUS
10
0.3301653149606299
20
2.4514022047244093
11
0.3302236614173228
21
2.4508099212598426
0
LINE
8
BLACK
6
CONTINUOUS
10
0.3302236614173228
20
2.4508099212598426
11
0.3302236614173228
21
2.4450956299212598
0
LINE
8
BLACK
6
CONTINUOUS
10
0.3302236614173228
20
2.4450956299212598
11
0.3301083858267717
21
2.4439250787401576
0
LINE
8
BLACK
6
CONTINUOUS
10
0.3301083858267717
20
2.4439250787401576
11
0.3292124803149606
21
2.4417622047244092
0
LINE
8
BLACK
6
CONTINUOUS
10
0.3292124803149606
20
2.4417622047244092
11
0.3275570866141732
21
2.4401068110236221
0
LINE
8
BLACK
6
CONTINUOUS
10
0.3275570866141732
20
2.4401068110236221
11
0.3253942125984252
21
2.439210905511811
0
LINE
8
BLACK
6
CONTINUOUS
10
0.3253942125984252
20
2.439210905511811
11
0.3230531102362205
21
2.439210905511811
0
LINE
8
BLACK
6
CONTINUOUS
10
0.3230531102362205
20
2.439210905511811
11
0.3208902362204724
21
2.4401068110236221
0
LINE
8
BLACK
6
CONTINUOUS
10
0.3208902362204724
20
2.4401068110236221
11
0.319234842519685
21
2.4417622047244092
0
LINE
8
BLACK
6
CONTINUOUS
10
0.319234842519685
20
2.4417622047244092
11
0.318338937007874
21
2.4439250787401576
0
LINE
8
BLACK
6
CONTINUOUS
10
0.318338937007874
20
2.4439250787401576
11
0.3182236614173228
21
2.4450956299212598
0
LINE
8
BLACK
6
CONTINUOUS
10
0.3182236614173228
20
2.4450956299212598
11
0.3182236614173228
21
2.4498363385826769
0
LINE
8
BLACK
6
CONTINUOUS
10
0.3182236614173228
20
2.4498363385826769
11
0.3161223228346456
21
2.4561402755905513
0
LINE
8
BLACK
6
CONTINUOUS
10
0.3161223228346456
20
2.4561402755905513
11
0.3124111811023622
21
2.4598514173228345
0
LINE
8
BLACK
6
CONTINUOUS
10
0.3124111811023622
20
2.4598514173228345
11
0.3061071653543307
21
2.4619527559055117
0
LINE
8
BLACK
6
CONTINUOUS
10
0.3061071653543307
20
2.4619527559055117
11
0.2642236614173228
21
2.4619527559055117
0
LINE
8
BLACK
6
CONTINUOUS
10
0.2642236614173228
20
2.4619527559055117
11
0.2630531102362205
21
2.462068031496063
0
LINE
8
BLACK
6
CONTINUOUS
10
0.2630531102362205
20
2.462068031496063
11
0.2608902362204724
21
2.4629639370078737
0
LINE
8
BLACK
6
CONTINUOUS
10
0.2608902362204724
20
2.4629639370078737
11
0.259234842519685
21
2.4646193307086612
0
LINE
8
BLACK
6
CONTINUOUS
10
0.259234842519685
20
2.4646193307086612
11
0.258338937007874
21
2.4667822047244092
0
LINE
8
BLACK
6
CONTINUOUS
10
0.258338937007874
20
2.4667822047244092
11
0.258338937007874
21
2.4691233070866141
0
LINE
8
BLACK
6
CONTINUOUS
10
0.258338937007874
20
2.4691233070866141
11
0.259234842519685
21
2.4712861811023621
0
LINE
8
BLACK
6
CONTINUOUS
10
0.259234842519685
20
2.4712861811023621
11
0.2608902362204724
21
2.4729415748031496
0
LINE
8
BLACK
6
CONTINUOUS
10
0.2608902362204724
20
2.4729415748031496
11
0.2630531102362205
21
2.4738374803149608
0
LINE
8
BLACK
6
CONTINUOUS
10
0.2630531102362205
20
2.4738374803149608
11
0.2642236614173228
21
2.4739527559055117
0
LINE
8
BLACK
6
CONTINUOUS
10
0.2642236614173228
20
2.4739527559055117
11
0.3070807874015748
21
2.4739527559055117
0
LINE
8
BLACK
6
CONTINUOUS
10
0.3070807874015748
20
2.4739527559055117
11
0.307673031496063
21
2.4738944488188976
0
LINE
8
BLACK
6
CONTINUOUS
10
0.3139656299212598
20
2.5338374803149604
11
0.314164842519685
21
2.533754960629921
0
LINE
8
BLACK
6
CONTINUOUS
10
0.314164842519685
20
2.533754960629921
11
0.3143798031496063
21
2.5337396850393699
0
LINE
8
BLACK
6
CONTINUOUS
10
0.3143798031496063
20
2.5337396850393699
11
0.3154783464566929
21
2.5333193307086614
0
LINE
8
BLACK
6
CONTINUOUS
10
0.3154783464566929
20
2.5333193307086614
11
0.3211926377952756
21
2.5304622047244094
0
LINE
8
BLACK
6
CONTINUOUS
10
0.3211926377952756
20
2.5304622047244094
11
0.3216963779527559
21
2.5301451181102363
0
LINE
8
BLACK
6
CONTINUOUS
10
0.3216963779527559
20
2.5301451181102363
11
0.3218427952755906
21
2.5300844488188976
0
LINE
8
BLACK
6
CONTINUOUS
10
0.3218427952755906
20
2.5300844488188976
11
0.3220075984251968
21
2.5299492125984253
0
LINE
8
BLACK
6
CONTINUOUS
10
0.3220075984251968
20
2.5299492125984253
11
0.3221880708661417
21
2.5298355905511811
0
LINE
8
BLACK
6
CONTINUOUS
10
0.3221880708661417
20
2.5298355905511811
11
0.3222918897637795
21
2.5297159055118108
0
LINE
8
BLACK
6
CONTINUOUS
10
0.3222918897637795
20
2.5297159055118108
11
0.3227520078740158
21
2.5293382677165352
0
LINE
8
BLACK
6
CONTINUOUS
10
0.3227520078740158
20
2.5293382677165352
11
0.3256091732283464
21
2.5264811023622045
0
LINE
8
BLACK
6
CONTINUOUS
10
0.3256091732283464
20
2.5264811023622045
11
0.3259867716535433
21
2.5260210236220471
0
LINE
8
BLACK
6
CONTINUOUS
10
0.3259867716535433
20
2.5260210236220471
11
0.3261064960629921
21
2.5259171653543309
0
LINE
8
BLACK
6
CONTINUOUS
10
0.3261064960629921
20
2.5259171653543309
11
0.3262200787401575
21
2.5257367322834643
0
LINE
8
BLACK
6
CONTINUOUS
10
0.3262200787401575
20
2.5257367322834643
11
0.3263553543307087
21
2.5255718897637793
0
LINE
8
BLACK
6
CONTINUOUS
10
0.3263553543307087
20
2.5255718897637793
11
0.3264159842519685
21
2.5254255118110236
0
LINE
8
BLACK
6
CONTINUOUS
10
0.3264159842519685
20
2.5254255118110236
11
0.3267331102362205
21
2.5249217322834645
0
LINE
8
BLACK
6
CONTINUOUS
10
0.3267331102362205
20
2.5249217322834645
11
0.3295902362204725
21
2.5192074803149604
0
LINE
8
BLACK
6
CONTINUOUS
10
0.3295902362204725
20
2.5192074803149604
11
0.3300106299212598
21
2.5181089763779525
0
LINE
8
BLACK
6
CONTINUOUS
10
0.3300106299212598
20
2.5181089763779525
11
0.330025905511811
21
2.5178938976377951
0
LINE
8
BLACK
6
CONTINUOUS
10
0.330025905511811
20
2.5178938976377951
11
0.3301083858267717
21
2.5176947637795277
0
LINE
8
BLACK
6
CONTINUOUS
10
0.3301083858267717
20
2.5176947637795277
11
0.3302236614173228
21
2.5165242125984251
0
LINE
8
BLACK
6
CONTINUOUS
10
0.3302236614173228
20
2.5165242125984251
11
0.3302236614173228
21
2.5022384645669291
0
LINE
8
BLACK
6
CONTINUOUS
10
0.3302236614173228
20
2.5022384645669291
11
0.3301083858267717
21
2.5010679133858269
0
LINE
8
BLACK
6
CONTINUOUS
10
0.3301083858267717
20
2.5010679133858269
11
0.330025905511811
21
2.5008688188976378
0
LINE
8
BLACK
6
CONTINUOUS
10
0.330025905511811
20
2.5008688188976378
11
0.3300106299212598
21
2.5006537007874017
0
LINE
8
BLACK
6
CONTINUOUS
10
0.3300106299212598
20
2.5006537007874017
11
0.3295902362204725
21
2.4995551968503937
0
LINE
8
BLACK
6
CONTINUOUS
10
0.3295902362204725
20
2.4995551968503937
11
0.3267331102362205
21
2.4938409448818897
0
LINE
8
BLACK
6
CONTINUOUS
10
0.3267331102362205
20
2.4938409448818897
11
0.3264159842519685
21
2.4933372047244093
0
LINE
8
BLACK
6
CONTINUOUS
10
0.3264159842519685
20
2.4933372047244093
11
0.3263553543307087
21
2.4931907874015748
0
LINE
8
BLACK
6
CONTINUOUS
10
0.3263553543307087
20
2.4931907874015748
11
0.3262200787401575
21
2.4930259842519686
0
LINE
8
BLACK
6
CONTINUOUS
10
0.3262200787401575
20
2.4930259842519686
11
0.3261064960629921
21
2.4928455118110238
0
LINE
8
BLACK
6
CONTINUOUS
10
0.3261064960629921
20
2.4928455118110238
11
0.3259867716535433
21
2.4927416929133859
0
LINE
8
BLACK
6
CONTINUOUS
10
0.3259867716535433
20
2.4927416929133859
11
0.3256091732283464
21
2.4922815748031497
0
LINE
8
BLACK
6
CONTINUOUS
10
0.3256091732283464
20
2.4922815748031497
11
0.3227520078740158
21
2.4894244094488189
0
LINE
8
BLACK
6
CONTINUOUS
10
0.3227520078740158
20
2.4894244094488189
11
0.3218427952755906
21
2.4886782283464566
0
LINE
8
BLACK
6
CONTINUOUS
10
0.3218427952755906
20
2.4886782283464566
11
0.3196799212598425
21
2.4877823228346454
0
LINE
8
BLACK
6
CONTINUOUS
10
0.3196799212598425
20
2.4877823228346454
11
0.3173388188976378
21
2.4877823228346454
0
LINE
8
BLACK
6
CONTINUOUS
10
0.3173388188976378
20
2.4877823228346454
11
0.3151759448818898
21
2.4886782283464566
0
LINE
8
BLACK
6
CONTINUOUS
10
0.3151759448818898
20
2.4886782283464566
11
0.3135205511811023
21
2.4903336220472441
0
LINE
8
BLACK
6
CONTINUOUS
10
0.3135205511811023
20
2.4903336220472441
11
0.3126246456692913
21
2.4924964960629921
0
LINE
8
BLACK
6
CONTINUOUS
10
0.3126246456692913
20
2.4924964960629921
11
0.3126246456692913
21
2.4948375984251969
0
LINE
8
BLACK
6
CONTINUOUS
10
0.3126246456692913
20
2.4948375984251969
11
0.3135205511811023
21
2.4970004724409449
0
LINE
8
BLACK
6
CONTINUOUS
10
0.3135205511811023
20
2.4970004724409449
11
0.3142667322834646
21
2.4979096850393701
0
LINE
8
BLACK
6
CONTINUOUS
10
0.3142667322834646
20
2.4979096850393701
11
0.3164353543307086
21
2.5000783464566929
0
LINE
8
BLACK
6
CONTINUOUS
10
0.3164353543307086
20
2.5000783464566929
11
0.3182236614173228
21
2.5036549212598427
0
LINE
8
BLACK
6
CONTINUOUS
10
0.3182236614173228
20
2.5036549212598427
11
0.3182236614173228
21
2.5151077952755907
0
LINE
8
BLACK
6
CONTINUOUS
10
0.3182236614173228
20
2.5151077952755907
11
0.3164353543307086
21
2.51868437007874
0
LINE
8
BLACK
6
CONTINUOUS
10
0.3164353543307086
20
2.51868437007874
11
0.3149552362204724
21
2.5201644881889762
0
LINE
8
BLACK
6
CONTINUOUS
10
0.3149552362204724
20
2.5201644881889762
11
0.3113786614173228
21
2.5219527559055117
0
LINE
8
BLACK
6
CONTINUOUS
10
0.3113786614173228
20
2.5219527559055117
11
0.2999257874015748
21
2.5219527559055117
0
LINE
8
BLACK
6
CONTINUOUS
10
0.2999257874015748
20
2.5219527559055117
11
0.2963492125984252
21
2.520164527559055
0
LINE
8
BLACK
6
CONTINUOUS
10
0.2963492125984252
20
2.520164527559055
11
0.2948690157480315
21
2.5186843307086613
0
LINE
8
BLACK
6
CONTINUOUS
10
0.2948690157480315
20
2.5186843307086613
11
0.2930807874015748
21
2.5151078346456694
0
LINE
8
BLACK
6
CONTINUOUS
10
0.2930807874015748
20
2.5151078346456694
11
0.2930807874015748
21
2.5036548818897639
0
LINE
8
BLACK
6
CONTINUOUS
10
0.2930807874015748
20
2.5036548818897639
11
0.2948690157480315
21
2.5000783858267717
0
LINE
8
BLACK
6
CONTINUOUS
10
0.2948690157480315
20
2.5000783858267717
11
0.2970377559055118
21
2.4979096456692913
0
LINE
8
BLACK
6
CONTINUOUS
10
0.2970377559055118
20
2.4979096456692913
11
0.297783937007874
21
2.4970004330708662
0
LINE
8
BLACK
6
CONTINUOUS
10
0.297783937007874
20
2.4970004330708662
11
0.2978995275590551
21
2.496721338582677
0
LINE
8
BLACK
6
CONTINUOUS
10
0.2978995275590551
20
2.496721338582677
11
0.2980908267716535
21
2.4964875196850391
0
LINE
8
BLACK
6
CONTINUOUS
10
0.2980908267716535
20
2.4964875196850391
11
0.2983441732283464
21
2.4956477952755907
0
LINE
8
BLACK
6
CONTINUOUS
10
0.2983441732283464
20
2.4956477952755907
11
0.2986798031496063
21
2.4948375196850394
0
LINE
8
BLACK
6
CONTINUOUS
10
0.2986798031496063
20
2.4948375196850394
11
0.2986798031496063
21
2.4945355118110237
0
LINE
8
BLACK
6
CONTINUOUS
10
0.2986798031496063
20
2.4945355118110237
11
0.2987670866141732
21
2.4942462204724407
0
LINE
8
BLACK
6
CONTINUOUS
10
0.2987670866141732
20
2.4942462204724407
11
0.2986798031496063
21
2.4933734251968502
0
LINE
8
BLACK
6
CONTINUOUS
10
0.2986798031496063
20
2.4933734251968502
11
0.2986798031496063
21
2.4924964566929133
0
LINE
8
BLACK
6
CONTINUOUS
10
0.2986798031496063
20
2.4924964566929133
11
0.2985641732283464
21
2.4922174015748033
0
LINE
8
BLACK
6
CONTINUOUS
10
0.2985641732283464
20
2.4922174015748033
11
0.2985341338582677
21
2.4919167322834643
0
LINE
8
BLACK
6
CONTINUOUS
10
0.2985341338582677
20
2.4919167322834643
11
0.2981194881889764
21
2.4911437795275591
0
LINE
8
BLACK
6
CONTINUOUS
10
0.2981194881889764
20
2.4911437795275591
11
0.2977838976377953
21
2.4903335826771653
0
LINE
8
BLACK
6
CONTINUOUS
10
0.2977838976377953
20
2.4903335826771653
11
0.2975702755905512
21
2.4901200393700789
0
LINE
8
BLACK
6
CONTINUOUS
10
0.2975702755905512
20
2.4901200393700789
11
0.2974274803149606
21
2.4898537401574803
0
LINE
8
BLACK
6
CONTINUOUS
10
0.2974274803149606
20
2.4898537401574803
11
0.2967485826771654
21
2.4892983464566929
0
LINE
8
BLACK
6
CONTINUOUS
10
0.2967485826771654
20
2.4892983464566929
11
0.2961284645669292
21
2.4886781889763778
0
LINE
8
BLACK
6
CONTINUOUS
10
0.2961284645669292
20
2.4886781889763778
11
0.2958493307086614
21
2.4885625984251969
0
LINE
8
BLACK
6
CONTINUOUS
10
0.2958493307086614
20
2.4885625984251969
11
0.2956155511811023
21
2.4883712992125986
0
LINE
8
BLACK
6
CONTINUOUS
10
0.2956155511811023
20
2.4883712992125986
11
0.2947758267716535
21
2.4881179527559056
0
LINE
8
BLACK
6
CONTINUOUS
10
0.2947758267716535
20
2.4881179527559056
11
0.2939655905511811
21
2.4877823228346454
0
LINE
8
BLACK
6
CONTINUOUS
10
0.2939655905511811
20
2.4877823228346454
11
0.2936635826771654
21
2.4877823228346454
0
LINE
8
BLACK
6
CONTINUOUS
10
0.2936635826771654
20
2.4877823228346454
11
0.2933742913385827
21
2.4876950393700787
0
LINE
8
BLACK
6
CONTINUOUS
10
0.2933742913385827
20
2.4876950393700787
11
0.2921980708661417
21
2.4876968110236222
0
LINE
8
BLACK
6
CONTINUOUS
10
0.2921980708661417
20
2.4876968110236222
11
0.2636266535433071
21
2.4905539763779525
0
LINE
8
BLACK
6
CONTINUOUS
10
0.2636266535433071
20
2.4905539763779525
11
0.2632000393700787
21
2.4906394881889762
0
LINE
8
BLACK
6
CONTINUOUS
10
0.2632000393700787
20
2.4906394881889762
11
0.2630531102362205
21
2.4906394881889762
0
LINE
8
BLACK
6
CONTINUOUS
10
0.2630531102362205
20
2.4906394881889762
11
0.2629153149606299
21
2.4906965748031498
0
LINE
8
BLACK
6
CONTINUOUS
10
0.2629153149606299
20
2.4906965748031498
11
0.2624733464566929
21
2.4907851574803148
0
LINE
8
BLACK
6
CONTINUOUS
10
0.2624733464566929
20
2.4907851574803148
11
0.2617003543307087
21
2.4911998425196851
0
LINE
8
BLACK
6
CONTINUOUS
10
0.2617003543307087
20
2.4911998425196851
11
0.2608902362204724
21
2.4915353937007874
0
LINE
8
BLACK
6
CONTINUOUS
10
0.2608902362204724
20
2.4915353937007874
11
0.2606766141732283
21
2.4917490157480313
0
LINE
8
BLACK
6
CONTINUOUS
10
0.2606766141732283
20
2.4917490157480313
11
0.2604103543307086
21
2.4918918503937006
0
LINE
8
BLACK
6
CONTINUOUS
10
0.2604103543307086
20
2.4918918503937006
11
0.2598549606299212
21
2.4925706692913385
0
LINE
8
BLACK
6
CONTINUOUS
10
0.2598549606299212
20
2.4925706692913385
11
0.259234842519685
21
2.4931907874015748
0
LINE
8
BLACK
6
CONTINUOUS
10
0.259234842519685
20
2.4931907874015748
11
0.2591192125984252
21
2.4934699212598423
0
LINE
8
BLACK
6
CONTINUOUS
10
0.2591192125984252
20
2.4934699212598423
11
0.2589279133858268
21
2.4937037401574802
0
LINE
8
BLACK
6
CONTINUOUS
10
0.2589279133858268
20
2.4937037401574802
11
0.2586745669291339
21
2.4945433858267716
0
LINE
8
BLACK
6
CONTINUOUS
10
0.2586745669291339
20
2.4945433858267716
11
0.258338937007874
21
2.4953536614173228
0
LINE
8
BLACK
6
CONTINUOUS
10
0.258338937007874
20
2.4953536614173228
11
0.2582947637795275
21
2.4958021653543305
0
LINE
8
BLACK
6
CONTINUOUS
10
0.2582947637795275
20
2.4958021653543305
11
0.2582516535433071
21
2.4959450393700786
0
LINE
8
BLACK
6
CONTINUOUS
10
0.2582516535433071
20
2.4959450393700786
11
0.2582662598425197
21
2.496091377952756
0
LINE
8
BLACK
6
CONTINUOUS
10
0.2582662598425197
20
2.496091377952756
11
0.2582236614173228
21
2.4965242125984251
0
LINE
8
BLACK
6
CONTINUOUS
10
0.2582236614173228
20
2.4965242125984251
11
0.2582236614173228
21
2.5250956299212599
0
LINE
8
BLACK
6
CONTINUOUS
10
0.2582236614173228
20
2.5250956299212599
11
0.258338937007874
21
2.5262661811023621
0
LINE
8
BLACK
6
CONTINUOUS
10
0.258338937007874
20
2.5262661811023621
11
0.259234842519685
21
2.5284290551181101
0
LINE
8
BLACK
6
CONTINUOUS
10
0.259234842519685
20
2.5284290551181101
11
0.2608902362204724
21
2.5300844488188976
0
LINE
8
BLACK
6
CONTINUOUS
10
0.2608902362204724
20
2.5300844488188976
11
0.2630531102362205
21
2.5309803543307088
0
LINE
8
BLACK
6
CONTINUOUS
10
0.2630531102362205
20
2.5309803543307088
11
0.2653942125984252
21
2.5309803543307088
0
LINE
8
BLACK
6
CONTINUOUS
10
0.2653942125984252
20
2.5309803543307088
11
0.2675570866141732
21
2.5300844488188976
0
LINE
8
BLACK
6
CONTINUOUS
10
0.2675570866141732
20
2.5300844488188976
11
0.2692124803149606
21
2.5284290551181101
0
LINE
8
BLACK
6
CONTINUOUS
10
0.2692124803149606
20
2.5284290551181101
11
0.2701083858267717
21
2.5262661811023621
0
LINE
8
BLACK
6
CONTINUOUS
10
0.2701083858267717
20
2.5262661811023621
11
0.2702236614173228
21
2.5250956299212599
0
LINE
8
BLACK
6
CONTINUOUS
10
0.2702236614173228
20
2.5250956299212599
11
0.2702236614173228
21
2.5019541732283463
0
LINE
8
BLACK
6
CONTINUOUS
10
0.2702236614173228
20
2.5019541732283463
11
0.28128
21
2.5008485039370076
0
LINE
8
BLACK
6
CONTINUOUS
10
0.28128
20
2.5008485039370076
11
0.2812785433070866
21
2.5008687401574803
0
LINE
8
BLACK
6
CONTINUOUS
10
0.2812785433070866
20
2.5008687401574803
11
0.281196062992126
21
2.5010679133858269
0
LINE
8
BLACK
6
CONTINUOUS
10
0.281196062992126
20
2.5010679133858269
11
0.2810807874015748
21
2.5022384645669291
0
LINE
8
BLACK
6
CONTINUOUS
10
0.2810807874015748
20
2.5022384645669291
11
0.2810807874015748
21
2.5165242125984251
0
LINE
8
BLACK
6
CONTINUOUS
10
0.2810807874015748
20
2.5165242125984251
11
0.281196062992126
21
2.5176947637795277
0
LINE
8
BLACK
6
CONTINUOUS
10
0.281196062992126
20
2.5176947637795277
11
0.2812785433070866
21
2.5178939763779526
0
LINE
8
BLACK
6
CONTINUOUS
10
0.2812785433070866
20
2.5178939763779526
11
0.2812938582677165
21
2.5181090157480313
0
LINE
8
BLACK
6
CONTINUOUS
10
0.2812938582677165
20
2.5181090157480313
11
0.2817142519685039
21
2.5192075196850392
0
LINE
8
BLACK
6
CONTINUOUS
10
0.2817142519685039
20
2.5192075196850392
11
0.2845714173228346
21
2.5249217716535433
0
LINE
8
BLACK
6
CONTINUOUS
10
0.2845714173228346
20
2.5249217716535433
11
0.2848884251968504
21
2.5254254724409448
0
LINE
8
BLACK
6
CONTINUOUS
10
0.2848884251968504
20
2.5254254724409448
11
0.2849490944881889
21
2.5255718503937006
0
LINE
8
BLACK
6
CONTINUOUS
10
0.2849490944881889
20
2.5255718503937006
11
0.2850843307086614
21
2.5257366535433072
0
LINE
8
BLACK
6
CONTINUOUS
10
0.2850843307086614
20
2.5257366535433072
11
0.2851979921259842
21
2.5259172047244092
0
LINE
8
BLACK
6
CONTINUOUS
10
0.2851979921259842
20
2.5259172047244092
11
0.2853177559055118
21
2.5260211023622046
0
LINE
8
BLACK
6
CONTINUOUS
10
0.2853177559055118
20
2.5260211023622046
11
0.2856952755905512
21
2.5264810629921257
0
LINE
8
BLACK
6
CONTINUOUS
10
0.2856952755905512
20
2.5264810629921257
11
0.2885524015748032
21
2.5293382677165352
0
LINE
8
BLACK
6
CONTINUOUS
10
0.2885524015748032
20
2.5293382677165352
11
0.2890125196850394
21
2.5297159055118108
0
LINE
8
BLACK
6
CONTINUOUS
10
0.2890125196850394
20
2.5297159055118108
11
0.2891163779527559
21
2.5298356299212599
0
LINE
8
BLACK
6
CONTINUOUS
10
0.2891163779527559
20
2.5298356299212599
11
0.289296811023622
21
2.5299492519685041
0
LINE
8
BLACK
6
CONTINUOUS
10
0.289296811023622
20
2.5299492519685041
11
0.2894616141732284
21
2.5300844488188976
0
LINE
8
BLACK
6
CONTINUOUS
10
0.2894616141732284
20
2.5300844488188976
11
0.2896079921259843
21
2.5301451181102363
0
LINE
8
BLACK
6
CONTINUOUS
10
0.2896079921259843
20
2.5301451181102363
11
0.290111811023622
21
2.5304622047244094
0
LINE
8
BLACK
6
CONTINUOUS
10
0.290111811023622
20
2.5304622047244094
11
0.2958261023622047
21
2.5333193307086614
0
LINE
8
BLACK
6
CONTINUOUS
10
0.2958261023622047
20
2.5333193307086614
11
0.2969246456692913
21
2.5337397244094486
0
LINE
8
BLACK
6
CONTINUOUS
10
0.2969246456692913
20
2.5337397244094486
11
0.29713968503937
21
2.5337550393700785
0
LINE
8
BLACK
6
CONTINUOUS
10
0.29713968503937
20
2.5337550393700785
11
0.2973388188976378
21
2.5338374803149604
0
LINE
8
BLACK
6
CONTINUOUS
10
0.2973388188976378
20
2.5338374803149604
11
0.2985093700787402
21
2.5339527559055117
0
LINE
8
BLACK
6
CONTINUOUS
10
0.2985093700787402
20
2.5339527559055117
11
0.3127950787401575
21
2.5339527559055117
0
LINE
8
BLACK
6
CONTINUOUS
10
0.3127950787401575
20
2.5339527559055117
11
0.3139656299212598
21
2.5338374803149604
0
LINE
8
BLACK
6
CONTINUOUS
10
0.9028574015748031
20
2.5499432677165355
11
0.9032571653543306
21
2.5499432677165355
0
LINE
8
BLACK
6
CONTINUOUS
10
0.9032571653543306
20
2.5499432677165355
11
0.9043215748031496
21
2.5495023622047244
0
LINE
8
BLACK
6
CONTINUOUS
10
0.9043215748031496
20
2.5495023622047244
11
0.9051362204724409
21
2.5486877165354329
0
LINE
8
BLACK
6
CONTINUOUS
10
0.9051362204724409
20
2.5486877165354329
11
0.905577125984252
21
2.5476233070866141
0
LINE
8
BLACK
6
CONTINUOUS
10
0.905577125984252
20
2.5476233070866141
11
0.9056338582677165
21
2.5470472440944882
0
LINE
8
BLACK
6
CONTINUOUS
10
0.9056338582677165
20
2.5470472440944882
11
0.9056338582677165
21
2.4288582677165356
0
LINE
8
BLACK
6
CONTINUOUS
10
0.9056338582677165
20
2.4288582677165356
11
0.905577125984252
21
2.4282822047244093
0
LINE
8
BLACK
6
CONTINUOUS
10
0.905577125984252
20
2.4282822047244093
11
0.9051362204724409
21
2.4272177952755905
0
LINE
8
BLACK
6
CONTINUOUS
10
0.9051362204724409
20
2.4272177952755905
11
0.9043215748031496
21
2.426403149606299
0
LINE
8
BLACK
6
CONTINUOUS
10
0.9043215748031496
20
2.426403149606299
11
0.9032571653543306
21
2.4259622440944884
0
LINE
8
BLACK
6
CONTINUOUS
10
0.9032571653543306
20
2.4259622440944884
11
0.9028574015748031
21
2.4259622440944884
0
LINE
8
BLACK
6
CONTINUOUS
10
0.9028574015748031
20
2.4259622440944884
11
0.9026811023622047
21
2.4259448818897638
0
LINE
8
BLACK
6
CONTINUOUS
10
0.9026811023622047
20
2.4259448818897638
11
0.8042598425196851
21
2.4259448818897638
0
LINE
8
BLACK
6
CONTINUOUS
10
0.8042598425196851
20
2.4259448818897638
11
0.8040835433070866
21
2.4259622440944884
0
LINE
8
BLACK
6
CONTINUOUS
10
0.8040835433070866
20
2.4259622440944884
11
0.803683779527559
21
2.4259622440944884
0
LINE
8
BLACK
6
CONTINUOUS
10
0.803683779527559
20
2.4259622440944884
11
0.8026193700787402
21
2.426403149606299
0
LINE
8
BLACK
6
CONTINUOUS
10
0.8026193700787402
20
2.426403149606299
11
0.8018047244094488
21
2.4272177952755905
0
LINE
8
BLACK
6
CONTINUOUS
10
0.8018047244094488
20
2.4272177952755905
11
0.8013638188976377
21
2.4282822047244093
0
LINE
8
BLACK
6
CONTINUOUS
10
0.8013638188976377
20
2.4282822047244093
11
0.8013070866141732
21
2.4288582677165356
0
LINE
8
BLACK
6
CONTINUOUS
10
0.8013070866141732
20
2.4288582677165356
11
0.8013070866141732
21
2.5470472440944882
0
LINE
8
BLACK
6
CONTINUOUS
10
0.8013070866141732
20
2.5470472440944882
11
0.8013638188976377
21
2.5476233070866141
0
LINE
8
BLACK
6
CONTINUOUS
10
0.8013638188976377
20
2.5476233070866141
11
0.8018047244094488
21
2.5486877165354329
0
LINE
8
BLACK
6
CONTINUOUS
10
0.8018047244094488
20
2.5486877165354329
11
0.8026193700787402
21
2.5495023622047244
0
LINE
8
BLACK
6
CONTINUOUS
10
0.8026193700787402
20
2.5495023622047244
11
0.803683779527559
21
2.5499432677165355
0
LINE
8
BLACK
6
CONTINUOUS
10
0.803683779527559
20
2.5499432677165355
11
0.8040835433070866
21
2.5499432677165355
0
LINE
8
BLACK
6
CONTINUOUS
10
0.8040835433070866
20
2.5499432677165355
11
0.8042598425196851
21
2.5499606299212596
0
LINE
8
BLACK
6
CONTINUOUS
10
0.8042598425196851
20
2.5499606299212596
11
0.9026811023622047
21
2.5499606299212596
0
LINE
8
BLACK
6
CONTINUOUS
10
0.9026811023622047
20
2.5499606299212596
11
0.9028574015748031
21
2.5499432677165355
0
LINE
8
BLACK
6
CONTINUOUS
10
0.8072125984251969
20
2.544055118110236
11
0.8072125984251969
21
2.4318503937007874
0
LINE
8
BLACK
6
CONTINUOUS
10
0.8072125984251969
20
2.4318503937007874
11
0.8997283464566929
21
2.4318503937007874
0
LINE
8
BLACK
6
CONTINUOUS
10
0.8997283464566929
20
2.4318503937007874
11
0.8997283464566929
21
2.544055118110236
0
LINE
8
BLACK
6
CONTINUOUS
10
0.8997283464566929
20
2.544055118110236
11
0.8072125984251969
21
2.544055118110236
0
LINE
8
BLACK
6
CONTINUOUS
10
0.307673031496063
20
2.6707448425196851
11
0.3078312204724409
21
2.6707560629921261
0
LINE
8
BLACK
6
CONTINUOUS
10
0.3078312204724409
20
2.6707560629921261
11
0.3080391732283465
21
2.6707087795275588
0
LINE
8
BLACK
6
CONTINUOUS
10
0.3080391732283465
20
2.6707087795275588
11
0.3082513385826772
21
2.6706878740157478
0
LINE
8
BLACK
6
CONTINUOUS
10
0.3082513385826772
20
2.6706878740157478
11
0.3083977165354331
21
2.6706272440944883
0
LINE
8
BLACK
6
CONTINUOUS
10
0.3083977165354331
20
2.6706272440944883
11
0.3089781496062992
21
2.6704952362204724
0
LINE
8
BLACK
6
CONTINUOUS
10
0.3089781496062992
20
2.6704952362204724
11
0.3175496062992126
21
2.6676381102362203
0
LINE
8
BLACK
6
CONTINUOUS
10
0.3175496062992126
20
2.6676381102362203
11
0.3186236614173228
21
2.6671586220472441
0
LINE
8
BLACK
6
CONTINUOUS
10
0.3186236614173228
20
2.6671586220472441
11
0.3187865748031496
21
2.6670173228346457
0
LINE
8
BLACK
6
CONTINUOUS
10
0.3187865748031496
20
2.6670173228346457
11
0.3189856692913386
21
2.666934842519685
0
LINE
8
BLACK
6
CONTINUOUS
10
0.3189856692913386
20
2.666934842519685
11
0.3198948818897638
21
2.6661886614173227
0
LINE
8
BLACK
6
CONTINUOUS
10
0.3198948818897638
20
2.6661886614173227
11
0.3256091732283464
21
2.6604743700787399
0
LINE
8
BLACK
6
CONTINUOUS
10
0.3256091732283464
20
2.6604743700787399
11
0.3263553543307087
21
2.6595651574803147
0
LINE
8
BLACK
6
CONTINUOUS
10
0.3263553543307087
20
2.6595651574803147
11
0.3264378346456693
21
2.6593660236220473
0
LINE
8
BLACK
6
CONTINUOUS
10
0.3264378346456693
20
2.6593660236220473
11
0.3265791338582677
21
2.6592031102362204
0
LINE
8
BLACK
6
CONTINUOUS
10
0.3265791338582677
20
2.6592031102362204
11
0.3270586220472441
21
2.658129094488189
0
LINE
8
BLACK
6
CONTINUOUS
10
0.3270586220472441
20
2.658129094488189
11
0.3299157874015748
21
2.6495576771653542
0
LINE
8
BLACK
6
CONTINUOUS
10
0.3299157874015748
20
2.6495576771653542
11
0.3300477559055118
21
2.6489772047244093
0
LINE
8
BLACK
6
CONTINUOUS
10
0.3300477559055118
20
2.6489772047244093
11
0.3301083858267717
21
2.6488308661417324
0
LINE
8
BLACK
6
CONTINUOUS
10
0.3301083858267717
20
2.6488308661417324
11
0.330129251968504
21
2.6486187401574801
0
LINE
8
BLACK
6
CONTINUOUS
10
0.330129251968504
20
2.6486187401574801
11
0.3301765748031496
21
2.6484107086614173
0
LINE
8
BLACK
6
CONTINUOUS
10
0.3301765748031496
20
2.6484107086614173
11
0.3301653149606299
21
2.6482525984251968
0
LINE
8
BLACK
6
CONTINUOUS
10
0.3301653149606299
20
2.6482525984251968
11
0.3302236614173228
21
2.6476603149606297
0
LINE
8
BLACK
6
CONTINUOUS
10
0.3302236614173228
20
2.6476603149606297
11
0.3302236614173228
21
2.6419460236220473
0
LINE
8
BLACK
6
CONTINUOUS
10
0.3302236614173228
20
2.6419460236220473
11
0.3301083858267717
21
2.6407754724409447
0
LINE
8
BLACK
6
CONTINUOUS
10
0.3301083858267717
20
2.6407754724409447
11
0.3292124803149606
21
2.6386125984251967
0
LINE
8
BLACK
6
CONTINUOUS
10
0.3292124803149606
20
2.6386125984251967
11
0.3275570866141732
21
2.6369572047244092
0
LINE
8
BLACK
6
CONTINUOUS
10
0.3275570866141732
20
2.6369572047244092
11
0.3253942125984252
21
2.6360612992125985
0
LINE
8
BLACK
6
CONTINUOUS
10
0.3253942125984252
20
2.6360612992125985
11
0.3230531102362205
21
2.6360612992125985
0
LINE
8
BLACK
6
CONTINUOUS
10
0.3230531102362205
20
2.6360612992125985
11
0.3208902362204724
21
2.6369572047244092
0
LINE
8
BLACK
6
CONTINUOUS
10
0.3208902362204724
20
2.6369572047244092
11
0.319234842519685
21
2.6386125984251967
0
LINE
8
BLACK
6
CONTINUOUS
10
0.319234842519685
20
2.6386125984251967
11
0.318338937007874
21
2.6407754724409447
0
LINE
8
BLACK
6
CONTINUOUS
10
0.318338937007874
20
2.6407754724409447
11
0.3182236614173228
21
2.6419460236220473
0
LINE
8
BLACK
6
CONTINUOUS
10
0.3182236614173228
20
2.6419460236220473
11
0.3182236614173228
21
2.6466867322834644
0
LINE
8
BLACK
6
CONTINUOUS
10
0.3182236614173228
20
2.6466867322834644
11
0.3161223228346456
21
2.6529906692913383
0
LINE
8
BLACK
6
CONTINUOUS
10
0.3161223228346456
20
2.6529906692913383
11
0.3124111811023622
21
2.656701811023622
0
LINE
8
BLACK
6
CONTINUOUS
10
0.3124111811023622
20
2.656701811023622
11
0.3061071653543307
21
2.6588031496062992
0
LINE
8
BLACK
6
CONTINUOUS
10
0.3061071653543307
20
2.6588031496062992
11
0.2642236614173228
21
2.6588031496062992
0
LINE
8
BLACK
6
CONTINUOUS
10
0.2642236614173228
20
2.6588031496062992
11
0.2630531102362205
21
2.6589184251968505
0
LINE
8
BLACK
6
CONTINUOUS
10
0.2630531102362205
20
2.6589184251968505
11
0.2608902362204724
21
2.6598143307086612
0
LINE
8
BLACK
6
CONTINUOUS
10
0.2608902362204724
20
2.6598143307086612
11
0.259234842519685
21
2.6614697244094487
0
LINE
8
BLACK
6
CONTINUOUS
10
0.259234842519685
20
2.6614697244094487
11
0.258338937007874
21
2.6636325984251967
0
LINE
8
BLACK
6
CONTINUOUS
10
0.258338937007874
20
2.6636325984251967
11
0.258338937007874
21
2.6659737007874016
0
LINE
8
BLACK
6
CONTINUOUS
10
0.258338937007874
20
2.6659737007874016
11
0.259234842519685
21
2.6681365748031496
0
LINE
8
BLACK
6
CONTINUOUS
10
0.259234842519685
20
2.6681365748031496
11
0.2608902362204724
21
2.6697919685039371
0
LINE
8
BLACK
6
CONTINUOUS
10
0.2608902362204724
20
2.6697919685039371
11
0.2630531102362205
21
2.6706878740157478
0
LINE
8
BLACK
6
CONTINUOUS
10
0.2630531102362205
20
2.6706878740157478
11
0.2642236614173228
21
2.6708031496062992
0
LINE
8
BLACK
6
CONTINUOUS
10
0.2642236614173228
20
2.6708031496062992
11
0.3070807874015748
21
2.6708031496062992
0
LINE
8
BLACK
6
CONTINUOUS
10
0.3070807874015748
20
2.6708031496062992
11
0.307673031496063
21
2.6707448425196851
0
LINE
8
BLACK
6
CONTINUOUS
10
0.3075570866141732
20
2.7326491338582675
11
0.3092124803149606
21
2.7309937401574804
0
LINE
8
BLACK
6
CONTINUOUS
10
0.3092124803149606
20
2.7309937401574804
11
0.3101083858267716
21
2.7288308661417324
0
LINE
8
BLACK
6
CONTINUOUS
10
0.3101083858267716
20
2.7288308661417324
11
0.3102236614173228
21
2.7276603149606298
0
LINE
8
BLACK
6
CONTINUOUS
10
0.3102236614173228
20
2.7276603149606298
11
0.3102236614173228
21
2.7250888582677164
0
LINE
8
BLACK
6
CONTINUOUS
10
0.3102236614173228
20
2.7250888582677164
11
0.3242236614173228
21
2.7250888582677164
0
LINE
8
BLACK
6
CONTINUOUS
10
0.3242236614173228
20
2.7250888582677164
11
0.3253942125984252
21
2.7249735826771655
0
LINE
8
BLACK
6
CONTINUOUS
10
0.3253942125984252
20
2.7249735826771655
11
0.3275570866141732
21
2.7240776771653543
0
LINE
8
BLACK
6
CONTINUOUS
10
0.3275570866141732
20
2.7240776771653543
11
0.3292124803149606
21
2.7224222834645668
0
LINE
8
BLACK
6
CONTINUOUS
10
0.3292124803149606
20
2.7224222834645668
11
0.3301083858267717
21
2.7202594094488188
0
LINE
8
BLACK
6
CONTINUOUS
10
0.3301083858267717
20
2.7202594094488188
11
0.3301083858267717
21
2.717918307086614
0
LINE
8
BLACK
6
CONTINUOUS
10
0.3301083858267717
20
2.717918307086614
11
0.3292124803149606
21
2.715755433070866
0
LINE
8
BLACK
6
CONTINUOUS
10
0.3292124803149606
20
2.715755433070866
11
0.3275570866141732
21
2.7141000393700785
0
LINE
8
BLACK
6
CONTINUOUS
10
0.3275570866141732
20
2.7141000393700785
11
0.3253942125984252
21
2.7132041338582678
0
LINE
8
BLACK
6
CONTINUOUS
10
0.3253942125984252
20
2.7132041338582678
11
0.3242236614173228
21
2.7130888582677164
0
LINE
8
BLACK
6
CONTINUOUS
10
0.3242236614173228
20
2.7130888582677164
11
0.3102236614173228
21
2.7130888582677164
0
LINE
8
BLACK
6
CONTINUOUS
10
0.3102236614173228
20
2.7130888582677164
11
0.3102236614173228
21
2.6905174409448818
0
LINE
8
BLACK
6
CONTINUOUS
10
0.3102236614173228
20
2.6905174409448818
11
0.3101653149606299
21
2.6899251968503934
0
LINE
8
BLACK
6
CONTINUOUS
10
0.3101653149606299
20
2.6899251968503934
11
0.3101765748031496
21
2.6897670078740159
0
LINE
8
BLACK
6
CONTINUOUS
10
0.3101765748031496
20
2.6897670078740159
11
0.3101385039370079
21
2.6896528346456692
0
LINE
8
BLACK
6
CONTINUOUS
10
0.3101385039370079
20
2.6896528346456692
11
0.3101083858267716
21
2.6893468897637796
0
LINE
8
BLACK
6
CONTINUOUS
10
0.3101083858267716
20
2.6893468897637796
11
0.3097404724409449
21
2.6884587007874017
0
LINE
8
BLACK
6
CONTINUOUS
10
0.3097404724409449
20
2.6884587007874017
11
0.3094362598425197
21
2.6875460236220472
0
LINE
8
BLACK
6
CONTINUOUS
10
0.3094362598425197
20
2.6875460236220472
11
0.3092949212598425
21
2.6873831102362202
0
LINE
8
BLACK
6
CONTINUOUS
10
0.3092949212598425
20
2.6873831102362202
11
0.3092124803149606
21
2.6871840157480316
0
LINE
8
BLACK
6
CONTINUOUS
10
0.3092124803149606
20
2.6871840157480316
11
0.3085326377952756
21
2.6865042125984253
0
LINE
8
BLACK
6
CONTINUOUS
10
0.3085326377952756
20
2.6865042125984253
11
0.3079023622047244
21
2.6857774803149606
0
LINE
8
BLACK
6
CONTINUOUS
10
0.3079023622047244
20
2.6857774803149606
11
0.3077095275590551
21
2.6856810629921259
0
LINE
8
BLACK
6
CONTINUOUS
10
0.3077095275590551
20
2.6856810629921259
11
0.3075570866141732
21
2.6855286220472441
0
LINE
8
BLACK
6
CONTINUOUS
10
0.3075570866141732
20
2.6855286220472441
11
0.3066685039370078
21
2.6851605905511811
0
LINE
8
BLACK
6
CONTINUOUS
10
0.3066685039370078
20
2.6851605905511811
11
0.3058084251968504
21
2.6847305118110234
0
LINE
8
BLACK
6
CONTINUOUS
10
0.3058084251968504
20
2.6847305118110234
11
0.3055933858267716
21
2.6847152362204723
0
LINE
8
BLACK
6
CONTINUOUS
10
0.3055933858267716
20
2.6847152362204723
11
0.3053942125984252
21
2.6846327165354329
0
LINE
8
BLACK
6
CONTINUOUS
10
0.3053942125984252
20
2.6846327165354329
11
0.3044325590551181
21
2.6846327165354329
0
LINE
8
BLACK
6
CONTINUOUS
10
0.3044325590551181
20
2.6846327165354329
11
0.3034732283464567
21
2.6845645275590551
0
LINE
8
BLACK
6
CONTINUOUS
10
0.3034732283464567
20
2.6845645275590551
11
0.3031733858267717
21
2.6846327165354329
0
LINE
8
BLACK
6
CONTINUOUS
10
0.3031733858267717
20
2.6846327165354329
11
0.3030531102362204
21
2.6846327165354329
0
LINE
8
BLACK
6
CONTINUOUS
10
0.3030531102362204
20
2.6846327165354329
11
0.3029066929133858
21
2.6846933858267716
0
LINE
8
BLACK
6
CONTINUOUS
10
0.3029066929133858
20
2.6846933858267716
11
0.3023262992125984
21
2.6848253543307088
0
LINE
8
BLACK
6
CONTINUOUS
10
0.3023262992125984
20
2.6848253543307088
11
0.2594691732283465
21
2.699111062992126
0
LINE
8
BLACK
6
CONTINUOUS
10
0.2594691732283465
20
2.699111062992126
11
0.2583951574803149
21
2.6995905511811022
0
LINE
8
BLACK
6
CONTINUOUS
10
0.2583951574803149
20
2.6995905511811022
11
0.2566265748031496
21
2.7011244488188977
0
LINE
8
BLACK
6
CONTINUOUS
10
0.2566265748031496
20
2.7011244488188977
11
0.2555796062992126
21
2.7032183858267715
0
LINE
8
BLACK
6
CONTINUOUS
10
0.2555796062992126
20
2.7032183858267715
11
0.2554136220472441
21
2.7055535826771653
0
LINE
8
BLACK
6
CONTINUOUS
10
0.2554136220472441
20
2.7055535826771653
11
0.256153937007874
21
2.7077745275590552
0
LINE
8
BLACK
6
CONTINUOUS
10
0.256153937007874
20
2.7077745275590552
11
0.2576878346456693
21
2.7095431102362206
0
LINE
8
BLACK
6
CONTINUOUS
10
0.2576878346456693
20
2.7095431102362206
11
0.2597817716535433
21
2.7105900787401573
0
LINE
8
BLACK
6
CONTINUOUS
10
0.2597817716535433
20
2.7105900787401573
11
0.262116968503937
21
2.7107560629921261
0
LINE
8
BLACK
6
CONTINUOUS
10
0.262116968503937
20
2.7107560629921261
11
0.2632638976377953
21
2.7104952362204724
0
LINE
8
BLACK
6
CONTINUOUS
10
0.2632638976377953
20
2.7104952362204724
11
0.2982236614173228
21
2.6988420078740156
0
LINE
8
BLACK
6
CONTINUOUS
10
0.2982236614173228
20
2.6988420078740156
11
0.2982236614173228
21
2.7130888582677164
0
LINE
8
BLACK
6
CONTINUOUS
10
0.2982236614173228
20
2.7130888582677164
11
0.2842236614173228
21
2.7130888582677164
0
LINE
8
BLACK
6
CONTINUOUS
10
0.2842236614173228
20
2.7130888582677164
11
0.2830531102362205
21
2.7132041338582678
0
LINE
8
BLACK
6
CONTINUOUS
10
0.2830531102362205
20
2.7132041338582678
11
0.2808902362204724
21
2.7141000393700785
0
LINE
8
BLACK
6
CONTINUOUS
10
0.2808902362204724
20
2.7141000393700785
11
0.2792348425196851
21
2.715755433070866
0
LINE
8
BLACK
6
CONTINUOUS
10
0.2792348425196851
20
2.715755433070866
11
0.278338937007874
21
2.717918307086614
0
LINE
8
BLACK
6
CONTINUOUS
10
0.278338937007874
20
2.717918307086614
11
0.278338937007874
21
2.7202594094488188
0
LINE
8
BLACK
6
CONTINUOUS
10
0.278338937007874
20
2.7202594094488188
11
0.2792348425196851
21
2.7224222834645668
0
LINE
8
BLACK
6
CONTINUOUS
10
0.2792348425196851
20
2.7224222834645668
11
0.2808902362204724
21
2.7240776771653543
0
LINE
8
BLACK
6
CONTINUOUS
10
0.2808902362204724
20
2.7240776771653543
11
0.2830531102362205
21
2.7249735826771655
0
LINE
8
BLACK
6
CONTINUOUS
10
0.2830531102362205
20
2.7249735826771655
11
0.2842236614173228
21
2.7250888582677164
0
LINE
8
BLACK
6
CONTINUOUS
10
0.2842236614173228
20
2.7250888582677164
11
0.2982236614173228
21
2.7250888582677164
0
LINE
8
BLACK
6
CONTINUOUS
10
0.2982236614173228
20
2.7250888582677164
11
0.2982236614173228
21
2.7276603149606298
0
LINE
8
BLACK
6
CONTINUOUS
10
0.2982236614173228
20
2.7276603149606298
11
0.298338937007874
21
2.7288308661417324
0
LINE
8
BLACK
6
CONTINUOUS
10
0.298338937007874
20
2.7288308661417324
11
0.299234842519685
21
2.7309937401574804
0
LINE
8
BLACK
6
CONTINUOUS
10
0.299234842519685
20
2.7309937401574804
11
0.3008902362204725
21
2.7326491338582675
0
LINE
8
BLACK
6
CONTINUOUS
10
0.3008902362204725
20
2.7326491338582675
11
0.3030531102362204
21
2.7335450393700786
0
LINE
8
BLACK
6
CONTINUOUS
10
0.3030531102362204
20
2.7335450393700786
11
0.3053942125984252
21
2.7335450393700786
0
LINE
8
BLACK
6
CONTINUOUS
10
0.3053942125984252
20
2.7335450393700786
11
0.3075570866141732
21
2.7326491338582675
0
LINE
8
BLACK
6
CONTINUOUS
10
0.9028574015748031
20
2.746793661417323
11
0.9032571653543306
21
2.746793661417323
0
LINE
8
BLACK
6
CONTINUOUS
10
0.9032571653543306
20
2.746793661417323
11
0.9043215748031496
21
2.7463527559055119
0
LINE
8
BLACK
6
CONTINUOUS
10
0.9043215748031496
20
2.7463527559055119
11
0.9051362204724409
21
2.7455381102362204
0
LINE
8
BLACK
6
CONTINUOUS
10
0.9051362204724409
20
2.7455381102362204
11
0.905577125984252
21
2.7444737007874016
0
LINE
8
BLACK
6
CONTINUOUS
10
0.905577125984252
20
2.7444737007874016
11
0.9056338582677165
21
2.7438976377952757
0
LINE
8
BLACK
6
CONTINUOUS
10
0.9056338582677165
20
2.7438976377952757
11
0.9056338582677165
21
2.6257086614173226
0
LINE
8
BLACK
6
CONTINUOUS
10
0.9056338582677165
20
2.6257086614173226
11
0.905577125984252
21
2.6251325984251968
0
LINE
8
BLACK
6
CONTINUOUS
10
0.905577125984252
20
2.6251325984251968
11
0.9051362204724409
21
2.6240681889763779
0
LINE
8
BLACK
6
CONTINUOUS
10
0.9051362204724409
20
2.6240681889763779
11
0.9043215748031496
21
2.6232535433070865
0
LINE
8
BLACK
6
CONTINUOUS
10
0.9043215748031496
20
2.6232535433070865
11
0.9032571653543306
21
2.6228126377952754
0
LINE
8
BLACK
6
CONTINUOUS
10
0.9032571653543306
20
2.6228126377952754
11
0.9028574015748031
21
2.6228126377952754
0
LINE
8
BLACK
6
CONTINUOUS
10
0.9028574015748031
20
2.6228126377952754
11
0.9026811023622047
21
2.6227952755905513
0
LINE
8
BLACK
6
CONTINUOUS
10
0.9026811023622047
20
2.6227952755905513
11
0.8042598425196851
21
2.6227952755905513
0
LINE
8
BLACK
6
CONTINUOUS
10
0.8042598425196851
20
2.6227952755905513
11
0.8040835433070866
21
2.6228126377952754
0
LINE
8
BLACK
6
CONTINUOUS
10
0.8040835433070866
20
2.6228126377952754
11
0.803683779527559
21
2.6228126377952754
0
LINE
8
BLACK
6
CONTINUOUS
10
0.803683779527559
20
2.6228126377952754
11
0.8026193700787402
21
2.6232535433070865
0
LINE
8
BLACK
6
CONTINUOUS
10
0.8026193700787402
20
2.6232535433070865
11
0.8018047244094488
21
2.6240681889763779
0
LINE
8
BLACK
6
CONTINUOUS
10
0.8018047244094488
20
2.6240681889763779
11
0.8013638188976377
21
2.6251325984251968
0
LINE
8
BLACK
6
CONTINUOUS
10
0.8013638188976377
20
2.6251325984251968
11
0.8013070866141732
21
2.6257086614173226
0
LINE
8
BLACK
6
CONTINUOUS
10
0.8013070866141732
20
2.6257086614173226
11
0.8013070866141732
21
2.7438976377952757
0
LINE
8
BLACK
6
CONTINUOUS
10
0.8013070866141732
20
2.7438976377952757
11
0.8013638188976377
21
2.7444737007874016
0
LINE
8
BLACK
6
CONTINUOUS
10
0.8013638188976377
20
2.7444737007874016
11
0.8018047244094488
21
2.7455381102362204
0
LINE
8
BLACK
6
CONTINUOUS
10
0.8018047244094488
20
2.7455381102362204
11
0.8026193700787402
21
2.7463527559055119
0
LINE
8
BLACK
6
CONTINUOUS
10
0.8026193700787402
20
2.7463527559055119
11
0.803683779527559
21
2.746793661417323
0
LINE
8
BLACK
6
CONTINUOUS
10
0.803683779527559
20
2.746793661417323
11
0.8040835433070866
21
2.746793661417323
0
LINE
8
BLACK
6
CONTINUOUS
10
0.8040835433070866
20
2.746793661417323
11
0.8042598425196851
21
2.7468110236220471
0
LINE
8
BLACK
6
CONTINUOUS
10
0.8042598425196851
20
2.7468110236220471
11
0.9026811023622047
21
2.7468110236220471
0
LINE
8
BLACK
6
CONTINUOUS
10
0.9026811023622047
20
2.7468110236220471
11
0.9028574015748031
21
2.746793661417323
0
LINE
8
BLACK
6
CONTINUOUS
10
0.8072125984251969
20
2.7409055118110235
11
0.8072125984251969
21
2.6287007874015749
0
LINE
8
BLACK
6
CONTINUOUS
10
0.8072125984251969
20
2.6287007874015749
11
0.8997283464566929
21
2.6287007874015749
0
LINE
8
BLACK
6
CONTINUOUS
10
0.8997283464566929
20
2.6287007874015749
11
0.8997283464566929
21
2.7409055118110235
0
LINE
8
BLACK
6
CONTINUOUS
10
0.8997283464566929
20
2.7409055118110235
11
0.8072125984251969
21
2.7409055118110235
0
LINE
8
BLACK
6
CONTINUOUS
10
0.307673031496063
20
2.8675952362204722
11
0.3078312204724409
21
2.8676064566929131
0
LINE
8
BLACK
6
CONTINUOUS
10
0.3078312204724409
20
2.8676064566929131
11
0.3080391732283465
21
2.8675591732283463
0
LINE
8
BLACK
6
CONTINUOUS
10
0.3080391732283465
20
2.8675591732283463
11
0.3082513385826772
21
2.8675382677165353
0
LINE
8
BLACK
6
CONTINUOUS
10
0.3082513385826772
20
2.8675382677165353
11
0.3083977165354331
21
2.8674776377952753
0
LINE
8
BLACK
6
CONTINUOUS
10
0.3083977165354331
20
2.8674776377952753
11
0.3089781496062992
21
2.8673456299212599
0
LINE
8
BLACK
6
CONTINUOUS
10
0.3089781496062992
20
2.8673456299212599
11
0.3175496062992126
21
2.8644885039370078
0
LINE
8
BLACK
6
CONTINUOUS
10
0.3175496062992126
20
2.8644885039370078
11
0.3186236614173228
21
2.8640090157480316
0
LINE
8
BLACK
6
CONTINUOUS
10
0.3186236614173228
20
2.8640090157480316
11
0.3187865748031496
21
2.8638677165354331
0
LINE
8
BLACK
6
CONTINUOUS
10
0.3187865748031496
20
2.8638677165354331
11
0.3189856692913386
21
2.8637852362204725
0
LINE
8
BLACK
6
CONTINUOUS
10
0.3189856692913386
20
2.8637852362204725
11
0.3198948818897638
21
2.8630390551181102
0
LINE
8
BLACK
6
CONTINUOUS
10
0.3198948818897638
20
2.8630390551181102
11
0.3256091732283464
21
2.8573247637795274
0
LINE
8
BLACK
6
CONTINUOUS
10
0.3256091732283464
20
2.8573247637795274
11
0.3263553543307087
21
2.8564155511811022
0
LINE
8
BLACK
6
CONTINUOUS
10
0.3263553543307087
20
2.8564155511811022
11
0.3264378346456693
21
2.8562164173228344
0
LINE
8
BLACK
6
CONTINUOUS
10
0.3264378346456693
20
2.8562164173228344
11
0.3265791338582677
21
2.8560535039370079
0
LINE
8
BLACK
6
CONTINUOUS
10
0.3265791338582677
20
2.8560535039370079
11
0.3270586220472441
21
2.8549794881889765
0
LINE
8
BLACK
6
CONTINUOUS
10
0.3270586220472441
20
2.8549794881889765
11
0.3299157874015748
21
2.8464080708661417
0
LINE
8
BLACK
6
CONTINUOUS
10
0.3299157874015748
20
2.8464080708661417
11
0.3300477559055118
21
2.8458275984251968
0
LINE
8
BLACK
6
CONTINUOUS
10
0.3300477559055118
20
2.8458275984251968
11
0.3301083858267717
21
2.8456812598425194
0
LINE
8
BLACK
6
CONTINUOUS
10
0.3301083858267717
20
2.8456812598425194
11
0.330129251968504
21
2.8454691338582676
0
LINE
8
BLACK
6
CONTINUOUS
10
0.330129251968504
20
2.8454691338582676
11
0.3301765748031496
21
2.8452611023622048
0
LINE
8
BLACK
6
CONTINUOUS
10
0.3301765748031496
20
2.8452611023622048
11
0.3301653149606299
21
2.8451029921259843
0
LINE
8
BLACK
6
CONTINUOUS
10
0.3301653149606299
20
2.8451029921259843
11
0.3302236614173228
21
2.8445107086614172
0
LINE
8
BLACK
6
CONTINUOUS
10
0.3302236614173228
20
2.8445107086614172
11
0.3302236614173228
21
2.8387964173228344
0
LINE
8
BLACK
6
CONTINUOUS
10
0.3302236614173228
20
2.8387964173228344
11
0.3301083858267717
21
2.8376258661417322
0
LINE
8
BLACK
6
CONTINUOUS
10
0.3301083858267717
20
2.8376258661417322
11
0.3292124803149606
21
2.8354629921259842
0
LINE
8
BLACK
6
CONTINUOUS
10
0.3292124803149606
20
2.8354629921259842
11
0.3275570866141732
21
2.8338075984251967
0
LINE
8
BLACK
6
CONTINUOUS
10
0.3275570866141732
20
2.8338075984251967
11
0.3253942125984252
21
2.832911692913386
0
LINE
8
BLACK
6
CONTINUOUS
10
0.3253942125984252
20
2.832911692913386
11
0.3230531102362205
21
2.832911692913386
0
LINE
8
BLACK
6
CONTINUOUS
10
0.3230531102362205
20
2.832911692913386
11
0.3208902362204724
21
2.8338075984251967
0
LINE
8
BLACK
6
CONTINUOUS
10
0.3208902362204724
20
2.8338075984251967
11
0.319234842519685
21
2.8354629921259842
0
LINE
8
BLACK
6
CONTINUOUS
10
0.319234842519685
20
2.8354629921259842
11
0.318338937007874
21
2.8376258661417322
0
LINE
8
BLACK
6
CONTINUOUS
10
0.318338937007874
20
2.8376258661417322
11
0.3182236614173228
21
2.8387964173228344
0
LINE
8
BLACK
6
CONTINUOUS
10
0.3182236614173228
20
2.8387964173228344
11
0.3182236614173228
21
2.8435371259842519
0
LINE
8
BLACK
6
CONTINUOUS
10
0.3182236614173228
20
2.8435371259842519
11
0.3161223228346456
21
2.8498410629921258
0
LINE
8
BLACK
6
CONTINUOUS
10
0.3161223228346456
20
2.8498410629921258
11
0.3124111811023622
21
2.8535522047244095
0
LINE
8
BLACK
6
CONTINUOUS
10
0.3124111811023622
20
2.8535522047244095
11
0.3061071653543307
21
2.8556535433070867
0
LINE
8
BLACK
6
CONTINUOUS
10
0.3061071653543307
20
2.8556535433070867
11
0.2642236614173228
21
2.8556535433070867
0
LINE
8
BLACK
6
CONTINUOUS
10
0.2642236614173228
20
2.8556535433070867
11
0.2630531102362205
21
2.8557688188976376
0
LINE
8
BLACK
6
CONTINUOUS
10
0.2630531102362205
20
2.8557688188976376
11
0.2608902362204724
21
2.8566647244094487
0
LINE
8
BLACK
6
CONTINUOUS
10
0.2608902362204724
20
2.8566647244094487
11
0.259234842519685
21
2.8583201181102362
0
LINE
8
BLACK
6
CONTINUOUS
10
0.259234842519685
20
2.8583201181102362
11
0.258338937007874
21
2.8604829921259842
0
LINE
8
BLACK
6
CONTINUOUS
10
0.258338937007874
20
2.8604829921259842
11
0.258338937007874
21
2.8628240944881891
0
LINE
8
BLACK
6
CONTINUOUS
10
0.258338937007874
20
2.8628240944881891
11
0.259234842519685
21
2.8649869685039371
0
LINE
8
BLACK
6
CONTINUOUS
10
0.259234842519685
20
2.8649869685039371
11
0.2608902362204724
21
2.8666423622047241
0
LINE
8
BLACK
6
CONTINUOUS
10
0.2608902362204724
20
2.8666423622047241
11
0.2630531102362205
21
2.8675382677165353
0
LINE
8
BLACK
6
CONTINUOUS
10
0.2630531102362205
20
2.8675382677165353
11
0.2642236614173228
21
2.8676535433070867
0
LINE
8
BLACK
6
CONTINUOUS
10
0.2642236614173228
20
2.8676535433070867
11
0.3070807874015748
21
2.8676535433070867
0
LINE
8
BLACK
6
CONTINUOUS
10
0.3070807874015748
20
2.8676535433070867
11
0.307673031496063
21
2.8675952362204722
0
LINE
8
BLACK
6
CONTINUOUS
10
0.3139656299212598
20
2.9275382677165354
11
0.314164842519685
21
2.927455748031496
0
LINE
8
BLACK
6
CONTINUOUS
10
0.314164842519685
20
2.927455748031496
11
0.3143798031496063
21
2.9274404724409449
0
LINE
8
BLACK
6
CONTINUOUS
10
0.3143798031496063
20
2.9274404724409449
11
0.3154783464566929
21
2.927020118110236
0
LINE
8
BLACK
6
CONTINUOUS
10
0.3154783464566929
20
2.927020118110236
11
0.3211926377952756
21
2.9241629921259844
0
LINE
8
BLACK
6
CONTINUOUS
10
0.3211926377952756
20
2.9241629921259844
11
0.3216963779527559
21
2.9238459055118109
0
LINE
8
BLACK
6
CONTINUOUS
10
0.3216963779527559
20
2.9238459055118109
11
0.3218427952755906
21
2.9237852362204726
0
LINE
8
BLACK
6
CONTINUOUS
10
0.3218427952755906
20
2.9237852362204726
11
0.3220075984251968
21
2.9236499999999999
0
LINE
8
BLACK
6
CONTINUOUS
10
0.3220075984251968
20
2.9236499999999999
11
0.3221880708661417
21
2.9235363779527557
0
LINE
8
BLACK
6
CONTINUOUS
10
0.3221880708661417
20
2.9235363779527557
11
0.3222918897637795
21
2.9234166929133858
0
LINE
8
BLACK
6
CONTINUOUS
10
0.3222918897637795
20
2.9234166929133858
11
0.3227520078740158
21
2.9230390551181102
0
LINE
8
BLACK
6
CONTINUOUS
10
0.3227520078740158
20
2.9230390551181102
11
0.3256091732283464
21
2.9201818897637795
0
LINE
8
BLACK
6
CONTINUOUS
10
0.3256091732283464
20
2.9201818897637795
11
0.3259867716535433
21
2.919721811023622
0
LINE
8
BLACK
6
CONTINUOUS
10
0.3259867716535433
20
2.919721811023622
11
0.3261064960629921
21
2.9196179527559054
0
LINE
8
BLACK
6
CONTINUOUS
10
0.3261064960629921
20
2.9196179527559054
11
0.3262200787401575
21
2.9194375196850393
0
LINE
8
BLACK
6
CONTINUOUS
10
0.3262200787401575
20
2.9194375196850393
11
0.3263553543307087
21
2.9192726771653543
0
LINE
8
BLACK
6
CONTINUOUS
10
0.3263553543307087
20
2.9192726771653543
11
0.3264159842519685
21
2.9191262992125981
0
LINE
8
BLACK
6
CONTINUOUS
10
0.3264159842519685
20
2.9191262992125981
11
0.3267331102362205
21
2.9186225196850395
0
LINE
8
BLACK
6
CONTINUOUS
10
0.3267331102362205
20
2.9186225196850395
11
0.3295902362204725
21
2.9129082677165354
0
LINE
8
BLACK
6
CONTINUOUS
10
0.3295902362204725
20
2.9129082677165354
11
0.3300106299212598
21
2.9118097637795275
0
LINE
8
BLACK
6
CONTINUOUS
10
0.3300106299212598
20
2.9118097637795275
11
0.330025905511811
21
2.9115946850393701
0
LINE
8
BLACK
6
CONTINUOUS
10
0.330025905511811
20
2.9115946850393701
11
0.3301083858267717
21
2.9113955511811023
0
LINE
8
BLACK
6
CONTINUOUS
10
0.3301083858267717
20
2.9113955511811023
11
0.3302236614173228
21
2.9102250000000001
0
LINE
8
BLACK
6
CONTINUOUS
10
0.3302236614173228
20
2.9102250000000001
11
0.3302236614173228
21
2.8930821259842521
0
LINE
8
BLACK
6
CONTINUOUS
10
0.3302236614173228
20
2.8930821259842521
11
0.3301083858267717
21
2.8919115748031494
0
LINE
8
BLACK
6
CONTINUOUS
10
0.3301083858267717
20
2.8919115748031494
11
0.330025905511811
21
2.8917124803149608
0
LINE
8
BLACK
6
CONTINUOUS
10
0.330025905511811
20
2.8917124803149608
11
0.3300106299212598
21
2.891497401574803
0
LINE
8
BLACK
6
CONTINUOUS
10
0.3300106299212598
20
2.891497401574803
11
0.3295902362204725
21
2.8903988582677163
0
LINE
8
BLACK
6
CONTINUOUS
10
0.3295902362204725
20
2.8903988582677163
11
0.3267331102362205
21
2.8846845669291339
0
LINE
8
BLACK
6
CONTINUOUS
10
0.3267331102362205
20
2.8846845669291339
11
0.3264159842519685
21
2.8841807874015748
0
LINE
8
BLACK
6
CONTINUOUS
10
0.3264159842519685
20
2.8841807874015748
11
0.3263553543307087
21
2.8840343700787403
0
LINE
8
BLACK
6
CONTINUOUS
10
0.3263553543307087
20
2.8840343700787403
11
0.3262201181102362
21
2.8838696062992124
0
LINE
8
BLACK
6
CONTINUOUS
10
0.3262201181102362
20
2.8838696062992124
11
0.3261065354330708
21
2.8836891338582675
0
LINE
8
BLACK
6
CONTINUOUS
10
0.3261065354330708
20
2.8836891338582675
11
0.3259867716535433
21
2.8835853149606296
0
LINE
8
BLACK
6
CONTINUOUS
10
0.3259867716535433
20
2.8835853149606296
11
0.3256091732283464
21
2.8831251574803147
0
LINE
8
BLACK
6
CONTINUOUS
10
0.3256091732283464
20
2.8831251574803147
11
0.322751968503937
21
2.8802680314960631
0
LINE
8
BLACK
6
CONTINUOUS
10
0.322751968503937
20
2.8802680314960631
11
0.3218427559055118
21
2.8795218503937008
0
LINE
8
BLACK
6
CONTINUOUS
10
0.3218427559055118
20
2.8795218503937008
11
0.3196798818897638
21
2.8786259842519684
0
LINE
8
BLACK
6
CONTINUOUS
10
0.3196798818897638
20
2.8786259842519684
11
0.3173387795275591
21
2.8786259842519684
0
LINE
8
BLACK
6
CONTINUOUS
10
0.3173387795275591
20
2.8786259842519684
11
0.315175905511811
21
2.8795218897637795
0
LINE
8
BLACK
6
CONTINUOUS
10
0.315175905511811
20
2.8795218897637795
11
0.3135205118110236
21
2.8811773228346458
0
LINE
8
BLACK
6
CONTINUOUS
10
0.3135205118110236
20
2.8811773228346458
11
0.3126246456692913
21
2.8833401968503938
0
LINE
8
BLACK
6
CONTINUOUS
10
0.3126246456692913
20
2.8833401968503938
11
0.3126246456692913
21
2.8856812992125982
0
LINE
8
BLACK
6
CONTINUOUS
10
0.3126246456692913
20
2.8856812992125982
11
0.3135205511811023
21
2.8878441732283462
0
LINE
8
BLACK
6
CONTINUOUS
10
0.3135205511811023
20
2.8878441732283462
11
0.3142667716535433
21
2.8887533858267718
0
LINE
8
BLACK
6
CONTINUOUS
10
0.3142667716535433
20
2.8887533858267718
11
0.3164353937007874
21
2.8909220078740159
0
LINE
8
BLACK
6
CONTINUOUS
10
0.3164353937007874
20
2.8909220078740159
11
0.3182236614173228
21
2.8944985433070864
0
LINE
8
BLACK
6
CONTINUOUS
10
0.3182236614173228
20
2.8944985433070864
11
0.3182236614173228
21
2.9088085826771652
0
LINE
8
BLACK
6
CONTINUOUS
10
0.3182236614173228
20
2.9088085826771652
11
0.3164353543307086
21
2.912385157480315
0
LINE
8
BLACK
6
CONTINUOUS
10
0.3164353543307086
20
2.912385157480315
11
0.3149552362204724
21
2.9138652755905512
0
LINE
8
BLACK
6
CONTINUOUS
10
0.3149552362204724
20
2.9138652755905512
11
0.3113786614173228
21
2.9156535433070867
0
LINE
8
BLACK
6
CONTINUOUS
10
0.3113786614173228
20
2.9156535433070867
11
0.2999257874015748
21
2.9156535433070867
0
LINE
8
BLACK
6
CONTINUOUS
10
0.2999257874015748
20
2.9156535433070867
11
0.2963492125984252
21
2.9138653149606299
0
LINE
8
BLACK
6
CONTINUOUS
10
0.2963492125984252
20
2.9138653149606299
11
0.2948690157480315
21
2.9123851181102363
0
LINE
8
BLACK
6
CONTINUOUS
10
0.2948690157480315
20
2.9123851181102363
11
0.2930807874015748
21
2.908808622047244
0
LINE
8
BLACK
6
CONTINUOUS
10
0.2930807874015748
20
2.908808622047244
11
0.2930807874015748
21
2.9016535433070865
0
LINE
8
BLACK
6
CONTINUOUS
10
0.2930807874015748
20
2.9016535433070865
11
0.2930198031496063
21
2.9010346850393702
0
LINE
8
BLACK
6
CONTINUOUS
10
0.2930198031496063
20
2.9010346850393702
11
0.2930303543307087
21
2.9008770078740156
0
LINE
8
BLACK
6
CONTINUOUS
10
0.2930303543307087
20
2.9008770078740156
11
0.2929935826771654
21
2.9007683858267717
0
LINE
8
BLACK
6
CONTINUOUS
10
0.2929935826771654
20
2.9007683858267717
11
0.2929655118110236
21
2.9004829921259843
0
LINE
8
BLACK
6
CONTINUOUS
10
0.2929655118110236
20
2.9004829921259843
11
0.2925926377952756
21
2.8995829133858266
0
LINE
8
BLACK
6
CONTINUOUS
10
0.2925926377952756
20
2.8995829133858266
11
0.2922803149606299
21
2.8986593307086612
0
LINE
8
BLACK
6
CONTINUOUS
10
0.2922803149606299
20
2.8986593307086612
11
0.2921470078740158
21
2.8985070078740156
0
LINE
8
BLACK
6
CONTINUOUS
10
0.2921470078740158
20
2.8985070078740156
11
0.2920696062992126
21
2.8983201181102363
0
LINE
8
BLACK
6
CONTINUOUS
10
0.2920696062992126
20
2.8983201181102363
11
0.2913807874015748
21
2.8976313385826771
0
LINE
8
BLACK
6
CONTINUOUS
10
0.2913807874015748
20
2.8976313385826771
11
0.2907387007874015
21
2.8968974803149607
0
LINE
8
BLACK
6
CONTINUOUS
10
0.2907387007874015
20
2.8968974803149607
11
0.2905572047244094
21
2.8968077559055119
0
LINE
8
BLACK
6
CONTINUOUS
10
0.2905572047244094
20
2.8968077559055119
11
0.2904142125984252
21
2.8966647244094488
0
LINE
8
BLACK
6
CONTINUOUS
10
0.2904142125984252
20
2.8966647244094488
11
0.2895139763779527
21
2.8962918503937005
0
LINE
8
BLACK
6
CONTINUOUS
10
0.2895139763779527
20
2.8962918503937005
11
0.2886401968503937
21
2.8958597244094486
0
LINE
8
BLACK
6
CONTINUOUS
10
0.2886401968503937
20
2.8958597244094486
11
0.2884382677165354
21
2.8958462992125984
0
LINE
8
BLACK
6
CONTINUOUS
10
0.2884382677165354
20
2.8958462992125984
11
0.2882513385826772
21
2.8957688188976376
0
LINE
8
BLACK
6
CONTINUOUS
10
0.2882513385826772
20
2.8957688188976376
11
0.287276811023622
21
2.8957688188976376
0
LINE
8
BLACK
6
CONTINUOUS
10
0.287276811023622
20
2.8957688188976376
11
0.2863042913385827
21
2.8957039763779528
0
LINE
8
BLACK
6
CONTINUOUS
10
0.2863042913385827
20
2.8957039763779528
11
0.2861125590551181
21
2.8957688188976376
0
LINE
8
BLACK
6
CONTINUOUS
10
0.2861125590551181
20
2.8957688188976376
11
0.2859102362204725
21
2.8957688188976376
0
LINE
8
BLACK
6
CONTINUOUS
10
0.2859102362204725
20
2.8957688188976376
11
0.2850099212598425
21
2.8961417716535434
0
LINE
8
BLACK
6
CONTINUOUS
10
0.2850099212598425
20
2.8961417716535434
11
0.2840866141732283
21
2.8964540157480316
0
LINE
8
BLACK
6
CONTINUOUS
10
0.2840866141732283
20
2.8964540157480316
11
0.283853188976378
21
2.8966209055118108
0
LINE
8
BLACK
6
CONTINUOUS
10
0.283853188976378
20
2.8966209055118108
11
0.2837473622047244
21
2.8966647244094488
0
LINE
8
BLACK
6
CONTINUOUS
10
0.2837473622047244
20
2.8966647244094488
11
0.2836357086614173
21
2.8967763779527558
0
LINE
8
BLACK
6
CONTINUOUS
10
0.2836357086614173
20
2.8967763779527558
11
0.2831297637795275
21
2.8971380708661418
0
LINE
8
BLACK
6
CONTINUOUS
10
0.2831297637795275
20
2.8971380708661418
11
0.2702236614173228
21
2.9084309448818897
0
LINE
8
BLACK
6
CONTINUOUS
10
0.2702236614173228
20
2.9084309448818897
11
0.2702236614173228
21
2.8845107086614172
0
LINE
8
BLACK
6
CONTINUOUS
10
0.2702236614173228
20
2.8845107086614172
11
0.2701083858267717
21
2.883340157480315
0
LINE
8
BLACK
6
CONTINUOUS
10
0.2701083858267717
20
2.883340157480315
11
0.2692124803149606
21
2.881177283464567
0
LINE
8
BLACK
6
CONTINUOUS
10
0.2692124803149606
20
2.881177283464567
11
0.2675570866141732
21
2.8795218897637795
0
LINE
8
BLACK
6
CONTINUOUS
10
0.2675570866141732
20
2.8795218897637795
11
0.2653942125984252
21
2.8786259842519684
0
LINE
8
BLACK
6
CONTINUOUS
10
0.2653942125984252
20
2.8786259842519684
11
0.2630531102362205
21
2.8786259842519684
0
LINE
8
BLACK
6
CONTINUOUS
10
0.2630531102362205
20
2.8786259842519684
11
0.2608902362204724
21
2.8795218897637795
0
LINE
8
BLACK
6
CONTINUOUS
10
0.2608902362204724
20
2.8795218897637795
11
0.259234842519685
21
2.881177283464567
0
LINE
8
BLACK
6
CONTINUOUS
10
0.259234842519685
20
2.881177283464567
11
0.258338937007874
21
2.883340157480315
0
LINE
8
BLACK
6
CONTINUOUS
10
0.258338937007874
20
2.883340157480315
11
0.2582236614173228
21
2.8845107086614172
0
LINE
8
BLACK
6
CONTINUOUS
10
0.2582236614173228
20
2.8845107086614172
11
0.2582236614173228
21
2.9216535433070865
0
LINE
8
BLACK
6
CONTINUOUS
10
0.2582236614173228
20
2.9216535433070865
11
0.2582846062992126
21
2.9222726377952757
0
LINE
8
BLACK
6
CONTINUOUS
10
0.2582846062992126
20
2.9222726377952757
11
0.2582741338582677
21
2.9224300393700786
0
LINE
8
BLACK
6
CONTINUOUS
10
0.2582741338582677
20
2.9224300393700786
11
0.2583107874015748
21
2.922538503937008
0
LINE
8
BLACK
6
CONTINUOUS
10
0.2583107874015748
20
2.922538503937008
11
0.258338937007874
21
2.9228240944881887
0
LINE
8
BLACK
6
CONTINUOUS
10
0.258338937007874
20
2.9228240944881887
11
0.2587119291338583
21
2.9237246062992126
0
LINE
8
BLACK
6
CONTINUOUS
10
0.2587119291338583
20
2.9237246062992126
11
0.2590241338582677
21
2.924647716535433
0
LINE
8
BLACK
6
CONTINUOUS
10
0.2590241338582677
20
2.924647716535433
11
0.2591574015748032
21
2.9248000393700786
0
LINE
8
BLACK
6
CONTINUOUS
10
0.2591574015748032
20
2.9248000393700786
11
0.259234842519685
21
2.9249869685039371
0
LINE
8
BLACK
6
CONTINUOUS
10
0.259234842519685
20
2.9249869685039371
11
0.259923937007874
21
2.9256760629921259
0
LINE
8
BLACK
6
CONTINUOUS
10
0.259923937007874
20
2.9256760629921259
11
0.2605657874015748
21
2.9264096062992127
0
LINE
8
BLACK
6
CONTINUOUS
10
0.2605657874015748
20
2.9264096062992127
11
0.2607471653543307
21
2.9264993307086615
0
LINE
8
BLACK
6
CONTINUOUS
10
0.2607471653543307
20
2.9264993307086615
11
0.2608902362204724
21
2.9266423622047242
0
LINE
8
BLACK
6
CONTINUOUS
10
0.2608902362204724
20
2.9266423622047242
11
0.2617905511811023
21
2.9270153149606299
0
LINE
8
BLACK
6
CONTINUOUS
10
0.2617905511811023
20
2.9270153149606299
11
0.2626642519685039
21
2.9274473622047243
0
LINE
8
BLACK
6
CONTINUOUS
10
0.2626642519685039
20
2.9274473622047243
11
0.2628661023622047
21
2.9274608267716533
0
LINE
8
BLACK
6
CONTINUOUS
10
0.2628661023622047
20
2.9274608267716533
11
0.2630531102362205
21
2.9275382677165354
0
LINE
8
BLACK
6
CONTINUOUS
10
0.2630531102362205
20
2.9275382677165354
11
0.2640279921259843
21
2.9275382677165354
0
LINE
8
BLACK
6
CONTINUOUS
10
0.2640279921259843
20
2.9275382677165354
11
0.265000157480315
21
2.9276030708661418
0
LINE
8
BLACK
6
CONTINUOUS
10
0.265000157480315
20
2.9276030708661418
11
0.2651917716535433
21
2.9275382677165354
0
LINE
8
BLACK
6
CONTINUOUS
10
0.2651917716535433
20
2.9275382677165354
11
0.2653942125984252
21
2.9275382677165354
0
LINE
8
BLACK
6
CONTINUOUS
10
0.2653942125984252
20
2.9275382677165354
11
0.2662946850393701
21
2.9271652755905513
0
LINE
8
BLACK
6
CONTINUOUS
10
0.2662946850393701
20
2.9271652755905513
11
0.2672178346456693
21
2.9268530708661418
0
LINE
8
BLACK
6
CONTINUOUS
10
0.2672178346456693
20
2.9268530708661418
11
0.267451220472441
21
2.9266862204724409
0
LINE
8
BLACK
6
CONTINUOUS
10
0.267451220472441
20
2.9266862204724409
11
0.2675570866141732
21
2.9266423622047242
0
LINE
8
BLACK
6
CONTINUOUS
10
0.2675570866141732
20
2.9266423622047242
11
0.2676687007874016
21
2.9265307480314959
0
LINE
8
BLACK
6
CONTINUOUS
10
0.2676687007874016
20
2.9265307480314959
11
0.2681746850393701
21
2.9261690157480316
0
LINE
8
BLACK
6
CONTINUOUS
10
0.2681746850393701
20
2.9261690157480316
11
0.282205905511811
21
2.913891653543307
0
LINE
8
BLACK
6
CONTINUOUS
10
0.282205905511811
20
2.913891653543307
11
0.2845714173228346
21
2.9186225590551182
0
LINE
8
BLACK
6
CONTINUOUS
10
0.2845714173228346
20
2.9186225590551182
11
0.2848884251968504
21
2.9191262598425198
0
LINE
8
BLACK
6
CONTINUOUS
10
0.2848884251968504
20
2.9191262598425198
11
0.2849490944881889
21
2.9192726377952756
0
LINE
8
BLACK
6
CONTINUOUS
10
0.2849490944881889
20
2.9192726377952756
11
0.2850843307086614
21
2.9194374409448818
0
LINE
8
BLACK
6
CONTINUOUS
10
0.2850843307086614
20
2.9194374409448818
11
0.2851979921259842
21
2.9196179921259842
0
LINE
8
BLACK
6
CONTINUOUS
10
0.2851979921259842
20
2.9196179921259842
11
0.2853177559055118
21
2.9197218897637796
0
LINE
8
BLACK
6
CONTINUOUS
10
0.2853177559055118
20
2.9197218897637796
11
0.2856952755905512
21
2.9201818503937007
0
LINE
8
BLACK
6
CONTINUOUS
10
0.2856952755905512
20
2.9201818503937007
11
0.2885524015748032
21
2.9230390551181102
0
LINE
8
BLACK
6
CONTINUOUS
10
0.2885524015748032
20
2.9230390551181102
11
0.2890125196850394
21
2.9234166929133858
0
LINE
8
BLACK
6
CONTINUOUS
10
0.2890125196850394
20
2.9234166929133858
11
0.2891163779527559
21
2.9235364173228344
0
LINE
8
BLACK
6
CONTINUOUS
10
0.2891163779527559
20
2.9235364173228344
11
0.289296811023622
21
2.9236500393700786
0
LINE
8
BLACK
6
CONTINUOUS
10
0.289296811023622
20
2.9236500393700786
11
0.2894616141732284
21
2.9237852362204726
0
LINE
8
BLACK
6
CONTINUOUS
10
0.2894616141732284
20
2.9237852362204726
11
0.2896079921259843
21
2.9238459055118109
0
LINE
8
BLACK
6
CONTINUOUS
10
0.2896079921259843
20
2.9238459055118109
11
0.290111811023622
21
2.9241629921259844
0
LINE
8
BLACK
6
CONTINUOUS
10
0.290111811023622
20
2.9241629921259844
11
0.2958261023622047
21
2.927020118110236
0
LINE
8
BLACK
6
CONTINUOUS
10
0.2958261023622047
20
2.927020118110236
11
0.2969246456692913
21
2.9274405118110236
0
LINE
8
BLACK
6
CONTINUOUS
10
0.2969246456692913
20
2.9274405118110236
11
0.29713968503937
21
2.9274558267716535
0
LINE
8
BLACK
6
CONTINUOUS
10
0.29713968503937
20
2.9274558267716535
11
0.2973388188976378
21
2.9275382677165354
0
LINE
8
BLACK
6
CONTINUOUS
10
0.2973388188976378
20
2.9275382677165354
11
0.2985093700787402
21
2.9276535433070867
0
LINE
8
BLACK
6
CONTINUOUS
10
0.2985093700787402
20
2.9276535433070867
11
0.3127950787401575
21
2.9276535433070867
0
LINE
8
BLACK
6
CONTINUOUS
10
0.3127950787401575
20
2.9276535433070867
11
0.3139656299212598
21
2.9275382677165354
0
LINE
8
BLACK
6
CONTINUOUS
10
0.9028574015748031
20
2.94364405511811
11
0.9032571653543306
21
2.94364405511811
0
LINE
8
BLACK
6
CONTINUOUS
10
0.9032571653543306
20
2.94364405511811
11
0.9043215748031496
21
2.9432031496062994
0
LINE
8
BLACK
6
CONTINUOUS
10
0.9043215748031496
20
2.9432031496062994
11
0.9051362204724409
21
2.9423885039370079
0
LINE
8
BLACK
6
CONTINUOUS
10
0.9051362204724409
20
2.9423885039370079
11
0.905577125984252
21
2.9413240944881891
0
LINE
8
BLACK
6
CONTINUOUS
10
0.905577125984252
20
2.9413240944881891
11
0.9056338582677165
21
2.9407480314960628
0
LINE
8
BLACK
6
CONTINUOUS
10
0.9056338582677165
20
2.9407480314960628
11
0.9056338582677165
21
2.8225590551181101
0
LINE
8
BLACK
6
CONTINUOUS
10
0.9056338582677165
20
2.8225590551181101
11
0.905577125984252
21
2.8219829921259842
0
LINE
8
BLACK
6
CONTINUOUS
10
0.905577125984252
20
2.8219829921259842
11
0.9051362204724409
21
2.8209185826771654
0
LINE
8
BLACK
6
CONTINUOUS
10
0.9051362204724409
20
2.8209185826771654
11
0.9043215748031496
21
2.820103937007874
0
LINE
8
BLACK
6
CONTINUOUS
10
0.9043215748031496
20
2.820103937007874
11
0.9032571653543306
21
2.8196630314960629
0
LINE
8
BLACK
6
CONTINUOUS
10
0.9032571653543306
20
2.8196630314960629
11
0.9028574015748031
21
2.8196630314960629
0
LINE
8
BLACK
6
CONTINUOUS
10
0.9028574015748031
20
2.8196630314960629
11
0.9026811023622047
21
2.8196456692913383
0
LINE
8
BLACK
6
CONTINUOUS
10
0.9026811023622047
20
2.8196456692913383
11
0.8042598425196851
21
2.8196456692913383
0
LINE
8
BLACK
6
CONTINUOUS
10
0.8042598425196851
20
2.8196456692913383
11
0.8040835433070866
21
2.8196630314960629
0
LINE
8
BLACK
6
CONTINUOUS
10
0.8040835433070866
20
2.8196630314960629
11
0.803683779527559
21
2.8196630314960629
0
LINE
8
BLACK
6
CONTINUOUS
10
0.803683779527559
20
2.8196630314960629
11
0.8026193700787402
21
2.820103937007874
0
LINE
8
BLACK
6
CONTINUOUS
10
0.8026193700787402
20
2.820103937007874
11
0.8018047244094488
21
2.8209185826771654
0
LINE
8
BLACK
6
CONTINUOUS
10
0.8018047244094488
20
2.8209185826771654
11
0.8013638188976377
21
2.8219829921259842
0
LINE
8
BLACK
6
CONTINUOUS
10
0.8013638188976377
20
2.8219829921259842
11
0.8013070866141732
21
2.8225590551181101
0
LINE
8
BLACK
6
CONTINUOUS
10
0.8013070866141732
20
2.8225590551181101
11
0.8013070866141732
21
2.9407480314960628
0
LINE
8
BLACK
6
CONTINUOUS
10
0.8013070866141732
20
2.9407480314960628
11
0.8013638188976377
21
2.9413240944881891
0
LINE
8
BLACK
6
CONTINUOUS
10
0.8013638188976377
20
2.9413240944881891
11
0.8018047244094488
21
2.9423885039370079
0
LINE
8
BLACK
6
CONTINUOUS
10
0.8018047244094488
20
2.9423885039370079
11
0.8026193700787402
21
2.9432031496062994
0
LINE
8
BLACK
6
CONTINUOUS
10
0.8026193700787402
20
2.9432031496062994
11
0.803683779527559
21
2.94364405511811
0
LINE
8
BLACK
6
CONTINUOUS
10
0.803683779527559
20
2.94364405511811
11
0.8040835433070866
21
2.94364405511811
0
LINE
8
BLACK
6
CONTINUOUS
10
0.8040835433070866
20
2.94364405511811
11
0.8042598425196851
21
2.9436614173228346
0
LINE
8
BLACK
6
CONTINUOUS
10
0.8042598425196851
20
2.9436614173228346
11
0.9026811023622047
21
2.9436614173228346
0
LINE
8
BLACK
6
CONTINUOUS
10
0.9026811023622047
20
2.9436614173228346
11
0.9028574015748031
21
2.94364405511811
0
LINE
8
BLACK
6
CONTINUOUS
10
0.8072125984251969
20
2.937755905511811
11
0.8072125984251969
21
2.8255511811023619
0
LINE
8
BLACK
6
CONTINUOUS
10
0.8072125984251969
20
2.8255511811023619
11
0.8997283464566929
21
2.8255511811023619
0
LINE
8
BLACK
6
CONTINUOUS
10
0.8997283464566929
20
2.8255511811023619
11
0.8997283464566929
21
2.937755905511811
0
LINE
8
BLACK
6
CONTINUOUS
10
0.8997283464566929
20
2.937755905511811
11
0.8072125984251969
21
2.937755905511811
0
LINE
8
BLACK
6
CONTINUOUS
10
0.307673031496063
20
3.0644456299212597
11
0.3078312204724409
21
3.0644568503937006
0
LINE
8
BLACK
6
CONTINUOUS
10
0.3078312204724409
20
3.0644568503937006
11
0.3080391732283465
21
3.0644095669291338
0
LINE
8
BLACK
6
CONTINUOUS
10
0.3080391732283465
20
3.0644095669291338
11
0.3082513385826772
21
3.0643886614173228
0
LINE
8
BLACK
6
CONTINUOUS
10
0.3082513385826772
20
3.0643886614173228
11
0.3083977165354331
21
3.0643280314960628
0
LINE
8
BLACK
6
CONTINUOUS
10
0.3083977165354331
20
3.0643280314960628
11
0.3089781496062992
21
3.0641960236220473
0
LINE
8
BLACK
6
CONTINUOUS
10
0.3089781496062992
20
3.0641960236220473
11
0.3175496062992126
21
3.0613388976377953
0
LINE
8
BLACK
6
CONTINUOUS
10
0.3175496062992126
20
3.0613388976377953
11
0.3186236614173228
21
3.0608594094488186
0
LINE
8
BLACK
6
CONTINUOUS
10
0.3186236614173228
20
3.0608594094488186
11
0.3187865748031496
21
3.0607181102362202
0
LINE
8
BLACK
6
CONTINUOUS
10
0.3187865748031496
20
3.0607181102362202
11
0.3189856692913386
21
3.0606356299212596
0
LINE
8
BLACK
6
CONTINUOUS
10
0.3189856692913386
20
3.0606356299212596
11
0.3198948818897638
21
3.0598894488188977
0
LINE
8
BLACK
6
CONTINUOUS
10
0.3198948818897638
20
3.0598894488188977
11
0.3256091732283464
21
3.0541751574803149
0
LINE
8
BLACK
6
CONTINUOUS
10
0.3256091732283464
20
3.0541751574803149
11
0.3263553543307087
21
3.0532659448818897
0
LINE
8
BLACK
6
CONTINUOUS
10
0.3263553543307087
20
3.0532659448818897
11
0.3264378346456693
21
3.0530668110236219
0
LINE
8
BLACK
6
CONTINUOUS
10
0.3264378346456693
20
3.0530668110236219
11
0.3265791338582677
21
3.0529038976377953
0
LINE
8
BLACK
6
CONTINUOUS
10
0.3265791338582677
20
3.0529038976377953
11
0.3270586220472441
21
3.0518298818897636
0
LINE
8
BLACK
6
CONTINUOUS
10
0.3270586220472441
20
3.0518298818897636
11
0.3299157874015748
21
3.0432584645669292
0
LINE
8
BLACK
6
CONTINUOUS
10
0.3299157874015748
20
3.0432584645669292
11
0.3300477559055118
21
3.0426779921259843
0
LINE
8
BLACK
6
CONTINUOUS
10
0.3300477559055118
20
3.0426779921259843
11
0.3301083858267717
21
3.0425316535433069
0
LINE
8
BLACK
6
CONTINUOUS
10
0.3301083858267717
20
3.0425316535433069
11
0.330129251968504
21
3.0423195275590551
0
LINE
8
BLACK
6
CONTINUOUS
10
0.330129251968504
20
3.0423195275590551
11
0.3301765748031496
21
3.0421114960629922
0
LINE
8
BLACK
6
CONTINUOUS
10
0.3301765748031496
20
3.0421114960629922
11
0.3301653149606299
21
3.0419533858267718
0
LINE
8
BLACK
6
CONTINUOUS
10
0.3301653149606299
20
3.0419533858267718
11
0.3302236614173228
21
3.0413611023622047
0
LINE
8
BLACK
6
CONTINUOUS
10
0.3302236614173228
20
3.0413611023622047
11
0.3302236614173228
21
3.0356468110236219
0
LINE
8
BLACK
6
CONTINUOUS
10
0.3302236614173228
20
3.0356468110236219
11
0.3301083858267717
21
3.0344762598425197
0
LINE
8
BLACK
6
CONTINUOUS
10
0.3301083858267717
20
3.0344762598425197
11
0.3292124803149606
21
3.0323133858267717
0
LINE
8
BLACK
6
CONTINUOUS
10
0.3292124803149606
20
3.0323133858267717
11
0.3275570866141732
21
3.0306579921259842
0
LINE
8
BLACK
6
CONTINUOUS
10
0.3275570866141732
20
3.0306579921259842
11
0.3253942125984252
21
3.029762086614173
0
LINE
8
BLACK
6
CONTINUOUS
10
0.3253942125984252
20
3.029762086614173
11
0.3230531102362205
21
3.029762086614173
0
LINE
8
BLACK
6
CONTINUOUS
10
0.3230531102362205
20
3.029762086614173
11
0.3208902362204724
21
3.0306579921259842
0
LINE
8
BLACK
6
CONTINUOUS
10
0.3208902362204724
20
3.0306579921259842
11
0.319234842519685
21
3.0323133858267717
0
LINE
8
BLACK
6
CONTINUOUS
10
0.319234842519685
20
3.0323133858267717
11
0.318338937007874
21
3.0344762598425197
0
LINE
8
BLACK
6
CONTINUOUS
10
0.318338937007874
20
3.0344762598425197
11
0.3182236614173228
21
3.0356468110236219
0
LINE
8
BLACK
6
CONTINUOUS
10
0.3182236614173228
20
3.0356468110236219
11
0.3182236614173228
21
3.0403875196850394
0
LINE
8
BLACK
6
CONTINUOUS
10
0.3182236614173228
20
3.0403875196850394
11
0.3161223228346456
21
3.0466914566929133
0
LINE
8
BLACK
6
CONTINUOUS
10
0.3161223228346456
20
3.0466914566929133
11
0.3124111811023622
21
3.0504025984251966
0
LINE
8
BLACK
6
CONTINUOUS
10
0.3124111811023622
20
3.0504025984251966
11
0.3061071653543307
21
3.0525039370078741
0
LINE
8
BLACK
6
CONTINUOUS
10
0.3061071653543307
20
3.0525039370078741
11
0.2642236614173228
21
3.0525039370078741
0
LINE
8
BLACK
6
CONTINUOUS
10
0.2642236614173228
20
3.0525039370078741
11
0.2630531102362205
21
3.0526192125984251
0
LINE
8
BLACK
6
CONTINUOUS
10
0.2630531102362205
20
3.0526192125984251
11
0.2608902362204724
21
3.0535151181102362
0
LINE
8
BLACK
6
CONTINUOUS
10
0.2608902362204724
20
3.0535151181102362
11
0.259234842519685
21
3.0551705118110237
0
LINE
8
BLACK
6
CONTINUOUS
10
0.259234842519685
20
3.0551705118110237
11
0.258338937007874
21
3.0573333858267717
0
LINE
8
BLACK
6
CONTINUOUS
10
0.258338937007874
20
3.0573333858267717
11
0.258338937007874
21
3.0596744881889761
0
LINE
8
BLACK
6
CONTINUOUS
10
0.258338937007874
20
3.0596744881889761
11
0.259234842519685
21
3.0618373622047241
0
LINE
8
BLACK
6
CONTINUOUS
10
0.259234842519685
20
3.0618373622047241
11
0.2608902362204724
21
3.0634927559055116
0
LINE
8
BLACK
6
CONTINUOUS
10
0.2608902362204724
20
3.0634927559055116
11
0.2630531102362205
21
3.0643886614173228
0
LINE
8
BLACK
6
CONTINUOUS
10
0.2630531102362205
20
3.0643886614173228
11
0.2642236614173228
21
3.0645039370078742
0
LINE
8
BLACK
6
CONTINUOUS
10
0.2642236614173228
20
3.0645039370078742
11
0.3070807874015748
21
3.0645039370078742
0
LINE
8
BLACK
6
CONTINUOUS
10
0.3070807874015748
20
3.0645039370078742
11
0.307673031496063
21
3.0644456299212597
0
LINE
8
BLACK
6
CONTINUOUS
10
0.281958779527559
20
3.1244456299212597
11
0.282116968503937
21
3.1244568503937007
0
LINE
8
BLACK
6
CONTINUOUS
10
0.282116968503937
20
3.1244568503937007
11
0.2823249212598425
21
3.1244095669291339
0
LINE
8
BLACK
6
CONTINUOUS
10
0.2823249212598425
20
3.1244095669291339
11
0.2825370866141732
21
3.1243886614173229
0
LINE
8
BLACK
6
CONTINUOUS
10
0.2825370866141732
20
3.1243886614173229
11
0.2826834645669291
21
3.1243280314960629
0
LINE
8
BLACK
6
CONTINUOUS
10
0.2826834645669291
20
3.1243280314960629
11
0.2832638976377952
21
3.124196023622047
0
LINE
8
BLACK
6
CONTINUOUS
10
0.2832638976377952
20
3.124196023622047
11
0.2918353149606299
21
3.1213388976377954
0
LINE
8
BLACK
6
CONTINUOUS
10
0.2918353149606299
20
3.1213388976377954
11
0.2929093700787401
21
3.1208593700787399
0
LINE
8
BLACK
6
CONTINUOUS
10
0.2929093700787401
20
3.1208593700787399
11
0.2930722047244094
21
3.120718149606299
0
LINE
8
BLACK
6
CONTINUOUS
10
0.2930722047244094
20
3.120718149606299
11
0.2932713779527559
21
3.1206356299212596
0
LINE
8
BLACK
6
CONTINUOUS
10
0.2932713779527559
20
3.1206356299212596
11
0.2941805905511811
21
3.1198894488188977
0
LINE
8
BLACK
6
CONTINUOUS
10
0.2941805905511811
20
3.1198894488188977
11
0.3182236614173228
21
3.0958463779527556
0
LINE
8
BLACK
6
CONTINUOUS
10
0.3182236614173228
20
3.0958463779527556
11
0.3182236614173228
21
3.118503937007874
0
LINE
8
BLACK
6
CONTINUOUS
10
0.3182236614173228
20
3.118503937007874
11
0.318338937007874
21
3.1196744881889762
0
LINE
8
BLACK
6
CONTINUOUS
10
0.318338937007874
20
3.1196744881889762
11
0.319234842519685
21
3.1218373622047242
0
LINE
8
BLACK
6
CONTINUOUS
10
0.319234842519685
20
3.1218373622047242
11
0.3208902362204724
21
3.1234927559055117
0
LINE
8
BLACK
6
CONTINUOUS
10
0.3208902362204724
20
3.1234927559055117
11
0.3230531102362205
21
3.1243886614173229
0
LINE
8
BLACK
6
CONTINUOUS
10
0.3230531102362205
20
3.1243886614173229
11
0.3253942125984252
21
3.1243886614173229
0
LINE
8
BLACK
6
CONTINUOUS
10
0.3253942125984252
20
3.1243886614173229
11
0.3275570866141732
21
3.1234927559055117
0
LINE
8
BLACK
6
CONTINUOUS
10
0.3275570866141732
20
3.1234927559055117
11
0.3292124803149606
21
3.1218373622047242
0
LINE
8
BLACK
6
CONTINUOUS
10
0.3292124803149606
20
3.1218373622047242
11
0.3301083858267717
21
3.1196744881889762
0
LINE
8
BLACK
6
CONTINUOUS
10
0.3301083858267717
20
3.1196744881889762
11
0.3302236614173228
21
3.118503937007874
0
LINE
8
BLACK
6
CONTINUOUS
10
0.3302236614173228
20
3.118503937007874
11
0.3302236614173228
21
3.0813611023622047
0
LINE
8
BLACK
6
CONTINUOUS
10
0.3302236614173228
20
3.0813611023622047
11
0.3301083858267717
21
3.0801905511811021
0
LINE
8
BLACK
6
CONTINUOUS
10
0.3301083858267717
20
3.0801905511811021
11
0.3292125196850393
21
3.0780276771653541
0
LINE
8
BLACK
6
CONTINUOUS
10
0.3292125196850393
20
3.0780276771653541
11
0.3275570866141732
21
3.0763722440944883
0
LINE
8
BLACK
6
CONTINUOUS
10
0.3275570866141732
20
3.0763722440944883
11
0.3253942125984252
21
3.0754763779527559
0
LINE
8
BLACK
6
CONTINUOUS
10
0.3253942125984252
20
3.0754763779527559
11
0.3230531102362205
21
3.0754763779527559
0
LINE
8
BLACK
6
CONTINUOUS
10
0.3230531102362205
20
3.0754763779527559
11
0.3208902362204724
21
3.0763722440944883
0
LINE
8
BLACK
6
CONTINUOUS
10
0.3208902362204724
20
3.0763722440944883
11
0.3199810236220472
21
3.0771184645669289
0
LINE
8
BLACK
6
CONTINUOUS
10
0.3199810236220472
20
3.0771184645669289
11
0.2866968897637795
21
3.1104025984251966
0
LINE
8
BLACK
6
CONTINUOUS
10
0.2866968897637795
20
3.1104025984251966
11
0.2803929133858268
21
3.1125039370078738
0
LINE
8
BLACK
6
CONTINUOUS
10
0.2803929133858268
20
3.1125039370078738
11
0.2770686614173228
21
3.1125039370078738
0
LINE
8
BLACK
6
CONTINUOUS
10
0.2770686614173228
20
3.1125039370078738
11
0.2734920472440945
21
3.1107156692913387
0
LINE
8
BLACK
6
CONTINUOUS
10
0.2734920472440945
20
3.1107156692913387
11
0.2720119291338582
21
3.1092355118110238
0
LINE
8
BLACK
6
CONTINUOUS
10
0.2720119291338582
20
3.1092355118110238
11
0.2702236614173228
21
3.1056589763779527
0
LINE
8
BLACK
6
CONTINUOUS
10
0.2702236614173228
20
3.1056589763779527
11
0.2702236614173228
21
3.094206062992126
0
LINE
8
BLACK
6
CONTINUOUS
10
0.2702236614173228
20
3.094206062992126
11
0.2720119291338582
21
3.090629527559055
0
LINE
8
BLACK
6
CONTINUOUS
10
0.2720119291338582
20
3.090629527559055
11
0.2741805905511811
21
3.0884608661417321
0
LINE
8
BLACK
6
CONTINUOUS
10
0.2741805905511811
20
3.0884608661417321
11
0.2749267716535433
21
3.087551653543307
0
LINE
8
BLACK
6
CONTINUOUS
10
0.2749267716535433
20
3.087551653543307
11
0.2758226771653543
21
3.085388779527559
0
LINE
8
BLACK
6
CONTINUOUS
10
0.2758226771653543
20
3.085388779527559
11
0.2758226771653543
21
3.0830476771653541
0
LINE
8
BLACK
6
CONTINUOUS
10
0.2758226771653543
20
3.0830476771653541
11
0.2749267716535433
21
3.0808848031496061
0
LINE
8
BLACK
6
CONTINUOUS
10
0.2749267716535433
20
3.0808848031496061
11
0.2732713779527559
21
3.0792294094488186
0
LINE
8
BLACK
6
CONTINUOUS
10
0.2732713779527559
20
3.0792294094488186
11
0.2711085039370079
21
3.0783335039370079
0
LINE
8
BLACK
6
CONTINUOUS
10
0.2711085039370079
20
3.0783335039370079
11
0.2687674015748032
21
3.0783335039370079
0
LINE
8
BLACK
6
CONTINUOUS
10
0.2687674015748032
20
3.0783335039370079
11
0.2666045275590551
21
3.0792294094488186
0
LINE
8
BLACK
6
CONTINUOUS
10
0.2666045275590551
20
3.0792294094488186
11
0.2656953149606299
21
3.079975590551181
0
LINE
8
BLACK
6
CONTINUOUS
10
0.2656953149606299
20
3.079975590551181
11
0.2628381496062992
21
3.0828327559055118
0
LINE
8
BLACK
6
CONTINUOUS
10
0.2628381496062992
20
3.0828327559055118
11
0.2624605118110236
21
3.0832928740157479
0
LINE
8
BLACK
6
CONTINUOUS
10
0.2624605118110236
20
3.0832928740157479
11
0.2623408267716535
21
3.0833966929133858
0
LINE
8
BLACK
6
CONTINUOUS
10
0.2623408267716535
20
3.0833966929133858
11
0.2622271653543307
21
3.0835772047244094
0
LINE
8
BLACK
6
CONTINUOUS
10
0.2622271653543307
20
3.0835772047244094
11
0.262091968503937
21
3.0837419685039369
0
LINE
8
BLACK
6
CONTINUOUS
10
0.262091968503937
20
3.0837419685039369
11
0.2620313385826772
21
3.0838883070866143
0
LINE
8
BLACK
6
CONTINUOUS
10
0.2620313385826772
20
3.0838883070866143
11
0.2617142125984252
21
3.084392086614173
0
LINE
8
BLACK
6
CONTINUOUS
10
0.2617142125984252
20
3.084392086614173
11
0.2588570866141732
21
3.0901063779527558
0
LINE
8
BLACK
6
CONTINUOUS
10
0.2588570866141732
20
3.0901063779527558
11
0.2584367322834646
21
3.0912048818897637
0
LINE
8
BLACK
6
CONTINUOUS
10
0.2584367322834646
20
3.0912048818897637
11
0.2584214173228346
21
3.0914199212598423
0
LINE
8
BLACK
6
CONTINUOUS
10
0.2584214173228346
20
3.0914199212598423
11
0.258338937007874
21
3.0916190944881889
0
LINE
8
BLACK
6
CONTINUOUS
10
0.258338937007874
20
3.0916190944881889
11
0.2582236614173228
21
3.0927896456692912
0
LINE
8
BLACK
6
CONTINUOUS
10
0.2582236614173228
20
3.0927896456692912
11
0.2582236614173228
21
3.1070753937007871
0
LINE
8
BLACK
6
CONTINUOUS
10
0.2582236614173228
20
3.1070753937007871
11
0.258338937007874
21
3.1082459448818898
0
LINE
8
BLACK
6
CONTINUOUS
10
0.258338937007874
20
3.1082459448818898
11
0.2584214173228346
21
3.1084451574803147
0
LINE
8
BLACK
6
CONTINUOUS
10
0.2584214173228346
20
3.1084451574803147
11
0.2584367322834646
21
3.108660157480315
0
LINE
8
BLACK
6
CONTINUOUS
10
0.2584367322834646
20
3.108660157480315
11
0.2588570866141732
21
3.1097586614173229
0
LINE
8
BLACK
6
CONTINUOUS
10
0.2588570866141732
20
3.1097586614173229
11
0.2617142125984252
21
3.1154729527559053
0
LINE
8
BLACK
6
CONTINUOUS
10
0.2617142125984252
20
3.1154729527559053
11
0.2620313385826772
21
3.1159767716535431
0
LINE
8
BLACK
6
CONTINUOUS
10
0.2620313385826772
20
3.1159767716535431
11
0.262091968503937
21
3.1161230708661418
0
LINE
8
BLACK
6
CONTINUOUS
10
0.262091968503937
20
3.1161230708661418
11
0.2622271653543307
21
3.116287874015748
0
LINE
8
BLACK
6
CONTINUOUS
10
0.2622271653543307
20
3.116287874015748
11
0.2623408267716535
21
3.1164683464566929
0
LINE
8
BLACK
6
CONTINUOUS
10
0.2623408267716535
20
3.1164683464566929
11
0.2624605118110236
21
3.1165722047244095
0
LINE
8
BLACK
6
CONTINUOUS
10
0.2624605118110236
20
3.1165722047244095
11
0.2628381496062992
21
3.117032283464567
0
LINE
8
BLACK
6
CONTINUOUS
10
0.2628381496062992
20
3.117032283464567
11
0.2656953149606299
21
3.1198894488188977
0
LINE
8
BLACK
6
CONTINUOUS
10
0.2656953149606299
20
3.1198894488188977
11
0.2661552755905512
21
3.120266968503937
0
LINE
8
BLACK
6
CONTINUOUS
10
0.2661552755905512
20
3.120266968503937
11
0.2662592519685039
21
3.1203868110236219
0
LINE
8
BLACK
6
CONTINUOUS
10
0.2662592519685039
20
3.1203868110236219
11
0.2664398818897638
21
3.1205005511811024
0
LINE
8
BLACK
6
CONTINUOUS
10
0.2664398818897638
20
3.1205005511811024
11
0.2666045275590551
21
3.1206356299212596
0
LINE
8
BLACK
6
CONTINUOUS
10
0.2666045275590551
20
3.1206356299212596
11
0.2667507874015748
21
3.1206962598425196
0
LINE
8
BLACK
6
CONTINUOUS
10
0.2667507874015748
20
3.1206962598425196
11
0.2672546850393701
21
3.1210133858267715
0
LINE
8
BLACK
6
CONTINUOUS
10
0.2672546850393701
20
3.1210133858267715
11
0.2729689763779528
21
3.1238705118110235
0
LINE
8
BLACK
6
CONTINUOUS
10
0.2729689763779528
20
3.1238705118110235
11
0.2740675196850393
21
3.1242909055118111
0
LINE
8
BLACK
6
CONTINUOUS
10
0.2740675196850393
20
3.1242909055118111
11
0.2742825590551181
21
3.124306220472441
0
LINE
8
BLACK
6
CONTINUOUS
10
0.2742825590551181
20
3.124306220472441
11
0.2744816929133858
21
3.1243886614173229
0
LINE
8
BLACK
6
CONTINUOUS
10
0.2744816929133858
20
3.1243886614173229
11
0.2756522440944882
21
3.1245039370078738
0
LINE
8
BLACK
6
CONTINUOUS
10
0.2756522440944882
20
3.1245039370078738
11
0.2813665354330709
21
3.1245039370078738
0
LINE
8
BLACK
6
CONTINUOUS
10
0.2813665354330709
20
3.1245039370078738
11
0.281958779527559
21
3.1244456299212597
0
LINE
8
BLACK
6
CONTINUOUS
10
0.9028574015748031
20
3.1404944488188975
11
0.9032571653543306
21
3.1404944488188975
0
LINE
8
BLACK
6
CONTINUOUS
10
0.9032571653543306
20
3.1404944488188975
11
0.9043215748031496
21
3.1400535433070864
0
LINE
8
BLACK
6
CONTINUOUS
10
0.9043215748031496
20
3.1400535433070864
11
0.9051362204724409
21
3.1392388976377954
0
LINE
8
BLACK
6
CONTINUOUS
10
0.9051362204724409
20
3.1392388976377954
11
0.905577125984252
21
3.1381744881889762
0
LINE
8
BLACK
6
CONTINUOUS
10
0.905577125984252
20
3.1381744881889762
11
0.9056338582677165
21
3.1375984251968503
0
LINE
8
BLACK
6
CONTINUOUS
10
0.9056338582677165
20
3.1375984251968503
11
0.9056338582677165
21
3.0194094488188976
0
LINE
8
BLACK
6
CONTINUOUS
10
0.9056338582677165
20
3.0194094488188976
11
0.905577125984252
21
3.0188333858267717
0
LINE
8
BLACK
6
CONTINUOUS
10
0.905577125984252
20
3.0188333858267717
11
0.9051362204724409
21
3.0177689763779525
0
LINE
8
BLACK
6
CONTINUOUS
10
0.9051362204724409
20
3.0177689763779525
11
0.9043215748031496
21
3.0169543307086615
0
LINE
8
BLACK
6
CONTINUOUS
10
0.9043215748031496
20
3.0169543307086615
11
0.9032571653543306
21
3.0165134251968504
0
LINE
8
BLACK
6
CONTINUOUS
10
0.9032571653543306
20
3.0165134251968504
11
0.9028574015748031
21
3.0165134251968504
0
LINE
8
BLACK
6
CONTINUOUS
10
0.9028574015748031
20
3.0165134251968504
11
0.9026811023622047
21
3.0164960629921258
0
LINE
8
BLACK
6
CONTINUOUS
10
0.9026811023622047
20
3.0164960629921258
11
0.8042598425196851
21
3.0164960629921258
0
LINE
8
BLACK
6
CONTINUOUS
10
0.8042598425196851
20
3.0164960629921258
11
0.8040835433070866
21
3.0165134251968504
0
LINE
8
BLACK
6
CONTINUOUS
10
0.8040835433070866
20
3.0165134251968504
11
0.803683779527559
21
3.0165134251968504
0
LINE
8
BLACK
6
CONTINUOUS
10
0.803683779527559
20
3.0165134251968504
11
0.8026193700787402
21
3.0169543307086615
0
LINE
8
BLACK
6
CONTINUOUS
10
0.8026193700787402
20
3.0169543307086615
11
0.8018047244094488
21
3.0177689763779525
0
LINE
8
BLACK
6
CONTINUOUS
10
0.8018047244094488
20
3.0177689763779525
11
0.8013638188976377
21
3.0188333858267717
0
LINE
8
BLACK
6
CONTINUOUS
10
0.8013638188976377
20
3.0188333858267717
11
0.8013070866141732
21
3.0194094488188976
0
LINE
8
BLACK
6
CONTINUOUS
10
0.8013070866141732
20
3.0194094488188976
11
0.8013070866141732
21
3.1375984251968503
0
LINE
8
BLACK
6
CONTINUOUS
10
0.8013070866141732
20
3.1375984251968503
11
0.8013638188976377
21
3.1381744881889762
0
LINE
8
BLACK
6
CONTINUOUS
10
0.8013638188976377
20
3.1381744881889762
11
0.8018047244094488
21
3.1392388976377954
0
LINE
8
BLACK
6
CONTINUOUS
10
0.8018047244094488
20
3.1392388976377954
11
0.8026193700787402
21
3.1400535433070864
0
LINE
8
BLACK
6
CONTINUOUS
10
0.8026193700787402
20
3.1400535433070864
11
0.803683779527559
21
3.1404944488188975
0
LINE
8
BLACK
6
CONTINUOUS
10
0.803683779527559
20
3.1404944488188975
11
0.8040835433070866
21
3.1404944488188975
0
LINE
8
BLACK
6
CONTINUOUS
10
0.8040835433070866
20
3.1404944488188975
11
0.8042598425196851
21
3.1405118110236221
0
LINE
8
BLACK
6
CONTINUOUS
10
0.8042598425196851
20
3.1405118110236221
11
0.9026811023622047
21
3.1405118110236221
0
LINE
8
BLACK
6
CONTINUOUS
10
0.9026811023622047
20
3.1405118110236221
11
0.9028574015748031
21
3.1404944488188975
0
LINE
8
BLACK
6
CONTINUOUS
10
0.8072125984251969
20
3.1346062992125985
11
0.8072125984251969
21
3.0224015748031494
0
LINE
8
BLACK
6
CONTINUOUS
10
0.8072125984251969
20
3.0224015748031494
11
0.8997283464566929
21
3.0224015748031494
0
LINE
8
BLACK
6
CONTINUOUS
10
0.8997283464566929
20
3.0224015748031494
11
0.8997283464566929
21
3.1346062992125985
0
LINE
8
BLACK
6
CONTINUOUS
10
0.8997283464566929
20
3.1346062992125985
11
0.8072125984251969
21
3.1346062992125985
0
LINE
8
BLACK
6
CONTINUOUS
10
0.307673031496063
20
3.2612960236220472
11
0.3078312204724409
21
3.2613072440944881
0
LINE
8
BLACK
6
CONTINUOUS
10
0.3078312204724409
20
3.2613072440944881
11
0.3080391732283465
21
3.2612599606299213
0
LINE
8
BLACK
6
CONTINUOUS
10
0.3080391732283465
20
3.2612599606299213
11
0.3082513385826772
21
3.2612390551181103
0
LINE
8
BLACK
6
CONTINUOUS
10
0.3082513385826772
20
3.2612390551181103
11
0.3083977165354331
21
3.2611784251968503
0
LINE
8
BLACK
6
CONTINUOUS
10
0.3083977165354331
20
3.2611784251968503
11
0.3089781496062992
21
3.2610464173228344
0
LINE
8
BLACK
6
CONTINUOUS
10
0.3089781496062992
20
3.2610464173228344
11
0.3175496062992126
21
3.2581892913385828
0
LINE
8
BLACK
6
CONTINUOUS
10
0.3175496062992126
20
3.2581892913385828
11
0.3186236614173228
21
3.2577098031496061
0
LINE
8
BLACK
6
CONTINUOUS
10
0.3186236614173228
20
3.2577098031496061
11
0.3187865748031496
21
3.2575685039370077
0
LINE
8
BLACK
6
CONTINUOUS
10
0.3187865748031496
20
3.2575685039370077
11
0.3189856692913386
21
3.2574860236220471
0
LINE
8
BLACK
6
CONTINUOUS
10
0.3189856692913386
20
3.2574860236220471
11
0.3198948818897638
21
3.2567398425196852
0
LINE
8
BLACK
6
CONTINUOUS
10
0.3198948818897638
20
3.2567398425196852
11
0.3256091732283464
21
3.2510255511811024
0
LINE
8
BLACK
6
CONTINUOUS
10
0.3256091732283464
20
3.2510255511811024
11
0.3263553543307087
21
3.2501163385826772
0
LINE
8
BLACK
6
CONTINUOUS
10
0.3263553543307087
20
3.2501163385826772
11
0.3264378346456693
21
3.2499172047244094
0
LINE
8
BLACK
6
CONTINUOUS
10
0.3264378346456693
20
3.2499172047244094
11
0.3265791338582677
21
3.2497542913385824
0
LINE
8
BLACK
6
CONTINUOUS
10
0.3265791338582677
20
3.2497542913385824
11
0.3270586220472441
21
3.2486802755905511
0
LINE
8
BLACK
6
CONTINUOUS
10
0.3270586220472441
20
3.2486802755905511
11
0.3299157874015748
21
3.2401088582677167
0
LINE
8
BLACK
6
CONTINUOUS
10
0.3299157874015748
20
3.2401088582677167
11
0.3300477559055118
21
3.2395283858267714
0
LINE
8
BLACK
6
CONTINUOUS
10
0.3300477559055118
20
3.2395283858267714
11
0.3301083858267717
21
3.2393820472440944
0
LINE
8
BLACK
6
CONTINUOUS
10
0.3301083858267717
20
3.2393820472440944
11
0.330129251968504
21
3.2391699212598426
0
LINE
8
BLACK
6
CONTINUOUS
10
0.330129251968504
20
3.2391699212598426
11
0.3301765748031496
21
3.2389618897637793
0
LINE
8
BLACK
6
CONTINUOUS
10
0.3301765748031496
20
3.2389618897637793
11
0.3301653149606299
21
3.2388037795275588
0
LINE
8
BLACK
6
CONTINUOUS
10
0.3301653149606299
20
3.2388037795275588
11
0.3302236614173228
21
3.2382114960629922
0
LINE
8
BLACK
6
CONTINUOUS
10
0.3302236614173228
20
3.2382114960629922
11
0.3302236614173228
21
3.2324972047244094
0
LINE
8
BLACK
6
CONTINUOUS
10
0.3302236614173228
20
3.2324972047244094
11
0.3301083858267717
21
3.2313266535433072
0
LINE
8
BLACK
6
CONTINUOUS
10
0.3301083858267717
20
3.2313266535433072
11
0.3292124803149606
21
3.2291637795275592
0
LINE
8
BLACK
6
CONTINUOUS
10
0.3292124803149606
20
3.2291637795275592
11
0.3275570866141732
21
3.2275083858267717
0
LINE
8
BLACK
6
CONTINUOUS
10
0.3275570866141732
20
3.2275083858267717
11
0.3253942125984252
21
3.2266124803149605
0
LINE
8
BLACK
6
CONTINUOUS
10
0.3253942125984252
20
3.2266124803149605
11
0.3230531102362205
21
3.2266124803149605
0
LINE
8
BLACK
6
CONTINUOUS
10
0.3230531102362205
20
3.2266124803149605
11
0.3208902362204724
21
3.2275083858267717
0
LINE
8
BLACK
6
CONTINUOUS
10
0.3208902362204724
20
3.2275083858267717
11
0.319234842519685
21
3.2291637795275592
0
LINE
8
BLACK
6
CONTINUOUS
10
0.319234842519685
20
3.2291637795275592
11
0.318338937007874
21
3.2313266535433072
0
LINE
8
BLACK
6
CONTINUOUS
10
0.318338937007874
20
3.2313266535433072
11
0.3182236614173228
21
3.2324972047244094
0
LINE
8
BLACK
6
CONTINUOUS
10
0.3182236614173228
20
3.2324972047244094
11
0.3182236614173228
21
3.2372379133858269
0
LINE
8
BLACK
6
CONTINUOUS
10
0.3182236614173228
20
3.2372379133858269
11
0.3161223228346456
21
3.2435418503937008
0
LINE
8
BLACK
6
CONTINUOUS
10
0.3161223228346456
20
3.2435418503937008
11
0.3124111811023622
21
3.2472529921259841
0
LINE
8
BLACK
6
CONTINUOUS
10
0.3124111811023622
20
3.2472529921259841
11
0.3061071653543307
21
3.2493543307086612
0
LINE
8
BLACK
6
CONTINUOUS
10
0.3061071653543307
20
3.2493543307086612
11
0.2642236614173228
21
3.2493543307086612
0
LINE
8
BLACK
6
CONTINUOUS
10
0.2642236614173228
20
3.2493543307086612
11
0.2630531102362205
21
3.2494696062992126
0
LINE
8
BLACK
6
CONTINUOUS
10
0.2630531102362205
20
3.2494696062992126
11
0.2608902362204724
21
3.2503655118110237
0
LINE
8
BLACK
6
CONTINUOUS
10
0.2608902362204724
20
3.2503655118110237
11
0.259234842519685
21
3.2520209055118108
0
LINE
8
BLACK
6
CONTINUOUS
10
0.259234842519685
20
3.2520209055118108
11
0.258338937007874
21
3.2541837795275588
0
LINE
8
BLACK
6
CONTINUOUS
10
0.258338937007874
20
3.2541837795275588
11
0.258338937007874
21
3.2565248818897636
0
LINE
8
BLACK
6
CONTINUOUS
10
0.258338937007874
20
3.2565248818897636
11
0.259234842519685
21
3.2586877559055116
0
LINE
8
BLACK
6
CONTINUOUS
10
0.259234842519685
20
3.2586877559055116
11
0.2608902362204724
21
3.2603431496062991
0
LINE
8
BLACK
6
CONTINUOUS
10
0.2608902362204724
20
3.2603431496062991
11
0.2630531102362205
21
3.2612390551181103
0
LINE
8
BLACK
6
CONTINUOUS
10
0.2630531102362205
20
3.2612390551181103
11
0.2642236614173228
21
3.2613543307086612
0
LINE
8
BLACK
6
CONTINUOUS
10
0.2642236614173228
20
3.2613543307086612
11
0.3070807874015748
21
3.2613543307086612
0
LINE
8
BLACK
6
CONTINUOUS
10
0.3070807874015748
20
3.2613543307086612
11
0.307673031496063
21
3.2612960236220472
0
LINE
8
BLACK
6
CONTINUOUS
10
0.3275570866141732
20
3.3203431496062992
11
0.3292124803149606
21
3.3186877559055117
0
LINE
8
BLACK
6
CONTINUOUS
10
0.3292124803149606
20
3.3186877559055117
11
0.3301083858267717
21
3.3165248818897637
0
LINE
8
BLACK
6
CONTINUOUS
10
0.3301083858267717
20
3.3165248818897637
11
0.3302236614173228
21
3.3153543307086615
0
LINE
8
BLACK
6
CONTINUOUS
10
0.3302236614173228
20
3.3153543307086615
11
0.3302236614173228
21
3.2810686220472438
0
LINE
8
BLACK
6
CONTINUOUS
10
0.3302236614173228
20
3.2810686220472438
11
0.3301083858267717
21
3.2798980708661416
0
LINE
8
BLACK
6
CONTINUOUS
10
0.3301083858267717
20
3.2798980708661416
11
0.3292124803149606
21
3.2777351968503936
0
LINE
8
BLACK
6
CONTINUOUS
10
0.3292124803149606
20
3.2777351968503936
11
0.3275570866141732
21
3.2760798031496061
0
LINE
8
BLACK
6
CONTINUOUS
10
0.3275570866141732
20
3.2760798031496061
11
0.3253942125984252
21
3.2751838976377954
0
LINE
8
BLACK
6
CONTINUOUS
10
0.3253942125984252
20
3.2751838976377954
11
0.3230531102362205
21
3.2751838976377954
0
LINE
8
BLACK
6
CONTINUOUS
10
0.3230531102362205
20
3.2751838976377954
11
0.3208902362204724
21
3.2760798031496061
0
LINE
8
BLACK
6
CONTINUOUS
10
0.3208902362204724
20
3.2760798031496061
11
0.319234842519685
21
3.2777351968503936
0
LINE
8
BLACK
6
CONTINUOUS
10
0.319234842519685
20
3.2777351968503936
11
0.318338937007874
21
3.2798980708661416
0
LINE
8
BLACK
6
CONTINUOUS
10
0.318338937007874
20
3.2798980708661416
11
0.3182236614173228
21
3.2810686220472438
0
LINE
8
BLACK
6
CONTINUOUS
10
0.3182236614173228
20
3.2810686220472438
11
0.3182236614173228
21
3.292211496062992
0
LINE
8
BLACK
6
CONTINUOUS
10
0.3182236614173228
20
3.292211496062992
11
0.281566062992126
21
3.292211496062992
0
LINE
8
BLACK
6
CONTINUOUS
10
0.281566062992126
20
3.292211496062992
11
0.2827520078740157
21
3.2910255511811024
0
LINE
8
BLACK
6
CONTINUOUS
10
0.2827520078740157
20
3.2910255511811024
11
0.2831296062992126
21
3.290565472440945
0
LINE
8
BLACK
6
CONTINUOUS
10
0.2831296062992126
20
3.290565472440945
11
0.2832493307086614
21
3.2904616141732284
0
LINE
8
BLACK
6
CONTINUOUS
10
0.2832493307086614
20
3.2904616141732284
11
0.2833629527559055
21
3.2902811417322835
0
LINE
8
BLACK
6
CONTINUOUS
10
0.2833629527559055
20
3.2902811417322835
11
0.283498188976378
21
3.2901163385826773
0
LINE
8
BLACK
6
CONTINUOUS
10
0.283498188976378
20
3.2901163385826773
11
0.283558779527559
21
3.2899700393700786
0
LINE
8
BLACK
6
CONTINUOUS
10
0.283558779527559
20
3.2899700393700786
11
0.2838759448818898
21
3.2894662204724407
0
LINE
8
BLACK
6
CONTINUOUS
10
0.2838759448818898
20
3.2894662204724407
11
0.2867331102362204
21
3.2837519291338584
0
LINE
8
BLACK
6
CONTINUOUS
10
0.2867331102362204
20
3.2837519291338584
11
0.2871534645669291
21
3.2826533858267717
0
LINE
8
BLACK
6
CONTINUOUS
10
0.2871534645669291
20
3.2826533858267717
11
0.2873194094488189
21
3.2803181889763779
0
LINE
8
BLACK
6
CONTINUOUS
10
0.2873194094488189
20
3.2803181889763779
11
0.2865791338582677
21
3.278097244094488
0
LINE
8
BLACK
6
CONTINUOUS
10
0.2865791338582677
20
3.278097244094488
11
0.2850452362204725
21
3.2763286614173226
0
LINE
8
BLACK
6
CONTINUOUS
10
0.2850452362204725
20
3.2763286614173226
11
0.2829512992125984
21
3.2752816929133859
0
LINE
8
BLACK
6
CONTINUOUS
10
0.2829512992125984
20
3.2752816929133859
11
0.2806161023622047
21
3.2751157480314959
0
LINE
8
BLACK
6
CONTINUOUS
10
0.2806161023622047
20
3.2751157480314959
11
0.278395157480315
21
3.2758560236220471
0
LINE
8
BLACK
6
CONTINUOUS
10
0.278395157480315
20
3.2758560236220471
11
0.2766265748031496
21
3.2773899212598425
0
LINE
8
BLACK
6
CONTINUOUS
10
0.2766265748031496
20
3.2773899212598425
11
0.2759999606299213
21
3.2783853149606297
0
LINE
8
BLACK
6
CONTINUOUS
10
0.2759999606299213
20
3.2783853149606297
11
0.2735781889763779
21
3.2832288188976375
0
LINE
8
BLACK
6
CONTINUOUS
10
0.2735781889763779
20
3.2832288188976375
11
0.2689724409448819
21
3.2878345669291336
0
LINE
8
BLACK
6
CONTINUOUS
10
0.2689724409448819
20
3.2878345669291336
11
0.2608954724409449
21
3.2932192125984252
0
LINE
8
BLACK
6
CONTINUOUS
10
0.2608954724409449
20
3.2932192125984252
11
0.2608922440944882
21
3.2932218503937007
0
LINE
8
BLACK
6
CONTINUOUS
10
0.2608922440944882
20
3.2932218503937007
11
0.2608902362204724
21
3.2932226771653541
0
LINE
8
BLACK
6
CONTINUOUS
10
0.2608902362204724
20
3.2932226771653541
11
0.2608856692913386
21
3.2932272440944881
0
LINE
8
BLACK
6
CONTINUOUS
10
0.2608856692913386
20
3.2932272440944881
11
0.2599854330708661
21
3.2939644094488187
0
LINE
8
BLACK
6
CONTINUOUS
10
0.2599854330708661
20
3.2939644094488187
11
0.259654842519685
21
3.2944580708661415
0
LINE
8
BLACK
6
CONTINUOUS
10
0.259654842519685
20
3.2944580708661415
11
0.259234842519685
21
3.2948780708661416
0
LINE
8
BLACK
6
CONTINUOUS
10
0.259234842519685
20
3.2948780708661416
11
0.259009842519685
21
3.2954212204724409
0
LINE
8
BLACK
6
CONTINUOUS
10
0.259009842519685
20
3.2954212204724409
11
0.2586827952755906
21
3.2959096062992126
0
LINE
8
BLACK
6
CONTINUOUS
10
0.2586827952755906
20
3.2959096062992126
11
0.2585662992125984
21
3.2964920472440946
0
LINE
8
BLACK
6
CONTINUOUS
10
0.2585662992125984
20
3.2964920472440946
11
0.258338937007874
21
3.2970409448818896
0
LINE
8
BLACK
6
CONTINUOUS
10
0.258338937007874
20
3.2970409448818896
11
0.258338937007874
21
3.2976288976377952
0
LINE
8
BLACK
6
CONTINUOUS
10
0.258338937007874
20
3.2976288976377952
11
0.2582236614173228
21
3.2982052362204723
0
LINE
8
BLACK
6
CONTINUOUS
10
0.2582236614173228
20
3.2982052362204723
11
0.258338937007874
21
3.2987879921259844
0
LINE
8
BLACK
6
CONTINUOUS
10
0.258338937007874
20
3.2987879921259844
11
0.258338937007874
21
3.2993820472440945
0
LINE
8
BLACK
6
CONTINUOUS
10
0.258338937007874
20
3.2993820472440945
11
0.2585638582677166
21
3.2999250787401575
0
LINE
8
BLACK
6
CONTINUOUS
10
0.2585638582677166
20
3.2999250787401575
11
0.2586779527559055
21
3.3005018110236222
0
LINE
8
BLACK
6
CONTINUOUS
10
0.2586779527559055
20
3.3005018110236222
11
0.2590075196850394
21
3.3009962204724408
0
LINE
8
BLACK
6
CONTINUOUS
10
0.2590075196850394
20
3.3009962204724408
11
0.259234842519685
21
3.3015449212598424
0
LINE
8
BLACK
6
CONTINUOUS
10
0.259234842519685
20
3.3015449212598424
11
0.2596503937007874
21
3.3019605118110236
0
LINE
8
BLACK
6
CONTINUOUS
10
0.2596503937007874
20
3.3019605118110236
11
0.2599765748031496
21
3.3024497244094486
0
LINE
8
BLACK
6
CONTINUOUS
10
0.2599765748031496
20
3.3024497244094486
11
0.2604701968503937
21
3.3027803149606298
0
LINE
8
BLACK
6
CONTINUOUS
10
0.2604701968503937
20
3.3027803149606298
11
0.2608902362204724
21
3.3032003149606299
0
LINE
8
BLACK
6
CONTINUOUS
10
0.2608902362204724
20
3.3032003149606299
11
0.2614333464566929
21
3.3034253149606299
0
LINE
8
BLACK
6
CONTINUOUS
10
0.2614333464566929
20
3.3034253149606299
11
0.2619217716535433
21
3.3037523622047242
0
LINE
8
BLACK
6
CONTINUOUS
10
0.2619217716535433
20
3.3037523622047242
11
0.2625041732283465
21
3.3038688582677165
0
LINE
8
BLACK
6
CONTINUOUS
10
0.2625041732283465
20
3.3038688582677165
11
0.2630531102362205
21
3.3040962204724407
0
LINE
8
BLACK
6
CONTINUOUS
10
0.2630531102362205
20
3.3040962204724407
11
0.2642112992125984
21
3.3042103149606299
0
LINE
8
BLACK
6
CONTINUOUS
10
0.2642112992125984
20
3.3042103149606299
11
0.2642174015748032
21
3.304211496062992
0
LINE
8
BLACK
6
CONTINUOUS
10
0.2642174015748032
20
3.304211496062992
11
0.2642194488188976
21
3.3042111023622045
0
LINE
8
BLACK
6
CONTINUOUS
10
0.2642194488188976
20
3.3042111023622045
11
0.2642236614173228
21
3.304211496062992
0
LINE
8
BLACK
6
CONTINUOUS
10
0.2642236614173228
20
3.304211496062992
11
0.3182236614173228
21
3.304211496062992
0
LINE
8
BLACK
6
CONTINUOUS
10
0.3182236614173228
20
3.304211496062992
11
0.3182236614173228
21
3.3153543307086615
0
LINE
8
BLACK
6
CONTINUOUS
10
0.3182236614173228
20
3.3153543307086615
11
0.318338937007874
21
3.3165248818897637
0
LINE
8
BLACK
6
CONTINUOUS
10
0.318338937007874
20
3.3165248818897637
11
0.319234842519685
21
3.3186877559055117
0
LINE
8
BLACK
6
CONTINUOUS
10
0.319234842519685
20
3.3186877559055117
11
0.3208902362204724
21
3.3203431496062992
0
LINE
8
BLACK
6
CONTINUOUS
10
0.3208902362204724
20
3.3203431496062992
11
0.3230531102362205
21
3.3212390551181104
0
LINE
8
BLACK
6
CONTINUOUS
10
0.3230531102362205
20
3.3212390551181104
11
0.3253942125984252
21
3.3212390551181104
0
LINE
8
BLACK
6
CONTINUOUS
10
0.3253942125984252
20
3.3212390551181104
11
0.3275570866141732
21
3.3203431496062992
0
LINE
8
BLACK
6
CONTINUOUS
10
0.9028574015748031
20
3.337344842519685
11
0.9032571653543306
21
3.337344842519685
0
LINE
8
BLACK
6
CONTINUOUS
10
0.9032571653543306
20
3.337344842519685
11
0.9043215748031496
21
3.3369039370078739
0
LINE
8
BLACK
6
CONTINUOUS
10
0.9043215748031496
20
3.3369039370078739
11
0.9051362204724409
21
3.3360892913385825
0
LINE
8
BLACK
6
CONTINUOUS
10
0.9051362204724409
20
3.3360892913385825
11
0.905577125984252
21
3.3350248818897636
0
LINE
8
BLACK
6
CONTINUOUS
10
0.905577125984252
20
3.3350248818897636
11
0.9056338582677165
21
3.3344488188976378
0
LINE
8
BLACK
6
CONTINUOUS
10
0.9056338582677165
20
3.3344488188976378
11
0.9056338582677165
21
3.2162598425196851
0
LINE
8
BLACK
6
CONTINUOUS
10
0.9056338582677165
20
3.2162598425196851
11
0.905577125984252
21
3.2156837795275588
0
LINE
8
BLACK
6
CONTINUOUS
10
0.905577125984252
20
3.2156837795275588
11
0.9051362204724409
21
3.21461937007874
0
LINE
8
BLACK
6
CONTINUOUS
10
0.9051362204724409
20
3.21461937007874
11
0.9043215748031496
21
3.2138047244094485
0
LINE
8
BLACK
6
CONTINUOUS
10
0.9043215748031496
20
3.2138047244094485
11
0.9032571653543306
21
3.2133638188976379
0
LINE
8
BLACK
6
CONTINUOUS
10
0.9032571653543306
20
3.2133638188976379
11
0.9028574015748031
21
3.2133638188976379
0
LINE
8
BLACK
6
CONTINUOUS
10
0.9028574015748031
20
3.2133638188976379
11
0.9026811023622047
21
3.2133464566929133
0
LINE
8
BLACK
6
CONTINUOUS
10
0.9026811023622047
20
3.2133464566929133
11
0.8042598425196851
21
3.2133464566929133
0
LINE
8
BLACK
6
CONTINUOUS
10
0.8042598425196851
20
3.2133464566929133
11
0.8040835433070866
21
3.2133638188976379
0
LINE
8
BLACK
6
CONTINUOUS
10
0.8040835433070866
20
3.2133638188976379
11
0.803683779527559
21
3.2133638188976379
0
LINE
8
BLACK
6
CONTINUOUS
10
0.803683779527559
20
3.2133638188976379
11
0.8026193700787402
21
3.2138047244094485
0
LINE
8
BLACK
6
CONTINUOUS
10
0.8026193700787402
20
3.2138047244094485
11
0.8018047244094488
21
3.21461937007874
0
LINE
8
BLACK
6
CONTINUOUS
10
0.8018047244094488
20
3.21461937007874
11
0.8013638188976377
21
3.2156837795275588
0
LINE
8
BLACK
6
CONTINUOUS
10
0.8013638188976377
20
3.2156837795275588
11
0.8013070866141732
21
3.2162598425196851
0
LINE
8
BLACK
6
CONTINUOUS
10
0.8013070866141732
20
3.2162598425196851
11
0.8013070866141732
21
3.3344488188976378
0
LINE
8
BLACK
6
CONTINUOUS
10
0.8013070866141732
20
3.3344488188976378
11
0.8013638188976377
21
3.3350248818897636
0
LINE
8
BLACK
6
CONTINUOUS
10
0.8013638188976377
20
3.3350248818897636
11
0.8018047244094488
21
3.3360892913385825
0
LINE
8
BLACK
6
CONTINUOUS
10
0.8018047244094488
20
3.3360892913385825
11
0.8026193700787402
21
3.3369039370078739
0
LINE
8
BLACK
6
CONTINUOUS
10
0.8026193700787402
20
3.3369039370078739
11
0.803683779527559
21
3.337344842519685
0
LINE
8
BLACK
6
CONTINUOUS
10
0.803683779527559
20
3.337344842519685
11
0.8040835433070866
21
3.337344842519685
0
LINE
8
BLACK
6
CONTINUOUS
10
0.8040835433070866
20
3.337344842519685
11
0.8042598425196851
21
3.3373622047244096
0
LINE
8
BLACK
6
CONTINUOUS
10
0.8042598425196851
20
3.3373622047244096
11
0.9026811023622047
21
3.3373622047244096
0
LINE
8
BLACK
6
CONTINUOUS
10
0.9026811023622047
20
3.3373622047244096
11
0.9028574015748031
21
3.337344842519685
0
LINE
8
BLACK
6
CONTINUOUS
10
0.8072125984251969
20
3.3314566929133855
11
0.8072125984251969
21
3.2192519685039369
0
LINE
8
BLACK
6
CONTINUOUS
10
0.8072125984251969
20
3.2192519685039369
11
0.8997283464566929
21
3.2192519685039369
0
LINE
8
BLACK
6
CONTINUOUS
10
0.8997283464566929
20
3.2192519685039369
11
0.8997283464566929
21
3.3314566929133855
0
LINE
8
BLACK
6
CONTINUOUS
10
0.8997283464566929
20
3.3314566929133855
11
0.8072125984251969
21
3.3314566929133855
0
LINE
8
BLACK
6
CONTINUOUS
10
0.5877204724409448
20
3.376732283464567
11
0.8239409448818897
21
3.376732283464567
0
LINE
8
BLACK
6
CONTINUOUS
10
0.8239409448818897
20
3.376732283464567
11
0.8245170078740157
21
3.3766755511811022
0
LINE
8
BLACK
6
CONTINUOUS
10
0.8245170078740157
20
3.3766755511811022
11
0.8255814173228346
21
3.3762346456692911
0
LINE
8
BLACK
6
CONTINUOUS
10
0.8255814173228346
20
3.3762346456692911
11
0.826396062992126
21
3.3754200000000001
0
LINE
8
BLACK
6
CONTINUOUS
10
0.826396062992126
20
3.3754200000000001
11
0.826836968503937
21
3.3743555905511808
0
LINE
8
BLACK
6
CONTINUOUS
10
0.826836968503937
20
3.3743555905511808
11
0.8268937007874015
21
3.373779527559055
0
LINE
8
BLACK
6
CONTINUOUS
10
0.8268937007874015
20
3.373779527559055
11
0.8268937007874015
21
3.3570472440944883
0
LINE
8
BLACK
6
CONTINUOUS
10
0.8268937007874015
20
3.3570472440944883
11
0.9224055118110236
21
3.3570472440944883
0
LINE
8
BLACK
6
CONTINUOUS
10
0.9224055118110236
20
3.3570472440944883
11
0.9229815748031496
21
3.3569905118110235
0
LINE
8
BLACK
6
CONTINUOUS
10
0.9229815748031496
20
3.3569905118110235
11
0.9240459842519685
21
3.3565496062992124
0
LINE
8
BLACK
6
CONTINUOUS
10
0.9240459842519685
20
3.3565496062992124
11
0.9248606299212598
21
3.3557349606299214
0
LINE
8
BLACK
6
CONTINUOUS
10
0.9248606299212598
20
3.3557349606299214
11
0.9253015354330708
21
3.3546705511811021
0
LINE
8
BLACK
6
CONTINUOUS
10
0.9253015354330708
20
3.3546705511811021
11
0.9253015354330708
21
3.3543107874015745
0
LINE
8
BLACK
6
CONTINUOUS
10
0.9253015354330708
20
3.3543107874015745
11
0.9253228346456692
21
3.3540944881889763
0
LINE
8
BLACK
6
CONTINUOUS
10
0.9253228346456692
20
3.3540944881889763
11
0.9253228346456692
21
3.1966141732283462
0
LINE
8
BLACK
6
CONTINUOUS
10
0.9253228346456692
20
3.1966141732283462
11
0.9252661023622047
21
3.1960381102362203
0
LINE
8
BLACK
6
CONTINUOUS
10
0.9252661023622047
20
3.1960381102362203
11
0.9248251968503937
21
3.1949737007874015
0
LINE
8
BLACK
6
CONTINUOUS
10
0.9248251968503937
20
3.1949737007874015
11
0.9240105511811023
21
3.19415905511811
0
LINE
8
BLACK
6
CONTINUOUS
10
0.9240105511811023
20
3.19415905511811
11
0.9229461417322834
21
3.193718149606299
0
LINE
8
BLACK
6
CONTINUOUS
10
0.9229461417322834
20
3.193718149606299
11
0.9223700787401574
21
3.1936614173228346
0
LINE
8
BLACK
6
CONTINUOUS
10
0.9223700787401574
20
3.1936614173228346
11
0.8268937007874015
21
3.1936614173228346
0
LINE
8
BLACK
6
CONTINUOUS
10
0.8268937007874015
20
3.1936614173228346
11
0.8268937007874015
21
3.1769291338582675
0
LINE
8
BLACK
6
CONTINUOUS
10
0.8268937007874015
20
3.1769291338582675
11
0.8268937007874015
21
3.1601968503937008
0
LINE
8
BLACK
6
CONTINUOUS
10
0.8268937007874015
20
3.1601968503937008
11
0.9224055118110236
21
3.1601968503937008
0
LINE
8
BLACK
6
CONTINUOUS
10
0.9224055118110236
20
3.1601968503937008
11
0.9229815748031496
21
3.160140118110236
0
LINE
8
BLACK
6
CONTINUOUS
10
0.9229815748031496
20
3.160140118110236
11
0.9240459842519685
21
3.1596992125984253
0
LINE
8
BLACK
6
CONTINUOUS
10
0.9240459842519685
20
3.1596992125984253
11
0.9248606299212598
21
3.1588845669291339
0
LINE
8
BLACK
6
CONTINUOUS
10
0.9248606299212598
20
3.1588845669291339
11
0.9253015354330708
21
3.1578201574803151
0
LINE
8
BLACK
6
CONTINUOUS
10
0.9253015354330708
20
3.1578201574803151
11
0.9253015354330708
21
3.1574603937007875
0
LINE
8
BLACK
6
CONTINUOUS
10
0.9253015354330708
20
3.1574603937007875
11
0.9253228346456692
21
3.1572440944881888
0
LINE
8
BLACK
6
CONTINUOUS
10
0.9253228346456692
20
3.1572440944881888
11
0.9253228346456692
21
2.9997637795275591
0
LINE
8
BLACK
6
CONTINUOUS
10
0.9253228346456692
20
2.9997637795275591
11
0.9252661023622047
21
2.9991877165354328
0
LINE
8
BLACK
6
CONTINUOUS
10
0.9252661023622047
20
2.9991877165354328
11
0.9248251968503937
21
2.998123307086614
0
LINE
8
BLACK
6
CONTINUOUS
10
0.9248251968503937
20
2.998123307086614
11
0.9240105511811023
21
2.9973086614173226
0
LINE
8
BLACK
6
CONTINUOUS
10
0.9240105511811023
20
2.9973086614173226
11
0.9229461417322834
21
2.9968677559055119
0
LINE
8
BLACK
6
CONTINUOUS
10
0.9229461417322834
20
2.9968677559055119
11
0.9223700787401574
21
2.9968110236220471
0
LINE
8
BLACK
6
CONTINUOUS
10
0.9223700787401574
20
2.9968110236220471
11
0.8268937007874015
21
2.9968110236220471
0
LINE
8
BLACK
6
CONTINUOUS
10
0.8268937007874015
20
2.9968110236220471
11
0.8268937007874015
21
2.9800787401574804
0
LINE
8
BLACK
6
CONTINUOUS
10
0.8268937007874015
20
2.9800787401574804
11
0.8268937007874015
21
2.9633464566929133
0
LINE
8
BLACK
6
CONTINUOUS
10
0.8268937007874015
20
2.9633464566929133
11
0.9224055118110236
21
2.9633464566929133
0
LINE
8
BLACK
6
CONTINUOUS
10
0.9224055118110236
20
2.9633464566929133
11
0.9229815748031496
21
2.9632897244094489
0
LINE
8
BLACK
6
CONTINUOUS
10
0.9229815748031496
20
2.9632897244094489
11
0.9240459842519685
21
2.9628488188976378
0
LINE
8
BLACK
6
CONTINUOUS
10
0.9240459842519685
20
2.9628488188976378
11
0.9248606299212598
21
2.9620341732283464
0
LINE
8
BLACK
6
CONTINUOUS
10
0.9248606299212598
20
2.9620341732283464
11
0.9253015354330708
21
2.9609697637795276
0
LINE
8
BLACK
6
CONTINUOUS
10
0.9253015354330708
20
2.9609697637795276
11
0.9253015354330708
21
2.96061
0
LINE
8
BLACK
6
CONTINUOUS
10
0.9253015354330708
20
2.96061
11
0.9253228346456692
21
2.9603937007874017
0
LINE
8
BLACK
6
CONTINUOUS
10
0.9253228346456692
20
2.9603937007874017
11
0.9253228346456692
21
2.8029133858267716
0
LINE
8
BLACK
6
CONTINUOUS
10
0.9253228346456692
20
2.8029133858267716
11
0.9252661023622047
21
2.8023373228346458
0
LINE
8
BLACK
6
CONTINUOUS
10
0.9252661023622047
20
2.8023373228346458
11
0.9248251968503937
21
2.8012729133858265
0
LINE
8
BLACK
6
CONTINUOUS
10
0.9248251968503937
20
2.8012729133858265
11
0.9240105511811023
21
2.8004582677165355
0
LINE
8
BLACK
6
CONTINUOUS
10
0.9240105511811023
20
2.8004582677165355
11
0.9229461417322834
21
2.8000173622047244
0
LINE
8
BLACK
6
CONTINUOUS
10
0.9229461417322834
20
2.8000173622047244
11
0.9223700787401574
21
2.7999606299212596
0
LINE
8
BLACK
6
CONTINUOUS
10
0.9223700787401574
20
2.7999606299212596
11
0.8268937007874015
21
2.7999606299212596
0
LINE
8
BLACK
6
CONTINUOUS
10
0.8268937007874015
20
2.7999606299212596
11
0.8268937007874015
21
2.7832283464566929
0
LINE
8
BLACK
6
CONTINUOUS
10
0.8268937007874015
20
2.7832283464566929
11
0.8268937007874015
21
2.7664960629921258
0
LINE
8
BLACK
6
CONTINUOUS
10
0.8268937007874015
20
2.7664960629921258
11
0.9224055118110236
21
2.7664960629921258
0
LINE
8
BLACK
6
CONTINUOUS
10
0.9224055118110236
20
2.7664960629921258
11
0.9229815748031496
21
2.7664393307086614
0
LINE
8
BLACK
6
CONTINUOUS
10
0.9229815748031496
20
2.7664393307086614
11
0.9240459842519685
21
2.7659984251968504
0
LINE
8
BLACK
6
CONTINUOUS
10
0.9240459842519685
20
2.7659984251968504
11
0.9248606299212598
21
2.7651837795275589
0
LINE
8
BLACK
6
CONTINUOUS
10
0.9248606299212598
20
2.7651837795275589
11
0.9253015354330708
21
2.7641193700787401
0
LINE
8
BLACK
6
CONTINUOUS
10
0.9253015354330708
20
2.7641193700787401
11
0.9253015354330708
21
2.7637596062992125
0
LINE
8
BLACK
6
CONTINUOUS
10
0.9253015354330708
20
2.7637596062992125
11
0.9253228346456692
21
2.7635433070866142
0
LINE
8
BLACK
6
CONTINUOUS
10
0.9253228346456692
20
2.7635433070866142
11
0.9253228346456692
21
2.6060629921259841
0
LINE
8
BLACK
6
CONTINUOUS
10
0.9253228346456692
20
2.6060629921259841
11
0.9252661023622047
21
2.6054869291338583
0
LINE
8
BLACK
6
CONTINUOUS
10
0.9252661023622047
20
2.6054869291338583
11
0.9248251968503937
21
2.6044225196850395
0
LINE
8
BLACK
6
CONTINUOUS
10
0.9248251968503937
20
2.6044225196850395
11
0.9240105511811023
21
2.603607874015748
0
LINE
8
BLACK
6
CONTINUOUS
10
0.9240105511811023
20
2.603607874015748
11
0.9229461417322834
21
2.6031669685039369
0
LINE
8
BLACK
6
CONTINUOUS
10
0.9229461417322834
20
2.6031669685039369
11
0.9223700787401574
21
2.6031102362204726
0
LINE
8
BLACK
6
CONTINUOUS
10
0.9223700787401574
20
2.6031102362204726
11
0.8268937007874015
21
2.6031102362204726
0
LINE
8
BLACK
6
CONTINUOUS
10
0.8268937007874015
20
2.6031102362204726
11
0.8268937007874015
21
2.5863779527559054
0
LINE
8
BLACK
6
CONTINUOUS
10
0.8268937007874015
20
2.5863779527559054
11
0.8268937007874015
21
2.5696456692913383
0
LINE
8
BLACK
6
CONTINUOUS
10
0.8268937007874015
20
2.5696456692913383
11
0.9224055118110236
21
2.5696456692913383
0
LINE
8
BLACK
6
CONTINUOUS
10
0.9224055118110236
20
2.5696456692913383
11
0.9229815748031496
21
2.5695889370078739
0
LINE
8
BLACK
6
CONTINUOUS
10
0.9229815748031496
20
2.5695889370078739
11
0.9240459842519685
21
2.5691480314960629
0
LINE
8
BLACK
6
CONTINUOUS
10
0.9240459842519685
20
2.5691480314960629
11
0.9248606299212598
21
2.5683333858267714
0
LINE
8
BLACK
6
CONTINUOUS
10
0.9248606299212598
20
2.5683333858267714
11
0.9253015354330708
21
2.5672689763779526
0
LINE
8
BLACK
6
CONTINUOUS
10
0.9253015354330708
20
2.5672689763779526
11
0.9253015354330708
21
2.566909212598425
0
LINE
8
BLACK
6
CONTINUOUS
10
0.9253015354330708
20
2.566909212598425
11
0.9253228346456692
21
2.5666929133858267
0
LINE
8
BLACK
6
CONTINUOUS
10
0.9253228346456692
20
2.5666929133858267
11
0.9253228346456692
21
2.4092125984251966
0
LINE
8
BLACK
6
CONTINUOUS
10
0.9253228346456692
20
2.4092125984251966
11
0.9252661023622047
21
2.4086365354330708
0
LINE
8
BLACK
6
CONTINUOUS
10
0.9252661023622047
20
2.4086365354330708
11
0.9248251968503937
21
2.407572125984252
0
LINE
8
BLACK
6
CONTINUOUS
10
0.9248251968503937
20
2.407572125984252
11
0.9240105511811023
21
2.4067574803149605
0
LINE
8
BLACK
6
CONTINUOUS
10
0.9240105511811023
20
2.4067574803149605
11
0.9229461417322834
21
2.4063165748031494
0
LINE
8
BLACK
6
CONTINUOUS
10
0.9229461417322834
20
2.4063165748031494
11
0.9223700787401574
21
2.4062598425196851
0
LINE
8
BLACK
6
CONTINUOUS
10
0.9223700787401574
20
2.4062598425196851
11
0.8268937007874015
21
2.4062598425196851
0
LINE
8
BLACK
6
CONTINUOUS
10
0.8268937007874015
20
2.4062598425196851
11
0.8268937007874015
21
2.3895275590551179
0
LINE
8
BLACK
6
CONTINUOUS
10
0.8268937007874015
20
2.3895275590551179
11
0.8268937007874015
21
2.3727952755905513
0
LINE
8
BLACK
6
CONTINUOUS
10
0.8268937007874015
20
2.3727952755905513
11
0.9224055118110236
21
2.3727952755905513
0
LINE
8
BLACK
6
CONTINUOUS
10
0.9224055118110236
20
2.3727952755905513
11
0.9229815748031496
21
2.3727385433070864
0
LINE
8
BLACK
6
CONTINUOUS
10
0.9229815748031496
20
2.3727385433070864
11
0.9240459842519685
21
2.3722976377952754
0
LINE
8
BLACK
6
CONTINUOUS
10
0.9240459842519685
20
2.3722976377952754
11
0.9248606299212598
21
2.3714829921259843
0
LINE
8
BLACK
6
CONTINUOUS
10
0.9248606299212598
20
2.3714829921259843
11
0.9253015354330708
21
2.3704185826771651
0
LINE
8
BLACK
6
CONTINUOUS
10
0.9253015354330708
20
2.3704185826771651
11
0.9253015354330708
21
2.3700588188976379
0
LINE
8
BLACK
6
CONTINUOUS
10
0.9253015354330708
20
2.3700588188976379
11
0.9253228346456692
21
2.3698425196850392
0
LINE
8
BLACK
6
CONTINUOUS
10
0.9253228346456692
20
2.3698425196850392
11
0.9253228346456692
21
2.2123622047244096
0
LINE
8
BLACK
6
CONTINUOUS
10
0.9253228346456692
20
2.2123622047244096
11
0.9252661023622047
21
2.2117861417322833
0
LINE
8
BLACK
6
CONTINUOUS
10
0.9252661023622047
20
2.2117861417322833
11
0.9248251968503937
21
2.2107217322834645
0
LINE
8
BLACK
6
CONTINUOUS
10
0.9248251968503937
20
2.2107217322834645
11
0.9240105511811023
21
2.209907086614173
0
LINE
8
BLACK
6
CONTINUOUS
10
0.9240105511811023
20
2.209907086614173
11
0.9229461417322834
21
2.2094661811023624
0
LINE
8
BLACK
6
CONTINUOUS
10
0.9229461417322834
20
2.2094661811023624
11
0.9223700787401574
21
2.2094094488188976
0
LINE
8
BLACK
6
CONTINUOUS
10
0.9223700787401574
20
2.2094094488188976
11
0.8268937007874015
21
2.2094094488188976
0
LINE
8
BLACK
6
CONTINUOUS
10
0.8268937007874015
20
2.2094094488188976
11
0.8268937007874015
21
2.1926771653543304
0
LINE
8
BLACK
6
CONTINUOUS
10
0.8268937007874015
20
2.1926771653543304
11
0.8268937007874015
21
2.1759448818897638
0
LINE
8
BLACK
6
CONTINUOUS
10
0.8268937007874015
20
2.1759448818897638
11
0.9224055118110236
21
2.1759448818897638
0
LINE
8
BLACK
6
CONTINUOUS
10
0.9224055118110236
20
2.1759448818897638
11
0.9229815748031496
21
2.1758881496062989
0
LINE
8
BLACK
6
CONTINUOUS
10
0.9229815748031496
20
2.1758881496062989
11
0.9240459842519685
21
2.1754472440944883
0
LINE
8
BLACK
6
CONTINUOUS
10
0.9240459842519685
20
2.1754472440944883
11
0.9248606299212598
21
2.1746325984251968
0
LINE
8
BLACK
6
CONTINUOUS
10
0.9248606299212598
20
2.1746325984251968
11
0.9253015354330708
21
2.173568188976378
0
LINE
8
BLACK
6
CONTINUOUS
10
0.9253015354330708
20
2.173568188976378
11
0.9253015354330708
21
2.1732084251968504
0
LINE
8
BLACK
6
CONTINUOUS
10
0.9253015354330708
20
2.1732084251968504
11
0.9253228346456692
21
2.1729921259842517
0
LINE
8
BLACK
6
CONTINUOUS
10
0.9253228346456692
20
2.1729921259842517
11
0.9253228346456692
21
2.0155118110236221
0
LINE
8
BLACK
6
CONTINUOUS
10
0.9253228346456692
20
2.0155118110236221
11
0.9252661023622047
21
2.0149357480314962
0
LINE
8
BLACK
6
CONTINUOUS
10
0.9252661023622047
20
2.0149357480314962
11
0.9248251968503937
21
2.013871338582677
0
LINE
8
BLACK
6
CONTINUOUS
10
0.9248251968503937
20
2.013871338582677
11
0.9240105511811023
21
2.013056692913386
0
LINE
8
BLACK
6
CONTINUOUS
10
0.9240105511811023
20
2.013056692913386
11
0.9229461417322834
21
2.0126157874015749
0
LINE
8
BLACK
6
CONTINUOUS
10
0.9229461417322834
20
2.0126157874015749
11
0.9223700787401574
21
2.0125590551181101
0
LINE
8
BLACK
6
CONTINUOUS
10
0.9223700787401574
20
2.0125590551181101
11
0.8268937007874015
21
2.0125590551181101
0
LINE
8
BLACK
6
CONTINUOUS
10
0.8268937007874015
20
2.0125590551181101
11
0.8268937007874015
21
1.9958267716535432
0
LINE
8
BLACK
6
CONTINUOUS
10
0.8268937007874015
20
1.9958267716535432
11
0.8268937007874015
21
1.9790944881889763
0
LINE
8
BLACK
6
CONTINUOUS
10
0.8268937007874015
20
1.9790944881889763
11
0.9224055118110236
21
1.9790944881889763
0
LINE
8
BLACK
6
CONTINUOUS
10
0.9224055118110236
20
1.9790944881889763
11
0.9229815748031496
21
1.9790377559055117
0
LINE
8
BLACK
6
CONTINUOUS
10
0.9229815748031496
20
1.9790377559055117
11
0.9240459842519685
21
1.9785968503937008
0
LINE
8
BLACK
6
CONTINUOUS
10
0.9240459842519685
20
1.9785968503937008
11
0.9248606299212598
21
1.9777822047244094
0
LINE
8
BLACK
6
CONTINUOUS
10
0.9248606299212598
20
1.9777822047244094
11
0.9253015354330708
21
1.9767177952755906
0
LINE
8
BLACK
6
CONTINUOUS
10
0.9253015354330708
20
1.9767177952755906
11
0.9253015354330708
21
1.9763580314960629
0
LINE
8
BLACK
6
CONTINUOUS
10
0.9253015354330708
20
1.9763580314960629
11
0.9253228346456692
21
1.9761417322834645
0
LINE
8
BLACK
6
CONTINUOUS
10
0.9253228346456692
20
1.9761417322834645
11
0.9253228346456692
21
1.8186614173228346
0
LINE
8
BLACK
6
CONTINUOUS
10
0.9253228346456692
20
1.8186614173228346
11
0.9252661023622047
21
1.8180853543307087
0
LINE
8
BLACK
6
CONTINUOUS
10
0.9252661023622047
20
1.8180853543307087
11
0.9248251968503937
21
1.8170209448818897
0
LINE
8
BLACK
6
CONTINUOUS
10
0.9248251968503937
20
1.8170209448818897
11
0.9240105511811023
21
1.8162062992125985
0
LINE
8
BLACK
6
CONTINUOUS
10
0.9240105511811023
20
1.8162062992125985
11
0.9229461417322834
21
1.8157653937007874
0
LINE
8
BLACK
6
CONTINUOUS
10
0.9229461417322834
20
1.8157653937007874
11
0.9223700787401574
21
1.8157086614173228
0
LINE
8
BLACK
6
CONTINUOUS
10
0.9223700787401574
20
1.8157086614173228
11
0.8268937007874015
21
1.8157086614173228
0
LINE
8
BLACK
6
CONTINUOUS
10
0.8268937007874015
20
1.8157086614173228
11
0.8268937007874015
21
1.7989763779527559
0
LINE
8
BLACK
6
CONTINUOUS
10
0.8268937007874015
20
1.7989763779527559
11
0.8268937007874015
21
1.782244094488189
0
LINE
8
BLACK
6
CONTINUOUS
10
0.8268937007874015
20
1.782244094488189
11
0.9224055118110236
21
1.782244094488189
0
LINE
8
BLACK
6
CONTINUOUS
10
0.9224055118110236
20
1.782244094488189
11
0.9229815748031496
21
1.7821873622047244
0
LINE
8
BLACK
6
CONTINUOUS
10
0.9229815748031496
20
1.7821873622047244
11
0.9240459842519685
21
1.7817464566929133
0
LINE
8
BLACK
6
CONTINUOUS
10
0.9240459842519685
20
1.7817464566929133
11
0.9248606299212598
21
1.7809318110236221
0
LINE
8
BLACK
6
CONTINUOUS
10
0.9248606299212598
20
1.7809318110236221
11
0.9253015354330708
21
1.7798674015748031
0
LINE
8
BLACK
6
CONTINUOUS
10
0.9253015354330708
20
1.7798674015748031
11
0.9253015354330708
21
1.7795076377952757
0
LINE
8
BLACK
6
CONTINUOUS
10
0.9253015354330708
20
1.7795076377952757
11
0.9253228346456692
21
1.7792913385826772
0
LINE
8
BLACK
6
CONTINUOUS
10
0.9253228346456692
20
1.7792913385826772
11
0.9253228346456692
21
1.6218110236220471
0
LINE
8
BLACK
6
CONTINUOUS
10
0.9253228346456692
20
1.6218110236220471
11
0.9252661023622047
21
1.6212349606299212
0
LINE
8
BLACK
6
CONTINUOUS
10
0.9252661023622047
20
1.6212349606299212
11
0.9248251968503937
21
1.6201705511811024
0
LINE
8
BLACK
6
CONTINUOUS
10
0.9248251968503937
20
1.6201705511811024
11
0.9240105511811023
21
1.619355905511811
0
LINE
8
BLACK
6
CONTINUOUS
10
0.9240105511811023
20
1.619355905511811
11
0.9229461417322834
21
1.6189149999999999
0
LINE
8
BLACK
6
CONTINUOUS
10
0.9229461417322834
20
1.6189149999999999
11
0.9223700787401574
21
1.6188582677165353
0
LINE
8
BLACK
6
CONTINUOUS
10
0.9223700787401574
20
1.6188582677165353
11
0.8268937007874015
21
1.6188582677165353
0
LINE
8
BLACK
6
CONTINUOUS
10
0.8268937007874015
20
1.6188582677165353
11
0.8268937007874015
21
1.6021259842519684
0
LINE
8
BLACK
6
CONTINUOUS
10
0.8268937007874015
20
1.6021259842519684
11
0.8268937007874015
21
1.5853937007874015
0
LINE
8
BLACK
6
CONTINUOUS
10
0.8268937007874015
20
1.5853937007874015
11
0.9224055118110236
21
1.5853937007874015
0
LINE
8
BLACK
6
CONTINUOUS
10
0.9224055118110236
20
1.5853937007874015
11
0.9229815748031496
21
1.5853369685039369
0
LINE
8
BLACK
6
CONTINUOUS
10
0.9229815748031496
20
1.5853369685039369
11
0.9240459842519685
21
1.584896062992126
0
LINE
8
BLACK
6
CONTINUOUS
10
0.9240459842519685
20
1.584896062992126
11
0.9248606299212598
21
1.5840814173228346
0
LINE
8
BLACK
6
CONTINUOUS
10
0.9248606299212598
20
1.5840814173228346
11
0.9253015354330708
21
1.5830170078740158
0
LINE
8
BLACK
6
CONTINUOUS
10
0.9253015354330708
20
1.5830170078740158
11
0.9253015354330708
21
1.5826572440944882
0
LINE
8
BLACK
6
CONTINUOUS
10
0.9253015354330708
20
1.5826572440944882
11
0.9253228346456692
21
1.5824409448818897
0
LINE
8
BLACK
6
CONTINUOUS
10
0.9253228346456692
20
1.5824409448818897
11
0.9253228346456692
21
1.4249606299212598
0
LINE
8
BLACK
6
CONTINUOUS
10
0.9253228346456692
20
1.4249606299212598
11
0.9252661023622047
21
1.4243845669291337
0
LINE
8
BLACK
6
CONTINUOUS
10
0.9252661023622047
20
1.4243845669291337
11
0.9248251968503937
21
1.4233201574803149
0
LINE
8
BLACK
6
CONTINUOUS
10
0.9248251968503937
20
1.4233201574803149
11
0.9240105511811023
21
1.4225055118110237
0
LINE
8
BLACK
6
CONTINUOUS
10
0.9240105511811023
20
1.4225055118110237
11
0.9229461417322834
21
1.4220646062992126
0
LINE
8
BLACK
6
CONTINUOUS
10
0.9229461417322834
20
1.4220646062992126
11
0.9223700787401574
21
1.422007874015748
0
LINE
8
BLACK
6
CONTINUOUS
10
0.9223700787401574
20
1.422007874015748
11
0.8268937007874015
21
1.422007874015748
0
LINE
8
BLACK
6
CONTINUOUS
10
0.8268937007874015
20
1.422007874015748
11
0.8268937007874015
21
1.4052755905511811
0
LINE
8
BLACK
6
CONTINUOUS
10
0.8268937007874015
20
1.4052755905511811
11
0.8268937007874015
21
1.3885433070866142
0
LINE
8
BLACK
6
CONTINUOUS
10
0.8268937007874015
20
1.3885433070866142
11
0.9224055118110236
21
1.3885433070866142
0
LINE
8
BLACK
6
CONTINUOUS
10
0.9224055118110236
20
1.3885433070866142
11
0.9229815748031496
21
1.3884865748031496
0
LINE
8
BLACK
6
CONTINUOUS
10
0.9229815748031496
20
1.3884865748031496
11
0.9240459842519685
21
1.3880456692913385
0
LINE
8
BLACK
6
CONTINUOUS
10
0.9240459842519685
20
1.3880456692913385
11
0.9248606299212598
21
1.3872310236220473
0
LINE
8
BLACK
6
CONTINUOUS
10
0.9248606299212598
20
1.3872310236220473
11
0.9253015354330708
21
1.3861666141732283
0
LINE
8
BLACK
6
CONTINUOUS
10
0.9253015354330708
20
1.3861666141732283
11
0.9253015354330708
21
1.3858068503937007
0
LINE
8
BLACK
6
CONTINUOUS
10
0.9253015354330708
20
1.3858068503937007
11
0.9253228346456692
21
1.3855905511811024
0
LINE
8
BLACK
6
CONTINUOUS
10
0.9253228346456692
20
1.3855905511811024
11
0.9253228346456692
21
1.2281102362204723
0
LINE
8
BLACK
6
CONTINUOUS
10
0.9253228346456692
20
1.2281102362204723
11
0.9252661023622047
21
1.2275341732283465
0
LINE
8
BLACK
6
CONTINUOUS
10
0.9252661023622047
20
1.2275341732283465
11
0.9248251968503937
21
1.2264697637795274
0
LINE
8
BLACK
6
CONTINUOUS
10
0.9248251968503937
20
1.2264697637795274
11
0.9240105511811023
21
1.2256551181102362
0
LINE
8
BLACK
6
CONTINUOUS
10
0.9240105511811023
20
1.2256551181102362
11
0.9229461417322834
21
1.2252142125984251
0
LINE
8
BLACK
6
CONTINUOUS
10
0.9229461417322834
20
1.2252142125984251
11
0.9223700787401574
21
1.2251574803149605
0
LINE
8
BLACK
6
CONTINUOUS
10
0.9223700787401574
20
1.2251574803149605
11
0.8268937007874015
21
1.2251574803149605
0
LINE
8
BLACK
6
CONTINUOUS
10
0.8268937007874015
20
1.2251574803149605
11
0.8268937007874015
21
1.2084251968503936
0
LINE
8
BLACK
6
CONTINUOUS
10
0.8268937007874015
20
1.2084251968503936
11
0.8268937007874015
21
1.1916929133858267
0
LINE
8
BLACK
6
CONTINUOUS
10
0.8268937007874015
20
1.1916929133858267
11
0.9224055118110236
21
1.1916929133858267
0
LINE
8
BLACK
6
CONTINUOUS
10
0.9224055118110236
20
1.1916929133858267
11
0.9229815748031496
21
1.1916361811023621
0
LINE
8
BLACK
6
CONTINUOUS
10
0.9229815748031496
20
1.1916361811023621
11
0.9240459842519685
21
1.1911952755905511
0
LINE
8
BLACK
6
CONTINUOUS
10
0.9240459842519685
20
1.1911952755905511
11
0.9248606299212598
21
1.1903806299212598
0
LINE
8
BLACK
6
CONTINUOUS
10
0.9248606299212598
20
1.1903806299212598
11
0.9253015354330708
21
1.189316220472441
0
LINE
8
BLACK
6
CONTINUOUS
10
0.9253015354330708
20
1.189316220472441
11
0.9253015354330708
21
1.1889564566929134
0
LINE
8
BLACK
6
CONTINUOUS
10
0.9253015354330708
20
1.1889564566929134
11
0.9253228346456692
21
1.1887401574803149
0
LINE
8
BLACK
6
CONTINUOUS
10
0.9253228346456692
20
1.1887401574803149
11
0.9253228346456692
21
1.0312598425196851
0
LINE
8
BLACK
6
CONTINUOUS
10
0.9253228346456692
20
1.0312598425196851
11
0.9252661023622047
21
1.030683779527559
0
LINE
8
BLACK
6
CONTINUOUS
10
0.9252661023622047
20
1.030683779527559
11
0.9248251968503937
21
1.0296193700787402
0
LINE
8
BLACK
6
CONTINUOUS
10
0.9248251968503937
20
1.0296193700787402
11
0.9240105511811023
21
1.0288047244094487
0
LINE
8
BLACK
6
CONTINUOUS
10
0.9240105511811023
20
1.0288047244094487
11
0.9229461417322834
21
1.0283638188976378
0
LINE
8
BLACK
6
CONTINUOUS
10
0.9229461417322834
20
1.0283638188976378
11
0.9223700787401574
21
1.0283070866141732
0
LINE
8
BLACK
6
CONTINUOUS
10
0.9223700787401574
20
1.0283070866141732
11
0.8268937007874015
21
1.0283070866141732
0
LINE
8
BLACK
6
CONTINUOUS
10
0.8268937007874015
20
1.0283070866141732
11
0.8268937007874015
21
1.0115748031496063
0
LINE
8
BLACK
6
CONTINUOUS
10
0.8268937007874015
20
1.0115748031496063
11
0.826836968503937
21
1.0109987401574803
0
LINE
8
BLACK
6
CONTINUOUS
10
0.826836968503937
20
1.0109987401574803
11
0.826396062992126
21
1.0099343307086615
0
LINE
8
BLACK
6
CONTINUOUS
10
0.826396062992126
20
1.0099343307086615
11
0.8255814173228346
21
1.00911968503937
0
LINE
8
BLACK
6
CONTINUOUS
10
0.8255814173228346
20
1.00911968503937
11
0.8245170078740157
21
1.0086787795275591
0
LINE
8
BLACK
6
CONTINUOUS
10
0.8245170078740157
20
1.0086787795275591
11
0.8239409448818897
21
1.0086220472440945
0
LINE
8
BLACK
6
CONTINUOUS
10
0.8239409448818897
20
1.0086220472440945
11
0.5877204724409448
21
1.0086220472440945
0
LINE
8
BLACK
6
CONTINUOUS
10
0.5877204724409448
20
1.0086220472440945
11
0.2333897637795276
21
1.0086220472440945
0
LINE
8
BLACK
6
CONTINUOUS
10
0.2333897637795276
20
1.0086220472440945
11
0.2328536614173228
21
1.008674842519685
0
LINE
8
BLACK
6
CONTINUOUS
10
0.2328536614173228
20
1.008674842519685
11
0.2328137007874016
21
1.008674842519685
0
LINE
8
BLACK
6
CONTINUOUS
10
0.2328137007874016
20
1.008674842519685
11
0.2317492913385827
21
1.0091157480314961
0
LINE
8
BLACK
6
CONTINUOUS
10
0.2317492913385827
20
1.0091157480314961
11
0.2309346456692913
21
1.0099303937007873
0
LINE
8
BLACK
6
CONTINUOUS
10
0.2309346456692913
20
1.0099303937007873
11
0.2304937401574803
21
1.0109948031496063
0
LINE
8
BLACK
6
CONTINUOUS
10
0.2304937401574803
20
1.0109948031496063
11
0.2304370078740157
21
1.0115708661417322
0
LINE
8
BLACK
6
CONTINUOUS
10
0.2304370078740157
20
1.0115708661417322
11
0.2304370078740157
21
1.2084291338582678
0
LINE
8
BLACK
6
CONTINUOUS
10
0.2304370078740157
20
1.2084291338582678
11
0.2304370078740157
21
1.4052795275590551
0
LINE
8
BLACK
6
CONTINUOUS
10
0.2304370078740157
20
1.4052795275590551
11
0.2304370078740157
21
1.6021299212598425
0
LINE
8
BLACK
6
CONTINUOUS
10
0.2304370078740157
20
1.6021299212598425
11
0.2304370078740157
21
1.7989803149606298
0
LINE
8
BLACK
6
CONTINUOUS
10
0.2304370078740157
20
1.7989803149606298
11
0.2304370078740157
21
1.9958307086614173
0
LINE
8
BLACK
6
CONTINUOUS
10
0.2304370078740157
20
1.9958307086614173
11
0.2304370078740157
21
2.1926811023622048
0
LINE
8
BLACK
6
CONTINUOUS
10
0.2304370078740157
20
2.1926811023622048
11
0.2304370078740157
21
2.3895314960629919
0
LINE
8
BLACK
6
CONTINUOUS
10
0.2304370078740157
20
2.3895314960629919
11
0.2304370078740157
21
2.5863818897637794
0
LINE
8
BLACK
6
CONTINUOUS
10
0.2304370078740157
20
2.5863818897637794
11
0.2304370078740157
21
2.7832322834645669
0
LINE
8
BLACK
6
CONTINUOUS
10
0.2304370078740157
20
2.7832322834645669
11
0.2304370078740157
21
2.9800826771653544
0
LINE
8
BLACK
6
CONTINUOUS
10
0.2304370078740157
20
2.9800826771653544
11
0.2304370078740157
21
3.1769330708661419
0
LINE
8
BLACK
6
CONTINUOUS
10
0.2304370078740157
20
3.1769330708661419
11
0.2304370078740157
21
3.3737834645669289
0
LINE
8
BLACK
6
CONTINUOUS
10
0.2304370078740157
20
3.3737834645669289
11
0.2304937401574803
21
3.3743595275590552
0
LINE
8
BLACK
6
CONTINUOUS
10
0.2304937401574803
20
3.3743595275590552
11
0.2309346456692913
21
3.375423937007874
0
LINE
8
BLACK
6
CONTINUOUS
10
0.2309346456692913
20
3.375423937007874
11
0.2317492913385827
21
3.3762385826771655
0
LINE
8
BLACK
6
CONTINUOUS
10
0.2317492913385827
20
3.3762385826771655
11
0.2328137007874016
21
3.3766794881889761
0
LINE
8
BLACK
6
CONTINUOUS
10
0.2328137007874016
20
3.3766794881889761
11
0.2328536614173228
21
3.3766794881889761
0
LINE
8
BLACK
6
CONTINUOUS
10
0.2328536614173228
20
3.3766794881889761
11
0.2333897637795276
21
3.376732283464567
0
LINE
8
BLACK
6
CONTINUOUS
10
0.2333897637795276
20
3.376732283464567
11
0.5877204724409448
21
3.376732283464567
0
LINE
8
BLACK
6
CONTINUOUS
10
0.2363425196850394
20
1.2054724409448818
11
0.2363425196850394
21
1.0145275590551182
0
LINE
8
BLACK
6
CONTINUOUS
10
0.2363425196850394
20
1.0145275590551182
11
0.5877204724409448
21
1.0145275590551182
0
LINE
8
BLACK
6
CONTINUOUS
10
0.5877204724409448
20
1.0145275590551182
11
0.8209881889763779
21
1.0145275590551182
0
LINE
8
BLACK
6
CONTINUOUS
10
0.8209881889763779
20
1.0145275590551182
11
0.8209881889763779
21
1.0283070866141732
0
LINE
8
BLACK
6
CONTINUOUS
10
0.8209881889763779
20
1.0283070866141732
11
0.7845708661417322
21
1.0283070866141732
0
LINE
8
BLACK
6
CONTINUOUS
10
0.7845708661417322
20
1.0283070866141732
11
0.7839948031496062
21
1.0283638188976378
0
LINE
8
BLACK
6
CONTINUOUS
10
0.7839948031496062
20
1.0283638188976378
11
0.7829303937007874
21
1.0288047244094487
0
LINE
8
BLACK
6
CONTINUOUS
10
0.7829303937007874
20
1.0288047244094487
11
0.7821157480314961
21
1.0296193700787402
0
LINE
8
BLACK
6
CONTINUOUS
10
0.7821157480314961
20
1.0296193700787402
11
0.781674842519685
21
1.030683779527559
0
LINE
8
BLACK
6
CONTINUOUS
10
0.781674842519685
20
1.030683779527559
11
0.7816181102362204
21
1.0312598425196851
0
LINE
8
BLACK
6
CONTINUOUS
10
0.7816181102362204
20
1.0312598425196851
11
0.7816181102362204
21
1.1887401574803149
0
LINE
8
BLACK
6
CONTINUOUS
10
0.7816181102362204
20
1.1887401574803149
11
0.781674842519685
21
1.189316220472441
0
LINE
8
BLACK
6
CONTINUOUS
10
0.781674842519685
20
1.189316220472441
11
0.7821157480314961
21
1.1903806299212598
0
LINE
8
BLACK
6
CONTINUOUS
10
0.7821157480314961
20
1.1903806299212598
11
0.7829303937007874
21
1.1911952755905511
0
LINE
8
BLACK
6
CONTINUOUS
10
0.7829303937007874
20
1.1911952755905511
11
0.7839948031496062
21
1.1916361811023621
0
LINE
8
BLACK
6
CONTINUOUS
10
0.7839948031496062
20
1.1916361811023621
11
0.7845708661417322
21
1.1916929133858267
0
LINE
8
BLACK
6
CONTINUOUS
10
0.7845708661417322
20
1.1916929133858267
11
0.8209881889763779
21
1.1916929133858267
0
LINE
8
BLACK
6
CONTINUOUS
10
0.8209881889763779
20
1.1916929133858267
11
0.8209881889763779
21
1.2054724409448818
0
LINE
8
BLACK
6
CONTINUOUS
10
0.8209881889763779
20
1.2054724409448818
11
0.5877204724409448
21
1.2054724409448818
0
LINE
8
BLACK
6
CONTINUOUS
10
0.5877204724409448
20
1.2054724409448818
11
0.2363425196850394
21
1.2054724409448818
0
LINE
8
BLACK
6
CONTINUOUS
10
0.7875236220472441
20
1.1857874015748031
11
0.7875236220472441
21
1.0342125984251969
0
LINE
8
BLACK
6
CONTINUOUS
10
0.7875236220472441
20
1.0342125984251969
11
0.9194173228346456
21
1.0342125984251969
0
LINE
8
BLACK
6
CONTINUOUS
10
0.9194173228346456
20
1.0342125984251969
11
0.9194173228346456
21
1.1857874015748031
0
LINE
8
BLACK
6
CONTINUOUS
10
0.9194173228346456
20
1.1857874015748031
11
0.7875236220472441
21
1.1857874015748031
0
LINE
8
BLACK
6
CONTINUOUS
10
0.2363425196850394
20
1.4023228346456693
11
0.2363425196850394
21
1.2113779527559054
0
LINE
8
BLACK
6
CONTINUOUS
10
0.2363425196850394
20
1.2113779527559054
11
0.5877204724409448
21
1.2113779527559054
0
LINE
8
BLACK
6
CONTINUOUS
10
0.5877204724409448
20
1.2113779527559054
11
0.8209881889763779
21
1.2113779527559054
0
LINE
8
BLACK
6
CONTINUOUS
10
0.8209881889763779
20
1.2113779527559054
11
0.8209881889763779
21
1.2251574803149605
0
LINE
8
BLACK
6
CONTINUOUS
10
0.8209881889763779
20
1.2251574803149605
11
0.7845708661417322
21
1.2251574803149605
0
LINE
8
BLACK
6
CONTINUOUS
10
0.7845708661417322
20
1.2251574803149605
11
0.7839948031496062
21
1.2252142125984251
0
LINE
8
BLACK
6
CONTINUOUS
10
0.7839948031496062
20
1.2252142125984251
11
0.7829303937007874
21
1.2256551181102362
0
LINE
8
BLACK
6
CONTINUOUS
10
0.7829303937007874
20
1.2256551181102362
11
0.7821157480314961
21
1.2264697637795274
0
LINE
8
BLACK
6
CONTINUOUS
10
0.7821157480314961
20
1.2264697637795274
11
0.781674842519685
21
1.2275341732283465
0
LINE
8
BLACK
6
CONTINUOUS
10
0.781674842519685
20
1.2275341732283465
11
0.7816181102362204
21
1.2281102362204723
0
LINE
8
BLACK
6
CONTINUOUS
10
0.7816181102362204
20
1.2281102362204723
11
0.7816181102362204
21
1.3855905511811024
0
LINE
8
BLACK
6
CONTINUOUS
10
0.7816181102362204
20
1.3855905511811024
11
0.781674842519685
21
1.3861666141732283
0
LINE
8
BLACK
6
CONTINUOUS
10
0.781674842519685
20
1.3861666141732283
11
0.7821157480314961
21
1.3872310236220473
0
LINE
8
BLACK
6
CONTINUOUS
10
0.7821157480314961
20
1.3872310236220473
11
0.7829303937007874
21
1.3880456692913385
0
LINE
8
BLACK
6
CONTINUOUS
10
0.7829303937007874
20
1.3880456692913385
11
0.7839948031496062
21
1.3884865748031496
0
LINE
8
BLACK
6
CONTINUOUS
10
0.7839948031496062
20
1.3884865748031496
11
0.7845708661417322
21
1.3885433070866142
0
LINE
8
BLACK
6
CONTINUOUS
10
0.7845708661417322
20
1.3885433070866142
11
0.8209881889763779
21
1.3885433070866142
0
LINE
8
BLACK
6
CONTINUOUS
10
0.8209881889763779
20
1.3885433070866142
11
0.8209881889763779
21
1.4023228346456693
0
LINE
8
BLACK
6
CONTINUOUS
10
0.8209881889763779
20
1.4023228346456693
11
0.5877204724409448
21
1.4023228346456693
0
LINE
8
BLACK
6
CONTINUOUS
10
0.5877204724409448
20
1.4023228346456693
11
0.2363425196850394
21
1.4023228346456693
0
LINE
8
BLACK
6
CONTINUOUS
10
0.7875236220472441
20
1.3826377952755906
11
0.7875236220472441
21
1.2310629921259841
0
LINE
8
BLACK
6
CONTINUOUS
10
0.7875236220472441
20
1.2310629921259841
11
0.9194173228346456
21
1.2310629921259841
0
LINE
8
BLACK
6
CONTINUOUS
10
0.9194173228346456
20
1.2310629921259841
11
0.9194173228346456
21
1.3826377952755906
0
LINE
8
BLACK
6
CONTINUOUS
10
0.9194173228346456
20
1.3826377952755906
11
0.7875236220472441
21
1.3826377952755906
0
LINE
8
BLACK
6
CONTINUOUS
10
0.2363425196850394
20
1.5991732283464566
11
0.2363425196850394
21
1.4082283464566929
0
LINE
8
BLACK
6
CONTINUOUS
10
0.2363425196850394
20
1.4082283464566929
11
0.5877204724409448
21
1.4082283464566929
0
LINE
8
BLACK
6
CONTINUOUS
10
0.5877204724409448
20
1.4082283464566929
11
0.8209881889763779
21
1.4082283464566929
0
LINE
8
BLACK
6
CONTINUOUS
10
0.8209881889763779
20
1.4082283464566929
11
0.8209881889763779
21
1.422007874015748
0
LINE
8
BLACK
6
CONTINUOUS
10
0.8209881889763779
20
1.422007874015748
11
0.7845708661417322
21
1.422007874015748
0
LINE
8
BLACK
6
CONTINUOUS
10
0.7845708661417322
20
1.422007874015748
11
0.7839948031496062
21
1.4220646062992126
0
LINE
8
BLACK
6
CONTINUOUS
10
0.7839948031496062
20
1.4220646062992126
11
0.7829303937007874
21
1.4225055118110237
0
LINE
8
BLACK
6
CONTINUOUS
10
0.7829303937007874
20
1.4225055118110237
11
0.7821157480314961
21
1.4233201574803149
0
LINE
8
BLACK
6
CONTINUOUS
10
0.7821157480314961
20
1.4233201574803149
11
0.781674842519685
21
1.4243845669291337
0
LINE
8
BLACK
6
CONTINUOUS
10
0.781674842519685
20
1.4243845669291337
11
0.7816181102362204
21
1.4249606299212598
0
LINE
8
BLACK
6
CONTINUOUS
10
0.7816181102362204
20
1.4249606299212598
11
0.7816181102362204
21
1.5824409448818897
0
LINE
8
BLACK
6
CONTINUOUS
10
0.7816181102362204
20
1.5824409448818897
11
0.781674842519685
21
1.5830170078740158
0
LINE
8
BLACK
6
CONTINUOUS
10
0.781674842519685
20
1.5830170078740158
11
0.7821157480314961
21
1.5840814173228346
0
LINE
8
BLACK
6
CONTINUOUS
10
0.7821157480314961
20
1.5840814173228346
11
0.7829303937007874
21
1.584896062992126
0
LINE
8
BLACK
6
CONTINUOUS
10
0.7829303937007874
20
1.584896062992126
11
0.7839948031496062
21
1.5853369685039369
0
LINE
8
BLACK
6
CONTINUOUS
10
0.7839948031496062
20
1.5853369685039369
11
0.7845708661417322
21
1.5853937007874015
0
LINE
8
BLACK
6
CONTINUOUS
10
0.7845708661417322
20
1.5853937007874015
11
0.8209881889763779
21
1.5853937007874015
0
LINE
8
BLACK
6
CONTINUOUS
10
0.8209881889763779
20
1.5853937007874015
11
0.8209881889763779
21
1.5991732283464566
0
LINE
8
BLACK
6
CONTINUOUS
10
0.8209881889763779
20
1.5991732283464566
11
0.5877204724409448
21
1.5991732283464566
0
LINE
8
BLACK
6
CONTINUOUS
10
0.5877204724409448
20
1.5991732283464566
11
0.2363425196850394
21
1.5991732283464566
0
LINE
8
BLACK
6
CONTINUOUS
10
0.7875236220472441
20
1.5794881889763779
11
0.7875236220472441
21
1.4279133858267716
0
LINE
8
BLACK
6
CONTINUOUS
10
0.7875236220472441
20
1.4279133858267716
11
0.9194173228346456
21
1.4279133858267716
0
LINE
8
BLACK
6
CONTINUOUS
10
0.9194173228346456
20
1.4279133858267716
11
0.9194173228346456
21
1.5794881889763779
0
LINE
8
BLACK
6
CONTINUOUS
10
0.9194173228346456
20
1.5794881889763779
11
0.7875236220472441
21
1.5794881889763779
0
LINE
8
BLACK
6
CONTINUOUS
10
0.2363425196850394
20
1.7960236220472441
11
0.2363425196850394
21
1.6050787401574802
0
LINE
8
BLACK
6
CONTINUOUS
10
0.2363425196850394
20
1.6050787401574802
11
0.5877204724409448
21
1.6050787401574802
0
LINE
8
BLACK
6
CONTINUOUS
10
0.5877204724409448
20
1.6050787401574802
11
0.8209881889763779
21
1.6050787401574802
0
LINE
8
BLACK
6
CONTINUOUS
10
0.8209881889763779
20
1.6050787401574802
11
0.8209881889763779
21
1.6188582677165353
0
LINE
8
BLACK
6
CONTINUOUS
10
0.8209881889763779
20
1.6188582677165353
11
0.7845708661417322
21
1.6188582677165353
0
LINE
8
BLACK
6
CONTINUOUS
10
0.7845708661417322
20
1.6188582677165353
11
0.7839948031496062
21
1.6189149999999999
0
LINE
8
BLACK
6
CONTINUOUS
10
0.7839948031496062
20
1.6189149999999999
11
0.7829303937007874
21
1.619355905511811
0
LINE
8
BLACK
6
CONTINUOUS
10
0.7829303937007874
20
1.619355905511811
11
0.7821157480314961
21
1.6201705511811024
0
LINE
8
BLACK
6
CONTINUOUS
10
0.7821157480314961
20
1.6201705511811024
11
0.781674842519685
21
1.6212349606299212
0
LINE
8
BLACK
6
CONTINUOUS
10
0.781674842519685
20
1.6212349606299212
11
0.7816181102362204
21
1.6218110236220471
0
LINE
8
BLACK
6
CONTINUOUS
10
0.7816181102362204
20
1.6218110236220471
11
0.7816181102362204
21
1.7792913385826772
0
LINE
8
BLACK
6
CONTINUOUS
10
0.7816181102362204
20
1.7792913385826772
11
0.781674842519685
21
1.7798674015748031
0
LINE
8
BLACK
6
CONTINUOUS
10
0.781674842519685
20
1.7798674015748031
11
0.7821157480314961
21
1.7809318110236221
0
LINE
8
BLACK
6
CONTINUOUS
10
0.7821157480314961
20
1.7809318110236221
11
0.7829303937007874
21
1.7817464566929133
0
LINE
8
BLACK
6
CONTINUOUS
10
0.7829303937007874
20
1.7817464566929133
11
0.7839948031496062
21
1.7821873622047244
0
LINE
8
BLACK
6
CONTINUOUS
10
0.7839948031496062
20
1.7821873622047244
11
0.7845708661417322
21
1.782244094488189
0
LINE
8
BLACK
6
CONTINUOUS
10
0.7845708661417322
20
1.782244094488189
11
0.8209881889763779
21
1.782244094488189
0
LINE
8
BLACK
6
CONTINUOUS
10
0.8209881889763779
20
1.782244094488189
11
0.8209881889763779
21
1.7960236220472441
0
LINE
8
BLACK
6
CONTINUOUS
10
0.8209881889763779
20
1.7960236220472441
11
0.5877204724409448
21
1.7960236220472441
0
LINE
8
BLACK
6
CONTINUOUS
10
0.5877204724409448
20
1.7960236220472441
11
0.2363425196850394
21
1.7960236220472441
0
LINE
8
BLACK
6
CONTINUOUS
10
0.7875236220472441
20
1.7763385826771654
11
0.7875236220472441
21
1.6247637795275591
0
LINE
8
BLACK
6
CONTINUOUS
10
0.7875236220472441
20
1.6247637795275591
11
0.9194173228346456
21
1.6247637795275591
0
LINE
8
BLACK
6
CONTINUOUS
10
0.9194173228346456
20
1.6247637795275591
11
0.9194173228346456
21
1.7763385826771654
0
LINE
8
BLACK
6
CONTINUOUS
10
0.9194173228346456
20
1.7763385826771654
11
0.7875236220472441
21
1.7763385826771654
0
LINE
8
BLACK
6
CONTINUOUS
10
0.2363425196850394
20
1.9928740157480314
11
0.2363425196850394
21
1.8019291338582677
0
LINE
8
BLACK
6
CONTINUOUS
10
0.2363425196850394
20
1.8019291338582677
11
0.5877204724409448
21
1.8019291338582677
0
LINE
8
BLACK
6
CONTINUOUS
10
0.5877204724409448
20
1.8019291338582677
11
0.8209881889763779
21
1.8019291338582677
0
LINE
8
BLACK
6
CONTINUOUS
10
0.8209881889763779
20
1.8019291338582677
11
0.8209881889763779
21
1.8157086614173228
0
LINE
8
BLACK
6
CONTINUOUS
10
0.8209881889763779
20
1.8157086614173228
11
0.7845708661417322
21
1.8157086614173228
0
LINE
8
BLACK
6
CONTINUOUS
10
0.7845708661417322
20
1.8157086614173228
11
0.7839948031496062
21
1.8157653937007874
0
LINE
8
BLACK
6
CONTINUOUS
10
0.7839948031496062
20
1.8157653937007874
11
0.7829303937007874
21
1.8162062992125985
0
LINE
8
BLACK
6
CONTINUOUS
10
0.7829303937007874
20
1.8162062992125985
11
0.7821157480314961
21
1.8170209448818897
0
LINE
8
BLACK
6
CONTINUOUS
10
0.7821157480314961
20
1.8170209448818897
11
0.781674842519685
21
1.8180853543307087
0
LINE
8
BLACK
6
CONTINUOUS
10
0.781674842519685
20
1.8180853543307087
11
0.7816181102362204
21
1.8186614173228346
0
LINE
8
BLACK
6
CONTINUOUS
10
0.7816181102362204
20
1.8186614173228346
11
0.7816181102362204
21
1.9761417322834645
0
LINE
8
BLACK
6
CONTINUOUS
10
0.7816181102362204
20
1.9761417322834645
11
0.781674842519685
21
1.9767177952755906
0
LINE
8
BLACK
6
CONTINUOUS
10
0.781674842519685
20
1.9767177952755906
11
0.7821157480314961
21
1.9777822047244094
0
LINE
8
BLACK
6
CONTINUOUS
10
0.7821157480314961
20
1.9777822047244094
11
0.7829303937007874
21
1.9785968503937008
0
LINE
8
BLACK
6
CONTINUOUS
10
0.7829303937007874
20
1.9785968503937008
11
0.7839948031496062
21
1.9790377559055117
0
LINE
8
BLACK
6
CONTINUOUS
10
0.7839948031496062
20
1.9790377559055117
11
0.7845708661417322
21
1.9790944881889763
0
LINE
8
BLACK
6
CONTINUOUS
10
0.7845708661417322
20
1.9790944881889763
11
0.8209881889763779
21
1.9790944881889763
0
LINE
8
BLACK
6
CONTINUOUS
10
0.8209881889763779
20
1.9790944881889763
11
0.8209881889763779
21
1.9928740157480314
0
LINE
8
BLACK
6
CONTINUOUS
10
0.8209881889763779
20
1.9928740157480314
11
0.5877204724409448
21
1.9928740157480314
0
LINE
8
BLACK
6
CONTINUOUS
10
0.5877204724409448
20
1.9928740157480314
11
0.2363425196850394
21
1.9928740157480314
0
LINE
8
BLACK
6
CONTINUOUS
10
0.7875236220472441
20
1.9731889763779527
11
0.7875236220472441
21
1.8216141732283464
0
LINE
8
BLACK
6
CONTINUOUS
10
0.7875236220472441
20
1.8216141732283464
11
0.9194173228346456
21
1.8216141732283464
0
LINE
8
BLACK
6
CONTINUOUS
10
0.9194173228346456
20
1.8216141732283464
11
0.9194173228346456
21
1.9731889763779527
0
LINE
8
BLACK
6
CONTINUOUS
10
0.9194173228346456
20
1.9731889763779527
11
0.7875236220472441
21
1.9731889763779527
0
LINE
8
BLACK
6
CONTINUOUS
10
0.2363425196850394
20
2.1897244094488189
11
0.2363425196850394
21
1.998779527559055
0
LINE
8
BLACK
6
CONTINUOUS
10
0.2363425196850394
20
1.998779527559055
11
0.5877204724409448
21
1.998779527559055
0
LINE
8
BLACK
6
CONTINUOUS
10
0.5877204724409448
20
1.998779527559055
11
0.8209881889763779
21
1.998779527559055
0
LINE
8
BLACK
6
CONTINUOUS
10
0.8209881889763779
20
1.998779527559055
11
0.8209881889763779
21
2.0125590551181101
0
LINE
8
BLACK
6
CONTINUOUS
10
0.8209881889763779
20
2.0125590551181101
11
0.7845708661417322
21
2.0125590551181101
0
LINE
8
BLACK
6
CONTINUOUS
10
0.7845708661417322
20
2.0125590551181101
11
0.7839948031496062
21
2.0126157874015749
0
LINE
8
BLACK
6
CONTINUOUS
10
0.7839948031496062
20
2.0126157874015749
11
0.7829303937007874
21
2.013056692913386
0
LINE
8
BLACK
6
CONTINUOUS
10
0.7829303937007874
20
2.013056692913386
11
0.7821157480314961
21
2.013871338582677
0
LINE
8
BLACK
6
CONTINUOUS
10
0.7821157480314961
20
2.013871338582677
11
0.781674842519685
21
2.0149357480314962
0
LINE
8
BLACK
6
CONTINUOUS
10
0.781674842519685
20
2.0149357480314962
11
0.7816181102362204
21
2.0155118110236221
0
LINE
8
BLACK
6
CONTINUOUS
10
0.7816181102362204
20
2.0155118110236221
11
0.7816181102362204
21
2.1729921259842517
0
LINE
8
BLACK
6
CONTINUOUS
10
0.7816181102362204
20
2.1729921259842517
11
0.781674842519685
21
2.173568188976378
0
LINE
8
BLACK
6
CONTINUOUS
10
0.781674842519685
20
2.173568188976378
11
0.7821157480314961
21
2.1746325984251968
0
LINE
8
BLACK
6
CONTINUOUS
10
0.7821157480314961
20
2.1746325984251968
11
0.7829303937007874
21
2.1754472440944883
0
LINE
8
BLACK
6
CONTINUOUS
10
0.7829303937007874
20
2.1754472440944883
11
0.7839948031496062
21
2.1758881496062989
0
LINE
8
BLACK
6
CONTINUOUS
10
0.7839948031496062
20
2.1758881496062989
11
0.7845708661417322
21
2.1759448818897638
0
LINE
8
BLACK
6
CONTINUOUS
10
0.7845708661417322
20
2.1759448818897638
11
0.8209881889763779
21
2.1759448818897638
0
LINE
8
BLACK
6
CONTINUOUS
10
0.8209881889763779
20
2.1759448818897638
11
0.8209881889763779
21
2.1897244094488189
0
LINE
8
BLACK
6
CONTINUOUS
10
0.8209881889763779
20
2.1897244094488189
11
0.5877204724409448
21
2.1897244094488189
0
LINE
8
BLACK
6
CONTINUOUS
10
0.5877204724409448
20
2.1897244094488189
11
0.2363425196850394
21
2.1897244094488189
0
LINE
8
BLACK
6
CONTINUOUS
10
0.7875236220472441
20
2.1700393700787401
11
0.7875236220472441
21
2.0184645669291337
0
LINE
8
BLACK
6
CONTINUOUS
10
0.7875236220472441
20
2.0184645669291337
11
0.9194173228346456
21
2.0184645669291337
0
LINE
8
BLACK
6
CONTINUOUS
10
0.9194173228346456
20
2.0184645669291337
11
0.9194173228346456
21
2.1700393700787401
0
LINE
8
BLACK
6
CONTINUOUS
10
0.9194173228346456
20
2.1700393700787401
11
0.7875236220472441
21
2.1700393700787401
0
LINE
8
BLACK
6
CONTINUOUS
10
0.2363425196850394
20
2.3865748031496063
11
0.2363425196850394
21
2.1956299212598425
0
LINE
8
BLACK
6
CONTINUOUS
10
0.2363425196850394
20
2.1956299212598425
11
0.5877204724409448
21
2.1956299212598425
0
LINE
8
BLACK
6
CONTINUOUS
10
0.5877204724409448
20
2.1956299212598425
11
0.8209881889763779
21
2.1956299212598425
0
LINE
8
BLACK
6
CONTINUOUS
10
0.8209881889763779
20
2.1956299212598425
11
0.8209881889763779
21
2.2094094488188976
0
LINE
8
BLACK
6
CONTINUOUS
10
0.8209881889763779
20
2.2094094488188976
11
0.7845708661417322
21
2.2094094488188976
0
LINE
8
BLACK
6
CONTINUOUS
10
0.7845708661417322
20
2.2094094488188976
11
0.7839948031496062
21
2.2094661811023624
0
LINE
8
BLACK
6
CONTINUOUS
10
0.7839948031496062
20
2.2094661811023624
11
0.7829303937007874
21
2.209907086614173
0
LINE
8
BLACK
6
CONTINUOUS
10
0.7829303937007874
20
2.209907086614173
11
0.7821157480314961
21
2.2107217322834645
0
LINE
8
BLACK
6
CONTINUOUS
10
0.7821157480314961
20
2.2107217322834645
11
0.781674842519685
21
2.2117861417322833
0
LINE
8
BLACK
6
CONTINUOUS
10
0.781674842519685
20
2.2117861417322833
11
0.7816181102362204
21
2.2123622047244096
0
LINE
8
BLACK
6
CONTINUOUS
10
0.7816181102362204
20
2.2123622047244096
11
0.7816181102362204
21
2.3698425196850392
0
LINE
8
BLACK
6
CONTINUOUS
10
0.7816181102362204
20
2.3698425196850392
11
0.781674842519685
21
2.3704185826771651
0
LINE
8
BLACK
6
CONTINUOUS
10
0.781674842519685
20
2.3704185826771651
11
0.7821157480314961
21
2.3714829921259843
0
LINE
8
BLACK
6
CONTINUOUS
10
0.7821157480314961
20
2.3714829921259843
11
0.7829303937007874
21
2.3722976377952754
0
LINE
8
BLACK
6
CONTINUOUS
10
0.7829303937007874
20
2.3722976377952754
11
0.7839948031496062
21
2.3727385433070864
0
LINE
8
BLACK
6
CONTINUOUS
10
0.7839948031496062
20
2.3727385433070864
11
0.7845708661417322
21
2.3727952755905513
0
LINE
8
BLACK
6
CONTINUOUS
10
0.7845708661417322
20
2.3727952755905513
11
0.8209881889763779
21
2.3727952755905513
0
LINE
8
BLACK
6
CONTINUOUS
10
0.8209881889763779
20
2.3727952755905513
11
0.8209881889763779
21
2.3865748031496063
0
LINE
8
BLACK
6
CONTINUOUS
10
0.8209881889763779
20
2.3865748031496063
11
0.5877204724409448
21
2.3865748031496063
0
LINE
8
BLACK
6
CONTINUOUS
10
0.5877204724409448
20
2.3865748031496063
11
0.2363425196850394
21
2.3865748031496063
0
LINE
8
BLACK
6
CONTINUOUS
10
0.7875236220472441
20
2.3668897637795276
11
0.7875236220472441
21
2.2153149606299212
0
LINE
8
BLACK
6
CONTINUOUS
10
0.7875236220472441
20
2.2153149606299212
11
0.9194173228346456
21
2.2153149606299212
0
LINE
8
BLACK
6
CONTINUOUS
10
0.9194173228346456
20
2.2153149606299212
11
0.9194173228346456
21
2.3668897637795276
0
LINE
8
BLACK
6
CONTINUOUS
10
0.9194173228346456
20
2.3668897637795276
11
0.7875236220472441
21
2.3668897637795276
0
LINE
8
BLACK
6
CONTINUOUS
10
0.2363425196850394
20
2.5834251968503938
11
0.2363425196850394
21
2.39248031496063
0
LINE
8
BLACK
6
CONTINUOUS
10
0.2363425196850394
20
2.39248031496063
11
0.5877204724409448
21
2.39248031496063
0
LINE
8
BLACK
6
CONTINUOUS
10
0.5877204724409448
20
2.39248031496063
11
0.8209881889763779
21
2.39248031496063
0
LINE
8
BLACK
6
CONTINUOUS
10
0.8209881889763779
20
2.39248031496063
11
0.8209881889763779
21
2.4062598425196851
0
LINE
8
BLACK
6
CONTINUOUS
10
0.8209881889763779
20
2.4062598425196851
11
0.7845708661417322
21
2.4062598425196851
0
LINE
8
BLACK
6
CONTINUOUS
10
0.7845708661417322
20
2.4062598425196851
11
0.7839948031496062
21
2.4063165748031494
0
LINE
8
BLACK
6
CONTINUOUS
10
0.7839948031496062
20
2.4063165748031494
11
0.7829303937007874
21
2.4067574803149605
0
LINE
8
BLACK
6
CONTINUOUS
10
0.7829303937007874
20
2.4067574803149605
11
0.7821157480314961
21
2.407572125984252
0
LINE
8
BLACK
6
CONTINUOUS
10
0.7821157480314961
20
2.407572125984252
11
0.781674842519685
21
2.4086365354330708
0
LINE
8
BLACK
6
CONTINUOUS
10
0.781674842519685
20
2.4086365354330708
11
0.7816181102362204
21
2.4092125984251966
0
LINE
8
BLACK
6
CONTINUOUS
10
0.7816181102362204
20
2.4092125984251966
11
0.7816181102362204
21
2.5666929133858267
0
LINE
8
BLACK
6
CONTINUOUS
10
0.7816181102362204
20
2.5666929133858267
11
0.781674842519685
21
2.5672689763779526
0
LINE
8
BLACK
6
CONTINUOUS
10
0.781674842519685
20
2.5672689763779526
11
0.7821157480314961
21
2.5683333858267714
0
LINE
8
BLACK
6
CONTINUOUS
10
0.7821157480314961
20
2.5683333858267714
11
0.7829303937007874
21
2.5691480314960629
0
LINE
8
BLACK
6
CONTINUOUS
10
0.7829303937007874
20
2.5691480314960629
11
0.7839948031496062
21
2.5695889370078739
0
LINE
8
BLACK
6
CONTINUOUS
10
0.7839948031496062
20
2.5695889370078739
11
0.7845708661417322
21
2.5696456692913383
0
LINE
8
BLACK
6
CONTINUOUS
10
0.7845708661417322
20
2.5696456692913383
11
0.8209881889763779
21
2.5696456692913383
0
LINE
8
BLACK
6
CONTINUOUS
10
0.8209881889763779
20
2.5696456692913383
11
0.8209881889763779
21
2.5834251968503938
0
LINE
8
BLACK
6
CONTINUOUS
10
0.8209881889763779
20
2.5834251968503938
11
0.5877204724409448
21
2.5834251968503938
0
LINE
8
BLACK
6
CONTINUOUS
10
0.5877204724409448
20
2.5834251968503938
11
0.2363425196850394
21
2.5834251968503938
0
LINE
8
BLACK
6
CONTINUOUS
10
0.7875236220472441
20
2.5637401574803147
11
0.7875236220472441
21
2.4121653543307087
0
LINE
8
BLACK
6
CONTINUOUS
10
0.7875236220472441
20
2.4121653543307087
11
0.9194173228346456
21
2.4121653543307087
0
LINE
8
BLACK
6
CONTINUOUS
10
0.9194173228346456
20
2.4121653543307087
11
0.9194173228346456
21
2.5637401574803147
0
LINE
8
BLACK
6
CONTINUOUS
10
0.9194173228346456
20
2.5637401574803147
11
0.7875236220472441
21
2.5637401574803147
0
LINE
8
BLACK
6
CONTINUOUS
10
0.2363425196850394
20
2.7802755905511809
11
0.2363425196850394
21
2.5893307086614175
0
LINE
8
BLACK
6
CONTINUOUS
10
0.2363425196850394
20
2.5893307086614175
11
0.5877204724409448
21
2.5893307086614175
0
LINE
8
BLACK
6
CONTINUOUS
10
0.5877204724409448
20
2.5893307086614175
11
0.8209881889763779
21
2.5893307086614175
0
LINE
8
BLACK
6
CONTINUOUS
10
0.8209881889763779
20
2.5893307086614175
11
0.8209881889763779
21
2.6031102362204726
0
LINE
8
BLACK
6
CONTINUOUS
10
0.8209881889763779
20
2.6031102362204726
11
0.7845708661417322
21
2.6031102362204726
0
LINE
8
BLACK
6
CONTINUOUS
10
0.7845708661417322
20
2.6031102362204726
11
0.7839948031496062
21
2.6031669685039369
0
LINE
8
BLACK
6
CONTINUOUS
10
0.7839948031496062
20
2.6031669685039369
11
0.7829303937007874
21
2.603607874015748
0
LINE
8
BLACK
6
CONTINUOUS
10
0.7829303937007874
20
2.603607874015748
11
0.7821157480314961
21
2.6044225196850395
0
LINE
8
BLACK
6
CONTINUOUS
10
0.7821157480314961
20
2.6044225196850395
11
0.781674842519685
21
2.6054869291338583
0
LINE
8
BLACK
6
CONTINUOUS
10
0.781674842519685
20
2.6054869291338583
11
0.7816181102362204
21
2.6060629921259841
0
LINE
8
BLACK
6
CONTINUOUS
10
0.7816181102362204
20
2.6060629921259841
11
0.7816181102362204
21
2.7635433070866142
0
LINE
8
BLACK
6
CONTINUOUS
10
0.7816181102362204
20
2.7635433070866142
11
0.781674842519685
21
2.7641193700787401
0
LINE
8
BLACK
6
CONTINUOUS
10
0.781674842519685
20
2.7641193700787401
11
0.7821157480314961
21
2.7651837795275589
0
LINE
8
BLACK
6
CONTINUOUS
10
0.7821157480314961
20
2.7651837795275589
11
0.7829303937007874
21
2.7659984251968504
0
LINE
8
BLACK
6
CONTINUOUS
10
0.7829303937007874
20
2.7659984251968504
11
0.7839948031496062
21
2.7664393307086614
0
LINE
8
BLACK
6
CONTINUOUS
10
0.7839948031496062
20
2.7664393307086614
11
0.7845708661417322
21
2.7664960629921258
0
LINE
8
BLACK
6
CONTINUOUS
10
0.7845708661417322
20
2.7664960629921258
11
0.8209881889763779
21
2.7664960629921258
0
LINE
8
BLACK
6
CONTINUOUS
10
0.8209881889763779
20
2.7664960629921258
11
0.8209881889763779
21
2.7802755905511809
0
LINE
8
BLACK
6
CONTINUOUS
10
0.8209881889763779
20
2.7802755905511809
11
0.5877204724409448
21
2.7802755905511809
0
LINE
8
BLACK
6
CONTINUOUS
10
0.5877204724409448
20
2.7802755905511809
11
0.2363425196850394
21
2.7802755905511809
0
LINE
8
BLACK
6
CONTINUOUS
10
0.7875236220472441
20
2.7605905511811022
11
0.7875236220472441
21
2.6090157480314962
0
LINE
8
BLACK
6
CONTINUOUS
10
0.7875236220472441
20
2.6090157480314962
11
0.9194173228346456
21
2.6090157480314962
0
LINE
8
BLACK
6
CONTINUOUS
10
0.9194173228346456
20
2.6090157480314962
11
0.9194173228346456
21
2.7605905511811022
0
LINE
8
BLACK
6
CONTINUOUS
10
0.9194173228346456
20
2.7605905511811022
11
0.7875236220472441
21
2.7605905511811022
0
LINE
8
BLACK
6
CONTINUOUS
10
0.2363425196850394
20
2.9771259842519684
11
0.2363425196850394
21
2.7861811023622045
0
LINE
8
BLACK
6
CONTINUOUS
10
0.2363425196850394
20
2.7861811023622045
11
0.5877204724409448
21
2.7861811023622045
0
LINE
8
BLACK
6
CONTINUOUS
10
0.5877204724409448
20
2.7861811023622045
11
0.8209881889763779
21
2.7861811023622045
0
LINE
8
BLACK
6
CONTINUOUS
10
0.8209881889763779
20
2.7861811023622045
11
0.8209881889763779
21
2.7999606299212596
0
LINE
8
BLACK
6
CONTINUOUS
10
0.8209881889763779
20
2.7999606299212596
11
0.7845708661417322
21
2.7999606299212596
0
LINE
8
BLACK
6
CONTINUOUS
10
0.7845708661417322
20
2.7999606299212596
11
0.7839948031496062
21
2.8000173622047244
0
LINE
8
BLACK
6
CONTINUOUS
10
0.7839948031496062
20
2.8000173622047244
11
0.7829303937007874
21
2.8004582677165355
0
LINE
8
BLACK
6
CONTINUOUS
10
0.7829303937007874
20
2.8004582677165355
11
0.7821157480314961
21
2.8012729133858265
0
LINE
8
BLACK
6
CONTINUOUS
10
0.7821157480314961
20
2.8012729133858265
11
0.781674842519685
21
2.8023373228346458
0
LINE
8
BLACK
6
CONTINUOUS
10
0.781674842519685
20
2.8023373228346458
11
0.7816181102362204
21
2.8029133858267716
0
LINE
8
BLACK
6
CONTINUOUS
10
0.7816181102362204
20
2.8029133858267716
11
0.7816181102362204
21
2.9603937007874017
0
LINE
8
BLACK
6
CONTINUOUS
10
0.7816181102362204
20
2.9603937007874017
11
0.781674842519685
21
2.9609697637795276
0
LINE
8
BLACK
6
CONTINUOUS
10
0.781674842519685
20
2.9609697637795276
11
0.7821157480314961
21
2.9620341732283464
0
LINE
8
BLACK
6
CONTINUOUS
10
0.7821157480314961
20
2.9620341732283464
11
0.7829303937007874
21
2.9628488188976378
0
LINE
8
BLACK
6
CONTINUOUS
10
0.7829303937007874
20
2.9628488188976378
11
0.7839948031496062
21
2.9632897244094489
0
LINE
8
BLACK
6
CONTINUOUS
10
0.7839948031496062
20
2.9632897244094489
11
0.7845708661417322
21
2.9633464566929133
0
LINE
8
BLACK
6
CONTINUOUS
10
0.7845708661417322
20
2.9633464566929133
11
0.8209881889763779
21
2.9633464566929133
0
LINE
8
BLACK
6
CONTINUOUS
10
0.8209881889763779
20
2.9633464566929133
11
0.8209881889763779
21
2.9771259842519684
0
LINE
8
BLACK
6
CONTINUOUS
10
0.8209881889763779
20
2.9771259842519684
11
0.5877204724409448
21
2.9771259842519684
0
LINE
8
BLACK
6
CONTINUOUS
10
0.5877204724409448
20
2.9771259842519684
11
0.2363425196850394
21
2.9771259842519684
0
LINE
8
BLACK
6
CONTINUOUS
10
0.7875236220472441
20
2.9574409448818897
11
0.7875236220472441
21
2.8058661417322832
0
LINE
8
BLACK
6
CONTINUOUS
10
0.7875236220472441
20
2.8058661417322832
11
0.9194173228346456
21
2.8058661417322832
0
LINE
8
BLACK
6
CONTINUOUS
10
0.9194173228346456
20
2.8058661417322832
11
0.9194173228346456
21
2.9574409448818897
0
LINE
8
BLACK
6
CONTINUOUS
10
0.9194173228346456
20
2.9574409448818897
11
0.7875236220472441
21
2.9574409448818897
0
LINE
8
BLACK
6
CONTINUOUS
10
0.2363425196850394
20
3.1739763779527559
11
0.2363425196850394
21
2.983031496062992
0
LINE
8
BLACK
6
CONTINUOUS
10
0.2363425196850394
20
2.983031496062992
11
0.5877204724409448
21
2.983031496062992
0
LINE
8
BLACK
6
CONTINUOUS
10
0.5877204724409448
20
2.983031496062992
11
0.8209881889763779
21
2.983031496062992
0
LINE
8
BLACK
6
CONTINUOUS
10
0.8209881889763779
20
2.983031496062992
11
0.8209881889763779
21
2.9968110236220471
0
LINE
8
BLACK
6
CONTINUOUS
10
0.8209881889763779
20
2.9968110236220471
11
0.7845708661417322
21
2.9968110236220471
0
LINE
8
BLACK
6
CONTINUOUS
10
0.7845708661417322
20
2.9968110236220471
11
0.7839948031496062
21
2.9968677559055119
0
LINE
8
BLACK
6
CONTINUOUS
10
0.7839948031496062
20
2.9968677559055119
11
0.7829303937007874
21
2.9973086614173226
0
LINE
8
BLACK
6
CONTINUOUS
10
0.7829303937007874
20
2.9973086614173226
11
0.7821157480314961
21
2.998123307086614
0
LINE
8
BLACK
6
CONTINUOUS
10
0.7821157480314961
20
2.998123307086614
11
0.781674842519685
21
2.9991877165354328
0
LINE
8
BLACK
6
CONTINUOUS
10
0.781674842519685
20
2.9991877165354328
11
0.7816181102362204
21
2.9997637795275591
0
LINE
8
BLACK
6
CONTINUOUS
10
0.7816181102362204
20
2.9997637795275591
11
0.7816181102362204
21
3.1572440944881888
0
LINE
8
BLACK
6
CONTINUOUS
10
0.7816181102362204
20
3.1572440944881888
11
0.781674842519685
21
3.1578201574803151
0
LINE
8
BLACK
6
CONTINUOUS
10
0.781674842519685
20
3.1578201574803151
11
0.7821157480314961
21
3.1588845669291339
0
LINE
8
BLACK
6
CONTINUOUS
10
0.7821157480314961
20
3.1588845669291339
11
0.7829303937007874
21
3.1596992125984253
0
LINE
8
BLACK
6
CONTINUOUS
10
0.7829303937007874
20
3.1596992125984253
11
0.7839948031496062
21
3.160140118110236
0
LINE
8
BLACK
6
CONTINUOUS
10
0.7839948031496062
20
3.160140118110236
11
0.7845708661417322
21
3.1601968503937008
0
LINE
8
BLACK
6
CONTINUOUS
10
0.7845708661417322
20
3.1601968503937008
11
0.8209881889763779
21
3.1601968503937008
0
LINE
8
BLACK
6
CONTINUOUS
10
0.8209881889763779
20
3.1601968503937008
11
0.8209881889763779
21
3.1739763779527559
0
LINE
8
BLACK
6
CONTINUOUS
10
0.8209881889763779
20
3.1739763779527559
11
0.5877204724409448
21
3.1739763779527559
0
LINE
8
BLACK
6
CONTINUOUS
10
0.5877204724409448
20
3.1739763779527559
11
0.2363425196850394
21
3.1739763779527559
0
LINE
8
BLACK
6
CONTINUOUS
10
0.7875236220472441
20
3.1542913385826772
11
0.7875236220472441
21
3.0027165354330707
0
LINE
8
BLACK
6
CONTINUOUS
10
0.7875236220472441
20
3.0027165354330707
11
0.9194173228346456
21
3.0027165354330707
0
LINE
8
BLACK
6
CONTINUOUS
10
0.9194173228346456
20
3.0027165354330707
11
0.9194173228346456
21
3.1542913385826772
0
LINE
8
BLACK
6
CONTINUOUS
10
0.9194173228346456
20
3.1542913385826772
11
0.7875236220472441
21
3.1542913385826772
0
LINE
8
BLACK
6
CONTINUOUS
10
0.2363425196850394
20
3.3708267716535434
11
0.2363425196850394
21
3.1798818897637795
0
LINE
8
BLACK
6
CONTINUOUS
10
0.2363425196850394
20
3.1798818897637795
11
0.5877204724409448
21
3.1798818897637795
0
LINE
8
BLACK
6
CONTINUOUS
10
0.5877204724409448
20
3.1798818897637795
11
0.8209881889763779
21
3.1798818897637795
0
LINE
8
BLACK
6
CONTINUOUS
10
0.8209881889763779
20
3.1798818897637795
11
0.8209881889763779
21
3.1936614173228346
0
LINE
8
BLACK
6
CONTINUOUS
10
0.8209881889763779
20
3.1936614173228346
11
0.7845708661417322
21
3.1936614173228346
0
LINE
8
BLACK
6
CONTINUOUS
10
0.7845708661417322
20
3.1936614173228346
11
0.7839948031496062
21
3.193718149606299
0
LINE
8
BLACK
6
CONTINUOUS
10
0.7839948031496062
20
3.193718149606299
11
0.7829303937007874
21
3.19415905511811
0
LINE
8
BLACK
6
CONTINUOUS
10
0.7829303937007874
20
3.19415905511811
11
0.7821157480314961
21
3.1949737007874015
0
LINE
8
BLACK
6
CONTINUOUS
10
0.7821157480314961
20
3.1949737007874015
11
0.781674842519685
21
3.1960381102362203
0
LINE
8
BLACK
6
CONTINUOUS
10
0.781674842519685
20
3.1960381102362203
11
0.7816181102362204
21
3.1966141732283462
0
LINE
8
BLACK
6
CONTINUOUS
10
0.7816181102362204
20
3.1966141732283462
11
0.7816181102362204
21
3.3540944881889763
0
LINE
8
BLACK
6
CONTINUOUS
10
0.7816181102362204
20
3.3540944881889763
11
0.781674842519685
21
3.3546705511811021
0
LINE
8
BLACK
6
CONTINUOUS
10
0.781674842519685
20
3.3546705511811021
11
0.7821157480314961
21
3.3557349606299214
0
LINE
8
BLACK
6
CONTINUOUS
10
0.7821157480314961
20
3.3557349606299214
11
0.7829303937007874
21
3.3565496062992124
0
LINE
8
BLACK
6
CONTINUOUS
10
0.7829303937007874
20
3.3565496062992124
11
0.7839948031496062
21
3.3569905118110235
0
LINE
8
BLACK
6
CONTINUOUS
10
0.7839948031496062
20
3.3569905118110235
11
0.7845708661417322
21
3.3570472440944883
0
LINE
8
BLACK
6
CONTINUOUS
10
0.7845708661417322
20
3.3570472440944883
11
0.8209881889763779
21
3.3570472440944883
0
LINE
8
BLACK
6
CONTINUOUS
10
0.8209881889763779
20
3.3570472440944883
11
0.8209881889763779
21
3.3708267716535434
0
LINE
8
BLACK
6
CONTINUOUS
10
0.8209881889763779
20
3.3708267716535434
11
0.5877204724409448
21
3.3708267716535434
0
LINE
8
BLACK
6
CONTINUOUS
10
0.5877204724409448
20
3.3708267716535434
11
0.2363425196850394
21
3.3708267716535434
0
LINE
8
BLACK
6
CONTINUOUS
10
0.7875236220472441
20
3.3511417322834647
11
0.7875236220472441
21
3.1995669291338582
0
LINE
8
BLACK
6
CONTINUOUS
10
0.7875236220472441
20
3.1995669291338582
11
0.9194173228346456
21
3.1995669291338582
0
LINE
8
BLACK
6
CONTINUOUS
10
0.9194173228346456
20
3.1995669291338582
11
0.9194173228346456
21
3.3511417322834647
0
LINE
8
BLACK
6
CONTINUOUS
10
0.9194173228346456
20
3.3511417322834647
11
0.7875236220472441
21
3.3511417322834647
0
LINE
8
BLACK
6
CONTINUOUS
10
1.6985417716535434
20
1.6380233464566929
11
1.6998201968503936
21
1.6367449212598424
0
LINE
8
BLACK
6
CONTINUOUS
10
1.6998201968503936
20
1.6367449212598424
11
1.7
21
1.6358409448818898
0
LINE
8
BLACK
6
CONTINUOUS
10
1.7
20
1.6358409448818898
11
1.7
21
1.2720614173228346
0
LINE
8
BLACK
6
CONTINUOUS
10
1.7
20
1.2720614173228346
11
1.6998201968503936
21
1.2711574409448818
0
LINE
8
BLACK
6
CONTINUOUS
10
1.6998201968503936
20
1.2711574409448818
11
1.6985417716535434
21
1.2698790157480315
0
LINE
8
BLACK
6
CONTINUOUS
10
1.6985417716535434
20
1.2698790157480315
11
1.6976377952755906
21
1.2696992125984252
0
LINE
8
BLACK
6
CONTINUOUS
10
1.6976377952755906
20
1.2696992125984252
11
1.4669333858267717
21
1.2696992125984252
0
LINE
8
BLACK
6
CONTINUOUS
10
1.4669333858267717
20
1.2696992125984252
11
1.4556574015748032
21
1.2433885433070866
0
LINE
8
BLACK
6
CONTINUOUS
10
1.4556574015748032
20
1.2433885433070866
11
1.455378346456693
21
1.2428814173228346
0
LINE
8
BLACK
6
CONTINUOUS
10
1.455378346456693
20
1.2428814173228346
11
1.4545537795275589
21
1.2420767322834645
0
LINE
8
BLACK
6
CONTINUOUS
10
1.4545537795275589
20
1.2420767322834645
11
1.453484094488189
21
1.2416488582677165
0
LINE
8
BLACK
6
CONTINUOUS
10
1.453484094488189
20
1.2416488582677165
11
1.4523320866141731
21
1.2416629133858268
0
LINE
8
BLACK
6
CONTINUOUS
10
1.4523320866141731
20
1.2416629133858268
11
1.4512731102362204
21
1.2421167322834645
0
LINE
8
BLACK
6
CONTINUOUS
10
1.4512731102362204
20
1.2421167322834645
11
1.4504684251968503
21
1.2429412992125983
0
LINE
8
BLACK
6
CONTINUOUS
10
1.4504684251968503
20
1.2429412992125983
11
1.4500405511811023
21
1.2440109842519684
0
LINE
8
BLACK
6
CONTINUOUS
10
1.4500405511811023
20
1.2440109842519684
11
1.4500546062992126
21
1.2451629921259841
0
LINE
8
BLACK
6
CONTINUOUS
10
1.4500546062992126
20
1.2451629921259841
11
1.4502293700787401
21
1.2457148425196851
0
LINE
8
BLACK
6
CONTINUOUS
10
1.4502293700787401
20
1.2457148425196851
11
1.4605083464566928
21
1.2696992125984252
0
LINE
8
BLACK
6
CONTINUOUS
10
1.4605083464566928
20
1.2696992125984252
11
1.4331718897637795
21
1.2696992125984252
0
LINE
8
BLACK
6
CONTINUOUS
10
1.4331718897637795
20
1.2696992125984252
11
1.4330872047244094
21
1.2694779133858267
0
LINE
8
BLACK
6
CONTINUOUS
10
1.4330872047244094
20
1.2694779133858267
11
1.4312124409448819
21
1.2657283858267716
0
LINE
8
BLACK
6
CONTINUOUS
10
1.4312124409448819
20
1.2657283858267716
11
1.4310563385826771
21
1.2654803937007875
0
LINE
8
BLACK
6
CONTINUOUS
10
1.4310563385826771
20
1.2654803937007875
11
1.4310265354330709
21
1.2654084251968503
0
LINE
8
BLACK
6
CONTINUOUS
10
1.4310265354330709
20
1.2654084251968503
11
1.4309600393700788
21
1.2653274803149606
0
LINE
8
BLACK
6
CONTINUOUS
10
1.4309600393700788
20
1.2653274803149606
11
1.430904094488189
21
1.2652385039370078
0
LINE
8
BLACK
6
CONTINUOUS
10
1.430904094488189
20
1.2652385039370078
11
1.4308450787401574
21
1.2651873622047243
0
LINE
8
BLACK
6
CONTINUOUS
10
1.4308450787401574
20
1.2651873622047243
11
1.4306593307086615
21
1.2649609842519685
0
LINE
8
BLACK
6
CONTINUOUS
10
1.4306593307086615
20
1.2649609842519685
11
1.4287845669291339
21
1.2630862204724409
0
LINE
8
BLACK
6
CONTINUOUS
10
1.4287845669291339
20
1.2630862204724409
11
1.4285581889763779
21
1.2629004724409449
0
LINE
8
BLACK
6
CONTINUOUS
10
1.4285581889763779
20
1.2629004724409449
11
1.4285070472440944
21
1.2628414566929134
0
LINE
8
BLACK
6
CONTINUOUS
10
1.4285070472440944
20
1.2628414566929134
11
1.4284180708661418
21
1.2627855118110236
0
LINE
8
BLACK
6
CONTINUOUS
10
1.4284180708661418
20
1.2627855118110236
11
1.4283371259842519
21
1.2627190157480315
0
LINE
8
BLACK
6
CONTINUOUS
10
1.4283371259842519
20
1.2627190157480315
11
1.4282651574803149
21
1.2626892125984253
0
LINE
8
BLACK
6
CONTINUOUS
10
1.4282651574803149
20
1.2626892125984253
11
1.4280171653543308
21
1.2625331102362205
0
LINE
8
BLACK
6
CONTINUOUS
10
1.4280171653543308
20
1.2625331102362205
11
1.4242676377952757
21
1.2606583464566929
0
LINE
8
BLACK
6
CONTINUOUS
10
1.4242676377952757
20
1.2606583464566929
11
1.4237270078740156
21
1.2604514566929133
0
LINE
8
BLACK
6
CONTINUOUS
10
1.4237270078740156
20
1.2604514566929133
11
1.4236211811023622
21
1.2604439763779527
0
LINE
8
BLACK
6
CONTINUOUS
10
1.4236211811023622
20
1.2604439763779527
11
1.423523188976378
21
1.2604033464566928
0
LINE
8
BLACK
6
CONTINUOUS
10
1.423523188976378
20
1.2604033464566928
11
1.4229910236220471
21
1.2603509448818897
0
LINE
8
BLACK
6
CONTINUOUS
10
1.4229910236220471
20
1.2603509448818897
11
1.4328651968503936
21
1.2462449606299213
0
LINE
8
BLACK
6
CONTINUOUS
10
1.4328651968503936
20
1.2462449606299213
11
1.4331490551181103
21
1.2457405118110236
0
LINE
8
BLACK
6
CONTINUOUS
10
1.4331490551181103
20
1.2457405118110236
11
1.4333982283464566
21
1.2446156692913386
0
LINE
8
BLACK
6
CONTINUOUS
10
1.4333982283464566
20
1.2446156692913386
11
1.4331980314960631
21
1.2434811023622048
0
LINE
8
BLACK
6
CONTINUOUS
10
1.4331980314960631
20
1.2434811023622048
11
1.4325788582677166
21
1.2425095275590552
0
LINE
8
BLACK
6
CONTINUOUS
10
1.4325788582677166
20
1.2425095275590552
11
1.431635
21
1.2418488188976378
0
LINE
8
BLACK
6
CONTINUOUS
10
1.431635
20
1.2418488188976378
11
1.430510157480315
21
1.2415996062992125
0
LINE
8
BLACK
6
CONTINUOUS
10
1.430510157480315
20
1.2415996062992125
11
1.4293756299212599
21
1.241799842519685
0
LINE
8
BLACK
6
CONTINUOUS
10
1.4293756299212599
20
1.241799842519685
11
1.4284040157480316
21
1.2424190157480315
0
LINE
8
BLACK
6
CONTINUOUS
10
1.4284040157480316
20
1.2424190157480315
11
1.4280272047244094
21
1.2428583858267717
0
LINE
8
BLACK
6
CONTINUOUS
10
1.4280272047244094
20
1.2428583858267717
11
1.4157854724409449
21
1.2603466141732282
0
LINE
8
BLACK
6
CONTINUOUS
10
1.4157854724409449
20
1.2603466141732282
11
1.4109017716535432
21
1.2603466141732282
0
LINE
8
BLACK
6
CONTINUOUS
10
1.4109017716535432
20
1.2603466141732282
11
1.4109017716535432
21
1.2445516929133857
0
LINE
8
BLACK
6
CONTINUOUS
10
1.4109017716535432
20
1.2445516929133857
11
1.4108450393700787
21
1.2439756299212599
0
LINE
8
BLACK
6
CONTINUOUS
10
1.4108450393700787
20
1.2439756299212599
11
1.4104041338582678
21
1.2429112204724408
0
LINE
8
BLACK
6
CONTINUOUS
10
1.4104041338582678
20
1.2429112204724408
11
1.4095894881889763
21
1.2420965748031496
0
LINE
8
BLACK
6
CONTINUOUS
10
1.4095894881889763
20
1.2420965748031496
11
1.4085250787401575
21
1.2416556692913385
0
LINE
8
BLACK
6
CONTINUOUS
10
1.4085250787401575
20
1.2416556692913385
11
1.4073729527559056
21
1.2416556692913385
0
LINE
8
BLACK
6
CONTINUOUS
10
1.4073729527559056
20
1.2416556692913385
11
1.4063085433070865
21
1.2420965748031496
0
LINE
8
BLACK
6
CONTINUOUS
10
1.4063085433070865
20
1.2420965748031496
11
1.4054938976377953
21
1.2429112204724408
0
LINE
8
BLACK
6
CONTINUOUS
10
1.4054938976377953
20
1.2429112204724408
11
1.4050529921259842
21
1.2439756299212599
0
LINE
8
BLACK
6
CONTINUOUS
10
1.4050529921259842
20
1.2439756299212599
11
1.4049962598425196
21
1.2445516929133857
0
LINE
8
BLACK
6
CONTINUOUS
10
1.4049962598425196
20
1.2445516929133857
11
1.4049962598425196
21
1.2696992125984252
0
LINE
8
BLACK
6
CONTINUOUS
10
1.4049962598425196
20
1.2696992125984252
11
1.1763779527559055
21
1.2696992125984252
0
LINE
8
BLACK
6
CONTINUOUS
10
1.1763779527559055
20
1.2696992125984252
11
1.1754739763779527
21
1.2698790157480315
0
LINE
8
BLACK
6
CONTINUOUS
10
1.1754739763779527
20
1.2698790157480315
11
1.1741955511811024
21
1.2711574409448818
0
LINE
8
BLACK
6
CONTINUOUS
10
1.1741955511811024
20
1.2711574409448818
11
1.1740157480314961
21
1.2720614173228346
0
LINE
8
BLACK
6
CONTINUOUS
10
1.1740157480314961
20
1.2720614173228346
11
1.1740157480314961
21
1.6358409448818898
0
LINE
8
BLACK
6
CONTINUOUS
10
1.1740157480314961
20
1.6358409448818898
11
1.1741955511811024
21
1.6367449212598424
0
LINE
8
BLACK
6
CONTINUOUS
10
1.1741955511811024
20
1.6367449212598424
11
1.1754739763779527
21
1.6380233464566929
0
LINE
8
BLACK
6
CONTINUOUS
10
1.1754739763779527
20
1.6380233464566929
11
1.1763779527559055
21
1.6382031496062992
0
LINE
8
BLACK
6
CONTINUOUS
10
1.1763779527559055
20
1.6382031496062992
11
1.6976377952755906
21
1.6382031496062992
0
LINE
8
BLACK
6
CONTINUOUS
10
1.6976377952755906
20
1.6382031496062992
11
1.6985417716535434
21
1.6380233464566929
0
LINE
8
BLACK
6
CONTINUOUS
10
1.4109017716535432
20
1.2696992125984252
11
1.4109017716535432
21
1.2662521259842519
0
LINE
8
BLACK
6
CONTINUOUS
10
1.4109017716535432
20
1.2662521259842519
11
1.4222500787401575
21
1.2662521259842519
0
LINE
8
BLACK
6
CONTINUOUS
10
1.4222500787401575
20
1.2662521259842519
11
1.4249475590551182
21
1.2676008661417322
0
LINE
8
BLACK
6
CONTINUOUS
10
1.4249475590551182
20
1.2676008661417322
11
1.42614468503937
21
1.2687979921259842
0
LINE
8
BLACK
6
CONTINUOUS
10
1.42614468503937
20
1.2687979921259842
11
1.4265953149606299
21
1.2696992125984252
0
LINE
8
BLACK
6
CONTINUOUS
10
1.4265953149606299
20
1.2696992125984252
11
1.4109017716535432
21
1.2696992125984252
0
LINE
8
BLACK
6
CONTINUOUS
10
1.1787401574803149
20
1.6334787401574802
11
1.1787401574803149
21
1.274423622047244
0
LINE
8
BLACK
6
CONTINUOUS
10
1.1787401574803149
20
1.274423622047244
11
1.2181102362204723
21
1.274423622047244
0
LINE
8
BLACK
6
CONTINUOUS
10
1.2181102362204723
20
1.274423622047244
11
1.2181102362204723
21
1.6334787401574802
0
LINE
8
BLACK
6
CONTINUOUS
10
1.2181102362204723
20
1.6334787401574802
11
1.1787401574803149
21
1.6334787401574802
0
LINE
8
BLACK
6
CONTINUOUS
10
1.2228346456692913
20
1.6334787401574802
11
1.2228346456692913
21
1.274423622047244
0
LINE
8
BLACK
6
CONTINUOUS
10
1.2228346456692913
20
1.274423622047244
11
1.4049962598425196
21
1.274423622047244
0
LINE
8
BLACK
6
CONTINUOUS
10
1.4049962598425196
20
1.274423622047244
11
1.4049962598425196
21
1.2839217716535434
0
LINE
8
BLACK
6
CONTINUOUS
10
1.4049962598425196
20
1.2839217716535434
11
1.4050529921259842
21
1.2844978346456692
0
LINE
8
BLACK
6
CONTINUOUS
10
1.4050529921259842
20
1.2844978346456692
11
1.4054938976377953
21
1.285562244094488
0
LINE
8
BLACK
6
CONTINUOUS
10
1.4054938976377953
20
1.285562244094488
11
1.4063085433070865
21
1.2863768897637795
0
LINE
8
BLACK
6
CONTINUOUS
10
1.4063085433070865
20
1.2863768897637795
11
1.4073729527559056
21
1.2868177952755906
0
LINE
8
BLACK
6
CONTINUOUS
10
1.4073729527559056
20
1.2868177952755906
11
1.4079490157480314
21
1.2868745275590552
0
LINE
8
BLACK
6
CONTINUOUS
10
1.4079490157480314
20
1.2868745275590552
11
1.4229471259842519
21
1.2868745275590552
0
LINE
8
BLACK
6
CONTINUOUS
10
1.4229471259842519
20
1.2868745275590552
11
1.423523188976378
21
1.2868177952755906
0
LINE
8
BLACK
6
CONTINUOUS
10
1.423523188976378
20
1.2868177952755906
11
1.4236211811023622
21
1.2867772047244095
0
LINE
8
BLACK
6
CONTINUOUS
10
1.4236211811023622
20
1.2867772047244095
11
1.4237270078740156
21
1.2867696850393699
0
LINE
8
BLACK
6
CONTINUOUS
10
1.4237270078740156
20
1.2867696850393699
11
1.4242676377952757
21
1.2865627952755905
0
LINE
8
BLACK
6
CONTINUOUS
10
1.4242676377952757
20
1.2865627952755905
11
1.4280171653543308
21
1.2846880314960629
0
LINE
8
BLACK
6
CONTINUOUS
10
1.4280171653543308
20
1.2846880314960629
11
1.4282651574803149
21
1.2845319685039369
0
LINE
8
BLACK
6
CONTINUOUS
10
1.4282651574803149
20
1.2845319685039369
11
1.4283371259842519
21
1.284502125984252
0
LINE
8
BLACK
6
CONTINUOUS
10
1.4283371259842519
20
1.284502125984252
11
1.4284180708661418
21
1.2844356692913386
0
LINE
8
BLACK
6
CONTINUOUS
10
1.4284180708661418
20
1.2844356692913386
11
1.4285070472440944
21
1.2843796850393701
0
LINE
8
BLACK
6
CONTINUOUS
10
1.4285070472440944
20
1.2843796850393701
11
1.4285581889763779
21
1.2843207086614172
0
LINE
8
BLACK
6
CONTINUOUS
10
1.4285581889763779
20
1.2843207086614172
11
1.4287845669291339
21
1.2841349212598425
0
LINE
8
BLACK
6
CONTINUOUS
10
1.4287845669291339
20
1.2841349212598425
11
1.4306593307086615
21
1.282260157480315
0
LINE
8
BLACK
6
CONTINUOUS
10
1.4306593307086615
20
1.282260157480315
11
1.4308450787401574
21
1.2820338188976377
0
LINE
8
BLACK
6
CONTINUOUS
10
1.4308450787401574
20
1.2820338188976377
11
1.430904094488189
21
1.2819826377952757
0
LINE
8
BLACK
6
CONTINUOUS
10
1.430904094488189
20
1.2819826377952757
11
1.4309600393700788
21
1.2818937007874016
0
LINE
8
BLACK
6
CONTINUOUS
10
1.4309600393700788
20
1.2818937007874016
11
1.4310265354330709
21
1.2818127165354329
0
LINE
8
BLACK
6
CONTINUOUS
10
1.4310265354330709
20
1.2818127165354329
11
1.4310563385826771
21
1.2817407874015747
0
LINE
8
BLACK
6
CONTINUOUS
10
1.4310563385826771
20
1.2817407874015747
11
1.4312124409448819
21
1.2814927559055118
0
LINE
8
BLACK
6
CONTINUOUS
10
1.4312124409448819
20
1.2814927559055118
11
1.4330872047244094
21
1.2777432283464567
0
LINE
8
BLACK
6
CONTINUOUS
10
1.4330872047244094
20
1.2777432283464567
11
1.4332940944881889
21
1.2772026377952757
0
LINE
8
BLACK
6
CONTINUOUS
10
1.4332940944881889
20
1.2772026377952757
11
1.4333016141732282
21
1.2770967716535433
0
LINE
8
BLACK
6
CONTINUOUS
10
1.4333016141732282
20
1.2770967716535433
11
1.4333422047244093
21
1.276998779527559
0
LINE
8
BLACK
6
CONTINUOUS
10
1.4333422047244093
20
1.276998779527559
11
1.4333989370078739
21
1.2764227165354329
0
LINE
8
BLACK
6
CONTINUOUS
10
1.4333989370078739
20
1.2764227165354329
11
1.4333989370078739
21
1.274423622047244
0
LINE
8
BLACK
6
CONTINUOUS
10
1.4333989370078739
20
1.274423622047244
11
1.4625331102362205
21
1.274423622047244
0
LINE
8
BLACK
6
CONTINUOUS
10
1.4625331102362205
20
1.274423622047244
11
1.4653382677165354
21
1.2809690157480316
0
LINE
8
BLACK
6
CONTINUOUS
10
1.4653382677165354
20
1.2809690157480316
11
1.4435695669291337
21
1.2809690157480316
0
LINE
8
BLACK
6
CONTINUOUS
10
1.4435695669291337
20
1.2809690157480316
11
1.4429935039370079
21
1.2810257480314959
0
LINE
8
BLACK
6
CONTINUOUS
10
1.4429935039370079
20
1.2810257480314959
11
1.4419290944881888
21
1.281466653543307
0
LINE
8
BLACK
6
CONTINUOUS
10
1.4419290944881888
20
1.281466653543307
11
1.4411144488188976
21
1.2822812992125985
0
LINE
8
BLACK
6
CONTINUOUS
10
1.4411144488188976
20
1.2822812992125985
11
1.4406735433070865
21
1.2833457086614173
0
LINE
8
BLACK
6
CONTINUOUS
10
1.4406735433070865
20
1.2833457086614173
11
1.4406735433070865
21
1.2844978346456692
0
LINE
8
BLACK
6
CONTINUOUS
10
1.4406735433070865
20
1.2844978346456692
11
1.4411144488188976
21
1.285562244094488
0
LINE
8
BLACK
6
CONTINUOUS
10
1.4411144488188976
20
1.285562244094488
11
1.4419290944881888
21
1.2863768897637795
0
LINE
8
BLACK
6
CONTINUOUS
10
1.4419290944881888
20
1.2863768897637795
11
1.4429935039370079
21
1.2868177952755906
0
LINE
8
BLACK
6
CONTINUOUS
10
1.4429935039370079
20
1.2868177952755906
11
1.4435695669291337
21
1.2868745275590552
0
LINE
8
BLACK
6
CONTINUOUS
10
1.4435695669291337
20
1.2868745275590552
11
1.4698162598425197
21
1.2868745275590552
0
LINE
8
BLACK
6
CONTINUOUS
10
1.4698162598425197
20
1.2868745275590552
11
1.4703923228346456
21
1.2868177952755906
0
LINE
8
BLACK
6
CONTINUOUS
10
1.4703923228346456
20
1.2868177952755906
11
1.4704092519685039
21
1.2868107874015748
0
LINE
8
BLACK
6
CONTINUOUS
10
1.4704092519685039
20
1.2868107874015748
11
1.4704275590551181
21
1.2868105511811023
0
LINE
8
BLACK
6
CONTINUOUS
10
1.4704275590551181
20
1.2868105511811023
11
1.4709396062992126
21
1.2865911023622048
0
LINE
8
BLACK
6
CONTINUOUS
10
1.4709396062992126
20
1.2865911023622048
11
1.4714567322834646
21
1.2863768897637795
0
LINE
8
BLACK
6
CONTINUOUS
10
1.4714567322834646
20
1.2863768897637795
11
1.47146968503937
21
1.2863639370078739
0
LINE
8
BLACK
6
CONTINUOUS
10
1.47146968503937
20
1.2863639370078739
11
1.4714865354330708
21
1.2863566929133858
0
LINE
8
BLACK
6
CONTINUOUS
10
1.4714865354330708
20
1.2863566929133858
11
1.4718761023622047
21
1.2859575196850392
0
LINE
8
BLACK
6
CONTINUOUS
10
1.4718761023622047
20
1.2859575196850392
11
1.4722713779527559
21
1.285562244094488
0
LINE
8
BLACK
6
CONTINUOUS
10
1.4722713779527559
20
1.285562244094488
11
1.4722783858267716
21
1.28554531496063
0
LINE
8
BLACK
6
CONTINUOUS
10
1.4722783858267716
20
1.28554531496063
11
1.472291220472441
21
1.2855321653543306
0
LINE
8
BLACK
6
CONTINUOUS
10
1.472291220472441
20
1.2855321653543306
11
1.4724988188976378
21
1.2850131889763778
0
LINE
8
BLACK
6
CONTINUOUS
10
1.4724988188976378
20
1.2850131889763778
11
1.472712283464567
21
1.2844978346456692
0
LINE
8
BLACK
6
CONTINUOUS
10
1.472712283464567
20
1.2844978346456692
11
1.472712283464567
21
1.284479527559055
0
LINE
8
BLACK
6
CONTINUOUS
10
1.472712283464567
20
1.284479527559055
11
1.4727190944881889
21
1.2844624803149607
0
LINE
8
BLACK
6
CONTINUOUS
10
1.4727190944881889
20
1.2844624803149607
11
1.472712283464567
21
1.2839042125984252
0
LINE
8
BLACK
6
CONTINUOUS
10
1.472712283464567
20
1.2839042125984252
11
1.472712283464567
21
1.2833457086614173
0
LINE
8
BLACK
6
CONTINUOUS
10
1.472712283464567
20
1.2833457086614173
11
1.4727052362204724
21
1.283328779527559
0
LINE
8
BLACK
6
CONTINUOUS
10
1.4727052362204724
20
1.283328779527559
11
1.4727050393700787
21
1.283310433070866
0
LINE
8
BLACK
6
CONTINUOUS
10
1.4727050393700787
20
1.283310433070866
11
1.4725302755905512
21
1.282758622047244
0
LINE
8
BLACK
6
CONTINUOUS
10
1.4725302755905512
20
1.282758622047244
11
1.4689581496062991
21
1.274423622047244
0
LINE
8
BLACK
6
CONTINUOUS
10
1.4689581496062991
20
1.274423622047244
11
1.6511811023622047
21
1.274423622047244
0
LINE
8
BLACK
6
CONTINUOUS
10
1.6511811023622047
20
1.274423622047244
11
1.6511811023622047
21
1.6334787401574802
0
LINE
8
BLACK
6
CONTINUOUS
10
1.6511811023622047
20
1.6334787401574802
11
1.2228346456692913
21
1.6334787401574802
0
LINE
8
BLACK
6
CONTINUOUS
10
1.4109017716535432
20
1.274423622047244
11
1.4274934251968503
21
1.274423622047244
0
LINE
8
BLACK
6
CONTINUOUS
10
1.4274934251968503
20
1.274423622047244
11
1.4274934251968503
21
1.2757256692913386
0
LINE
8
BLACK
6
CONTINUOUS
10
1.4274934251968503
20
1.2757256692913386
11
1.42614468503937
21
1.2784231496062992
0
LINE
8
BLACK
6
CONTINUOUS
10
1.42614468503937
20
1.2784231496062992
11
1.4249475590551182
21
1.2796202755905512
0
LINE
8
BLACK
6
CONTINUOUS
10
1.4249475590551182
20
1.2796202755905512
11
1.4222500787401575
21
1.2809690157480316
0
LINE
8
BLACK
6
CONTINUOUS
10
1.4222500787401575
20
1.2809690157480316
11
1.4109017716535432
21
1.2809690157480316
0
LINE
8
BLACK
6
CONTINUOUS
10
1.4109017716535432
20
1.2809690157480316
11
1.4109017716535432
21
1.274423622047244
0
LINE
8
BLACK
6
CONTINUOUS
10
1.6559055118110235
20
1.6334787401574802
11
1.6559055118110235
21
1.274423622047244
0
LINE
8
BLACK
6
CONTINUOUS
10
1.6559055118110235
20
1.274423622047244
11
1.6952755905511812
21
1.274423622047244
0
LINE
8
BLACK
6
CONTINUOUS
10
1.6952755905511812
20
1.274423622047244
11
1.6952755905511812
21
1.6334787401574802
0
LINE
8
BLACK
6
CONTINUOUS
10
1.6952755905511812
20
1.6334787401574802
11
1.6559055118110235
21
1.6334787401574802
0
LINE
8
BLACK
6
CONTINUOUS
10
1.6985417716535434
20
2.055894527559055
11
1.6998201968503936
21
2.0546161023622047
0
LINE
8
BLACK
6
CONTINUOUS
10
1.6998201968503936
20
2.0546161023622047
11
1.7
21
2.0537121259842519
0
LINE
8
BLACK
6
CONTINUOUS
10
1.7
20
2.0537121259842519
11
1.7
21
1.6899325984251967
0
LINE
8
BLACK
6
CONTINUOUS
10
1.7
20
1.6899325984251967
11
1.6998201968503936
21
1.6890286220472441
0
LINE
8
BLACK
6
CONTINUOUS
10
1.6998201968503936
20
1.6890286220472441
11
1.6985417716535434
21
1.6877501968503936
0
LINE
8
BLACK
6
CONTINUOUS
10
1.6985417716535434
20
1.6877501968503936
11
1.6976377952755906
21
1.6875703937007873
0
LINE
8
BLACK
6
CONTINUOUS
10
1.6976377952755906
20
1.6875703937007873
11
1.4654938976377951
21
1.6875703937007873
0
LINE
8
BLACK
6
CONTINUOUS
10
1.4654938976377951
20
1.6875703937007873
11
1.4655124803149606
21
1.6875611023622046
0
LINE
8
BLACK
6
CONTINUOUS
10
1.4655124803149606
20
1.6875611023622046
11
1.4657604724409448
21
1.6874050393700788
0
LINE
8
BLACK
6
CONTINUOUS
10
1.4657604724409448
20
1.6874050393700788
11
1.465832440944882
21
1.6873751968503936
0
LINE
8
BLACK
6
CONTINUOUS
10
1.465832440944882
20
1.6873751968503936
11
1.4659133858267717
21
1.6873087401574802
0
LINE
8
BLACK
6
CONTINUOUS
10
1.4659133858267717
20
1.6873087401574802
11
1.4660023622047245
21
1.6872527559055117
0
LINE
8
BLACK
6
CONTINUOUS
10
1.4660023622047245
20
1.6872527559055117
11
1.466053503937008
21
1.6871937795275591
0
LINE
8
BLACK
6
CONTINUOUS
10
1.466053503937008
20
1.6871937795275591
11
1.4662798818897638
21
1.6870079921259842
0
LINE
8
BLACK
6
CONTINUOUS
10
1.4662798818897638
20
1.6870079921259842
11
1.4681546456692913
21
1.6851332283464566
0
LINE
8
BLACK
6
CONTINUOUS
10
1.4681546456692913
20
1.6851332283464566
11
1.4683403937007873
21
1.6849068897637796
0
LINE
8
BLACK
6
CONTINUOUS
10
1.4683403937007873
20
1.6849068897637796
11
1.4683994094488189
21
1.6848557086614173
0
LINE
8
BLACK
6
CONTINUOUS
10
1.4683994094488189
20
1.6848557086614173
11
1.4684553543307086
21
1.6847667716535433
0
LINE
8
BLACK
6
CONTINUOUS
10
1.4684553543307086
20
1.6847667716535433
11
1.4685218503937008
21
1.6846857874015748
0
LINE
8
BLACK
6
CONTINUOUS
10
1.4685218503937008
20
1.6846857874015748
11
1.468551653543307
21
1.6846138582677166
0
LINE
8
BLACK
6
CONTINUOUS
10
1.468551653543307
20
1.6846138582677166
11
1.4687077559055117
21
1.6843658267716535
0
LINE
8
BLACK
6
CONTINUOUS
10
1.4687077559055117
20
1.6843658267716535
11
1.4705825196850393
21
1.6806162992125984
0
LINE
8
BLACK
6
CONTINUOUS
10
1.4705825196850393
20
1.6806162992125984
11
1.470789409448819
21
1.6800757086614173
0
LINE
8
BLACK
6
CONTINUOUS
10
1.470789409448819
20
1.6800757086614173
11
1.4707969291338583
21
1.679969842519685
0
LINE
8
BLACK
6
CONTINUOUS
10
1.4707969291338583
20
1.679969842519685
11
1.4708375196850394
21
1.6798718503937007
0
LINE
8
BLACK
6
CONTINUOUS
10
1.4708375196850394
20
1.6798718503937007
11
1.470894251968504
21
1.6792957874015748
0
LINE
8
BLACK
6
CONTINUOUS
10
1.470894251968504
20
1.6792957874015748
11
1.470894251968504
21
1.669921968503937
0
LINE
8
BLACK
6
CONTINUOUS
10
1.470894251968504
20
1.669921968503937
11
1.4708375196850394
21
1.6693459055118109
0
LINE
8
BLACK
6
CONTINUOUS
10
1.4708375196850394
20
1.6693459055118109
11
1.4707969291338583
21
1.6692479527559054
0
LINE
8
BLACK
6
CONTINUOUS
10
1.4707969291338583
20
1.6692479527559054
11
1.470789409448819
21
1.6691420472440945
0
LINE
8
BLACK
6
CONTINUOUS
10
1.470789409448819
20
1.6691420472440945
11
1.4705825196850393
21
1.6686014566929133
0
LINE
8
BLACK
6
CONTINUOUS
10
1.4705825196850393
20
1.6686014566929133
11
1.4687077559055117
21
1.6648519291338582
0
LINE
8
BLACK
6
CONTINUOUS
10
1.4687077559055117
20
1.6648519291338582
11
1.4685516929133857
21
1.6646040551181103
0
LINE
8
BLACK
6
CONTINUOUS
10
1.4685516929133857
20
1.6646040551181103
11
1.4685218897637795
21
1.6645320078740158
0
LINE
8
BLACK
6
CONTINUOUS
10
1.4685218897637795
20
1.6645320078740158
11
1.4684553543307086
21
1.6644509842519684
0
LINE
8
BLACK
6
CONTINUOUS
10
1.4684553543307086
20
1.6644509842519684
11
1.4683994094488189
21
1.6643620472440945
0
LINE
8
BLACK
6
CONTINUOUS
10
1.4683994094488189
20
1.6643620472440945
11
1.4683403937007873
21
1.664310905511811
0
LINE
8
BLACK
6
CONTINUOUS
10
1.4683403937007873
20
1.664310905511811
11
1.4681546456692913
21
1.664084527559055
0
LINE
8
BLACK
6
CONTINUOUS
10
1.4681546456692913
20
1.664084527559055
11
1.4662799212598425
21
1.6622097637795274
0
LINE
8
BLACK
6
CONTINUOUS
10
1.4662799212598425
20
1.6622097637795274
11
1.4660535433070865
21
1.6620240157480315
0
LINE
8
BLACK
6
CONTINUOUS
10
1.4660535433070865
20
1.6620240157480315
11
1.4660023622047245
21
1.6619649606299212
0
LINE
8
BLACK
6
CONTINUOUS
10
1.4660023622047245
20
1.6619649606299212
11
1.4659133858267717
21
1.6619089763779527
0
LINE
8
BLACK
6
CONTINUOUS
10
1.4659133858267717
20
1.6619089763779527
11
1.465832440944882
21
1.6618425196850393
0
LINE
8
BLACK
6
CONTINUOUS
10
1.465832440944882
20
1.6618425196850393
11
1.4657604724409448
21
1.6618127165354331
0
LINE
8
BLACK
6
CONTINUOUS
10
1.4657604724409448
20
1.6618127165354331
11
1.4655124803149606
21
1.6616566141732283
0
LINE
8
BLACK
6
CONTINUOUS
10
1.4655124803149606
20
1.6616566141732283
11
1.4617629527559055
21
1.6597818503937007
0
LINE
8
BLACK
6
CONTINUOUS
10
1.4617629527559055
20
1.6597818503937007
11
1.4612223228346457
21
1.6595749606299213
0
LINE
8
BLACK
6
CONTINUOUS
10
1.4612223228346457
20
1.6595749606299213
11
1.4611164960629921
21
1.6595674803149605
0
LINE
8
BLACK
6
CONTINUOUS
10
1.4611164960629921
20
1.6595674803149605
11
1.4610185039370078
21
1.6595268503937008
0
LINE
8
BLACK
6
CONTINUOUS
10
1.4610185039370078
20
1.6595268503937008
11
1.460442440944882
21
1.6594701181102363
0
LINE
8
BLACK
6
CONTINUOUS
10
1.460442440944882
20
1.6594701181102363
11
1.4529433858267715
21
1.6594701181102363
0
LINE
8
BLACK
6
CONTINUOUS
10
1.4529433858267715
20
1.6594701181102363
11
1.4523673228346456
21
1.6595268503937008
0
LINE
8
BLACK
6
CONTINUOUS
10
1.4523673228346456
20
1.6595268503937008
11
1.4522693307086614
21
1.659567440944882
0
LINE
8
BLACK
6
CONTINUOUS
10
1.4522693307086614
20
1.659567440944882
11
1.452163464566929
21
1.6595749606299213
0
LINE
8
BLACK
6
CONTINUOUS
10
1.452163464566929
20
1.6595749606299213
11
1.451622874015748
21
1.6597818503937007
0
LINE
8
BLACK
6
CONTINUOUS
10
1.451622874015748
20
1.6597818503937007
11
1.4478733464566929
21
1.6616566141732283
0
LINE
8
BLACK
6
CONTINUOUS
10
1.4478733464566929
20
1.6616566141732283
11
1.44762531496063
21
1.6618127165354331
0
LINE
8
BLACK
6
CONTINUOUS
10
1.44762531496063
20
1.6618127165354331
11
1.4475533858267715
21
1.6618425196850393
0
LINE
8
BLACK
6
CONTINUOUS
10
1.4475533858267715
20
1.6618425196850393
11
1.4474724015748031
21
1.6619089763779527
0
LINE
8
BLACK
6
CONTINUOUS
10
1.4474724015748031
20
1.6619089763779527
11
1.447383464566929
21
1.6619649606299212
0
LINE
8
BLACK
6
CONTINUOUS
10
1.447383464566929
20
1.6619649606299212
11
1.4473322440944882
21
1.6620240157480315
0
LINE
8
BLACK
6
CONTINUOUS
10
1.4473322440944882
20
1.6620240157480315
11
1.447105905511811
21
1.6622097637795274
0
LINE
8
BLACK
6
CONTINUOUS
10
1.447105905511811
20
1.6622097637795274
11
1.4452311417322834
21
1.6640845669291338
0
LINE
8
BLACK
6
CONTINUOUS
10
1.4452311417322834
20
1.6640845669291338
11
1.4450453937007874
21
1.664310905511811
0
LINE
8
BLACK
6
CONTINUOUS
10
1.4450453937007874
20
1.664310905511811
11
1.4449864173228346
21
1.6643620472440945
0
LINE
8
BLACK
6
CONTINUOUS
10
1.4449864173228346
20
1.6643620472440945
11
1.4449304330708661
21
1.6644509842519684
0
LINE
8
BLACK
6
CONTINUOUS
10
1.4449304330708661
20
1.6644509842519684
11
1.444863937007874
21
1.6645320078740158
0
LINE
8
BLACK
6
CONTINUOUS
10
1.444863937007874
20
1.6645320078740158
11
1.444834094488189
21
1.6646040551181103
0
LINE
8
BLACK
6
CONTINUOUS
10
1.444834094488189
20
1.6646040551181103
11
1.4446780708661418
21
1.6648519291338582
0
LINE
8
BLACK
6
CONTINUOUS
10
1.4446780708661418
20
1.6648519291338582
11
1.4428033070866142
21
1.6686014566929133
0
LINE
8
BLACK
6
CONTINUOUS
10
1.4428033070866142
20
1.6686014566929133
11
1.4425964173228347
21
1.6691420866141733
0
LINE
8
BLACK
6
CONTINUOUS
10
1.4425964173228347
20
1.6691420866141733
11
1.4425888976377952
21
1.6692479133858267
0
LINE
8
BLACK
6
CONTINUOUS
10
1.4425888976377952
20
1.6692479133858267
11
1.4425483070866141
21
1.6693459055118109
0
LINE
8
BLACK
6
CONTINUOUS
10
1.4425483070866141
20
1.6693459055118109
11
1.4424915748031495
21
1.669921968503937
0
LINE
8
BLACK
6
CONTINUOUS
10
1.4424915748031495
20
1.669921968503937
11
1.4424915748031495
21
1.6849200787401575
0
LINE
8
BLACK
6
CONTINUOUS
10
1.4424915748031495
20
1.6849200787401575
11
1.4425014566929133
21
1.6850206299212598
0
LINE
8
BLACK
6
CONTINUOUS
10
1.4425014566929133
20
1.6850206299212598
11
1.4424950787401574
21
1.6850636220472441
0
LINE
8
BLACK
6
CONTINUOUS
10
1.4424950787401574
20
1.6850636220472441
11
1.4425269291338583
21
1.6852791338582678
0
LINE
8
BLACK
6
CONTINUOUS
10
1.4425269291338583
20
1.6852791338582678
11
1.4425483070866141
21
1.6854961417322833
0
LINE
8
BLACK
6
CONTINUOUS
10
1.4425483070866141
20
1.6854961417322833
11
1.4425649212598426
21
1.6855363779527559
0
LINE
8
BLACK
6
CONTINUOUS
10
1.4425649212598426
20
1.6855363779527559
11
1.4425797244094487
21
1.6856362204724409
0
LINE
8
BLACK
6
CONTINUOUS
10
1.4425797244094487
20
1.6856362204724409
11
1.4430632677165354
21
1.6875703937007873
0
LINE
8
BLACK
6
CONTINUOUS
10
1.4430632677165354
20
1.6875703937007873
11
1.4331718897637795
21
1.6875703937007873
0
LINE
8
BLACK
6
CONTINUOUS
10
1.4331718897637795
20
1.6875703937007873
11
1.4330872047244094
21
1.687349094488189
0
LINE
8
BLACK
6
CONTINUOUS
10
1.4330872047244094
20
1.687349094488189
11
1.4312124409448819
21
1.6835995669291339
0
LINE
8
BLACK
6
CONTINUOUS
10
1.4312124409448819
20
1.6835995669291339
11
1.4310563385826771
21
1.6833515748031496
0
LINE
8
BLACK
6
CONTINUOUS
10
1.4310563385826771
20
1.6833515748031496
11
1.4310265354330709
21
1.6832796062992126
0
LINE
8
BLACK
6
CONTINUOUS
10
1.4310265354330709
20
1.6832796062992126
11
1.4309600393700788
21
1.6831986614173229
0
LINE
8
BLACK
6
CONTINUOUS
10
1.4309600393700788
20
1.6831986614173229
11
1.430904094488189
21
1.6831096850393701
0
LINE
8
BLACK
6
CONTINUOUS
10
1.430904094488189
20
1.6831096850393701
11
1.4308450787401574
21
1.6830585433070866
0
LINE
8
BLACK
6
CONTINUOUS
10
1.4308450787401574
20
1.6830585433070866
11
1.4306593307086615
21
1.6828321653543308
0
LINE
8
BLACK
6
CONTINUOUS
10
1.4306593307086615
20
1.6828321653543308
11
1.4287845669291339
21
1.680957401574803
0
LINE
8
BLACK
6
CONTINUOUS
10
1.4287845669291339
20
1.680957401574803
11
1.4285581889763779
21
1.680771653543307
0
LINE
8
BLACK
6
CONTINUOUS
10
1.4285581889763779
20
1.680771653543307
11
1.4285070472440944
21
1.6807126377952755
0
LINE
8
BLACK
6
CONTINUOUS
10
1.4285070472440944
20
1.6807126377952755
11
1.4284180708661418
21
1.6806566929133857
0
LINE
8
BLACK
6
CONTINUOUS
10
1.4284180708661418
20
1.6806566929133857
11
1.4283371259842519
21
1.6805901968503936
0
LINE
8
BLACK
6
CONTINUOUS
10
1.4283371259842519
20
1.6805901968503936
11
1.4282651574803149
21
1.6805603937007874
0
LINE
8
BLACK
6
CONTINUOUS
10
1.4282651574803149
20
1.6805603937007874
11
1.4280171653543308
21
1.6804042913385826
0
LINE
8
BLACK
6
CONTINUOUS
10
1.4280171653543308
20
1.6804042913385826
11
1.4242676377952757
21
1.678529527559055
0
LINE
8
BLACK
6
CONTINUOUS
10
1.4242676377952757
20
1.678529527559055
11
1.4237270078740156
21
1.6783226377952756
0
LINE
8
BLACK
6
CONTINUOUS
10
1.4237270078740156
20
1.6783226377952756
11
1.4236211811023622
21
1.678315157480315
0
LINE
8
BLACK
6
CONTINUOUS
10
1.4236211811023622
20
1.678315157480315
11
1.423523188976378
21
1.6782745275590552
0
LINE
8
BLACK
6
CONTINUOUS
10
1.423523188976378
20
1.6782745275590552
11
1.4229910236220471
21
1.678222125984252
0
LINE
8
BLACK
6
CONTINUOUS
10
1.4229910236220471
20
1.678222125984252
11
1.4328651968503936
21
1.6641161417322834
0
LINE
8
BLACK
6
CONTINUOUS
10
1.4328651968503936
20
1.6641161417322834
11
1.4331490551181103
21
1.6636116929133857
0
LINE
8
BLACK
6
CONTINUOUS
10
1.4331490551181103
20
1.6636116929133857
11
1.4333982283464566
21
1.6624868503937007
0
LINE
8
BLACK
6
CONTINUOUS
10
1.4333982283464566
20
1.6624868503937007
11
1.4331980314960631
21
1.6613522834645669
0
LINE
8
BLACK
6
CONTINUOUS
10
1.4331980314960631
20
1.6613522834645669
11
1.4325788582677166
21
1.6603807086614173
0
LINE
8
BLACK
6
CONTINUOUS
10
1.4325788582677166
20
1.6603807086614173
11
1.431635
21
1.6597199999999999
0
LINE
8
BLACK
6
CONTINUOUS
10
1.431635
20
1.6597199999999999
11
1.430510157480315
21
1.6594707874015748
0
LINE
8
BLACK
6
CONTINUOUS
10
1.430510157480315
20
1.6594707874015748
11
1.4293756299212599
21
1.6596710236220471
0
LINE
8
BLACK
6
CONTINUOUS
10
1.4293756299212599
20
1.6596710236220471
11
1.4284040157480316
21
1.6602901968503936
0
LINE
8
BLACK
6
CONTINUOUS
10
1.4284040157480316
20
1.6602901968503936
11
1.4280272047244094
21
1.6607295669291338
0
LINE
8
BLACK
6
CONTINUOUS
10
1.4280272047244094
20
1.6607295669291338
11
1.4157854724409449
21
1.6782177952755906
0
LINE
8
BLACK
6
CONTINUOUS
10
1.4157854724409449
20
1.6782177952755906
11
1.4109017716535432
21
1.6782177952755906
0
LINE
8
BLACK
6
CONTINUOUS
10
1.4109017716535432
20
1.6782177952755906
11
1.4109017716535432
21
1.6624228740157481
0
LINE
8
BLACK
6
CONTINUOUS
10
1.4109017716535432
20
1.6624228740157481
11
1.4108450393700787
21
1.661846811023622
0
LINE
8
BLACK
6
CONTINUOUS
10
1.4108450393700787
20
1.661846811023622
11
1.4104041338582678
21
1.6607824015748032
0
LINE
8
BLACK
6
CONTINUOUS
10
1.4104041338582678
20
1.6607824015748032
11
1.4095894881889763
21
1.6599677559055117
0
LINE
8
BLACK
6
CONTINUOUS
10
1.4095894881889763
20
1.6599677559055117
11
1.4085250787401575
21
1.6595268503937008
0
LINE
8
BLACK
6
CONTINUOUS
10
1.4085250787401575
20
1.6595268503937008
11
1.4073729527559056
21
1.6595268503937008
0
LINE
8
BLACK
6
CONTINUOUS
10
1.4073729527559056
20
1.6595268503937008
11
1.4063085433070865
21
1.6599677559055117
0
LINE
8
BLACK
6
CONTINUOUS
10
1.4063085433070865
20
1.6599677559055117
11
1.4054938976377953
21
1.6607824015748032
0
LINE
8
BLACK
6
CONTINUOUS
10
1.4054938976377953
20
1.6607824015748032
11
1.4050529921259842
21
1.661846811023622
0
LINE
8
BLACK
6
CONTINUOUS
10
1.4050529921259842
20
1.661846811023622
11
1.4049962598425196
21
1.6624228740157481
0
LINE
8
BLACK
6
CONTINUOUS
10
1.4049962598425196
20
1.6624228740157481
11
1.4049962598425196
21
1.6875703937007873
0
LINE
8
BLACK
6
CONTINUOUS
10
1.4049962598425196
20
1.6875703937007873
11
1.1763779527559055
21
1.6875703937007873
0
LINE
8
BLACK
6
CONTINUOUS
10
1.1763779527559055
20
1.6875703937007873
11
1.1754739763779527
21
1.6877501968503936
0
LINE
8
BLACK
6
CONTINUOUS
10
1.1754739763779527
20
1.6877501968503936
11
1.1741955511811024
21
1.6890286220472441
0
LINE
8
BLACK
6
CONTINUOUS
10
1.1741955511811024
20
1.6890286220472441
11
1.1740157480314961
21
1.6899325984251967
0
LINE
8
BLACK
6
CONTINUOUS
10
1.1740157480314961
20
1.6899325984251967
11
1.1740157480314961
21
2.0537121259842519
0
LINE
8
BLACK
6
CONTINUOUS
10
1.1740157480314961
20
2.0537121259842519
11
1.1741955511811024
21
2.0546161023622047
0
LINE
8
BLACK
6
CONTINUOUS
10
1.1741955511811024
20
2.0546161023622047
11
1.1754739763779527
21
2.055894527559055
0
LINE
8
BLACK
6
CONTINUOUS
10
1.1754739763779527
20
2.055894527559055
11
1.1763779527559055
21
2.0560743307086615
0
LINE
8
BLACK
6
CONTINUOUS
10
1.1763779527559055
20
2.0560743307086615
11
1.6976377952755906
21
2.0560743307086615
0
LINE
8
BLACK
6
CONTINUOUS
10
1.6976377952755906
20
2.0560743307086615
11
1.6985417716535434
21
2.055894527559055
0
LINE
8
BLACK
6
CONTINUOUS
10
1.4509429527559055
20
1.6824933464566929
11
1.4497458267716534
21
1.6812962204724409
0
LINE
8
BLACK
6
CONTINUOUS
10
1.4497458267716534
20
1.6812962204724409
11
1.4483970866141731
21
1.6785987401574802
0
LINE
8
BLACK
6
CONTINUOUS
10
1.4483970866141731
20
1.6785987401574802
11
1.4483970866141731
21
1.6706190157480314
0
LINE
8
BLACK
6
CONTINUOUS
10
1.4483970866141731
20
1.6706190157480314
11
1.4497458267716534
21
1.6679215354330708
0
LINE
8
BLACK
6
CONTINUOUS
10
1.4497458267716534
20
1.6679215354330708
11
1.4509429527559055
21
1.6667243700787402
0
LINE
8
BLACK
6
CONTINUOUS
10
1.4509429527559055
20
1.6667243700787402
11
1.4536404330708661
21
1.6653756299212599
0
LINE
8
BLACK
6
CONTINUOUS
10
1.4536404330708661
20
1.6653756299212599
11
1.4597453937007874
21
1.6653756299212599
0
LINE
8
BLACK
6
CONTINUOUS
10
1.4597453937007874
20
1.6653756299212599
11
1.4624428346456693
21
1.6667243700787402
0
LINE
8
BLACK
6
CONTINUOUS
10
1.4624428346456693
20
1.6667243700787402
11
1.4636399606299213
21
1.6679215354330708
0
LINE
8
BLACK
6
CONTINUOUS
10
1.4636399606299213
20
1.6679215354330708
11
1.4649887401574804
21
1.6706190157480314
0
LINE
8
BLACK
6
CONTINUOUS
10
1.4649887401574804
20
1.6706190157480314
11
1.4649887401574804
21
1.6785987401574802
0
LINE
8
BLACK
6
CONTINUOUS
10
1.4649887401574804
20
1.6785987401574802
11
1.4636400000000001
21
1.6812962204724409
0
LINE
8
BLACK
6
CONTINUOUS
10
1.4636400000000001
20
1.6812962204724409
11
1.462442874015748
21
1.6824933464566929
0
LINE
8
BLACK
6
CONTINUOUS
10
1.462442874015748
20
1.6824933464566929
11
1.4597453937007874
21
1.6838420866141732
0
LINE
8
BLACK
6
CONTINUOUS
10
1.4597453937007874
20
1.6838420866141732
11
1.4536404330708661
21
1.6838420866141732
0
LINE
8
BLACK
6
CONTINUOUS
10
1.4536404330708661
20
1.6838420866141732
11
1.4509429527559055
21
1.6824933464566929
0
LINE
8
BLACK
6
CONTINUOUS
10
1.4109017716535432
20
1.6875703937007873
11
1.4109017716535432
21
1.6841233070866142
0
LINE
8
BLACK
6
CONTINUOUS
10
1.4109017716535432
20
1.6841233070866142
11
1.4222500787401575
21
1.6841233070866142
0
LINE
8
BLACK
6
CONTINUOUS
10
1.4222500787401575
20
1.6841233070866142
11
1.4249475590551182
21
1.6854720472440945
0
LINE
8
BLACK
6
CONTINUOUS
10
1.4249475590551182
20
1.6854720472440945
11
1.42614468503937
21
1.6866691732283463
0
LINE
8
BLACK
6
CONTINUOUS
10
1.42614468503937
20
1.6866691732283463
11
1.4265953149606299
21
1.6875703937007873
0
LINE
8
BLACK
6
CONTINUOUS
10
1.4265953149606299
20
1.6875703937007873
11
1.4109017716535432
21
1.6875703937007873
0
LINE
8
BLACK
6
CONTINUOUS
10
1.1787401574803149
20
2.0513499212598423
11
1.1787401574803149
21
1.6922948031496063
0
LINE
8
BLACK
6
CONTINUOUS
10
1.1787401574803149
20
1.6922948031496063
11
1.2181102362204723
21
1.6922948031496063
0
LINE
8
BLACK
6
CONTINUOUS
10
1.2181102362204723
20
1.6922948031496063
11
1.2181102362204723
21
2.0513499212598423
0
LINE
8
BLACK
6
CONTINUOUS
10
1.2181102362204723
20
2.0513499212598423
11
1.1787401574803149
21
2.0513499212598423
0
LINE
8
BLACK
6
CONTINUOUS
10
1.2228346456692913
20
2.0513499212598423
11
1.2228346456692913
21
1.6922948031496063
0
LINE
8
BLACK
6
CONTINUOUS
10
1.2228346456692913
20
1.6922948031496063
11
1.4049962598425196
21
1.6922948031496063
0
LINE
8
BLACK
6
CONTINUOUS
10
1.4049962598425196
20
1.6922948031496063
11
1.4049962598425196
21
1.7017929527559055
0
LINE
8
BLACK
6
CONTINUOUS
10
1.4049962598425196
20
1.7017929527559055
11
1.4050529921259842
21
1.7023690157480316
0
LINE
8
BLACK
6
CONTINUOUS
10
1.4050529921259842
20
1.7023690157480316
11
1.4054938976377953
21
1.7034334251968504
0
LINE
8
BLACK
6
CONTINUOUS
10
1.4054938976377953
20
1.7034334251968504
11
1.4063085433070865
21
1.7042480708661416
0
LINE
8
BLACK
6
CONTINUOUS
10
1.4063085433070865
20
1.7042480708661416
11
1.4073729527559056
21
1.7046889763779527
0
LINE
8
BLACK
6
CONTINUOUS
10
1.4073729527559056
20
1.7046889763779527
11
1.4079490157480314
21
1.7047457086614173
0
LINE
8
BLACK
6
CONTINUOUS
10
1.4079490157480314
20
1.7047457086614173
11
1.4229471259842519
21
1.7047457086614173
0
LINE
8
BLACK
6
CONTINUOUS
10
1.4229471259842519
20
1.7047457086614173
11
1.423523188976378
21
1.7046889763779527
0
LINE
8
BLACK
6
CONTINUOUS
10
1.423523188976378
20
1.7046889763779527
11
1.4236211811023622
21
1.7046483858267716
0
LINE
8
BLACK
6
CONTINUOUS
10
1.4236211811023622
20
1.7046483858267716
11
1.4237270078740156
21
1.7046408661417323
0
LINE
8
BLACK
6
CONTINUOUS
10
1.4237270078740156
20
1.7046408661417323
11
1.4242676377952757
21
1.7044339763779528
0
LINE
8
BLACK
6
CONTINUOUS
10
1.4242676377952757
20
1.7044339763779528
11
1.4280171653543308
21
1.7025592125984252
0
LINE
8
BLACK
6
CONTINUOUS
10
1.4280171653543308
20
1.7025592125984252
11
1.4282651574803149
21
1.7024031496062992
0
LINE
8
BLACK
6
CONTINUOUS
10
1.4282651574803149
20
1.7024031496062992
11
1.4283371259842519
21
1.7023733070866141
0
LINE
8
BLACK
6
CONTINUOUS
10
1.4283371259842519
20
1.7023733070866141
11
1.4284180708661418
21
1.7023068503937007
0
LINE
8
BLACK
6
CONTINUOUS
10
1.4284180708661418
20
1.7023068503937007
11
1.4285070472440944
21
1.7022508661417322
0
LINE
8
BLACK
6
CONTINUOUS
10
1.4285070472440944
20
1.7022508661417322
11
1.4285581889763779
21
1.7021918897637796
0
LINE
8
BLACK
6
CONTINUOUS
10
1.4285581889763779
20
1.7021918897637796
11
1.4287845669291339
21
1.7020061023622046
0
LINE
8
BLACK
6
CONTINUOUS
10
1.4287845669291339
20
1.7020061023622046
11
1.4306593307086615
21
1.7001313385826771
0
LINE
8
BLACK
6
CONTINUOUS
10
1.4306593307086615
20
1.7001313385826771
11
1.4308450787401574
21
1.699905
0
LINE
8
BLACK
6
CONTINUOUS
10
1.4308450787401574
20
1.699905
11
1.430904094488189
21
1.6998538188976378
0
LINE
8
BLACK
6
CONTINUOUS
10
1.430904094488189
20
1.6998538188976378
11
1.4309600393700788
21
1.6997648818897637
0
LINE
8
BLACK
6
CONTINUOUS
10
1.4309600393700788
20
1.6997648818897637
11
1.4310265354330709
21
1.6996838976377953
0
LINE
8
BLACK
6
CONTINUOUS
10
1.4310265354330709
20
1.6996838976377953
11
1.4310563385826771
21
1.699611968503937
0
LINE
8
BLACK
6
CONTINUOUS
10
1.4310563385826771
20
1.699611968503937
11
1.4312124409448819
21
1.6993639370078739
0
LINE
8
BLACK
6
CONTINUOUS
10
1.4312124409448819
20
1.6993639370078739
11
1.4330872047244094
21
1.6956144094488188
0
LINE
8
BLACK
6
CONTINUOUS
10
1.4330872047244094
20
1.6956144094488188
11
1.4332940944881889
21
1.6950738188976378
0
LINE
8
BLACK
6
CONTINUOUS
10
1.4332940944881889
20
1.6950738188976378
11
1.4333016141732282
21
1.6949679527559054
0
LINE
8
BLACK
6
CONTINUOUS
10
1.4333016141732282
20
1.6949679527559054
11
1.4333422047244093
21
1.6948699606299211
0
LINE
8
BLACK
6
CONTINUOUS
10
1.4333422047244093
20
1.6948699606299211
11
1.4333989370078739
21
1.6942938976377953
0
LINE
8
BLACK
6
CONTINUOUS
10
1.4333989370078739
20
1.6942938976377953
11
1.4333989370078739
21
1.6922948031496063
0
LINE
8
BLACK
6
CONTINUOUS
10
1.4333989370078739
20
1.6922948031496063
11
1.4442443700787402
21
1.6922948031496063
0
LINE
8
BLACK
6
CONTINUOUS
10
1.4442443700787402
20
1.6922948031496063
11
1.4444544881889763
21
1.6931352755905511
0
LINE
8
BLACK
6
CONTINUOUS
10
1.4444544881889763
20
1.6931352755905511
11
1.444575748031496
21
1.6934747637795275
0
LINE
8
BLACK
6
CONTINUOUS
10
1.444575748031496
20
1.6934747637795275
11
1.4445899212598425
21
1.6935462598425197
0
LINE
8
BLACK
6
CONTINUOUS
10
1.4445899212598425
20
1.6935462598425197
11
1.4446244881889763
21
1.6936111417322834
0
LINE
8
BLACK
6
CONTINUOUS
10
1.4446244881889763
20
1.6936111417322834
11
1.4446492519685039
21
1.6936803937007874
0
LINE
8
BLACK
6
CONTINUOUS
10
1.4446492519685039
20
1.6936803937007874
11
1.4446926771653543
21
1.6937390157480314
0
LINE
8
BLACK
6
CONTINUOUS
10
1.4446926771653543
20
1.6937390157480314
11
1.444862244094488
21
1.6940570472440946
0
LINE
8
BLACK
6
CONTINUOUS
10
1.444862244094488
20
1.6940570472440946
11
1.4486117716535434
21
1.6996813385826772
0
LINE
8
BLACK
6
CONTINUOUS
10
1.4486117716535434
20
1.6996813385826772
11
1.4486131102362205
21
1.6996830314960629
0
LINE
8
BLACK
6
CONTINUOUS
10
1.4486131102362205
20
1.6996830314960629
11
1.4486135039370078
21
1.6996838976377953
0
LINE
8
BLACK
6
CONTINUOUS
10
1.4486135039370078
20
1.6996838976377953
11
1.4487901968503936
21
1.6998992125984251
0
LINE
8
BLACK
6
CONTINUOUS
10
1.4487901968503936
20
1.6998992125984251
11
1.4489785433070865
21
1.7001291732283463
0
LINE
8
BLACK
6
CONTINUOUS
10
1.4489785433070865
20
1.7001291732283463
11
1.4489793700787401
21
1.7001297637795276
0
LINE
8
BLACK
6
CONTINUOUS
10
1.4489793700787401
20
1.7001297637795276
11
1.4489807086614173
21
1.7001313385826771
0
LINE
8
BLACK
6
CONTINUOUS
10
1.4489807086614173
20
1.7001313385826771
11
1.4508554724409448
21
1.7020061023622046
0
LINE
8
BLACK
6
CONTINUOUS
10
1.4508554724409448
20
1.7020061023622046
11
1.4510818110236221
21
1.7021918897637796
0
LINE
8
BLACK
6
CONTINUOUS
10
1.4510818110236221
20
1.7021918897637796
11
1.4511329921259841
21
1.7022508661417322
0
LINE
8
BLACK
6
CONTINUOUS
10
1.4511329921259841
20
1.7022508661417322
11
1.4512219291338582
21
1.7023068503937007
0
LINE
8
BLACK
6
CONTINUOUS
10
1.4512219291338582
20
1.7023068503937007
11
1.4513029133858268
21
1.7023733070866141
0
LINE
8
BLACK
6
CONTINUOUS
10
1.4513029133858268
20
1.7023733070866141
11
1.4513748425196851
21
1.7024031496062992
0
LINE
8
BLACK
6
CONTINUOUS
10
1.4513748425196851
20
1.7024031496062992
11
1.451622874015748
21
1.7025592125984252
0
LINE
8
BLACK
6
CONTINUOUS
10
1.451622874015748
20
1.7025592125984252
11
1.4553724015748031
21
1.7044339763779528
0
LINE
8
BLACK
6
CONTINUOUS
10
1.4553724015748031
20
1.7044339763779528
11
1.4559129921259841
21
1.7046408661417323
0
LINE
8
BLACK
6
CONTINUOUS
10
1.4559129921259841
20
1.7046408661417323
11
1.4560188582677165
21
1.7046484251968503
0
LINE
8
BLACK
6
CONTINUOUS
10
1.4560188582677165
20
1.7046484251968503
11
1.4561168503937008
21
1.7046889763779527
0
LINE
8
BLACK
6
CONTINUOUS
10
1.4561168503937008
20
1.7046889763779527
11
1.4566929133858268
21
1.7047457086614173
0
LINE
8
BLACK
6
CONTINUOUS
10
1.4566929133858268
20
1.7047457086614173
11
1.4641919685039371
21
1.7047457086614173
0
LINE
8
BLACK
6
CONTINUOUS
10
1.4641919685039371
20
1.7047457086614173
11
1.4647680314960629
21
1.7046889763779527
0
LINE
8
BLACK
6
CONTINUOUS
10
1.4647680314960629
20
1.7046889763779527
11
1.465832440944882
21
1.7042480708661416
0
LINE
8
BLACK
6
CONTINUOUS
10
1.465832440944882
20
1.7042480708661416
11
1.4666470866141732
21
1.7034334251968504
0
LINE
8
BLACK
6
CONTINUOUS
10
1.4666470866141732
20
1.7034334251968504
11
1.4670879921259843
21
1.7023690157480316
0
LINE
8
BLACK
6
CONTINUOUS
10
1.4670879921259843
20
1.7023690157480316
11
1.4670879921259843
21
1.7012168897637794
0
LINE
8
BLACK
6
CONTINUOUS
10
1.4670879921259843
20
1.7012168897637794
11
1.4666470866141732
21
1.7001524803149606
0
LINE
8
BLACK
6
CONTINUOUS
10
1.4666470866141732
20
1.7001524803149606
11
1.465832440944882
21
1.6993378346456693
0
LINE
8
BLACK
6
CONTINUOUS
10
1.465832440944882
20
1.6993378346456693
11
1.4647680314960629
21
1.6988969291338583
0
LINE
8
BLACK
6
CONTINUOUS
10
1.4647680314960629
20
1.6988969291338583
11
1.4641919685039371
21
1.6988401968503937
0
LINE
8
BLACK
6
CONTINUOUS
10
1.4641919685039371
20
1.6988401968503937
11
1.4573899606299212
21
1.6988401968503937
0
LINE
8
BLACK
6
CONTINUOUS
10
1.4573899606299212
20
1.6988401968503937
11
1.4546924803149606
21
1.6974914566929133
0
LINE
8
BLACK
6
CONTINUOUS
10
1.4546924803149606
20
1.6974914566929133
11
1.4533632677165353
21
1.6961622834645669
0
LINE
8
BLACK
6
CONTINUOUS
10
1.4533632677165353
20
1.6961622834645669
11
1.4507849606299212
21
1.6922948031496063
0
LINE
8
BLACK
6
CONTINUOUS
10
1.4507849606299212
20
1.6922948031496063
11
1.6511811023622047
21
1.6922948031496063
0
LINE
8
BLACK
6
CONTINUOUS
10
1.6511811023622047
20
1.6922948031496063
11
1.6511811023622047
21
2.0513499212598423
0
LINE
8
BLACK
6
CONTINUOUS
10
1.6511811023622047
20
2.0513499212598423
11
1.2228346456692913
21
2.0513499212598423
0
LINE
8
BLACK
6
CONTINUOUS
10
1.4109017716535432
20
1.6922948031496063
11
1.4274934251968503
21
1.6922948031496063
0
LINE
8
BLACK
6
CONTINUOUS
10
1.4274934251968503
20
1.6922948031496063
11
1.4274934251968503
21
1.6935968503937007
0
LINE
8
BLACK
6
CONTINUOUS
10
1.4274934251968503
20
1.6935968503937007
11
1.42614468503937
21
1.6962943307086613
0
LINE
8
BLACK
6
CONTINUOUS
10
1.42614468503937
20
1.6962943307086613
11
1.4249475590551182
21
1.6974914566929133
0
LINE
8
BLACK
6
CONTINUOUS
10
1.4249475590551182
20
1.6974914566929133
11
1.4222500787401575
21
1.6988401968503937
0
LINE
8
BLACK
6
CONTINUOUS
10
1.4222500787401575
20
1.6988401968503937
11
1.4109017716535432
21
1.6988401968503937
0
LINE
8
BLACK
6
CONTINUOUS
10
1.4109017716535432
20
1.6988401968503937
11
1.4109017716535432
21
1.6922948031496063
0
LINE
8
BLACK
6
CONTINUOUS
10
1.6559055118110235
20
2.0513499212598423
11
1.6559055118110235
21
1.6922948031496063
0
LINE
8
BLACK
6
CONTINUOUS
10
1.6559055118110235
20
1.6922948031496063
11
1.6952755905511812
21
1.6922948031496063
0
LINE
8
BLACK
6
CONTINUOUS
10
1.6952755905511812
20
1.6922948031496063
11
1.6952755905511812
21
2.0513499212598423
0
LINE
8
BLACK
6
CONTINUOUS
10
1.6952755905511812
20
2.0513499212598423
11
1.6559055118110235
21
2.0513499212598423
0
LINE
8
BLACK
6
CONTINUOUS
10
2.4996850393700787
20
1.9853543307086614
11
2.4396850393700786
21
1.9853543307086614
0
LINE
8
BLACK
6
CONTINUOUS
10
2.4396850393700786
20
1.9853543307086614
11
2.4396850393700786
21
2.0453543307086615
0
LINE
8
BLACK
6
CONTINUOUS
10
2.4396850393700786
20
2.0453543307086615
11
2.4996850393700787
21
2.0453543307086615
0
LINE
8
BLACK
6
CONTINUOUS
10
2.4996850393700787
20
2.0453543307086615
11
2.4996850393700787
21
1.9853543307086614
0
LINE
8
BLACK
6
CONTINUOUS
10
2.5996850393700788
20
1.9853543307086614
11
2.5396850393700787
21
1.9853543307086614
0
LINE
8
BLACK
6
CONTINUOUS
10
2.5396850393700787
20
1.9853543307086614
11
2.5396850393700787
21
2.0453543307086615
0
LINE
8
BLACK
6
CONTINUOUS
10
2.5396850393700787
20
2.0453543307086615
11
2.5996850393700788
21
2.0453543307086615
0
LINE
8
BLACK
6
CONTINUOUS
10
2.5996850393700788
20
2.0453543307086615
11
2.5996850393700788
21
1.9853543307086614
0
LINE
8
BLACK
6
CONTINUOUS
10
2.4996850393700787
20
2.0853543307086615
11
2.4396850393700786
21
2.0853543307086615
0
LINE
8
BLACK
6
CONTINUOUS
10
2.4396850393700786
20
2.0853543307086615
11
2.4396850393700786
21
2.1453543307086615
0
LINE
8
BLACK
6
CONTINUOUS
10
2.4396850393700786
20
2.1453543307086615
11
2.4996850393700787
21
2.1453543307086615
0
LINE
8
BLACK
6
CONTINUOUS
10
2.4996850393700787
20
2.1453543307086615
11
2.4996850393700787
21
2.0853543307086615
0
LINE
8
BLACK
6
CONTINUOUS
10
2.5996850393700788
20
2.0853543307086615
11
2.5396850393700787
21
2.0853543307086615
0
LINE
8
BLACK
6
CONTINUOUS
10
2.5396850393700787
20
2.0853543307086615
11
2.5396850393700787
21
2.1453543307086615
0
LINE
8
BLACK
6
CONTINUOUS
10
2.5396850393700787
20
2.1453543307086615
11
2.5996850393700788
21
2.1453543307086615
0
LINE
8
BLACK
6
CONTINUOUS
10
2.5996850393700788
20
2.1453543307086615
11
2.5996850393700788
21
2.0853543307086615
0
LINE
8
BLACK
6
CONTINUOUS
10
2.4996850393700787
20
2.1853543307086616
11
2.4396850393700786
21
2.1853543307086616
0
LINE
8
BLACK
6
CONTINUOUS
10
2.4396850393700786
20
2.1853543307086616
11
2.4396850393700786
21
2.2453543307086612
0
LINE
8
BLACK
6
CONTINUOUS
10
2.4396850393700786
20
2.2453543307086612
11
2.4996850393700787
21
2.2453543307086612
0
LINE
8
BLACK
6
CONTINUOUS
10
2.4996850393700787
20
2.2453543307086612
11
2.4996850393700787
21
2.1853543307086616
0
LINE
8
BLACK
6
CONTINUOUS
10
2.5996850393700788
20
2.1853543307086616
11
2.5396850393700787
21
2.1853543307086616
0
LINE
8
BLACK
6
CONTINUOUS
10
2.5396850393700787
20
2.1853543307086616
11
2.5396850393700787
21
2.2453543307086612
0
LINE
8
BLACK
6
CONTINUOUS
10
2.5396850393700787
20
2.2453543307086612
11
2.5996850393700788
21
2.2453543307086612
0
LINE
8
BLACK
6
CONTINUOUS
10
2.5996850393700788
20
2.2453543307086612
11
2.5996850393700788
21
2.1853543307086616
0
LINE
8
BLACK
6
CONTINUOUS
10
2.4996850393700787
20
2.2853543307086612
11
2.4396850393700786
21
2.2853543307086612
0
LINE
8
BLACK
6
CONTINUOUS
10
2.4396850393700786
20
2.2853543307086612
11
2.4396850393700786
21
2.3453543307086613
0
LINE
8
BLACK
6
CONTINUOUS
10
2.4396850393700786
20
2.3453543307086613
11
2.4996850393700787
21
2.3453543307086613
0
LINE
8
BLACK
6
CONTINUOUS
10
2.4996850393700787
20
2.3453543307086613
11
2.4996850393700787
21
2.2853543307086612
0
LINE
8
BLACK
6
CONTINUOUS
10
2.5996850393700788
20
2.2853543307086612
11
2.5396850393700787
21
2.2853543307086612
0
LINE
8
BLACK
6
CONTINUOUS
10
2.5396850393700787
20
2.2853543307086612
11
2.5396850393700787
21
2.3453543307086613
0
LINE
8
BLACK
6
CONTINUOUS
10
2.5396850393700787
20
2.3453543307086613
11
2.5996850393700788
21
2.3453543307086613
0
LINE
8
BLACK
6
CONTINUOUS
10
2.5996850393700788
20
2.3453543307086613
11
2.5996850393700788
21
2.2853543307086612
0
LINE
8
BLACK
6
CONTINUOUS
10
2.6202611023622047
20
2.3682503543307085
11
2.6213255118110235
21
2.3678094488188974
0
LINE
8
BLACK
6
CONTINUOUS
10
2.6213255118110235
20
2.3678094488188974
11
2.6221401574803149
21
2.3669948031496064
0
LINE
8
BLACK
6
CONTINUOUS
10
2.6221401574803149
20
2.3669948031496064
11
2.622581062992126
21
2.3659303937007872
0
LINE
8
BLACK
6
CONTINUOUS
10
2.622581062992126
20
2.3659303937007872
11
2.6226377952755904
21
2.3653543307086613
0
LINE
8
BLACK
6
CONTINUOUS
10
2.6226377952755904
20
2.3653543307086613
11
2.6226377952755904
21
1.9653543307086614
0
LINE
8
BLACK
6
CONTINUOUS
10
2.6226377952755904
20
1.9653543307086614
11
2.622581062992126
21
1.9647782677165353
0
LINE
8
BLACK
6
CONTINUOUS
10
2.622581062992126
20
1.9647782677165353
11
2.6221401574803149
21
1.9637138582677165
0
LINE
8
BLACK
6
CONTINUOUS
10
2.6221401574803149
20
1.9637138582677165
11
2.6213255118110235
21
1.9628992125984253
0
LINE
8
BLACK
6
CONTINUOUS
10
2.6213255118110235
20
1.9628992125984253
11
2.6202611023622047
21
1.9624583070866142
0
LINE
8
BLACK
6
CONTINUOUS
10
2.6202611023622047
20
1.9624583070866142
11
2.6196850393700788
21
1.9624015748031496
0
LINE
8
BLACK
6
CONTINUOUS
10
2.6196850393700788
20
1.9624015748031496
11
2.4196850393700786
21
1.9624015748031496
0
LINE
8
BLACK
6
CONTINUOUS
10
2.4196850393700786
20
1.9624015748031496
11
2.4191089763779527
21
1.9624583070866142
0
LINE
8
BLACK
6
CONTINUOUS
10
2.4191089763779527
20
1.9624583070866142
11
2.4180445669291339
21
1.9628992125984253
0
LINE
8
BLACK
6
CONTINUOUS
10
2.4180445669291339
20
1.9628992125984253
11
2.4172299212598425
21
1.9637138582677165
0
LINE
8
BLACK
6
CONTINUOUS
10
2.4172299212598425
20
1.9637138582677165
11
2.4167890157480314
21
1.9647782677165353
0
LINE
8
BLACK
6
CONTINUOUS
10
2.4167890157480314
20
1.9647782677165353
11
2.416732283464567
21
1.9653543307086614
0
LINE
8
BLACK
6
CONTINUOUS
10
2.416732283464567
20
1.9653543307086614
11
2.416732283464567
21
2.3653543307086613
0
LINE
8
BLACK
6
CONTINUOUS
10
2.416732283464567
20
2.3653543307086613
11
2.4167890157480314
21
2.3659303937007872
0
LINE
8
BLACK
6
CONTINUOUS
10
2.4167890157480314
20
2.3659303937007872
11
2.4172299212598425
21
2.3669948031496064
0
LINE
8
BLACK
6
CONTINUOUS
10
2.4172299212598425
20
2.3669948031496064
11
2.4180445669291339
21
2.3678094488188974
0
LINE
8
BLACK
6
CONTINUOUS
10
2.4180445669291339
20
2.3678094488188974
11
2.4191089763779527
21
2.3682503543307085
0
LINE
8
BLACK
6
CONTINUOUS
10
2.4191089763779527
20
2.3682503543307085
11
2.4196850393700786
21
2.3683070866141733
0
LINE
8
BLACK
6
CONTINUOUS
10
2.4196850393700786
20
2.3683070866141733
11
2.6196850393700788
21
2.3683070866141733
0
LINE
8
BLACK
6
CONTINUOUS
10
2.6196850393700788
20
2.3683070866141733
11
2.6202611023622047
21
2.3682503543307085
0
LINE
8
BLACK
6
CONTINUOUS
10
2.4226377952755906
20
2.3624015748031497
11
2.4226377952755906
21
1.9683070866141732
0
LINE
8
BLACK
6
CONTINUOUS
10
2.4226377952755906
20
1.9683070866141732
11
2.6167322834645668
21
1.9683070866141732
0
LINE
8
BLACK
6
CONTINUOUS
10
2.6167322834645668
20
1.9683070866141732
11
2.6167322834645668
21
2.3624015748031497
0
LINE
8
BLACK
6
CONTINUOUS
10
2.6167322834645668
20
2.3624015748031497
11
2.4226377952755906
21
2.3624015748031497
0
LINE
8
BLACK
6
CONTINUOUS
10
2.7359055118110236
20
1.9853543307086614
11
2.6759055118110235
21
1.9853543307086614
0
LINE
8
BLACK
6
CONTINUOUS
10
2.6759055118110235
20
1.9853543307086614
11
2.6759055118110235
21
2.0453543307086615
0
LINE
8
BLACK
6
CONTINUOUS
10
2.6759055118110235
20
2.0453543307086615
11
2.7359055118110236
21
2.0453543307086615
0
LINE
8
BLACK
6
CONTINUOUS
10
2.7359055118110236
20
2.0453543307086615
11
2.7359055118110236
21
1.9853543307086614
0
LINE
8
BLACK
6
CONTINUOUS
10
2.8359055118110237
20
1.9853543307086614
11
2.7759055118110236
21
1.9853543307086614
0
LINE
8
BLACK
6
CONTINUOUS
10
2.7759055118110236
20
1.9853543307086614
11
2.7759055118110236
21
2.0453543307086615
0
LINE
8
BLACK
6
CONTINUOUS
10
2.7759055118110236
20
2.0453543307086615
11
2.8359055118110237
21
2.0453543307086615
0
LINE
8
BLACK
6
CONTINUOUS
10
2.8359055118110237
20
2.0453543307086615
11
2.8359055118110237
21
1.9853543307086614
0
LINE
8
BLACK
6
CONTINUOUS
10
2.7359055118110236
20
2.0853543307086615
11
2.6759055118110235
21
2.0853543307086615
0
LINE
8
BLACK
6
CONTINUOUS
10
2.6759055118110235
20
2.0853543307086615
11
2.6759055118110235
21
2.1453543307086615
0
LINE
8
BLACK
6
CONTINUOUS
10
2.6759055118110235
20
2.1453543307086615
11
2.7359055118110236
21
2.1453543307086615
0
LINE
8
BLACK
6
CONTINUOUS
10
2.7359055118110236
20
2.1453543307086615
11
2.7359055118110236
21
2.0853543307086615
0
LINE
8
BLACK
6
CONTINUOUS
10
2.8359055118110237
20
2.0853543307086615
11
2.7759055118110236
21
2.0853543307086615
0
LINE
8
BLACK
6
CONTINUOUS
10
2.7759055118110236
20
2.0853543307086615
11
2.7759055118110236
21
2.1453543307086615
0
LINE
8
BLACK
6
CONTINUOUS
10
2.7759055118110236
20
2.1453543307086615
11
2.8359055118110237
21
2.1453543307086615
0
LINE
8
BLACK
6
CONTINUOUS
10
2.8359055118110237
20
2.1453543307086615
11
2.8359055118110237
21
2.0853543307086615
0
LINE
8
BLACK
6
CONTINUOUS
10
2.7359055118110236
20
2.1853543307086616
11
2.6759055118110235
21
2.1853543307086616
0
LINE
8
BLACK
6
CONTINUOUS
10
2.6759055118110235
20
2.1853543307086616
11
2.6759055118110235
21
2.2453543307086612
0
LINE
8
BLACK
6
CONTINUOUS
10
2.6759055118110235
20
2.2453543307086612
11
2.7359055118110236
21
2.2453543307086612
0
LINE
8
BLACK
6
CONTINUOUS
10
2.7359055118110236
20
2.2453543307086612
11
2.7359055118110236
21
2.1853543307086616
0
LINE
8
BLACK
6
CONTINUOUS
10
2.8359055118110237
20
2.1853543307086616
11
2.7759055118110236
21
2.1853543307086616
0
LINE
8
BLACK
6
CONTINUOUS
10
2.7759055118110236
20
2.1853543307086616
11
2.7759055118110236
21
2.2453543307086612
0
LINE
8
BLACK
6
CONTINUOUS
10
2.7759055118110236
20
2.2453543307086612
11
2.8359055118110237
21
2.2453543307086612
0
LINE
8
BLACK
6
CONTINUOUS
10
2.8359055118110237
20
2.2453543307086612
11
2.8359055118110237
21
2.1853543307086616
0
LINE
8
BLACK
6
CONTINUOUS
10
2.7359055118110236
20
2.2853543307086612
11
2.6759055118110235
21
2.2853543307086612
0
LINE
8
BLACK
6
CONTINUOUS
10
2.6759055118110235
20
2.2853543307086612
11
2.6759055118110235
21
2.3453543307086613
0
LINE
8
BLACK
6
CONTINUOUS
10
2.6759055118110235
20
2.3453543307086613
11
2.7359055118110236
21
2.3453543307086613
0
LINE
8
BLACK
6
CONTINUOUS
10
2.7359055118110236
20
2.3453543307086613
11
2.7359055118110236
21
2.2853543307086612
0
LINE
8
BLACK
6
CONTINUOUS
10
2.8359055118110237
20
2.2853543307086612
11
2.7759055118110236
21
2.2853543307086612
0
LINE
8
BLACK
6
CONTINUOUS
10
2.7759055118110236
20
2.2853543307086612
11
2.7759055118110236
21
2.3453543307086613
0
LINE
8
BLACK
6
CONTINUOUS
10
2.7759055118110236
20
2.3453543307086613
11
2.8359055118110237
21
2.3453543307086613
0
LINE
8
BLACK
6
CONTINUOUS
10
2.8359055118110237
20
2.3453543307086613
11
2.8359055118110237
21
2.2853543307086612
0
LINE
8
BLACK
6
CONTINUOUS
10
2.8564815748031496
20
2.3682503543307085
11
2.8575459842519684
21
2.3678094488188974
0
LINE
8
BLACK
6
CONTINUOUS
10
2.8575459842519684
20
2.3678094488188974
11
2.8583606299212598
21
2.3669948031496064
0
LINE
8
BLACK
6
CONTINUOUS
10
2.8583606299212598
20
2.3669948031496064
11
2.8588015354330709
21
2.3659303937007872
0
LINE
8
BLACK
6
CONTINUOUS
10
2.8588015354330709
20
2.3659303937007872
11
2.8588582677165353
21
2.3653543307086613
0
LINE
8
BLACK
6
CONTINUOUS
10
2.8588582677165353
20
2.3653543307086613
11
2.8588582677165353
21
1.9653543307086614
0
LINE
8
BLACK
6
CONTINUOUS
10
2.8588582677165353
20
1.9653543307086614
11
2.8588015354330709
21
1.9647782677165353
0
LINE
8
BLACK
6
CONTINUOUS
10
2.8588015354330709
20
1.9647782677165353
11
2.8583606299212598
21
1.9637138582677165
0
LINE
8
BLACK
6
CONTINUOUS
10
2.8583606299212598
20
1.9637138582677165
11
2.8575459842519684
21
1.9628992125984253
0
LINE
8
BLACK
6
CONTINUOUS
10
2.8575459842519684
20
1.9628992125984253
11
2.8564815748031496
21
1.9624583070866142
0
LINE
8
BLACK
6
CONTINUOUS
10
2.8564815748031496
20
1.9624583070866142
11
2.8559055118110237
21
1.9624015748031496
0
LINE
8
BLACK
6
CONTINUOUS
10
2.8559055118110237
20
1.9624015748031496
11
2.6559055118110235
21
1.9624015748031496
0
LINE
8
BLACK
6
CONTINUOUS
10
2.6559055118110235
20
1.9624015748031496
11
2.6553294488188977
21
1.9624583070866142
0
LINE
8
BLACK
6
CONTINUOUS
10
2.6553294488188977
20
1.9624583070866142
11
2.6542650393700788
21
1.9628992125984253
0
LINE
8
BLACK
6
CONTINUOUS
10
2.6542650393700788
20
1.9628992125984253
11
2.6534503937007874
21
1.9637138582677165
0
LINE
8
BLACK
6
CONTINUOUS
10
2.6534503937007874
20
1.9637138582677165
11
2.6530094881889763
21
1.9647782677165353
0
LINE
8
BLACK
6
CONTINUOUS
10
2.6530094881889763
20
1.9647782677165353
11
2.6529527559055119
21
1.9653543307086614
0
LINE
8
BLACK
6
CONTINUOUS
10
2.6529527559055119
20
1.9653543307086614
11
2.6529527559055119
21
2.3653543307086613
0
LINE
8
BLACK
6
CONTINUOUS
10
2.6529527559055119
20
2.3653543307086613
11
2.6530094881889763
21
2.3659303937007872
0
LINE
8
BLACK
6
CONTINUOUS
10
2.6530094881889763
20
2.3659303937007872
11
2.6534503937007874
21
2.3669948031496064
0
LINE
8
BLACK
6
CONTINUOUS
10
2.6534503937007874
20
2.3669948031496064
11
2.6542650393700788
21
2.3678094488188974
0
LINE
8
BLACK
6
CONTINUOUS
10
2.6542650393700788
20
2.3678094488188974
11
2.6553294488188977
21
2.3682503543307085
0
LINE
8
BLACK
6
CONTINUOUS
10
2.6553294488188977
20
2.3682503543307085
11
2.6559055118110235
21
2.3683070866141733
0
LINE
8
BLACK
6
CONTINUOUS
10
2.6559055118110235
20
2.3683070866141733
11
2.8559055118110237
21
2.3683070866141733
0
LINE
8
BLACK
6
CONTINUOUS
10
2.8559055118110237
20
2.3683070866141733
11
2.8564815748031496
21
2.3682503543307085
0
LINE
8
BLACK
6
CONTINUOUS
10
2.6588582677165356
20
2.3624015748031497
11
2.6588582677165356
21
1.9683070866141732
0
LINE
8
BLACK
6
CONTINUOUS
10
2.6588582677165356
20
1.9683070866141732
11
2.8529527559055117
21
1.9683070866141732
0
LINE
8
BLACK
6
CONTINUOUS
10
2.8529527559055117
20
1.9683070866141732
11
2.8529527559055117
21
2.3624015748031497
0
LINE
8
BLACK
6
CONTINUOUS
10
2.8529527559055117
20
2.3624015748031497
11
2.6588582677165356
21
2.3624015748031497
0
LINE
8
BLACK
6
CONTINUOUS
10
1.6985417716535434
20
2.4737657086614173
11
1.6998201968503936
21
2.472487283464567
0
LINE
8
BLACK
6
CONTINUOUS
10
1.6998201968503936
20
2.472487283464567
11
1.7
21
2.4715833070866142
0
LINE
8
BLACK
6
CONTINUOUS
10
1.7
20
2.4715833070866142
11
1.7
21
2.107803779527559
0
LINE
8
BLACK
6
CONTINUOUS
10
1.7
20
2.107803779527559
11
1.6998201968503936
21
2.1068998031496062
0
LINE
8
BLACK
6
CONTINUOUS
10
1.6998201968503936
20
2.1068998031496062
11
1.6985417716535434
21
2.1056213779527559
0
LINE
8
BLACK
6
CONTINUOUS
10
1.6985417716535434
20
2.1056213779527559
11
1.6976377952755906
21
2.1054415748031494
0
LINE
8
BLACK
6
CONTINUOUS
10
1.6976377952755906
20
2.1054415748031494
11
1.4654938976377951
21
2.1054415748031494
0
LINE
8
BLACK
6
CONTINUOUS
10
1.4654938976377951
20
2.1054415748031494
11
1.4655124803149606
21
2.1054322834645669
0
LINE
8
BLACK
6
CONTINUOUS
10
1.4655124803149606
20
2.1054322834645669
11
1.4657604724409448
21
2.1052762204724411
0
LINE
8
BLACK
6
CONTINUOUS
10
1.4657604724409448
20
2.1052762204724411
11
1.465832440944882
21
2.1052463779527559
0
LINE
8
BLACK
6
CONTINUOUS
10
1.465832440944882
20
2.1052463779527559
11
1.4659133858267717
21
2.1051799212598423
0
LINE
8
BLACK
6
CONTINUOUS
10
1.4659133858267717
20
2.1051799212598423
11
1.4660023622047245
21
2.1051239370078738
0
LINE
8
BLACK
6
CONTINUOUS
10
1.4660023622047245
20
2.1051239370078738
11
1.466053503937008
21
2.1050649606299214
0
LINE
8
BLACK
6
CONTINUOUS
10
1.466053503937008
20
2.1050649606299214
11
1.4662798818897638
21
2.1048791732283463
0
LINE
8
BLACK
6
CONTINUOUS
10
1.4662798818897638
20
2.1048791732283463
11
1.4681546456692913
21
2.1030044094488187
0
LINE
8
BLACK
6
CONTINUOUS
10
1.4681546456692913
20
2.1030044094488187
11
1.4683403937007873
21
2.1027780708661417
0
LINE
8
BLACK
6
CONTINUOUS
10
1.4683403937007873
20
2.1027780708661417
11
1.4683994094488189
21
2.1027268897637796
0
LINE
8
BLACK
6
CONTINUOUS
10
1.4683994094488189
20
2.1027268897637796
11
1.4684553543307086
21
2.1026379527559054
0
LINE
8
BLACK
6
CONTINUOUS
10
1.4684553543307086
20
2.1026379527559054
11
1.4685218503937008
21
2.1025569685039369
0
LINE
8
BLACK
6
CONTINUOUS
10
1.4685218503937008
20
2.1025569685039369
11
1.468551653543307
21
2.1024850393700789
0
LINE
8
BLACK
6
CONTINUOUS
10
1.468551653543307
20
2.1024850393700789
11
1.4687077559055117
21
2.1022370078740158
0
LINE
8
BLACK
6
CONTINUOUS
10
1.4687077559055117
20
2.1022370078740158
11
1.4705825196850393
21
2.0984874803149607
0
LINE
8
BLACK
6
CONTINUOUS
10
1.4705825196850393
20
2.0984874803149607
11
1.470789409448819
21
2.0979468897637794
0
LINE
8
BLACK
6
CONTINUOUS
10
1.470789409448819
20
2.0979468897637794
11
1.4707969291338583
21
2.0978410236220473
0
LINE
8
BLACK
6
CONTINUOUS
10
1.4707969291338583
20
2.0978410236220473
11
1.4708375196850394
21
2.097743031496063
0
LINE
8
BLACK
6
CONTINUOUS
10
1.4708375196850394
20
2.097743031496063
11
1.470894251968504
21
2.0971669685039371
0
LINE
8
BLACK
6
CONTINUOUS
10
1.470894251968504
20
2.0971669685039371
11
1.470894251968504
21
2.0877931496062994
0
LINE
8
BLACK
6
CONTINUOUS
10
1.470894251968504
20
2.0877931496062994
11
1.4708375196850394
21
2.087217086614173
0
LINE
8
BLACK
6
CONTINUOUS
10
1.4708375196850394
20
2.087217086614173
11
1.4707969291338583
21
2.0871191338582675
0
LINE
8
BLACK
6
CONTINUOUS
10
1.4707969291338583
20
2.0871191338582675
11
1.470789409448819
21
2.0870132283464566
0
LINE
8
BLACK
6
CONTINUOUS
10
1.470789409448819
20
2.0870132283464566
11
1.4705825196850393
21
2.0864726377952754
0
LINE
8
BLACK
6
CONTINUOUS
10
1.4705825196850393
20
2.0864726377952754
11
1.4687077559055117
21
2.0827231102362203
0
LINE
8
BLACK
6
CONTINUOUS
10
1.4687077559055117
20
2.0827231102362203
11
1.4685516929133857
21
2.0824752362204726
0
LINE
8
BLACK
6
CONTINUOUS
10
1.4685516929133857
20
2.0824752362204726
11
1.4685218897637795
21
2.0824031889763779
0
LINE
8
BLACK
6
CONTINUOUS
10
1.4685218897637795
20
2.0824031889763779
11
1.4684553543307086
21
2.0823221653543307
0
LINE
8
BLACK
6
CONTINUOUS
10
1.4684553543307086
20
2.0823221653543307
11
1.4683994094488189
21
2.0822332283464569
0
LINE
8
BLACK
6
CONTINUOUS
10
1.4683994094488189
20
2.0822332283464569
11
1.4683403937007873
21
2.0821820866141731
0
LINE
8
BLACK
6
CONTINUOUS
10
1.4683403937007873
20
2.0821820866141731
11
1.4681546456692913
21
2.0819557086614173
0
LINE
8
BLACK
6
CONTINUOUS
10
1.4681546456692913
20
2.0819557086614173
11
1.4662799212598425
21
2.0800809448818898
0
LINE
8
BLACK
6
CONTINUOUS
10
1.4662799212598425
20
2.0800809448818898
11
1.4660535433070865
21
2.0798951968503938
0
LINE
8
BLACK
6
CONTINUOUS
10
1.4660535433070865
20
2.0798951968503938
11
1.4660023622047245
21
2.0798361417322835
0
LINE
8
BLACK
6
CONTINUOUS
10
1.4660023622047245
20
2.0798361417322835
11
1.4659133858267717
21
2.079780157480315
0
LINE
8
BLACK
6
CONTINUOUS
10
1.4659133858267717
20
2.079780157480315
11
1.465832440944882
21
2.0797137007874014
0
LINE
8
BLACK
6
CONTINUOUS
10
1.465832440944882
20
2.0797137007874014
11
1.4657604724409448
21
2.0796838976377954
0
LINE
8
BLACK
6
CONTINUOUS
10
1.4657604724409448
20
2.0796838976377954
11
1.4655124803149606
21
2.0795277952755904
0
LINE
8
BLACK
6
CONTINUOUS
10
1.4655124803149606
20
2.0795277952755904
11
1.4617629527559055
21
2.0776530314960628
0
LINE
8
BLACK
6
CONTINUOUS
10
1.4617629527559055
20
2.0776530314960628
11
1.4612223228346457
21
2.0774461417322834
0
LINE
8
BLACK
6
CONTINUOUS
10
1.4612223228346457
20
2.0774461417322834
11
1.4611164960629921
21
2.0774386614173226
0
LINE
8
BLACK
6
CONTINUOUS
10
1.4611164960629921
20
2.0774386614173226
11
1.4610185039370078
21
2.0773980314960627
0
LINE
8
BLACK
6
CONTINUOUS
10
1.4610185039370078
20
2.0773980314960627
11
1.460442440944882
21
2.0773412992125984
0
LINE
8
BLACK
6
CONTINUOUS
10
1.460442440944882
20
2.0773412992125984
11
1.451068622047244
21
2.0773412992125984
0
LINE
8
BLACK
6
CONTINUOUS
10
1.451068622047244
20
2.0773412992125984
11
1.4504925590551181
21
2.0773980314960627
0
LINE
8
BLACK
6
CONTINUOUS
10
1.4504925590551181
20
2.0773980314960627
11
1.4503945669291338
21
2.0774386220472438
0
LINE
8
BLACK
6
CONTINUOUS
10
1.4503945669291338
20
2.0774386220472438
11
1.4502887007874015
21
2.0774461417322834
0
LINE
8
BLACK
6
CONTINUOUS
10
1.4502887007874015
20
2.0774461417322834
11
1.4497481102362204
21
2.0776530314960628
0
LINE
8
BLACK
6
CONTINUOUS
10
1.4497481102362204
20
2.0776530314960628
11
1.4459985826771653
21
2.0795277952755904
0
LINE
8
BLACK
6
CONTINUOUS
10
1.4459985826771653
20
2.0795277952755904
11
1.4457505511811024
21
2.0796838976377954
0
LINE
8
BLACK
6
CONTINUOUS
10
1.4457505511811024
20
2.0796838976377954
11
1.445678622047244
21
2.0797137007874014
0
LINE
8
BLACK
6
CONTINUOUS
10
1.445678622047244
20
2.0797137007874014
11
1.4455976377952755
21
2.079780157480315
0
LINE
8
BLACK
6
CONTINUOUS
10
1.4455976377952755
20
2.079780157480315
11
1.4455087007874015
21
2.0798361417322835
0
LINE
8
BLACK
6
CONTINUOUS
10
1.4455087007874015
20
2.0798361417322835
11
1.4454574803149607
21
2.0798951968503938
0
LINE
8
BLACK
6
CONTINUOUS
10
1.4454574803149607
20
2.0798951968503938
11
1.4452311417322834
21
2.0800809448818898
0
LINE
8
BLACK
6
CONTINUOUS
10
1.4452311417322834
20
2.0800809448818898
11
1.4433563779527558
21
2.0819557480314961
0
LINE
8
BLACK
6
CONTINUOUS
10
1.4433563779527558
20
2.0819557480314961
11
1.4429891732283464
21
2.0824031889763779
0
LINE
8
BLACK
6
CONTINUOUS
10
1.4429891732283464
20
2.0824031889763779
11
1.4425483070866141
21
2.0834675984251967
0
LINE
8
BLACK
6
CONTINUOUS
10
1.4425483070866141
20
2.0834675984251967
11
1.4425483070866141
21
2.0846196850393701
0
LINE
8
BLACK
6
CONTINUOUS
10
1.4425483070866141
20
2.0846196850393701
11
1.4429892125984252
21
2.0856840944881889
0
LINE
8
BLACK
6
CONTINUOUS
10
1.4429892125984252
20
2.0856840944881889
11
1.4438038976377952
21
2.0864987795275591
0
LINE
8
BLACK
6
CONTINUOUS
10
1.4438038976377952
20
2.0864987795275591
11
1.4448683070866142
21
2.0869396456692915
0
LINE
8
BLACK
6
CONTINUOUS
10
1.4448683070866142
20
2.0869396456692915
11
1.4460203937007874
21
2.0869396456692915
0
LINE
8
BLACK
6
CONTINUOUS
10
1.4460203937007874
20
2.0869396456692915
11
1.4470848031496062
21
2.0864987401574804
0
LINE
8
BLACK
6
CONTINUOUS
10
1.4470848031496062
20
2.0864987401574804
11
1.447532283464567
21
2.086131496062992
0
LINE
8
BLACK
6
CONTINUOUS
10
1.447532283464567
20
2.086131496062992
11
1.4490681889763779
21
2.0845955511811023
0
LINE
8
BLACK
6
CONTINUOUS
10
1.4490681889763779
20
2.0845955511811023
11
1.4517656692913385
21
2.083246811023622
0
LINE
8
BLACK
6
CONTINUOUS
10
1.4517656692913385
20
2.083246811023622
11
1.4597453937007874
21
2.083246811023622
0
LINE
8
BLACK
6
CONTINUOUS
10
1.4597453937007874
20
2.083246811023622
11
1.4624428346456693
21
2.0845955511811023
0
LINE
8
BLACK
6
CONTINUOUS
10
1.4624428346456693
20
2.0845955511811023
11
1.4636399606299213
21
2.0857927165354329
0
LINE
8
BLACK
6
CONTINUOUS
10
1.4636399606299213
20
2.0857927165354329
11
1.4649887401574804
21
2.0884901968503935
0
LINE
8
BLACK
6
CONTINUOUS
10
1.4649887401574804
20
2.0884901968503935
11
1.4649887401574804
21
2.0964699212598426
0
LINE
8
BLACK
6
CONTINUOUS
10
1.4649887401574804
20
2.0964699212598426
11
1.4636400000000001
21
2.0991674015748032
0
LINE
8
BLACK
6
CONTINUOUS
10
1.4636400000000001
20
2.0991674015748032
11
1.462442874015748
21
2.100364527559055
0
LINE
8
BLACK
6
CONTINUOUS
10
1.462442874015748
20
2.100364527559055
11
1.4597453937007874
21
2.1017132677165353
0
LINE
8
BLACK
6
CONTINUOUS
10
1.4597453937007874
20
2.1017132677165353
11
1.4517656692913385
21
2.1017132677165353
0
LINE
8
BLACK
6
CONTINUOUS
10
1.4517656692913385
20
2.1017132677165353
11
1.4490681889763779
21
2.100364527559055
0
LINE
8
BLACK
6
CONTINUOUS
10
1.4490681889763779
20
2.100364527559055
11
1.4475322440944882
21
2.0988285826771653
0
LINE
8
BLACK
6
CONTINUOUS
10
1.4475322440944882
20
2.0988285826771653
11
1.4470848031496062
21
2.0984613779527557
0
LINE
8
BLACK
6
CONTINUOUS
10
1.4470848031496062
20
2.0984613779527557
11
1.4469474409448819
21
2.0984044881889763
0
LINE
8
BLACK
6
CONTINUOUS
10
1.4469474409448819
20
2.0984044881889763
11
1.4468323622047243
21
2.0983103149606297
0
LINE
8
BLACK
6
CONTINUOUS
10
1.4468323622047243
20
2.0983103149606297
11
1.4464189763779527
21
2.09818562992126
0
LINE
8
BLACK
6
CONTINUOUS
10
1.4464189763779527
20
2.09818562992126
11
1.4460203543307086
21
2.098020472440945
0
LINE
8
BLACK
6
CONTINUOUS
10
1.4460203543307086
20
2.098020472440945
11
1.4458717322834644
21
2.098020472440945
0
LINE
8
BLACK
6
CONTINUOUS
10
1.4458717322834644
20
2.098020472440945
11
1.4457293700787401
21
2.0979775196850392
0
LINE
8
BLACK
6
CONTINUOUS
10
1.4457293700787401
20
2.0979775196850392
11
1.445299842519685
21
2.098020472440945
0
LINE
8
BLACK
6
CONTINUOUS
10
1.445299842519685
20
2.098020472440945
11
1.4448683070866142
21
2.098020472440945
0
LINE
8
BLACK
6
CONTINUOUS
10
1.4448683070866142
20
2.098020472440945
11
1.4447309448818897
21
2.0980774015748032
0
LINE
8
BLACK
6
CONTINUOUS
10
1.4447309448818897
20
2.0980774015748032
11
1.4445829527559055
21
2.0980921653543305
0
LINE
8
BLACK
6
CONTINUOUS
10
1.4445829527559055
20
2.0980921653543305
11
1.4442025590551182
21
2.0982962204724407
0
LINE
8
BLACK
6
CONTINUOUS
10
1.4442025590551182
20
2.0982962204724407
11
1.4438038582677164
21
2.0984613779527557
0
LINE
8
BLACK
6
CONTINUOUS
10
1.4438038582677164
20
2.0984613779527557
11
1.4436986614173228
21
2.0985665748031495
0
LINE
8
BLACK
6
CONTINUOUS
10
1.4436986614173228
20
2.0985665748031495
11
1.443567716535433
21
2.098636811023622
0
LINE
8
BLACK
6
CONTINUOUS
10
1.443567716535433
20
2.098636811023622
11
1.4432944488188977
21
2.0989707874015746
0
LINE
8
BLACK
6
CONTINUOUS
10
1.4432944488188977
20
2.0989707874015746
11
1.4429892125984252
21
2.0992760236220471
0
LINE
8
BLACK
6
CONTINUOUS
10
1.4429892125984252
20
2.0992760236220471
11
1.4429322834645668
21
2.0994133858267716
0
LINE
8
BLACK
6
CONTINUOUS
10
1.4429322834645668
20
2.0994133858267716
11
1.4428381496062992
21
2.0995284645669292
0
LINE
8
BLACK
6
CONTINUOUS
10
1.4428381496062992
20
2.0995284645669292
11
1.4427134251968503
21
2.0999418503937006
0
LINE
8
BLACK
6
CONTINUOUS
10
1.4427134251968503
20
2.0999418503937006
11
1.4425483070866141
21
2.1003404724409447
0
LINE
8
BLACK
6
CONTINUOUS
10
1.4425483070866141
20
2.1003404724409447
11
1.4425483070866141
21
2.1004891338582676
0
LINE
8
BLACK
6
CONTINUOUS
10
1.4425483070866141
20
2.1004891338582676
11
1.4425053543307087
21
2.1006314566929132
0
LINE
8
BLACK
6
CONTINUOUS
10
1.4425053543307087
20
2.1006314566929132
11
1.4425062204724408
21
2.10121031496063
0
LINE
8
BLACK
6
CONTINUOUS
10
1.4425062204724408
20
2.10121031496063
11
1.4429293307086615
21
2.1054415748031494
0
LINE
8
BLACK
6
CONTINUOUS
10
1.4429293307086615
20
2.1054415748031494
11
1.4331718897637795
21
2.1054415748031494
0
LINE
8
BLACK
6
CONTINUOUS
10
1.4331718897637795
20
2.1054415748031494
11
1.4330872047244094
21
2.1052202755905509
0
LINE
8
BLACK
6
CONTINUOUS
10
1.4330872047244094
20
2.1052202755905509
11
1.4312124409448819
21
2.1014707480314958
0
LINE
8
BLACK
6
CONTINUOUS
10
1.4312124409448819
20
2.1014707480314958
11
1.4310563385826771
21
2.1012227559055119
0
LINE
8
BLACK
6
CONTINUOUS
10
1.4310563385826771
20
2.1012227559055119
11
1.4310265354330709
21
2.1011507874015747
0
LINE
8
BLACK
6
CONTINUOUS
10
1.4310265354330709
20
2.1011507874015747
11
1.4309600393700788
21
2.101069842519685
0
LINE
8
BLACK
6
CONTINUOUS
10
1.4309600393700788
20
2.101069842519685
11
1.430904094488189
21
2.1009808661417324
0
LINE
8
BLACK
6
CONTINUOUS
10
1.430904094488189
20
2.1009808661417324
11
1.4308450787401574
21
2.1009297244094487
0
LINE
8
BLACK
6
CONTINUOUS
10
1.4308450787401574
20
2.1009297244094487
11
1.4306593307086615
21
2.1007033464566929
0
LINE
8
BLACK
6
CONTINUOUS
10
1.4306593307086615
20
2.1007033464566929
11
1.4287845669291339
21
2.0988285826771653
0
LINE
8
BLACK
6
CONTINUOUS
10
1.4287845669291339
20
2.0988285826771653
11
1.4285581889763779
21
2.0986428346456694
0
LINE
8
BLACK
6
CONTINUOUS
10
1.4285581889763779
20
2.0986428346456694
11
1.4285070472440944
21
2.0985838188976378
0
LINE
8
BLACK
6
CONTINUOUS
10
1.4285070472440944
20
2.0985838188976378
11
1.4284180708661418
21
2.098527874015748
0
LINE
8
BLACK
6
CONTINUOUS
10
1.4284180708661418
20
2.098527874015748
11
1.4283371259842519
21
2.0984613779527557
0
LINE
8
BLACK
6
CONTINUOUS
10
1.4283371259842519
20
2.0984613779527557
11
1.4282651574803149
21
2.0984315748031497
0
LINE
8
BLACK
6
CONTINUOUS
10
1.4282651574803149
20
2.0984315748031497
11
1.4280171653543308
21
2.0982754724409447
0
LINE
8
BLACK
6
CONTINUOUS
10
1.4280171653543308
20
2.0982754724409447
11
1.4242676377952757
21
2.0964007086614171
0
LINE
8
BLACK
6
CONTINUOUS
10
1.4242676377952757
20
2.0964007086614171
11
1.4237270078740156
21
2.0961938188976377
0
LINE
8
BLACK
6
CONTINUOUS
10
1.4237270078740156
20
2.0961938188976377
11
1.4236211811023622
21
2.0961863385826773
0
LINE
8
BLACK
6
CONTINUOUS
10
1.4236211811023622
20
2.0961863385826773
11
1.423523188976378
21
2.0961457086614175
0
LINE
8
BLACK
6
CONTINUOUS
10
1.423523188976378
20
2.0961457086614175
11
1.4229910236220471
21
2.0960933070866141
0
LINE
8
BLACK
6
CONTINUOUS
10
1.4229910236220471
20
2.0960933070866141
11
1.4328651968503936
21
2.0819873228346455
0
LINE
8
BLACK
6
CONTINUOUS
10
1.4328651968503936
20
2.0819873228346455
11
1.4331490551181103
21
2.0814828740157481
0
LINE
8
BLACK
6
CONTINUOUS
10
1.4331490551181103
20
2.0814828740157481
11
1.4333982283464566
21
2.080358031496063
0
LINE
8
BLACK
6
CONTINUOUS
10
1.4333982283464566
20
2.080358031496063
11
1.4331980314960631
21
2.0792234645669292
0
LINE
8
BLACK
6
CONTINUOUS
10
1.4331980314960631
20
2.0792234645669292
11
1.4325788582677166
21
2.0782518897637794
0
LINE
8
BLACK
6
CONTINUOUS
10
1.4325788582677166
20
2.0782518897637794
11
1.431635
21
2.077591181102362
0
LINE
8
BLACK
6
CONTINUOUS
10
1.431635
20
2.077591181102362
11
1.430510157480315
21
2.0773419685039372
0
LINE
8
BLACK
6
CONTINUOUS
10
1.430510157480315
20
2.0773419685039372
11
1.4293756299212599
21
2.0775422047244092
0
LINE
8
BLACK
6
CONTINUOUS
10
1.4293756299212599
20
2.0775422047244092
11
1.4284040157480316
21
2.0781613779527559
0
LINE
8
BLACK
6
CONTINUOUS
10
1.4284040157480316
20
2.0781613779527559
11
1.4280272047244094
21
2.0786007480314961
0
LINE
8
BLACK
6
CONTINUOUS
10
1.4280272047244094
20
2.0786007480314961
11
1.4157854724409449
21
2.0960889763779527
0
LINE
8
BLACK
6
CONTINUOUS
10
1.4157854724409449
20
2.0960889763779527
11
1.4109017716535432
21
2.0960889763779527
0
LINE
8
BLACK
6
CONTINUOUS
10
1.4109017716535432
20
2.0960889763779527
11
1.4109017716535432
21
2.0802940551181104
0
LINE
8
BLACK
6
CONTINUOUS
10
1.4109017716535432
20
2.0802940551181104
11
1.4108450393700787
21
2.0797179921259841
0
LINE
8
BLACK
6
CONTINUOUS
10
1.4108450393700787
20
2.0797179921259841
11
1.4104041338582678
21
2.0786535826771653
0
LINE
8
BLACK
6
CONTINUOUS
10
1.4104041338582678
20
2.0786535826771653
11
1.4095894881889763
21
2.0778389370078738
0
LINE
8
BLACK
6
CONTINUOUS
10
1.4095894881889763
20
2.0778389370078738
11
1.4085250787401575
21
2.0773980314960627
0
LINE
8
BLACK
6
CONTINUOUS
10
1.4085250787401575
20
2.0773980314960627
11
1.4073729527559056
21
2.0773980314960627
0
LINE
8
BLACK
6
CONTINUOUS
10
1.4073729527559056
20
2.0773980314960627
11
1.4063085433070865
21
2.0778389370078738
0
LINE
8
BLACK
6
CONTINUOUS
10
1.4063085433070865
20
2.0778389370078738
11
1.4054938976377953
21
2.0786535826771653
0
LINE
8
BLACK
6
CONTINUOUS
10
1.4054938976377953
20
2.0786535826771653
11
1.4050529921259842
21
2.0797179921259841
0
LINE
8
BLACK
6
CONTINUOUS
10
1.4050529921259842
20
2.0797179921259841
11
1.4049962598425196
21
2.0802940551181104
0
LINE
8
BLACK
6
CONTINUOUS
10
1.4049962598425196
20
2.0802940551181104
11
1.4049962598425196
21
2.1054415748031494
0
LINE
8
BLACK
6
CONTINUOUS
10
1.4049962598425196
20
2.1054415748031494
11
1.1763779527559055
21
2.1054415748031494
0
LINE
8
BLACK
6
CONTINUOUS
10
1.1763779527559055
20
2.1054415748031494
11
1.1754739763779527
21
2.1056213779527559
0
LINE
8
BLACK
6
CONTINUOUS
10
1.1754739763779527
20
2.1056213779527559
11
1.1741955511811024
21
2.1068998031496062
0
LINE
8
BLACK
6
CONTINUOUS
10
1.1741955511811024
20
2.1068998031496062
11
1.1740157480314961
21
2.107803779527559
0
LINE
8
BLACK
6
CONTINUOUS
10
1.1740157480314961
20
2.107803779527559
11
1.1740157480314961
21
2.4715833070866142
0
LINE
8
BLACK
6
CONTINUOUS
10
1.1740157480314961
20
2.4715833070866142
11
1.1741955511811024
21
2.472487283464567
0
LINE
8
BLACK
6
CONTINUOUS
10
1.1741955511811024
20
2.472487283464567
11
1.1754739763779527
21
2.4737657086614173
0
LINE
8
BLACK
6
CONTINUOUS
10
1.1754739763779527
20
2.4737657086614173
11
1.1763779527559055
21
2.4739455118110234
0
LINE
8
BLACK
6
CONTINUOUS
10
1.1763779527559055
20
2.4739455118110234
11
1.6976377952755906
21
2.4739455118110234
0
LINE
8
BLACK
6
CONTINUOUS
10
1.6976377952755906
20
2.4739455118110234
11
1.6985417716535434
21
2.4737657086614173
0
LINE
8
BLACK
6
CONTINUOUS
10
1.4109017716535432
20
2.1054415748031494
11
1.4109017716535432
21
2.1019944881889763
0
LINE
8
BLACK
6
CONTINUOUS
10
1.4109017716535432
20
2.1019944881889763
11
1.4222500787401575
21
2.1019944881889763
0
LINE
8
BLACK
6
CONTINUOUS
10
1.4222500787401575
20
2.1019944881889763
11
1.4249475590551182
21
2.1033432283464566
0
LINE
8
BLACK
6
CONTINUOUS
10
1.4249475590551182
20
2.1033432283464566
11
1.42614468503937
21
2.1045403543307084
0
LINE
8
BLACK
6
CONTINUOUS
10
1.42614468503937
20
2.1045403543307084
11
1.4265953149606299
21
2.1054415748031494
0
LINE
8
BLACK
6
CONTINUOUS
10
1.4265953149606299
20
2.1054415748031494
11
1.4109017716535432
21
2.1054415748031494
0
LINE
8
BLACK
6
CONTINUOUS
10
1.1787401574803149
20
2.4692211023622046
11
1.1787401574803149
21
2.1101659842519687
0
LINE
8
BLACK
6
CONTINUOUS
10
1.1787401574803149
20
2.1101659842519687
11
1.2181102362204723
21
2.1101659842519687
0
LINE
8
BLACK
6
CONTINUOUS
10
1.2181102362204723
20
2.1101659842519687
11
1.2181102362204723
21
2.4692211023622046
0
LINE
8
BLACK
6
CONTINUOUS
10
1.2181102362204723
20
2.4692211023622046
11
1.1787401574803149
21
2.4692211023622046
0
LINE
8
BLACK
6
CONTINUOUS
10
1.2228346456692913
20
2.4692211023622046
11
1.2228346456692913
21
2.1101659842519687
0
LINE
8
BLACK
6
CONTINUOUS
10
1.2228346456692913
20
2.1101659842519687
11
1.4049962598425196
21
2.1101659842519687
0
LINE
8
BLACK
6
CONTINUOUS
10
1.4049962598425196
20
2.1101659842519687
11
1.4049962598425196
21
2.1196641338582678
0
LINE
8
BLACK
6
CONTINUOUS
10
1.4049962598425196
20
2.1196641338582678
11
1.4050529921259842
21
2.1202401968503937
0
LINE
8
BLACK
6
CONTINUOUS
10
1.4050529921259842
20
2.1202401968503937
11
1.4054938976377953
21
2.1213046062992125
0
LINE
8
BLACK
6
CONTINUOUS
10
1.4054938976377953
20
2.1213046062992125
11
1.4063085433070865
21
2.1221192519685039
0
LINE
8
BLACK
6
CONTINUOUS
10
1.4063085433070865
20
2.1221192519685039
11
1.4073729527559056
21
2.122560157480315
0
LINE
8
BLACK
6
CONTINUOUS
10
1.4073729527559056
20
2.122560157480315
11
1.4079490157480314
21
2.1226168897637794
0
LINE
8
BLACK
6
CONTINUOUS
10
1.4079490157480314
20
2.1226168897637794
11
1.4229471259842519
21
2.1226168897637794
0
LINE
8
BLACK
6
CONTINUOUS
10
1.4229471259842519
20
2.1226168897637794
11
1.423523188976378
21
2.122560157480315
0
LINE
8
BLACK
6
CONTINUOUS
10
1.423523188976378
20
2.122560157480315
11
1.4236211811023622
21
2.1225195669291339
0
LINE
8
BLACK
6
CONTINUOUS
10
1.4236211811023622
20
2.1225195669291339
11
1.4237270078740156
21
2.1225120472440944
0
LINE
8
BLACK
6
CONTINUOUS
10
1.4237270078740156
20
2.1225120472440944
11
1.4242676377952757
21
2.1223051574803149
0
LINE
8
BLACK
6
CONTINUOUS
10
1.4242676377952757
20
2.1223051574803149
11
1.4280171653543308
21
2.1204303937007873
0
LINE
8
BLACK
6
CONTINUOUS
10
1.4280171653543308
20
2.1204303937007873
11
1.4282651574803149
21
2.1202743307086616
0
LINE
8
BLACK
6
CONTINUOUS
10
1.4282651574803149
20
2.1202743307086616
11
1.4283371259842519
21
2.1202444881889764
0
LINE
8
BLACK
6
CONTINUOUS
10
1.4283371259842519
20
2.1202444881889764
11
1.4284180708661418
21
2.1201780314960628
0
LINE
8
BLACK
6
CONTINUOUS
10
1.4284180708661418
20
2.1201780314960628
11
1.4285070472440944
21
2.1201220472440943
0
LINE
8
BLACK
6
CONTINUOUS
10
1.4285070472440944
20
2.1201220472440943
11
1.4285581889763779
21
2.1200630708661419
0
LINE
8
BLACK
6
CONTINUOUS
10
1.4285581889763779
20
2.1200630708661419
11
1.4287845669291339
21
2.1198772834645667
0
LINE
8
BLACK
6
CONTINUOUS
10
1.4287845669291339
20
2.1198772834645667
11
1.4306593307086615
21
2.1180025196850392
0
LINE
8
BLACK
6
CONTINUOUS
10
1.4306593307086615
20
2.1180025196850392
11
1.4308450787401574
21
2.1177761811023621
0
LINE
8
BLACK
6
CONTINUOUS
10
1.4308450787401574
20
2.1177761811023621
11
1.430904094488189
21
2.1177250000000001
0
LINE
8
BLACK
6
CONTINUOUS
10
1.430904094488189
20
2.1177250000000001
11
1.4309600393700788
21
2.1176360629921258
0
LINE
8
BLACK
6
CONTINUOUS
10
1.4309600393700788
20
2.1176360629921258
11
1.4310265354330709
21
2.1175550787401574
0
LINE
8
BLACK
6
CONTINUOUS
10
1.4310265354330709
20
2.1175550787401574
11
1.4310563385826771
21
2.1174831496062994
0
LINE
8
BLACK
6
CONTINUOUS
10
1.4310563385826771
20
2.1174831496062994
11
1.4312124409448819
21
2.1172351181102362
0
LINE
8
BLACK
6
CONTINUOUS
10
1.4312124409448819
20
2.1172351181102362
11
1.4330872047244094
21
2.1134855905511811
0
LINE
8
BLACK
6
CONTINUOUS
10
1.4330872047244094
20
2.1134855905511811
11
1.4332940944881889
21
2.1129449999999999
0
LINE
8
BLACK
6
CONTINUOUS
10
1.4332940944881889
20
2.1129449999999999
11
1.4333016141732282
21
2.1128391338582677
0
LINE
8
BLACK
6
CONTINUOUS
10
1.4333016141732282
20
2.1128391338582677
11
1.4333422047244093
21
2.1127411417322834
0
LINE
8
BLACK
6
CONTINUOUS
10
1.4333422047244093
20
2.1127411417322834
11
1.4333989370078739
21
2.1121650787401576
0
LINE
8
BLACK
6
CONTINUOUS
10
1.4333989370078739
20
2.1121650787401576
11
1.4333989370078739
21
2.1101659842519687
0
LINE
8
BLACK
6
CONTINUOUS
10
1.4333989370078739
20
2.1101659842519687
11
1.4434017716535432
21
2.1101659842519687
0
LINE
8
BLACK
6
CONTINUOUS
10
1.4434017716535432
20
2.1101659842519687
11
1.4443809842519684
21
2.1199579527559056
0
LINE
8
BLACK
6
CONTINUOUS
10
1.4443809842519684
20
2.1199579527559056
11
1.4444230708661416
21
2.1201679133858269
0
LINE
8
BLACK
6
CONTINUOUS
10
1.4444230708661416
20
2.1201679133858269
11
1.4444230708661416
21
2.1202401968503937
0
LINE
8
BLACK
6
CONTINUOUS
10
1.4444230708661416
20
2.1202401968503937
11
1.4444511417322834
21
2.1203080314960627
0
LINE
8
BLACK
6
CONTINUOUS
10
1.4444511417322834
20
2.1203080314960627
11
1.4444947637795276
21
2.1205255118110236
0
LINE
8
BLACK
6
CONTINUOUS
10
1.4444947637795276
20
2.1205255118110236
11
1.444698779527559
21
2.1209058267716534
0
LINE
8
BLACK
6
CONTINUOUS
10
1.444698779527559
20
2.1209058267716534
11
1.4448639763779527
21
2.1213046062992125
0
LINE
8
BLACK
6
CONTINUOUS
10
1.4448639763779527
20
2.1213046062992125
11
1.4449691338582678
21
2.1214098031496063
0
LINE
8
BLACK
6
CONTINUOUS
10
1.4449691338582678
20
2.1214098031496063
11
1.4450394094488188
21
2.1215407480314958
0
LINE
8
BLACK
6
CONTINUOUS
10
1.4450394094488188
20
2.1215407480314958
11
1.4453733464566929
21
2.1218140157480314
0
LINE
8
BLACK
6
CONTINUOUS
10
1.4453733464566929
20
2.1218140157480314
11
1.445678622047244
21
2.1221192519685039
0
LINE
8
BLACK
6
CONTINUOUS
10
1.445678622047244
20
2.1221192519685039
11
1.4458159448818897
21
2.1221761811023621
0
LINE
8
BLACK
6
CONTINUOUS
10
1.4458159448818897
20
2.1221761811023621
11
1.445931062992126
21
2.1222703149606299
0
LINE
8
BLACK
6
CONTINUOUS
10
1.445931062992126
20
2.1222703149606299
11
1.4463443307086614
21
2.1223950393700788
0
LINE
8
BLACK
6
CONTINUOUS
10
1.4463443307086614
20
2.1223950393700788
11
1.446743031496063
21
2.122560157480315
0
LINE
8
BLACK
6
CONTINUOUS
10
1.446743031496063
20
2.122560157480315
11
1.4469637007874014
21
2.1225819291338581
0
LINE
8
BLACK
6
CONTINUOUS
10
1.4469637007874014
20
2.1225819291338581
11
1.4470340551181102
21
2.1226031102362204
0
LINE
8
BLACK
6
CONTINUOUS
10
1.4470340551181102
20
2.1226031102362204
11
1.4471060236220472
21
2.1225959448818896
0
LINE
8
BLACK
6
CONTINUOUS
10
1.4471060236220472
20
2.1225959448818896
11
1.4473190944881889
21
2.1226168897637794
0
LINE
8
BLACK
6
CONTINUOUS
10
1.4473190944881889
20
2.1226168897637794
11
1.4660667322834646
21
2.1226168897637794
0
LINE
8
BLACK
6
CONTINUOUS
10
1.4660667322834646
20
2.1226168897637794
11
1.4666427952755905
21
2.122560157480315
0
LINE
8
BLACK
6
CONTINUOUS
10
1.4666427952755905
20
2.122560157480315
11
1.4677072047244095
21
2.1221192519685039
0
LINE
8
BLACK
6
CONTINUOUS
10
1.4677072047244095
20
2.1221192519685039
11
1.4685218503937008
21
2.1213046062992125
0
LINE
8
BLACK
6
CONTINUOUS
10
1.4685218503937008
20
2.1213046062992125
11
1.4689627559055118
21
2.1202401968503937
0
LINE
8
BLACK
6
CONTINUOUS
10
1.4689627559055118
20
2.1202401968503937
11
1.4689627559055118
21
2.1190880708661415
0
LINE
8
BLACK
6
CONTINUOUS
10
1.4689627559055118
20
2.1190880708661415
11
1.4685218503937008
21
2.1180236614173227
0
LINE
8
BLACK
6
CONTINUOUS
10
1.4685218503937008
20
2.1180236614173227
11
1.4677072047244095
21
2.1172090157480317
0
LINE
8
BLACK
6
CONTINUOUS
10
1.4677072047244095
20
2.1172090157480317
11
1.4666427952755905
21
2.1167681102362206
0
LINE
8
BLACK
6
CONTINUOUS
10
1.4666427952755905
20
2.1167681102362206
11
1.4660667322834646
21
2.1167113779527558
0
LINE
8
BLACK
6
CONTINUOUS
10
1.4660667322834646
20
2.1167113779527558
11
1.4499912992125983
21
2.1167113779527558
0
LINE
8
BLACK
6
CONTINUOUS
10
1.4499912992125983
20
2.1167113779527558
11
1.4493367716535432
21
2.1101659842519687
0
LINE
8
BLACK
6
CONTINUOUS
10
1.4493367716535432
20
2.1101659842519687
11
1.6511811023622047
21
2.1101659842519687
0
LINE
8
BLACK
6
CONTINUOUS
10
1.6511811023622047
20
2.1101659842519687
11
1.6511811023622047
21
2.4692211023622046
0
LINE
8
BLACK
6
CONTINUOUS
10
1.6511811023622047
20
2.4692211023622046
11
1.2228346456692913
21
2.4692211023622046
0
LINE
8
BLACK
6
CONTINUOUS
10
1.4109017716535432
20
2.1101659842519687
11
1.4274934251968503
21
2.1101659842519687
0
LINE
8
BLACK
6
CONTINUOUS
10
1.4274934251968503
20
2.1101659842519687
11
1.4274934251968503
21
2.111468031496063
0
LINE
8
BLACK
6
CONTINUOUS
10
1.4274934251968503
20
2.111468031496063
11
1.42614468503937
21
2.1141655118110236
0
LINE
8
BLACK
6
CONTINUOUS
10
1.42614468503937
20
2.1141655118110236
11
1.4249475590551182
21
2.1153626377952754
0
LINE
8
BLACK
6
CONTINUOUS
10
1.4249475590551182
20
2.1153626377952754
11
1.4222500787401575
21
2.1167113779527558
0
LINE
8
BLACK
6
CONTINUOUS
10
1.4222500787401575
20
2.1167113779527558
11
1.4109017716535432
21
2.1167113779527558
0
LINE
8
BLACK
6
CONTINUOUS
10
1.4109017716535432
20
2.1167113779527558
11
1.4109017716535432
21
2.1101659842519687
0
LINE
8
BLACK
6
CONTINUOUS
10
1.6559055118110235
20
2.4692211023622046
11
1.6559055118110235
21
2.1101659842519687
0
LINE
8
BLACK
6
CONTINUOUS
10
1.6559055118110235
20
2.1101659842519687
11
1.6952755905511812
21
2.1101659842519687
0
LINE
8
BLACK
6
CONTINUOUS
10
1.6952755905511812
20
2.1101659842519687
11
1.6952755905511812
21
2.4692211023622046
0
LINE
8
BLACK
6
CONTINUOUS
10
1.6952755905511812
20
2.4692211023622046
11
1.6559055118110235
21
2.4692211023622046
0
LINE
8
BLACK
6
CONTINUOUS
10
1.6985417716535434
20
2.8916368897637796
11
1.6998201968503936
21
2.8903584645669289
0
LINE
8
BLACK
6
CONTINUOUS
10
1.6998201968503936
20
2.8903584645669289
11
1.7
21
2.8894544881889761
0
LINE
8
BLACK
6
CONTINUOUS
10
1.7
20
2.8894544881889761
11
1.7
21
2.5256749606299214
0
LINE
8
BLACK
6
CONTINUOUS
10
1.7
20
2.5256749606299214
11
1.6998201968503936
21
2.5247709842519686
0
LINE
8
BLACK
6
CONTINUOUS
10
1.6998201968503936
20
2.5247709842519686
11
1.6985417716535434
21
2.5234925590551183
0
LINE
8
BLACK
6
CONTINUOUS
10
1.6985417716535434
20
2.5234925590551183
11
1.6976377952755906
21
2.5233127559055117
0
LINE
8
BLACK
6
CONTINUOUS
10
1.6976377952755906
20
2.5233127559055117
11
1.4671447244094489
21
2.5233127559055117
0
LINE
8
BLACK
6
CONTINUOUS
10
1.4671447244094489
20
2.5233127559055117
11
1.4671447244094489
21
2.5142413779527559
0
LINE
8
BLACK
6
CONTINUOUS
10
1.4671447244094489
20
2.5142413779527559
11
1.4698162598425197
21
2.5142413779527559
0
LINE
8
BLACK
6
CONTINUOUS
10
1.4698162598425197
20
2.5142413779527559
11
1.4703923228346456
21
2.5141846456692911
0
LINE
8
BLACK
6
CONTINUOUS
10
1.4703923228346456
20
2.5141846456692911
11
1.4714567322834646
21
2.5137437401574805
0
LINE
8
BLACK
6
CONTINUOUS
10
1.4714567322834646
20
2.5137437401574805
11
1.4722713779527559
21
2.512929094488189
0
LINE
8
BLACK
6
CONTINUOUS
10
1.4722713779527559
20
2.512929094488189
11
1.472712283464567
21
2.5118646850393702
0
LINE
8
BLACK
6
CONTINUOUS
10
1.472712283464567
20
2.5118646850393702
11
1.472712283464567
21
2.510712559055118
0
LINE
8
BLACK
6
CONTINUOUS
10
1.472712283464567
20
2.510712559055118
11
1.4722713779527559
21
2.5096481496062992
0
LINE
8
BLACK
6
CONTINUOUS
10
1.4722713779527559
20
2.5096481496062992
11
1.4714567322834646
21
2.5088335039370078
0
LINE
8
BLACK
6
CONTINUOUS
10
1.4714567322834646
20
2.5088335039370078
11
1.4703923228346456
21
2.5083925984251967
0
LINE
8
BLACK
6
CONTINUOUS
10
1.4703923228346456
20
2.5083925984251967
11
1.4698162598425197
21
2.5083358661417323
0
LINE
8
BLACK
6
CONTINUOUS
10
1.4698162598425197
20
2.5083358661417323
11
1.4671447244094489
21
2.5083358661417323
0
LINE
8
BLACK
6
CONTINUOUS
10
1.4671447244094489
20
2.5083358661417323
11
1.4671447244094489
21
2.4981652362204723
0
LINE
8
BLACK
6
CONTINUOUS
10
1.4671447244094489
20
2.4981652362204723
11
1.4670879921259843
21
2.4975891732283464
0
LINE
8
BLACK
6
CONTINUOUS
10
1.4670879921259843
20
2.4975891732283464
11
1.4666470866141732
21
2.4965247637795276
0
LINE
8
BLACK
6
CONTINUOUS
10
1.4666470866141732
20
2.4965247637795276
11
1.465832440944882
21
2.4957101181102361
0
LINE
8
BLACK
6
CONTINUOUS
10
1.465832440944882
20
2.4957101181102361
11
1.4647680314960629
21
2.495269212598425
0
LINE
8
BLACK
6
CONTINUOUS
10
1.4647680314960629
20
2.495269212598425
11
1.463615905511811
21
2.495269212598425
0
LINE
8
BLACK
6
CONTINUOUS
10
1.463615905511811
20
2.495269212598425
11
1.4625514960629922
21
2.4957101181102361
0
LINE
8
BLACK
6
CONTINUOUS
10
1.4625514960629922
20
2.4957101181102361
11
1.4617368503937007
21
2.4965247637795276
0
LINE
8
BLACK
6
CONTINUOUS
10
1.4617368503937007
20
2.4965247637795276
11
1.4612959448818896
21
2.4975891732283464
0
LINE
8
BLACK
6
CONTINUOUS
10
1.4612959448818896
20
2.4975891732283464
11
1.4612392125984253
21
2.4981652362204723
0
LINE
8
BLACK
6
CONTINUOUS
10
1.4612392125984253
20
2.4981652362204723
11
1.4612392125984253
21
2.5083358661417323
0
LINE
8
BLACK
6
CONTINUOUS
10
1.4612392125984253
20
2.5083358661417323
11
1.4454443307086613
21
2.5083358661417323
0
LINE
8
BLACK
6
CONTINUOUS
10
1.4454443307086613
20
2.5083358661417323
11
1.4451527559055117
21
2.5083646062992124
0
LINE
8
BLACK
6
CONTINUOUS
10
1.4451527559055117
20
2.5083646062992124
11
1.4450750393700786
21
2.5083590551181101
0
LINE
8
BLACK
6
CONTINUOUS
10
1.4450750393700786
20
2.5083590551181101
11
1.4450188976377953
21
2.5083777952755906
0
LINE
8
BLACK
6
CONTINUOUS
10
1.4450188976377953
20
2.5083777952755906
11
1.4448682677165354
21
2.5083925984251967
0
LINE
8
BLACK
6
CONTINUOUS
10
1.4448682677165354
20
2.5083925984251967
11
1.4444309448818897
21
2.5085737401574804
0
LINE
8
BLACK
6
CONTINUOUS
10
1.4444309448818897
20
2.5085737401574804
11
1.4439820078740158
21
2.5087233858267717
0
LINE
8
BLACK
6
CONTINUOUS
10
1.4439820078740158
20
2.5087233858267717
11
1.4439018110236219
21
2.5087929527559054
0
LINE
8
BLACK
6
CONTINUOUS
10
1.4439018110236219
20
2.5087929527559054
11
1.4438038582677164
21
2.5088335039370078
0
LINE
8
BLACK
6
CONTINUOUS
10
1.4438038582677164
20
2.5088335039370078
11
1.4434692125984252
21
2.5091681496062992
0
LINE
8
BLACK
6
CONTINUOUS
10
1.4434692125984252
20
2.5091681496062992
11
1.4431116535433071
21
2.5094782677165353
0
LINE
8
BLACK
6
CONTINUOUS
10
1.4431116535433071
20
2.5094782677165353
11
1.4430642125984252
21
2.509573149606299
0
LINE
8
BLACK
6
CONTINUOUS
10
1.4430642125984252
20
2.509573149606299
11
1.4429892125984252
21
2.5096481496062992
0
LINE
8
BLACK
6
CONTINUOUS
10
1.4429892125984252
20
2.5096481496062992
11
1.442808031496063
21
2.5100855118110235
0
LINE
8
BLACK
6
CONTINUOUS
10
1.442808031496063
20
2.5100855118110235
11
1.4425964566929133
21
2.5105087007874016
0
LINE
8
BLACK
6
CONTINUOUS
10
1.4425964566929133
20
2.5105087007874016
11
1.4425889370078739
21
2.5106144881889763
0
LINE
8
BLACK
6
CONTINUOUS
10
1.4425889370078739
20
2.5106144881889763
11
1.4425483070866141
21
2.510712559055118
0
LINE
8
BLACK
6
CONTINUOUS
10
1.4425483070866141
20
2.510712559055118
11
1.4425483070866141
21
2.5111860629921261
0
LINE
8
BLACK
6
CONTINUOUS
10
1.4425483070866141
20
2.5111860629921261
11
1.4425147637795275
21
2.5116579133858266
0
LINE
8
BLACK
6
CONTINUOUS
10
1.4425147637795275
20
2.5116579133858266
11
1.4425483070866141
21
2.5118054330708661
0
LINE
8
BLACK
6
CONTINUOUS
10
1.4425483070866141
20
2.5118054330708661
11
1.4425483070866141
21
2.5118646850393702
0
LINE
8
BLACK
6
CONTINUOUS
10
1.4425483070866141
20
2.5118646850393702
11
1.4425781496062993
21
2.511936811023622
0
LINE
8
BLACK
6
CONTINUOUS
10
1.4425781496062993
20
2.511936811023622
11
1.4426431102362205
21
2.5122223622047244
0
LINE
8
BLACK
6
CONTINUOUS
10
1.4426431102362205
20
2.5122223622047244
11
1.4463399212598425
21
2.5233127559055117
0
LINE
8
BLACK
6
CONTINUOUS
10
1.4463399212598425
20
2.5233127559055117
11
1.4331718897637795
21
2.5233127559055117
0
LINE
8
BLACK
6
CONTINUOUS
10
1.4331718897637795
20
2.5233127559055117
11
1.4330872047244094
21
2.5230914566929132
0
LINE
8
BLACK
6
CONTINUOUS
10
1.4330872047244094
20
2.5230914566929132
11
1.4312124409448819
21
2.5193419291338581
0
LINE
8
BLACK
6
CONTINUOUS
10
1.4312124409448819
20
2.5193419291338581
11
1.4310563385826771
21
2.5190939370078738
0
LINE
8
BLACK
6
CONTINUOUS
10
1.4310563385826771
20
2.5190939370078738
11
1.4310265354330709
21
2.519021968503937
0
LINE
8
BLACK
6
CONTINUOUS
10
1.4310265354330709
20
2.519021968503937
11
1.4309600393700788
21
2.5189410236220473
0
LINE
8
BLACK
6
CONTINUOUS
10
1.4309600393700788
20
2.5189410236220473
11
1.430904094488189
21
2.5188520472440943
0
LINE
8
BLACK
6
CONTINUOUS
10
1.430904094488189
20
2.5188520472440943
11
1.4308450787401574
21
2.518800905511811
0
LINE
8
BLACK
6
CONTINUOUS
10
1.4308450787401574
20
2.518800905511811
11
1.4306593307086615
21
2.5185745275590552
0
LINE
8
BLACK
6
CONTINUOUS
10
1.4306593307086615
20
2.5185745275590552
11
1.4287845669291339
21
2.5166997637795276
0
LINE
8
BLACK
6
CONTINUOUS
10
1.4287845669291339
20
2.5166997637795276
11
1.4285581889763779
21
2.5165140157480312
0
LINE
8
BLACK
6
CONTINUOUS
10
1.4285581889763779
20
2.5165140157480312
11
1.4285070472440944
21
2.5164550000000001
0
LINE
8
BLACK
6
CONTINUOUS
10
1.4285070472440944
20
2.5164550000000001
11
1.4284180708661418
21
2.5163990551181104
0
LINE
8
BLACK
6
CONTINUOUS
10
1.4284180708661418
20
2.5163990551181104
11
1.4283371259842519
21
2.516332559055118
0
LINE
8
BLACK
6
CONTINUOUS
10
1.4283371259842519
20
2.516332559055118
11
1.4282651574803149
21
2.5163027559055116
0
LINE
8
BLACK
6
CONTINUOUS
10
1.4282651574803149
20
2.5163027559055116
11
1.4280171653543308
21
2.516146653543307
0
LINE
8
BLACK
6
CONTINUOUS
10
1.4280171653543308
20
2.516146653543307
11
1.4242676377952757
21
2.5142718897637795
0
LINE
8
BLACK
6
CONTINUOUS
10
1.4242676377952757
20
2.5142718897637795
11
1.4237270078740156
21
2.514065
0
LINE
8
BLACK
6
CONTINUOUS
10
1.4237270078740156
20
2.514065
11
1.4236211811023622
21
2.5140575196850392
0
LINE
8
BLACK
6
CONTINUOUS
10
1.4236211811023622
20
2.5140575196850392
11
1.423523188976378
21
2.5140168897637793
0
LINE
8
BLACK
6
CONTINUOUS
10
1.423523188976378
20
2.5140168897637793
11
1.4229910236220471
21
2.5139644881889764
0
LINE
8
BLACK
6
CONTINUOUS
10
1.4229910236220471
20
2.5139644881889764
11
1.4328651968503936
21
2.4998585039370078
0
LINE
8
BLACK
6
CONTINUOUS
10
1.4328651968503936
20
2.4998585039370078
11
1.4331490551181103
21
2.4993540551181104
0
LINE
8
BLACK
6
CONTINUOUS
10
1.4331490551181103
20
2.4993540551181104
11
1.4333982283464566
21
2.4982292125984253
0
LINE
8
BLACK
6
CONTINUOUS
10
1.4333982283464566
20
2.4982292125984253
11
1.4331980314960631
21
2.4970946456692911
0
LINE
8
BLACK
6
CONTINUOUS
10
1.4331980314960631
20
2.4970946456692911
11
1.4325788582677166
21
2.4961230708661417
0
LINE
8
BLACK
6
CONTINUOUS
10
1.4325788582677166
20
2.4961230708661417
11
1.431635
21
2.4954623622047243
0
LINE
8
BLACK
6
CONTINUOUS
10
1.431635
20
2.4954623622047243
11
1.430510157480315
21
2.495213149606299
0
LINE
8
BLACK
6
CONTINUOUS
10
1.430510157480315
20
2.495213149606299
11
1.4293756299212599
21
2.4954133858267715
0
LINE
8
BLACK
6
CONTINUOUS
10
1.4293756299212599
20
2.4954133858267715
11
1.4284040157480316
21
2.4960325590551182
0
LINE
8
BLACK
6
CONTINUOUS
10
1.4284040157480316
20
2.4960325590551182
11
1.4280272047244094
21
2.4964719291338584
0
LINE
8
BLACK
6
CONTINUOUS
10
1.4280272047244094
20
2.4964719291338584
11
1.4157854724409449
21
2.513960157480315
0
LINE
8
BLACK
6
CONTINUOUS
10
1.4157854724409449
20
2.513960157480315
11
1.4109017716535432
21
2.513960157480315
0
LINE
8
BLACK
6
CONTINUOUS
10
1.4109017716535432
20
2.513960157480315
11
1.4109017716535432
21
2.4981652362204723
0
LINE
8
BLACK
6
CONTINUOUS
10
1.4109017716535432
20
2.4981652362204723
11
1.4108450393700787
21
2.4975891732283464
0
LINE
8
BLACK
6
CONTINUOUS
10
1.4108450393700787
20
2.4975891732283464
11
1.4104041338582678
21
2.4965247637795276
0
LINE
8
BLACK
6
CONTINUOUS
10
1.4104041338582678
20
2.4965247637795276
11
1.4095894881889763
21
2.4957101181102361
0
LINE
8
BLACK
6
CONTINUOUS
10
1.4095894881889763
20
2.4957101181102361
11
1.4085250787401575
21
2.495269212598425
0
LINE
8
BLACK
6
CONTINUOUS
10
1.4085250787401575
20
2.495269212598425
11
1.4073729527559056
21
2.495269212598425
0
LINE
8
BLACK
6
CONTINUOUS
10
1.4073729527559056
20
2.495269212598425
11
1.4063085433070865
21
2.4957101181102361
0
LINE
8
BLACK
6
CONTINUOUS
10
1.4063085433070865
20
2.4957101181102361
11
1.4054938976377953
21
2.4965247637795276
0
LINE
8
BLACK
6
CONTINUOUS
10
1.4054938976377953
20
2.4965247637795276
11
1.4050529921259842
21
2.4975891732283464
0
LINE
8
BLACK
6
CONTINUOUS
10
1.4050529921259842
20
2.4975891732283464
11
1.4049962598425196
21
2.4981652362204723
0
LINE
8
BLACK
6
CONTINUOUS
10
1.4049962598425196
20
2.4981652362204723
11
1.4049962598425196
21
2.5233127559055117
0
LINE
8
BLACK
6
CONTINUOUS
10
1.4049962598425196
20
2.5233127559055117
11
1.1763779527559055
21
2.5233127559055117
0
LINE
8
BLACK
6
CONTINUOUS
10
1.1763779527559055
20
2.5233127559055117
11
1.1754739763779527
21
2.5234925590551183
0
LINE
8
BLACK
6
CONTINUOUS
10
1.1754739763779527
20
2.5234925590551183
11
1.1741955511811024
21
2.5247709842519686
0
LINE
8
BLACK
6
CONTINUOUS
10
1.1741955511811024
20
2.5247709842519686
11
1.1740157480314961
21
2.5256749606299214
0
LINE
8
BLACK
6
CONTINUOUS
10
1.1740157480314961
20
2.5256749606299214
11
1.1740157480314961
21
2.8894544881889761
0
LINE
8
BLACK
6
CONTINUOUS
10
1.1740157480314961
20
2.8894544881889761
11
1.1741955511811024
21
2.8903584645669289
0
LINE
8
BLACK
6
CONTINUOUS
10
1.1741955511811024
20
2.8903584645669289
11
1.1754739763779527
21
2.8916368897637796
0
LINE
8
BLACK
6
CONTINUOUS
10
1.1754739763779527
20
2.8916368897637796
11
1.1763779527559055
21
2.8918166929133857
0
LINE
8
BLACK
6
CONTINUOUS
10
1.1763779527559055
20
2.8918166929133857
11
1.6976377952755906
21
2.8918166929133857
0
LINE
8
BLACK
6
CONTINUOUS
10
1.6976377952755906
20
2.8918166929133857
11
1.6985417716535434
21
2.8916368897637796
0
LINE
8
BLACK
6
CONTINUOUS
10
1.4525648425196851
20
2.5233127559055117
11
1.4495410629921259
21
2.5142413779527559
0
LINE
8
BLACK
6
CONTINUOUS
10
1.4495410629921259
20
2.5142413779527559
11
1.4612392125984253
21
2.5142413779527559
0
LINE
8
BLACK
6
CONTINUOUS
10
1.4612392125984253
20
2.5142413779527559
11
1.4612392125984253
21
2.5233127559055117
0
LINE
8
BLACK
6
CONTINUOUS
10
1.4612392125984253
20
2.5233127559055117
11
1.4525648425196851
21
2.5233127559055117
0
LINE
8
BLACK
6
CONTINUOUS
10
1.4109017716535432
20
2.5233127559055117
11
1.4109017716535432
21
2.5198656692913386
0
LINE
8
BLACK
6
CONTINUOUS
10
1.4109017716535432
20
2.5198656692913386
11
1.4222500787401575
21
2.5198656692913386
0
LINE
8
BLACK
6
CONTINUOUS
10
1.4222500787401575
20
2.5198656692913386
11
1.4249475590551182
21
2.5212144094488189
0
LINE
8
BLACK
6
CONTINUOUS
10
1.4249475590551182
20
2.5212144094488189
11
1.42614468503937
21
2.5224115354330707
0
LINE
8
BLACK
6
CONTINUOUS
10
1.42614468503937
20
2.5224115354330707
11
1.4265953149606299
21
2.5233127559055117
0
LINE
8
BLACK
6
CONTINUOUS
10
1.4265953149606299
20
2.5233127559055117
11
1.4109017716535432
21
2.5233127559055117
0
LINE
8
BLACK
6
CONTINUOUS
10
1.1787401574803149
20
2.8870922834645669
11
1.1787401574803149
21
2.5280371653543305
0
LINE
8
BLACK
6
CONTINUOUS
10
1.1787401574803149
20
2.5280371653543305
11
1.2181102362204723
21
2.5280371653543305
0
LINE
8
BLACK
6
CONTINUOUS
10
1.2181102362204723
20
2.5280371653543305
11
1.2181102362204723
21
2.8870922834645669
0
LINE
8
BLACK
6
CONTINUOUS
10
1.2181102362204723
20
2.8870922834645669
11
1.1787401574803149
21
2.8870922834645669
0
LINE
8
BLACK
6
CONTINUOUS
10
1.2228346456692913
20
2.8870922834645669
11
1.2228346456692913
21
2.5280371653543305
0
LINE
8
BLACK
6
CONTINUOUS
10
1.2228346456692913
20
2.5280371653543305
11
1.4049962598425196
21
2.5280371653543305
0
LINE
8
BLACK
6
CONTINUOUS
10
1.4049962598425196
20
2.5280371653543305
11
1.4049962598425196
21
2.5375353149606297
0
LINE
8
BLACK
6
CONTINUOUS
10
1.4049962598425196
20
2.5375353149606297
11
1.4050529921259842
21
2.538111377952756
0
LINE
8
BLACK
6
CONTINUOUS
10
1.4050529921259842
20
2.538111377952756
11
1.4054938976377953
21
2.5391757874015748
0
LINE
8
BLACK
6
CONTINUOUS
10
1.4054938976377953
20
2.5391757874015748
11
1.4063085433070865
21
2.5399904330708662
0
LINE
8
BLACK
6
CONTINUOUS
10
1.4063085433070865
20
2.5399904330708662
11
1.4073729527559056
21
2.5404313385826769
0
LINE
8
BLACK
6
CONTINUOUS
10
1.4073729527559056
20
2.5404313385826769
11
1.4079490157480314
21
2.5404880708661417
0
LINE
8
BLACK
6
CONTINUOUS
10
1.4079490157480314
20
2.5404880708661417
11
1.4229471259842519
21
2.5404880708661417
0
LINE
8
BLACK
6
CONTINUOUS
10
1.4229471259842519
20
2.5404880708661417
11
1.423523188976378
21
2.5404313385826769
0
LINE
8
BLACK
6
CONTINUOUS
10
1.423523188976378
20
2.5404313385826769
11
1.4236211811023622
21
2.5403907480314962
0
LINE
8
BLACK
6
CONTINUOUS
10
1.4236211811023622
20
2.5403907480314962
11
1.4237270078740156
21
2.5403832283464567
0
LINE
8
BLACK
6
CONTINUOUS
10
1.4237270078740156
20
2.5403832283464567
11
1.4242676377952757
21
2.5401763385826772
0
LINE
8
BLACK
6
CONTINUOUS
10
1.4242676377952757
20
2.5401763385826772
11
1.4280171653543308
21
2.5383015748031497
0
LINE
8
BLACK
6
CONTINUOUS
10
1.4280171653543308
20
2.5383015748031497
11
1.4282651574803149
21
2.5381455118110234
0
LINE
8
BLACK
6
CONTINUOUS
10
1.4282651574803149
20
2.5381455118110234
11
1.4283371259842519
21
2.5381156692913387
0
LINE
8
BLACK
6
CONTINUOUS
10
1.4283371259842519
20
2.5381156692913387
11
1.4284180708661418
21
2.5380492125984251
0
LINE
8
BLACK
6
CONTINUOUS
10
1.4284180708661418
20
2.5380492125984251
11
1.4285070472440944
21
2.5379932283464566
0
LINE
8
BLACK
6
CONTINUOUS
10
1.4285070472440944
20
2.5379932283464566
11
1.4285581889763779
21
2.5379342519685038
0
LINE
8
BLACK
6
CONTINUOUS
10
1.4285581889763779
20
2.5379342519685038
11
1.4287845669291339
21
2.537748464566929
0
LINE
8
BLACK
6
CONTINUOUS
10
1.4287845669291339
20
2.537748464566929
11
1.4306593307086615
21
2.5358737007874015
0
LINE
8
BLACK
6
CONTINUOUS
10
1.4306593307086615
20
2.5358737007874015
11
1.4308450787401574
21
2.5356473622047244
0
LINE
8
BLACK
6
CONTINUOUS
10
1.4308450787401574
20
2.5356473622047244
11
1.430904094488189
21
2.535596181102362
0
LINE
8
BLACK
6
CONTINUOUS
10
1.430904094488189
20
2.535596181102362
11
1.4309600393700788
21
2.5355072440944881
0
LINE
8
BLACK
6
CONTINUOUS
10
1.4309600393700788
20
2.5355072440944881
11
1.4310265354330709
21
2.5354262598425197
0
LINE
8
BLACK
6
CONTINUOUS
10
1.4310265354330709
20
2.5354262598425197
11
1.4310563385826771
21
2.5353543307086612
0
LINE
8
BLACK
6
CONTINUOUS
10
1.4310563385826771
20
2.5353543307086612
11
1.4312124409448819
21
2.5351062992125986
0
LINE
8
BLACK
6
CONTINUOUS
10
1.4312124409448819
20
2.5351062992125986
11
1.4330872047244094
21
2.5313567716535434
0
LINE
8
BLACK
6
CONTINUOUS
10
1.4330872047244094
20
2.5313567716535434
11
1.4332940944881889
21
2.5308161811023622
0
LINE
8
BLACK
6
CONTINUOUS
10
1.4332940944881889
20
2.5308161811023622
11
1.4333016141732282
21
2.53071031496063
0
LINE
8
BLACK
6
CONTINUOUS
10
1.4333016141732282
20
2.53071031496063
11
1.4333422047244093
21
2.5306123228346458
0
LINE
8
BLACK
6
CONTINUOUS
10
1.4333422047244093
20
2.5306123228346458
11
1.4333989370078739
21
2.5300362598425195
0
LINE
8
BLACK
6
CONTINUOUS
10
1.4333989370078739
20
2.5300362598425195
11
1.4333989370078739
21
2.5280371653543305
0
LINE
8
BLACK
6
CONTINUOUS
10
1.4333989370078739
20
2.5280371653543305
11
1.4479147244094488
21
2.5280371653543305
0
LINE
8
BLACK
6
CONTINUOUS
10
1.4479147244094488
20
2.5280371653543305
11
1.4520169291338583
21
2.5403438188976377
0
LINE
8
BLACK
6
CONTINUOUS
10
1.4520169291338583
20
2.5403438188976377
11
1.4522529133858268
21
2.5408723622047242
0
LINE
8
BLACK
6
CONTINUOUS
10
1.4522529133858268
20
2.5408723622047242
11
1.4530077952755904
21
2.5417427165354329
0
LINE
8
BLACK
6
CONTINUOUS
10
1.4530077952755904
20
2.5417427165354329
11
1.4540382283464566
21
2.5422579527559055
0
LINE
8
BLACK
6
CONTINUOUS
10
1.4540382283464566
20
2.5422579527559055
11
1.4551874409448819
21
2.5423396456692915
0
LINE
8
BLACK
6
CONTINUOUS
10
1.4551874409448819
20
2.5423396456692915
11
1.4562804330708661
21
2.5419753149606299
0
LINE
8
BLACK
6
CONTINUOUS
10
1.4562804330708661
20
2.5419753149606299
11
1.4571508267716535
21
2.5412204330708659
0
LINE
8
BLACK
6
CONTINUOUS
10
1.4571508267716535
20
2.5412204330708659
11
1.4576660236220471
21
2.5401899606299212
0
LINE
8
BLACK
6
CONTINUOUS
10
1.4576660236220471
20
2.5401899606299212
11
1.4577477165354331
21
2.5390407480314958
0
LINE
8
BLACK
6
CONTINUOUS
10
1.4577477165354331
20
2.5390407480314958
11
1.4576193700787401
21
2.5384762992125984
0
LINE
8
BLACK
6
CONTINUOUS
10
1.4576193700787401
20
2.5384762992125984
11
1.4541396456692912
21
2.5280371653543305
0
LINE
8
BLACK
6
CONTINUOUS
10
1.4541396456692912
20
2.5280371653543305
11
1.6511811023622047
21
2.5280371653543305
0
LINE
8
BLACK
6
CONTINUOUS
10
1.6511811023622047
20
2.5280371653543305
11
1.6511811023622047
21
2.8870922834645669
0
LINE
8
BLACK
6
CONTINUOUS
10
1.6511811023622047
20
2.8870922834645669
11
1.2228346456692913
21
2.8870922834645669
0
LINE
8
BLACK
6
CONTINUOUS
10
1.4109017716535432
20
2.5280371653543305
11
1.4274934251968503
21
2.5280371653543305
0
LINE
8
BLACK
6
CONTINUOUS
10
1.4274934251968503
20
2.5280371653543305
11
1.4274934251968503
21
2.5293392125984253
0
LINE
8
BLACK
6
CONTINUOUS
10
1.4274934251968503
20
2.5293392125984253
11
1.42614468503937
21
2.532036692913386
0
LINE
8
BLACK
6
CONTINUOUS
10
1.42614468503937
20
2.532036692913386
11
1.4249475590551182
21
2.5332338188976378
0
LINE
8
BLACK
6
CONTINUOUS
10
1.4249475590551182
20
2.5332338188976378
11
1.4222500787401575
21
2.5345825590551181
0
LINE
8
BLACK
6
CONTINUOUS
10
1.4222500787401575
20
2.5345825590551181
11
1.4109017716535432
21
2.5345825590551181
0
LINE
8
BLACK
6
CONTINUOUS
10
1.4109017716535432
20
2.5345825590551181
11
1.4109017716535432
21
2.5280371653543305
0
LINE
8
BLACK
6
CONTINUOUS
10
1.6559055118110235
20
2.8870922834645669
11
1.6559055118110235
21
2.5280371653543305
0
LINE
8
BLACK
6
CONTINUOUS
10
1.6559055118110235
20
2.5280371653543305
11
1.6952755905511812
21
2.5280371653543305
0
LINE
8
BLACK
6
CONTINUOUS
10
1.6952755905511812
20
2.5280371653543305
11
1.6952755905511812
21
2.8870922834645669
0
LINE
8
BLACK
6
CONTINUOUS
10
1.6952755905511812
20
2.8870922834645669
11
1.6559055118110235
21
2.8870922834645669
0
LINE
8
BLACK
6
CONTINUOUS
10
2.4399999999999999
20
2.6800000000000002
11
2.3799999999999999
21
2.6800000000000002
0
LINE
8
BLACK
6
CONTINUOUS
10
2.3799999999999999
20
2.6800000000000002
11
2.3799999999999999
21
2.7399999999999998
0
LINE
8
BLACK
6
CONTINUOUS
10
2.3799999999999999
20
2.7399999999999998
11
2.4399999999999999
21
2.7399999999999998
0
LINE
8
BLACK
6
CONTINUOUS
10
2.4399999999999999
20
2.7399999999999998
11
2.4399999999999999
21
2.6800000000000002
0
LINE
8
BLACK
6
CONTINUOUS
10
2.54
20
2.6800000000000002
11
2.48
21
2.6800000000000002
0
LINE
8
BLACK
6
CONTINUOUS
10
2.48
20
2.6800000000000002
11
2.48
21
2.7399999999999998
0
LINE
8
BLACK
6
CONTINUOUS
10
2.48
20
2.7399999999999998
11
2.54
21
2.7399999999999998
0
LINE
8
BLACK
6
CONTINUOUS
10
2.54
20
2.7399999999999998
11
2.54
21
2.6800000000000002
0
LINE
8
BLACK
6
CONTINUOUS
10
2.4399999999999999
20
2.7799999999999998
11
2.3799999999999999
21
2.7799999999999998
0
LINE
8
BLACK
6
CONTINUOUS
10
2.3799999999999999
20
2.7799999999999998
11
2.3799999999999999
21
2.8399999999999999
0
LINE
8
BLACK
6
CONTINUOUS
10
2.3799999999999999
20
2.8399999999999999
11
2.4399999999999999
21
2.8399999999999999
0
LINE
8
BLACK
6
CONTINUOUS
10
2.4399999999999999
20
2.8399999999999999
11
2.4399999999999999
21
2.7799999999999998
0
LINE
8
BLACK
6
CONTINUOUS
10
2.54
20
2.7799999999999998
11
2.48
21
2.7799999999999998
0
LINE
8
BLACK
6
CONTINUOUS
10
2.48
20
2.7799999999999998
11
2.48
21
2.8399999999999999
0
LINE
8
BLACK
6
CONTINUOUS
10
2.48
20
2.8399999999999999
11
2.54
21
2.8399999999999999
0
LINE
8
BLACK
6
CONTINUOUS
10
2.54
20
2.8399999999999999
11
2.54
21
2.7799999999999998
0
LINE
8
BLACK
6
CONTINUOUS
10
2.4399999999999999
20
2.8799999999999999
11
2.3799999999999999
21
2.8799999999999999
0
LINE
8
BLACK
6
CONTINUOUS
10
2.3799999999999999
20
2.8799999999999999
11
2.3799999999999999
21
2.9399999999999999
0
LINE
8
BLACK
6
CONTINUOUS
10
2.3799999999999999
20
2.9399999999999999
11
2.4399999999999999
21
2.9399999999999999
0
LINE
8
BLACK
6
CONTINUOUS
10
2.4399999999999999
20
2.9399999999999999
11
2.4399999999999999
21
2.8799999999999999
0
LINE
8
BLACK
6
CONTINUOUS
10
2.54
20
2.8799999999999999
11
2.48
21
2.8799999999999999
0
LINE
8
BLACK
6
CONTINUOUS
10
2.48
20
2.8799999999999999
11
2.48
21
2.9399999999999999
0
LINE
8
BLACK
6
CONTINUOUS
10
2.48
20
2.9399999999999999
11
2.54
21
2.9399999999999999
0
LINE
8
BLACK
6
CONTINUOUS
10
2.54
20
2.9399999999999999
11
2.54
21
2.8799999999999999
0
LINE
8
BLACK
6
CONTINUOUS
10
2.4399999999999999
20
2.98
11
2.3799999999999999
21
2.98
0
LINE
8
BLACK
6
CONTINUOUS
10
2.3799999999999999
20
2.98
11
2.3799999999999999
21
3.04
0
LINE
8
BLACK
6
CONTINUOUS
10
2.3799999999999999
20
3.04
11
2.4399999999999999
21
3.04
0
LINE
8
BLACK
6
CONTINUOUS
10
2.4399999999999999
20
3.04
11
2.4399999999999999
21
2.98
0
LINE
8
BLACK
6
CONTINUOUS
10
2.54
20
2.98
11
2.48
21
2.98
0
LINE
8
BLACK
6
CONTINUOUS
10
2.48
20
2.98
11
2.48
21
3.04
0
LINE
8
BLACK
6
CONTINUOUS
10
2.48
20
3.04
11
2.54
21
3.04
0
LINE
8
BLACK
6
CONTINUOUS
10
2.54
20
3.04
11
2.54
21
2.98
0
LINE
8
BLACK
6
CONTINUOUS
10
2.4399999999999999
20
3.0800000000000001
11
2.3799999999999999
21
3.0800000000000001
0
LINE
8
BLACK
6
CONTINUOUS
10
2.3799999999999999
20
3.0800000000000001
11
2.3799999999999999
21
3.1400000000000001
0
LINE
8
BLACK
6
CONTINUOUS
10
2.3799999999999999
20
3.1400000000000001
11
2.4399999999999999
21
3.1400000000000001
0
LINE
8
BLACK
6
CONTINUOUS
10
2.4399999999999999
20
3.1400000000000001
11
2.4399999999999999
21
3.0800000000000001
0
LINE
8
BLACK
6
CONTINUOUS
10
2.54
20
3.0800000000000001
11
2.48
21
3.0800000000000001
0
LINE
8
BLACK
6
CONTINUOUS
10
2.48
20
3.0800000000000001
11
2.48
21
3.1400000000000001
0
LINE
8
BLACK
6
CONTINUOUS
10
2.48
20
3.1400000000000001
11
2.54
21
3.1400000000000001
0
LINE
8
BLACK
6
CONTINUOUS
10
2.54
20
3.1400000000000001
11
2.54
21
3.0800000000000001
0
LINE
8
BLACK
6
CONTINUOUS
10
2.4399999999999999
20
3.1799999999999997
11
2.3799999999999999
21
3.1799999999999997
0
LINE
8
BLACK
6
CONTINUOUS
10
2.3799999999999999
20
3.1799999999999997
11
2.3799999999999999
21
3.2399999999999998
0
LINE
8
BLACK
6
CONTINUOUS
10
2.3799999999999999
20
3.2399999999999998
11
2.4399999999999999
21
3.2399999999999998
0
LINE
8
BLACK
6
CONTINUOUS
10
2.4399999999999999
20
3.2399999999999998
11
2.4399999999999999
21
3.1799999999999997
0
LINE
8
BLACK
6
CONTINUOUS
10
2.54
20
3.1799999999999997
11
2.48
21
3.1799999999999997
0
LINE
8
BLACK
6
CONTINUOUS
10
2.48
20
3.1799999999999997
11
2.48
21
3.2399999999999998
0
LINE
8
BLACK
6
CONTINUOUS
10
2.48
20
3.2399999999999998
11
2.54
21
3.2399999999999998
0
LINE
8
BLACK
6
CONTINUOUS
10
2.54
20
3.2399999999999998
11
2.54
21
3.1799999999999997
0
LINE
8
BLACK
6
CONTINUOUS
10
2.4399999999999999
20
3.2799999999999998
11
2.3799999999999999
21
3.2799999999999998
0
LINE
8
BLACK
6
CONTINUOUS
10
2.3799999999999999
20
3.2799999999999998
11
2.3799999999999999
21
3.3399999999999999
0
LINE
8
BLACK
6
CONTINUOUS
10
2.3799999999999999
20
3.3399999999999999
11
2.4399999999999999
21
3.3399999999999999
0
LINE
8
BLACK
6
CONTINUOUS
10
2.4399999999999999
20
3.3399999999999999
11
2.4399999999999999
21
3.2799999999999998
0
LINE
8
BLACK
6
CONTINUOUS
10
2.54
20
3.2799999999999998
11
2.48
21
3.2799999999999998
0
LINE
8
BLACK
6
CONTINUOUS
10
2.48
20
3.2799999999999998
11
2.48
21
3.3399999999999999
0
LINE
8
BLACK
6
CONTINUOUS
10
2.48
20
3.3399999999999999
11
2.54
21
3.3399999999999999
0
LINE
8
BLACK
6
CONTINUOUS
10
2.54
20
3.3399999999999999
11
2.54
21
3.2799999999999998
0
LINE
8
BLACK
6
CONTINUOUS
10
2.5605760629921259
20
3.3628960236220471
11
2.5616404724409447
21
3.362455118110236
0
LINE
8
BLACK
6
CONTINUOUS
10
2.5616404724409447
20
3.362455118110236
11
2.5624551181102362
21
3.361640472440945
0
LINE
8
BLACK
6
CONTINUOUS
10
2.5624551181102362
20
3.361640472440945
11
2.5628960236220473
21
3.3605760629921257
0
LINE
8
BLACK
6
CONTINUOUS
10
2.5628960236220473
20
3.3605760629921257
11
2.5629527559055116
21
3.3599999999999999
0
LINE
8
BLACK
6
CONTINUOUS
10
2.5629527559055116
20
3.3599999999999999
11
2.5629527559055116
21
2.6600000000000001
0
LINE
8
BLACK
6
CONTINUOUS
10
2.5629527559055116
20
2.6600000000000001
11
2.5628960236220473
21
2.6594239370078738
0
LINE
8
BLACK
6
CONTINUOUS
10
2.5628960236220473
20
2.6594239370078738
11
2.5624551181102362
21
2.658359527559055
0
LINE
8
BLACK
6
CONTINUOUS
10
2.5624551181102362
20
2.658359527559055
11
2.5616404724409447
21
2.6575448818897636
0
LINE
8
BLACK
6
CONTINUOUS
10
2.5616404724409447
20
2.6575448818897636
11
2.5605760629921259
21
2.6571039763779525
0
LINE
8
BLACK
6
CONTINUOUS
10
2.5605760629921259
20
2.6571039763779525
11
2.5600000000000001
21
2.6570472440944881
0
LINE
8
BLACK
6
CONTINUOUS
10
2.5600000000000001
20
2.6570472440944881
11
2.3599999999999999
21
2.6570472440944881
0
LINE
8
BLACK
6
CONTINUOUS
10
2.3599999999999999
20
2.6570472440944881
11
2.359423937007874
21
2.6571039763779525
0
LINE
8
BLACK
6
CONTINUOUS
10
2.359423937007874
20
2.6571039763779525
11
2.3583595275590552
21
2.6575448818897636
0
LINE
8
BLACK
6
CONTINUOUS
10
2.3583595275590552
20
2.6575448818897636
11
2.3575448818897637
21
2.658359527559055
0
LINE
8
BLACK
6
CONTINUOUS
10
2.3575448818897637
20
2.658359527559055
11
2.3571039763779527
21
2.6594239370078738
0
LINE
8
BLACK
6
CONTINUOUS
10
2.3571039763779527
20
2.6594239370078738
11
2.3570472440944883
21
2.6600000000000001
0
LINE
8
BLACK
6
CONTINUOUS
10
2.3570472440944883
20
2.6600000000000001
11
2.3570472440944883
21
3.3599999999999999
0
LINE
8
BLACK
6
CONTINUOUS
10
2.3570472440944883
20
3.3599999999999999
11
2.3571039763779527
21
3.3605760629921257
0
LINE
8
BLACK
6
CONTINUOUS
10
2.3571039763779527
20
3.3605760629921257
11
2.3575448818897637
21
3.361640472440945
0
LINE
8
BLACK
6
CONTINUOUS
10
2.3575448818897637
20
3.361640472440945
11
2.3583595275590552
21
3.362455118110236
0
LINE
8
BLACK
6
CONTINUOUS
10
2.3583595275590552
20
3.362455118110236
11
2.359423937007874
21
3.3628960236220471
0
LINE
8
BLACK
6
CONTINUOUS
10
2.359423937007874
20
3.3628960236220471
11
2.3599999999999999
21
3.3629527559055119
0
LINE
8
BLACK
6
CONTINUOUS
10
2.3599999999999999
20
3.3629527559055119
11
2.5600000000000001
21
3.3629527559055119
0
LINE
8
BLACK
6
CONTINUOUS
10
2.5600000000000001
20
3.3629527559055119
11
2.5605760629921259
21
3.3628960236220471
0
LINE
8
BLACK
6
CONTINUOUS
10
2.3629527559055119
20
3.3570472440944883
11
2.3629527559055119
21
2.6629527559055117
0
LINE
8
BLACK
6
CONTINUOUS
10
2.3629527559055119
20
2.6629527559055117
11
2.557047244094488
21
2.6629527559055117
0
LINE
8
BLACK
6
CONTINUOUS
10
2.557047244094488
20
2.6629527559055117
11
2.557047244094488
21
3.3570472440944883
0
LINE
8
BLACK
6
CONTINUOUS
10
2.557047244094488
20
3.3570472440944883
11
2.3629527559055119
21
3.3570472440944883
0
LINE
8
BLACK
6
CONTINUOUS
10
2.2998049606299213
20
2.8783178740157478
11
2.2999029133858269
21
2.8782773228346454
0
LINE
8
BLACK
6
CONTINUOUS
10
2.2999029133858269
20
2.8782773228346454
11
2.3000088188976378
21
2.8782697637795276
0
LINE
8
BLACK
6
CONTINUOUS
10
2.3000088188976378
20
2.8782697637795276
11
2.300549409448819
21
2.8780628740157481
0
LINE
8
BLACK
6
CONTINUOUS
10
2.300549409448819
20
2.8780628740157481
11
2.3061737007874017
21
2.8752507086614174
0
LINE
8
BLACK
6
CONTINUOUS
10
2.3061737007874017
20
2.8752507086614174
11
2.3064216929133856
21
2.8750946456692912
0
LINE
8
BLACK
6
CONTINUOUS
10
2.3064216929133856
20
2.8750946456692912
11
2.3064936614173228
21
2.8750648031496064
0
LINE
8
BLACK
6
CONTINUOUS
10
2.3064936614173228
20
2.8750648031496064
11
2.3065746062992125
21
2.8749983464566928
0
LINE
8
BLACK
6
CONTINUOUS
10
2.3065746062992125
20
2.8749983464566928
11
2.3066635826771651
21
2.8749423622047243
0
LINE
8
BLACK
6
CONTINUOUS
10
2.3066635826771651
20
2.8749423622047243
11
2.3067147244094488
21
2.8748833858267715
0
LINE
8
BLACK
6
CONTINUOUS
10
2.3067147244094488
20
2.8748833858267715
11
2.3069411023622046
21
2.8746975984251968
0
LINE
8
BLACK
6
CONTINUOUS
10
2.3069411023622046
20
2.8746975984251968
11
2.3097532677165353
21
2.8718854330708661
0
LINE
8
BLACK
6
CONTINUOUS
10
2.3097532677165353
20
2.8718854330708661
11
2.3099390944881888
21
2.8716590551181103
0
LINE
8
BLACK
6
CONTINUOUS
10
2.3099390944881888
20
2.8716590551181103
11
2.3099980314960629
21
2.8716079133858265
0
LINE
8
BLACK
6
CONTINUOUS
10
2.3099980314960629
20
2.8716079133858265
11
2.3100538976377951
21
2.8715191732283465
0
LINE
8
BLACK
6
CONTINUOUS
10
2.3100538976377951
20
2.8715191732283465
11
2.3101205118110237
21
2.8714379921259843
0
LINE
8
BLACK
6
CONTINUOUS
10
2.3101205118110237
20
2.8714379921259843
11
2.3101503543307085
21
2.8713658661417321
0
LINE
8
BLACK
6
CONTINUOUS
10
2.3101503543307085
20
2.8713658661417321
11
2.310306377952756
21
2.8711180314960627
0
LINE
8
BLACK
6
CONTINUOUS
10
2.310306377952756
20
2.8711180314960627
11
2.3131185039370079
21
2.86549374015748
0
LINE
8
BLACK
6
CONTINUOUS
10
2.3131185039370079
20
2.86549374015748
11
2.3133253937007874
21
2.8649531102362205
0
LINE
8
BLACK
6
CONTINUOUS
10
2.3133253937007874
20
2.8649531102362205
11
2.3133328740157482
21
2.8648473228346454
0
LINE
8
BLACK
6
CONTINUOUS
10
2.3133328740157482
20
2.8648473228346454
11
2.313373503937008
21
2.8647492913385828
0
LINE
8
BLACK
6
CONTINUOUS
10
2.313373503937008
20
2.8647492913385828
11
2.3134302362204724
21
2.8641732283464565
0
LINE
8
BLACK
6
CONTINUOUS
10
2.3134302362204724
20
2.8641732283464565
11
2.3134302362204724
21
2.8501124803149605
0
LINE
8
BLACK
6
CONTINUOUS
10
2.3134302362204724
20
2.8501124803149605
11
2.3134014960629923
21
2.8498209448818899
0
LINE
8
BLACK
6
CONTINUOUS
10
2.3134014960629923
20
2.8498209448818899
11
2.3134070472440946
21
2.8497431889763778
0
LINE
8
BLACK
6
CONTINUOUS
10
2.3134070472440946
20
2.8497431889763778
11
2.3133837795275589
21
2.8496409448818896
0
LINE
8
BLACK
6
CONTINUOUS
10
2.3133837795275589
20
2.8496409448818896
11
2.313373503937008
21
2.8495364173228346
0
LINE
8
BLACK
6
CONTINUOUS
10
2.313373503937008
20
2.8495364173228346
11
2.3133436220472441
21
2.8494643307086616
0
LINE
8
BLACK
6
CONTINUOUS
10
2.3133436220472441
20
2.8494643307086616
11
2.3132787007874014
21
2.8491787401574804
0
LINE
8
BLACK
6
CONTINUOUS
10
2.3132787007874014
20
2.8491787401574804
11
2.3104665748031494
21
2.8407423228346458
0
LINE
8
BLACK
6
CONTINUOUS
10
2.3104665748031494
20
2.8407423228346458
11
2.3102305905511811
21
2.8402137795275588
0
LINE
8
BLACK
6
CONTINUOUS
10
2.3102305905511811
20
2.8402137795275588
11
2.309475708661417
21
2.8393433858267714
0
LINE
8
BLACK
6
CONTINUOUS
10
2.309475708661417
20
2.8393433858267714
11
2.3084452755905511
21
2.838828188976378
0
LINE
8
BLACK
6
CONTINUOUS
10
2.3084452755905511
20
2.838828188976378
11
2.3072960629921258
21
2.838746496062992
0
LINE
8
BLACK
6
CONTINUOUS
10
2.3072960629921258
20
2.838746496062992
11
2.3062030708661418
21
2.8391108267716536
0
LINE
8
BLACK
6
CONTINUOUS
10
2.3062030708661418
20
2.8391108267716536
11
2.3053326771653544
21
2.8398657086614172
0
LINE
8
BLACK
6
CONTINUOUS
10
2.3053326771653544
20
2.8398657086614172
11
2.3048174803149606
21
2.8408961417322836
0
LINE
8
BLACK
6
CONTINUOUS
10
2.3048174803149606
20
2.8408961417322836
11
2.3047357874015746
21
2.8420453543307085
0
LINE
8
BLACK
6
CONTINUOUS
10
2.3047357874015746
20
2.8420453543307085
11
2.3048641338582678
21
2.8426098031496063
0
LINE
8
BLACK
6
CONTINUOUS
10
2.3048641338582678
20
2.8426098031496063
11
2.3075247244094488
21
2.8505916141732284
0
LINE
8
BLACK
6
CONTINUOUS
10
2.3075247244094488
20
2.8505916141732284
11
2.3075247244094488
21
2.8634762204724407
0
LINE
8
BLACK
6
CONTINUOUS
10
2.3075247244094488
20
2.8634762204724407
11
2.3052385826771653
21
2.8680484645669289
0
LINE
8
BLACK
6
CONTINUOUS
10
2.3052385826771653
20
2.8680484645669289
11
2.3031040551181103
21
2.8701829921259843
0
LINE
8
BLACK
6
CONTINUOUS
10
2.3031040551181103
20
2.8701829921259843
11
2.2985318503937009
21
2.872469094488189
0
LINE
8
BLACK
6
CONTINUOUS
10
2.2985318503937009
20
2.872469094488189
11
2.294301653543307
21
2.872469094488189
0
LINE
8
BLACK
6
CONTINUOUS
10
2.294301653543307
20
2.872469094488189
11
2.2897294094488188
21
2.8701829921259843
0
LINE
8
BLACK
6
CONTINUOUS
10
2.2897294094488188
20
2.8701829921259843
11
2.287594842519685
21
2.8680484251968505
0
LINE
8
BLACK
6
CONTINUOUS
10
2.287594842519685
20
2.8680484251968505
11
2.2851419685039369
21
2.8631426771653543
0
LINE
8
BLACK
6
CONTINUOUS
10
2.2851419685039369
20
2.8631426771653543
11
2.2824084645669291
21
2.8522085039370078
0
LINE
8
BLACK
6
CONTINUOUS
10
2.2824084645669291
20
2.8522085039370078
11
2.2823932677165355
21
2.852166023622047
0
LINE
8
BLACK
6
CONTINUOUS
10
2.2823932677165355
20
2.852166023622047
11
2.2823917716535433
21
2.8521447244094489
0
LINE
8
BLACK
6
CONTINUOUS
10
2.2823917716535433
20
2.8521447244094489
11
2.2822999999999998
21
2.8519049999999999
0
LINE
8
BLACK
6
CONTINUOUS
10
2.2822999999999998
20
2.8519049999999999
11
2.2822137007874015
21
2.8516633858267717
0
LINE
8
BLACK
6
CONTINUOUS
10
2.2822137007874015
20
2.8516633858267717
11
2.2822009842519684
21
2.8516462598425196
0
LINE
8
BLACK
6
CONTINUOUS
10
2.2822009842519684
20
2.8516462598425196
11
2.2821848818897639
21
2.8516041338582676
0
LINE
8
BLACK
6
CONTINUOUS
10
2.2821848818897639
20
2.8516041338582676
11
2.2793727165354332
21
2.8459798425196849
0
LINE
8
BLACK
6
CONTINUOUS
10
2.2793727165354332
20
2.8459798425196849
11
2.2792166929133857
21
2.8457320472440943
0
LINE
8
BLACK
6
CONTINUOUS
10
2.2792166929133857
20
2.8457320472440943
11
2.2791868503937009
21
2.8456599212598426
0
LINE
8
BLACK
6
CONTINUOUS
10
2.2791868503937009
20
2.8456599212598426
11
2.2791201574803148
21
2.8455787401574804
0
LINE
8
BLACK
6
CONTINUOUS
10
2.2791201574803148
20
2.8455787401574804
11
2.2790643307086613
21
2.8454899606299211
0
LINE
8
BLACK
6
CONTINUOUS
10
2.2790643307086613
20
2.8454899606299211
11
2.279005433070866
21
2.8454389370078741
0
LINE
8
BLACK
6
CONTINUOUS
10
2.279005433070866
20
2.8454389370078741
11
2.2788196062992125
21
2.845212440944882
0
LINE
8
BLACK
6
CONTINUOUS
10
2.2788196062992125
20
2.845212440944882
11
2.2760074803149606
21
2.8424002755905513
0
LINE
8
BLACK
6
CONTINUOUS
10
2.2760074803149606
20
2.8424002755905513
11
2.2757811023622048
21
2.8422145275590549
0
LINE
8
BLACK
6
CONTINUOUS
10
2.2757811023622048
20
2.8422145275590549
11
2.2757299606299211
21
2.8421555118110238
0
LINE
8
BLACK
6
CONTINUOUS
10
2.2757299606299211
20
2.8421555118110238
11
2.2756409842519685
21
2.842099566929134
0
LINE
8
BLACK
6
CONTINUOUS
10
2.2756409842519685
20
2.842099566929134
11
2.2755600393700788
21
2.8420330708661417
0
LINE
8
BLACK
6
CONTINUOUS
10
2.2755600393700788
20
2.8420330708661417
11
2.2754880708661416
21
2.8420032677165352
0
LINE
8
BLACK
6
CONTINUOUS
10
2.2754880708661416
20
2.8420032677165352
11
2.2752400787401572
21
2.8418471653543307
0
LINE
8
BLACK
6
CONTINUOUS
10
2.2752400787401572
20
2.8418471653543307
11
2.2696157874015745
21
2.8390350393700787
0
LINE
8
BLACK
6
CONTINUOUS
10
2.2696157874015745
20
2.8390350393700787
11
2.269075157480315
21
2.8388281496062993
0
LINE
8
BLACK
6
CONTINUOUS
10
2.269075157480315
20
2.8388281496062993
11
2.2689693307086616
21
2.8388206692913385
0
LINE
8
BLACK
6
CONTINUOUS
10
2.2689693307086616
20
2.8388206692913385
11
2.2688713385826773
21
2.8387800393700786
0
LINE
8
BLACK
6
CONTINUOUS
10
2.2688713385826773
20
2.8387800393700786
11
2.268295275590551
21
2.8387233070866142
0
LINE
8
BLACK
6
CONTINUOUS
10
2.268295275590551
20
2.8387233070866142
11
2.2626709448818896
21
2.8387233070866142
0
LINE
8
BLACK
6
CONTINUOUS
10
2.2626709448818896
20
2.8387233070866142
11
2.2620948818897637
21
2.8387800393700786
0
LINE
8
BLACK
6
CONTINUOUS
10
2.2620948818897637
20
2.8387800393700786
11
2.2619968503937007
21
2.8388206692913385
0
LINE
8
BLACK
6
CONTINUOUS
10
2.2619968503937007
20
2.8388206692913385
11
2.2618910629921261
21
2.8388281496062993
0
LINE
8
BLACK
6
CONTINUOUS
10
2.2618910629921261
20
2.8388281496062993
11
2.261350433070866
21
2.8390350393700787
0
LINE
8
BLACK
6
CONTINUOUS
10
2.261350433070866
20
2.8390350393700787
11
2.2557261417322834
21
2.8418471653543307
0
LINE
8
BLACK
6
CONTINUOUS
10
2.2557261417322834
20
2.8418471653543307
11
2.2554781102362202
21
2.8420032677165352
0
LINE
8
BLACK
6
CONTINUOUS
10
2.2554781102362202
20
2.8420032677165352
11
2.2554061811023622
21
2.8420330708661417
0
LINE
8
BLACK
6
CONTINUOUS
10
2.2554061811023622
20
2.8420330708661417
11
2.2553251968503938
21
2.842099566929134
0
LINE
8
BLACK
6
CONTINUOUS
10
2.2553251968503938
20
2.842099566929134
11
2.2552362598425195
21
2.8421555118110238
0
LINE
8
BLACK
6
CONTINUOUS
10
2.2552362598425195
20
2.8421555118110238
11
2.2551850787401575
21
2.8422145275590549
0
LINE
8
BLACK
6
CONTINUOUS
10
2.2551850787401575
20
2.8422145275590549
11
2.2549587401574804
21
2.8424002755905513
0
LINE
8
BLACK
6
CONTINUOUS
10
2.2549587401574804
20
2.8424002755905513
11
2.2521466141732285
21
2.845212440944882
0
LINE
8
BLACK
6
CONTINUOUS
10
2.2521466141732285
20
2.845212440944882
11
2.2519608267716533
21
2.8454388188976378
0
LINE
8
BLACK
6
CONTINUOUS
10
2.2519608267716533
20
2.8454388188976378
11
2.2519018503937009
21
2.8454899606299211
0
LINE
8
BLACK
6
CONTINUOUS
10
2.2519018503937009
20
2.8454899606299211
11
2.2518458661417324
21
2.8455788976377954
0
LINE
8
BLACK
6
CONTINUOUS
10
2.2518458661417324
20
2.8455788976377954
11
2.2517793700787401
21
2.8456599212598426
0
LINE
8
BLACK
6
CONTINUOUS
10
2.2517793700787401
20
2.8456599212598426
11
2.2517495275590549
21
2.8457319685039368
0
LINE
8
BLACK
6
CONTINUOUS
10
2.2517495275590549
20
2.8457319685039368
11
2.2515935039370079
21
2.8459798425196849
0
LINE
8
BLACK
6
CONTINUOUS
10
2.2515935039370079
20
2.8459798425196849
11
2.2487813385826771
21
2.8516041338582676
0
LINE
8
BLACK
6
CONTINUOUS
10
2.2487813385826771
20
2.8516041338582676
11
2.2485744488188977
21
2.8521447244094489
0
LINE
8
BLACK
6
CONTINUOUS
10
2.2485744488188977
20
2.8521447244094489
11
2.2485668897637794
21
2.8522506299212598
0
LINE
8
BLACK
6
CONTINUOUS
10
2.2485668897637794
20
2.8522506299212598
11
2.248526338582677
21
2.8523485826771653
0
LINE
8
BLACK
6
CONTINUOUS
10
2.248526338582677
20
2.8523485826771653
11
2.2484696062992127
21
2.8529246456692912
0
LINE
8
BLACK
6
CONTINUOUS
10
2.2484696062992127
20
2.8529246456692912
11
2.2484696062992127
21
2.8669853937007872
0
LINE
8
BLACK
6
CONTINUOUS
10
2.2484696062992127
20
2.8669853937007872
11
2.248498307086614
21
2.867276968503937
0
LINE
8
BLACK
6
CONTINUOUS
10
2.248498307086614
20
2.867276968503937
11
2.2484927952755904
21
2.8673546850393699
0
LINE
8
BLACK
6
CONTINUOUS
10
2.2484927952755904
20
2.8673546850393699
11
2.2485160236220474
21
2.8674569685039368
0
LINE
8
BLACK
6
CONTINUOUS
10
2.2485160236220474
20
2.8674569685039368
11
2.248526338582677
21
2.8675614566929135
0
LINE
8
BLACK
6
CONTINUOUS
10
2.248526338582677
20
2.8675614566929135
11
2.2485561811023622
21
2.8676335826771653
0
LINE
8
BLACK
6
CONTINUOUS
10
2.2485561811023622
20
2.8676335826771653
11
2.2486211417322832
21
2.8679191338582677
0
LINE
8
BLACK
6
CONTINUOUS
10
2.2486211417322832
20
2.8679191338582677
11
2.2514333070866139
21
2.8763555905511811
0
LINE
8
BLACK
6
CONTINUOUS
10
2.2514333070866139
20
2.8763555905511811
11
2.2516692913385827
21
2.8768841338582676
0
LINE
8
BLACK
6
CONTINUOUS
10
2.2516692913385827
20
2.8768841338582676
11
2.2524241732283463
21
2.8777544881889763
0
LINE
8
BLACK
6
CONTINUOUS
10
2.2524241732283463
20
2.8777544881889763
11
2.2534546062992127
21
2.8782697244094488
0
LINE
8
BLACK
6
CONTINUOUS
10
2.2534546062992127
20
2.8782697244094488
11
2.2546038188976376
21
2.8783514173228344
0
LINE
8
BLACK
6
CONTINUOUS
10
2.2546038188976376
20
2.8783514173228344
11
2.2556968503937007
21
2.8779870866141732
0
LINE
8
BLACK
6
CONTINUOUS
10
2.2556968503937007
20
2.8779870866141732
11
2.2565672047244094
21
2.8772322047244092
0
LINE
8
BLACK
6
CONTINUOUS
10
2.2565672047244094
20
2.8772322047244092
11
2.2570824015748032
21
2.8762017322834645
0
LINE
8
BLACK
6
CONTINUOUS
10
2.2570824015748032
20
2.8762017322834645
11
2.2571640944881888
21
2.8750525196850392
0
LINE
8
BLACK
6
CONTINUOUS
10
2.2571640944881888
20
2.8750525196850392
11
2.257035748031496
21
2.8744880708661418
0
LINE
8
BLACK
6
CONTINUOUS
10
2.257035748031496
20
2.8744880708661418
11
2.2543751181102363
21
2.8665062598425197
0
LINE
8
BLACK
6
CONTINUOUS
10
2.2543751181102363
20
2.8665062598425197
11
2.2543751181102363
21
2.8536217322834645
0
LINE
8
BLACK
6
CONTINUOUS
10
2.2543751181102363
20
2.8536217322834645
11
2.2566612598425198
21
2.8490494488188975
0
LINE
8
BLACK
6
CONTINUOUS
10
2.2566612598425198
20
2.8490494488188975
11
2.258795748031496
21
2.8469149212598426
0
LINE
8
BLACK
6
CONTINUOUS
10
2.258795748031496
20
2.8469149212598426
11
2.2633679921259842
21
2.8446288188976379
0
LINE
8
BLACK
6
CONTINUOUS
10
2.2633679921259842
20
2.8446288188976379
11
2.2675982283464569
21
2.8446288188976379
0
LINE
8
BLACK
6
CONTINUOUS
10
2.2675982283464569
20
2.8446288188976379
11
2.2721704330708663
21
2.8469149212598426
0
LINE
8
BLACK
6
CONTINUOUS
10
2.2721704330708663
20
2.8469149212598426
11
2.2743049212598425
21
2.8490494488188975
0
LINE
8
BLACK
6
CONTINUOUS
10
2.2743049212598425
20
2.8490494488188975
11
2.2767578346456694
21
2.8539552362204725
0
LINE
8
BLACK
6
CONTINUOUS
10
2.2767578346456694
20
2.8539552362204725
11
2.2794913779527559
21
2.8648893700787399
0
LINE
8
BLACK
6
CONTINUOUS
10
2.2794913779527559
20
2.8648893700787399
11
2.2795065354330708
21
2.8649318897637794
0
LINE
8
BLACK
6
CONTINUOUS
10
2.2795065354330708
20
2.8649318897637794
11
2.2795080708661417
21
2.8649531496062992
0
LINE
8
BLACK
6
CONTINUOUS
10
2.2795080708661417
20
2.8649531496062992
11
2.2795998031496061
21
2.8651929133858265
0
LINE
8
BLACK
6
CONTINUOUS
10
2.2795998031496061
20
2.8651929133858265
11
2.2796861417322836
21
2.8654344881889764
0
LINE
8
BLACK
6
CONTINUOUS
10
2.2796861417322836
20
2.8654344881889764
11
2.2796988188976379
21
2.8654516535433072
0
LINE
8
BLACK
6
CONTINUOUS
10
2.2796988188976379
20
2.8654516535433072
11
2.2797149606299212
21
2.86549374015748
0
LINE
8
BLACK
6
CONTINUOUS
10
2.2797149606299212
20
2.86549374015748
11
2.2825271259842519
21
2.8711180314960627
0
LINE
8
BLACK
6
CONTINUOUS
10
2.2825271259842519
20
2.8711180314960627
11
2.2826831889763781
21
2.8713660629921258
0
LINE
8
BLACK
6
CONTINUOUS
10
2.2826831889763781
20
2.8713660629921258
11
2.2827130314960629
21
2.8714379921259843
0
LINE
8
BLACK
6
CONTINUOUS
10
2.2827130314960629
20
2.8714379921259843
11
2.2827794881889765
21
2.8715189763779527
0
LINE
8
BLACK
6
CONTINUOUS
10
2.2827794881889765
20
2.8715189763779527
11
2.282835472440945
21
2.8716079133858265
0
LINE
8
BLACK
6
CONTINUOUS
10
2.282835472440945
20
2.8716079133858265
11
2.2828944488188978
21
2.871659094488189
0
LINE
8
BLACK
6
CONTINUOUS
10
2.2828944488188978
20
2.871659094488189
11
2.2830802362204725
21
2.8718854330708661
0
LINE
8
BLACK
6
CONTINUOUS
10
2.2830802362204725
20
2.8718854330708661
11
2.2858924015748032
21
2.8746975984251968
0
LINE
8
BLACK
6
CONTINUOUS
10
2.2858924015748032
20
2.8746975984251968
11
2.2861188976377953
21
2.8748835433070865
0
LINE
8
BLACK
6
CONTINUOUS
10
2.2861188976377953
20
2.8748835433070865
11
2.2861699212598423
21
2.8749423228346456
0
LINE
8
BLACK
6
CONTINUOUS
10
2.2861699212598423
20
2.8749423228346456
11
2.2862585039370078
21
2.8749981102362203
0
LINE
8
BLACK
6
CONTINUOUS
10
2.2862585039370078
20
2.8749981102362203
11
2.286339842519685
21
2.8750648425196852
0
LINE
8
BLACK
6
CONTINUOUS
10
2.286339842519685
20
2.8750648425196852
11
2.2864120472440943
21
2.8750947637795274
0
LINE
8
BLACK
6
CONTINUOUS
10
2.2864120472440943
20
2.8750947637795274
11
2.2866598031496062
21
2.8752507086614174
0
LINE
8
BLACK
6
CONTINUOUS
10
2.2866598031496062
20
2.8752507086614174
11
2.2922840944881888
21
2.8780628740157481
0
LINE
8
BLACK
6
CONTINUOUS
10
2.2922840944881888
20
2.8780628740157481
11
2.2928246850393701
21
2.8782697637795276
0
LINE
8
BLACK
6
CONTINUOUS
10
2.2928246850393701
20
2.8782697637795276
11
2.2929305511811022
21
2.8782773228346454
0
LINE
8
BLACK
6
CONTINUOUS
10
2.2929305511811022
20
2.8782773228346454
11
2.2930285433070865
21
2.8783178740157478
0
LINE
8
BLACK
6
CONTINUOUS
10
2.2930285433070865
20
2.8783178740157478
11
2.2936046062992124
21
2.8783746062992126
0
LINE
8
BLACK
6
CONTINUOUS
10
2.2936046062992124
20
2.8783746062992126
11
2.299228897637795
21
2.8783746062992126
0
LINE
8
BLACK
6
CONTINUOUS
10
2.299228897637795
20
2.8783746062992126
11
2.2998049606299213
21
2.8783178740157478
0
LINE
8
BLACK
6
CONTINUOUS
10
2.9605760629921258
20
3.1928960236220472
11
2.9616404724409446
21
3.1924551181102361
0
LINE
8
BLACK
6
CONTINUOUS
10
2.9616404724409446
20
3.1924551181102361
11
2.9624551181102361
21
3.1916404724409446
0
LINE
8
BLACK
6
CONTINUOUS
10
2.9624551181102361
20
3.1916404724409446
11
2.9628960236220472
21
3.1905760629921258
0
LINE
8
BLACK
6
CONTINUOUS
10
2.9628960236220472
20
3.1905760629921258
11
2.9629527559055115
21
3.1899999999999999
0
LINE
8
BLACK
6
CONTINUOUS
10
2.9629527559055115
20
3.1899999999999999
11
2.9629527559055115
21
2.8900000000000001
0
LINE
8
BLACK
6
CONTINUOUS
10
2.9629527559055115
20
2.8900000000000001
11
2.9628960236220472
21
2.8894239370078738
0
LINE
8
BLACK
6
CONTINUOUS
10
2.9628960236220472
20
2.8894239370078738
11
2.9624551181102361
21
2.888359527559055
0
LINE
8
BLACK
6
CONTINUOUS
10
2.9624551181102361
20
2.888359527559055
11
2.9616404724409446
21
2.8875448818897635
0
LINE
8
BLACK
6
CONTINUOUS
10
2.9616404724409446
20
2.8875448818897635
11
2.9605760629921258
21
2.8871039763779529
0
LINE
8
BLACK
6
CONTINUOUS
10
2.9605760629921258
20
2.8871039763779529
11
2.96
21
2.8870472440944881
0
LINE
8
BLACK
6
CONTINUOUS
10
2.96
20
2.8870472440944881
11
2.7599999999999998
21
2.8870472440944881
0
LINE
8
BLACK
6
CONTINUOUS
10
2.7599999999999998
20
2.8870472440944881
11
2.7594239370078739
21
2.8871039763779529
0
LINE
8
BLACK
6
CONTINUOUS
10
2.7594239370078739
20
2.8871039763779529
11
2.7583595275590551
21
2.8875448818897635
0
LINE
8
BLACK
6
CONTINUOUS
10
2.7583595275590551
20
2.8875448818897635
11
2.7575448818897637
21
2.888359527559055
0
LINE
8
BLACK
6
CONTINUOUS
10
2.7575448818897637
20
2.888359527559055
11
2.7571039763779526
21
2.8894239370078738
0
LINE
8
BLACK
6
CONTINUOUS
10
2.7571039763779526
20
2.8894239370078738
11
2.7570472440944882
21
2.8900000000000001
0
LINE
8
BLACK
6
CONTINUOUS
10
2.7570472440944882
20
2.8900000000000001
11
2.7570472440944882
21
3.1899999999999999
0
LINE
8
BLACK
6
CONTINUOUS
10
2.7570472440944882
20
3.1899999999999999
11
2.7571039763779526
21
3.1905760629921258
0
LINE
8
BLACK
6
CONTINUOUS
10
2.7571039763779526
20
3.1905760629921258
11
2.7575448818897637
21
3.1916404724409446
0
LINE
8
BLACK
6
CONTINUOUS
10
2.7575448818897637
20
3.1916404724409446
11
2.7583595275590551
21
3.1924551181102361
0
LINE
8
BLACK
6
CONTINUOUS
10
2.7583595275590551
20
3.1924551181102361
11
2.7594239370078739
21
3.1928960236220472
0
LINE
8
BLACK
6
CONTINUOUS
10
2.7594239370078739
20
3.1928960236220472
11
2.7599999999999998
21
3.1929527559055115
0
LINE
8
BLACK
6
CONTINUOUS
10
2.7599999999999998
20
3.1929527559055115
11
2.96
21
3.1929527559055115
0
LINE
8
BLACK
6
CONTINUOUS
10
2.96
20
3.1929527559055115
11
2.9605760629921258
21
3.1928960236220472
0
LINE
8
BLACK
6
CONTINUOUS
10
2.7629527559055118
20
3.1870472440944879
11
2.7629527559055118
21
2.8929527559055117
0
LINE
8
BLACK
6
CONTINUOUS
10
2.7629527559055118
20
2.8929527559055117
11
2.9570472440944879
21
2.8929527559055117
0
LINE
8
BLACK
6
CONTINUOUS
10
2.9570472440944879
20
2.8929527559055117
11
2.9570472440944879
21
3.1870472440944879
0
LINE
8
BLACK
6
CONTINUOUS
10
2.9570472440944879
20
3.1870472440944879
11
2.7629527559055118
21
3.1870472440944879
0
LINE
8
BLACK
6
CONTINUOUS
10
2.2558750000000001
20
2.9059984645669292
11
2.2558751968503938
21
2.9059982677165355
0
LINE
8
BLACK
6
CONTINUOUS
10
2.2558751968503938
20
2.9059982677165355
11
2.2563224409448819
21
2.9056312204724408
0
LINE
8
BLACK
6
CONTINUOUS
10
2.2563224409448819
20
2.9056312204724408
11
2.2591345669291338
21
2.9028190551181101
0
LINE
8
BLACK
6
CONTINUOUS
10
2.2591345669291338
20
2.9028190551181101
11
2.2595018110236218
21
2.9023715748031496
0
LINE
8
BLACK
6
CONTINUOUS
10
2.2595018110236218
20
2.9023715748031496
11
2.2599426771653541
21
2.9013072047244095
0
LINE
8
BLACK
6
CONTINUOUS
10
2.2599426771653541
20
2.9013072047244095
11
2.2599426771653541
21
2.9013071653543308
0
LINE
8
BLACK
6
CONTINUOUS
10
2.2599426771653541
20
2.9013071653543308
11
2.2599426771653541
21
2.9001550787401573
0
LINE
8
BLACK
6
CONTINUOUS
10
2.2599426771653541
20
2.9001550787401573
11
2.259501771653543
21
2.8990906692913385
0
LINE
8
BLACK
6
CONTINUOUS
10
2.259501771653543
20
2.8990906692913385
11
2.2591345669291338
21
2.8986432283464567
0
LINE
8
BLACK
6
CONTINUOUS
10
2.2591345669291338
20
2.8986432283464567
11
2.2563224409448819
21
2.8958311023622048
0
LINE
8
BLACK
6
CONTINUOUS
10
2.2563224409448819
20
2.8958311023622048
11
2.2558750000000001
21
2.8954638976377951
0
LINE
8
BLACK
6
CONTINUOUS
10
2.2558750000000001
20
2.8954638976377951
11
2.2548105905511813
21
2.895022992125984
0
LINE
8
BLACK
6
CONTINUOUS
10
2.2548105905511813
20
2.895022992125984
11
2.2548105511811025
21
2.895022992125984
0
LINE
8
BLACK
6
CONTINUOUS
10
2.2548105511811025
20
2.895022992125984
11
2.2536585039370078
21
2.895022992125984
0
LINE
8
BLACK
6
CONTINUOUS
10
2.2536585039370078
20
2.895022992125984
11
2.252594094488189
21
2.8954638582677164
0
LINE
8
BLACK
6
CONTINUOUS
10
2.252594094488189
20
2.8954638582677164
11
2.2521466141732285
21
2.8958311023622048
0
LINE
8
BLACK
6
CONTINUOUS
10
2.2521466141732285
20
2.8958311023622048
11
2.2493344488188978
21
2.8986432283464567
0
LINE
8
BLACK
6
CONTINUOUS
10
2.2493344488188978
20
2.8986432283464567
11
2.2489672440944881
21
2.8990906692913385
0
LINE
8
BLACK
6
CONTINUOUS
10
2.2489672440944881
20
2.8990906692913385
11
2.248526338582677
21
2.9001550787401573
0
LINE
8
BLACK
6
CONTINUOUS
10
2.248526338582677
20
2.9001550787401573
11
2.248526338582677
21
2.9013071653543308
0
LINE
8
BLACK
6
CONTINUOUS
10
2.248526338582677
20
2.9013071653543308
11
2.2489672047244094
21
2.9023715748031496
0
LINE
8
BLACK
6
CONTINUOUS
10
2.2489672047244094
20
2.9023715748031496
11
2.2489672440944881
21
2.9023716141732283
0
LINE
8
BLACK
6
CONTINUOUS
10
2.2489672440944881
20
2.9023716141732283
11
2.2493344488188978
21
2.9028190551181101
0
LINE
8
BLACK
6
CONTINUOUS
10
2.2493344488188978
20
2.9028190551181101
11
2.2521466141732285
21
2.9056312204724408
0
LINE
8
BLACK
6
CONTINUOUS
10
2.2521466141732285
20
2.9056312204724408
11
2.2525940551181103
21
2.9059984645669292
0
LINE
8
BLACK
6
CONTINUOUS
10
2.2525940551181103
20
2.9059984645669292
11
2.2536585039370078
21
2.9064393307086616
0
LINE
8
BLACK
6
CONTINUOUS
10
2.2536585039370078
20
2.9064393307086616
11
2.2548105905511813
21
2.9064393307086616
0
LINE
8
BLACK
6
CONTINUOUS
10
2.2548105905511813
20
2.9064393307086616
11
2.2558750000000001
21
2.9059984645669292
0
LINE
8
BLACK
6
CONTINUOUS
10
2.3110535433070867
20
2.9036271653543309
11
2.3121179527559055
21
2.9031862598425198
0
LINE
8
BLACK
6
CONTINUOUS
10
2.3121179527559055
20
2.9031862598425198
11
2.3129325984251969
21
2.9023716141732283
0
LINE
8
BLACK
6
CONTINUOUS
10
2.3129325984251969
20
2.9023716141732283
11
2.313373503937008
21
2.9013072047244095
0
LINE
8
BLACK
6
CONTINUOUS
10
2.313373503937008
20
2.9013072047244095
11
2.313373503937008
21
2.9001550787401573
0
LINE
8
BLACK
6
CONTINUOUS
10
2.313373503937008
20
2.9001550787401573
11
2.3129325984251969
21
2.8990906692913385
0
LINE
8
BLACK
6
CONTINUOUS
10
2.3129325984251969
20
2.8990906692913385
11
2.3121179527559055
21
2.8982760236220471
0
LINE
8
BLACK
6
CONTINUOUS
10
2.3121179527559055
20
2.8982760236220471
11
2.3110535433070867
21
2.897835118110236
0
LINE
8
BLACK
6
CONTINUOUS
10
2.3110535433070867
20
2.897835118110236
11
2.3104774803149604
21
2.8977783858267716
0
LINE
8
BLACK
6
CONTINUOUS
10
2.3104774803149604
20
2.8977783858267716
11
2.271107401574803
21
2.8977783858267716
0
LINE
8
BLACK
6
CONTINUOUS
10
2.271107401574803
20
2.8977783858267716
11
2.2705313385826771
21
2.897835118110236
0
LINE
8
BLACK
6
CONTINUOUS
10
2.2705313385826771
20
2.897835118110236
11
2.2694669291338583
21
2.8982760236220471
0
LINE
8
BLACK
6
CONTINUOUS
10
2.2694669291338583
20
2.8982760236220471
11
2.2686522834645668
21
2.8990906692913385
0
LINE
8
BLACK
6
CONTINUOUS
10
2.2686522834645668
20
2.8990906692913385
11
2.2682113779527557
21
2.9001550787401573
0
LINE
8
BLACK
6
CONTINUOUS
10
2.2682113779527557
20
2.9001550787401573
11
2.2682113779527557
21
2.9013072047244095
0
LINE
8
BLACK
6
CONTINUOUS
10
2.2682113779527557
20
2.9013072047244095
11
2.2686522834645668
21
2.9023716141732283
0
LINE
8
BLACK
6
CONTINUOUS
10
2.2686522834645668
20
2.9023716141732283
11
2.2694669291338583
21
2.9031862598425198
0
LINE
8
BLACK
6
CONTINUOUS
10
2.2694669291338583
20
2.9031862598425198
11
2.2705313385826771
21
2.9036271653543309
0
LINE
8
BLACK
6
CONTINUOUS
10
2.2705313385826771
20
2.9036271653543309
11
2.271107401574803
21
2.9036838976377952
0
LINE
8
BLACK
6
CONTINUOUS
10
2.271107401574803
20
2.9036838976377952
11
2.3104774803149604
21
2.9036838976377952
0
LINE
8
BLACK
6
CONTINUOUS
10
2.3104774803149604
20
2.9036838976377952
11
2.3110535433070867
21
2.9036271653543309
0
LINE
8
BLACK
6
CONTINUOUS
10
1.6985417716535434
20
3.3095080708661415
11
1.6998201968503936
21
3.3082296456692912
0
LINE
8
BLACK
6
CONTINUOUS
10
1.6998201968503936
20
3.3082296456692912
11
1.7
21
3.3073256692913384
0
LINE
8
BLACK
6
CONTINUOUS
10
1.7
20
3.3073256692913384
11
1.7
21
2.9435461417322832
0
LINE
8
BLACK
6
CONTINUOUS
10
1.7
20
2.9435461417322832
11
1.6998201968503936
21
2.9426421653543304
0
LINE
8
BLACK
6
CONTINUOUS
10
1.6998201968503936
20
2.9426421653543304
11
1.6985417716535434
21
2.9413637401574801
0
LINE
8
BLACK
6
CONTINUOUS
10
1.6985417716535434
20
2.9413637401574801
11
1.6976377952755906
21
2.9411839370078741
0
LINE
8
BLACK
6
CONTINUOUS
10
1.6976377952755906
20
2.9411839370078741
11
1.4654938976377951
21
2.9411839370078741
0
LINE
8
BLACK
6
CONTINUOUS
10
1.4654938976377951
20
2.9411839370078741
11
1.4655124803149606
21
2.9411746456692911
0
LINE
8
BLACK
6
CONTINUOUS
10
1.4655124803149606
20
2.9411746456692911
11
1.4657604724409448
21
2.9410185826771653
0
LINE
8
BLACK
6
CONTINUOUS
10
1.4657604724409448
20
2.9410185826771653
11
1.465832440944882
21
2.9409887401574801
0
LINE
8
BLACK
6
CONTINUOUS
10
1.465832440944882
20
2.9409887401574801
11
1.4659133858267717
21
2.940922283464567
0
LINE
8
BLACK
6
CONTINUOUS
10
1.4659133858267717
20
2.940922283464567
11
1.4660023622047245
21
2.9408662992125985
0
LINE
8
BLACK
6
CONTINUOUS
10
1.4660023622047245
20
2.9408662992125985
11
1.466053503937008
21
2.9408073228346456
0
LINE
8
BLACK
6
CONTINUOUS
10
1.466053503937008
20
2.9408073228346456
11
1.4662798818897638
21
2.9406215354330709
0
LINE
8
BLACK
6
CONTINUOUS
10
1.4662798818897638
20
2.9406215354330709
11
1.4681546456692913
21
2.9387467716535434
0
LINE
8
BLACK
6
CONTINUOUS
10
1.4681546456692913
20
2.9387467716535434
11
1.4683403937007873
21
2.9385204330708659
0
LINE
8
BLACK
6
CONTINUOUS
10
1.4683403937007873
20
2.9385204330708659
11
1.4683994094488189
21
2.9384692519685038
0
LINE
8
BLACK
6
CONTINUOUS
10
1.4683994094488189
20
2.9384692519685038
11
1.4684553543307086
21
2.93838031496063
0
LINE
8
BLACK
6
CONTINUOUS
10
1.4684553543307086
20
2.93838031496063
11
1.4685218503937008
21
2.9382993307086616
0
LINE
8
BLACK
6
CONTINUOUS
10
1.4685218503937008
20
2.9382993307086616
11
1.468551653543307
21
2.9382274015748031
0
LINE
8
BLACK
6
CONTINUOUS
10
1.468551653543307
20
2.9382274015748031
11
1.4687077559055117
21
2.93797937007874
0
LINE
8
BLACK
6
CONTINUOUS
10
1.4687077559055117
20
2.93797937007874
11
1.4705825196850393
21
2.9342298425196849
0
LINE
8
BLACK
6
CONTINUOUS
10
1.4705825196850393
20
2.9342298425196849
11
1.470789409448819
21
2.9336892519685041
0
LINE
8
BLACK
6
CONTINUOUS
10
1.470789409448819
20
2.9336892519685041
11
1.4707969291338583
21
2.9335833858267715
0
LINE
8
BLACK
6
CONTINUOUS
10
1.4707969291338583
20
2.9335833858267715
11
1.4708375196850394
21
2.9334853937007872
0
LINE
8
BLACK
6
CONTINUOUS
10
1.4708375196850394
20
2.9334853937007872
11
1.470894251968504
21
2.9329093307086613
0
LINE
8
BLACK
6
CONTINUOUS
10
1.470894251968504
20
2.9329093307086613
11
1.470894251968504
21
2.9235355118110236
0
LINE
8
BLACK
6
CONTINUOUS
10
1.470894251968504
20
2.9235355118110236
11
1.4708375196850394
21
2.9229594488188977
0
LINE
8
BLACK
6
CONTINUOUS
10
1.4708375196850394
20
2.9229594488188977
11
1.4707969291338583
21
2.9228614960629922
0
LINE
8
BLACK
6
CONTINUOUS
10
1.4707969291338583
20
2.9228614960629922
11
1.470789409448819
21
2.9227555905511808
0
LINE
8
BLACK
6
CONTINUOUS
10
1.470789409448819
20
2.9227555905511808
11
1.4705825196850393
21
2.922215
0
LINE
8
BLACK
6
CONTINUOUS
10
1.4705825196850393
20
2.922215
11
1.4687077559055117
21
2.9184654724409449
0
LINE
8
BLACK
6
CONTINUOUS
10
1.4687077559055117
20
2.9184654724409449
11
1.4685516929133857
21
2.9182175984251968
0
LINE
8
BLACK
6
CONTINUOUS
10
1.4685516929133857
20
2.9182175984251968
11
1.4685218897637795
21
2.9181455511811021
0
LINE
8
BLACK
6
CONTINUOUS
10
1.4685218897637795
20
2.9181455511811021
11
1.4684553543307086
21
2.9180645275590549
0
LINE
8
BLACK
6
CONTINUOUS
10
1.4684553543307086
20
2.9180645275590549
11
1.4683994094488189
21
2.9179755905511811
0
LINE
8
BLACK
6
CONTINUOUS
10
1.4683994094488189
20
2.9179755905511811
11
1.4683403937007873
21
2.9179244488188978
0
LINE
8
BLACK
6
CONTINUOUS
10
1.4683403937007873
20
2.9179244488188978
11
1.4681546456692913
21
2.9176980708661415
0
LINE
8
BLACK
6
CONTINUOUS
10
1.4681546456692913
20
2.9176980708661415
11
1.4662799212598425
21
2.915823307086614
0
LINE
8
BLACK
6
CONTINUOUS
10
1.4662799212598425
20
2.915823307086614
11
1.4660535433070865
21
2.915637559055118
0
LINE
8
BLACK
6
CONTINUOUS
10
1.4660535433070865
20
2.915637559055118
11
1.4660023622047245
21
2.9155785039370077
0
LINE
8
BLACK
6
CONTINUOUS
10
1.4660023622047245
20
2.9155785039370077
11
1.4659133858267717
21
2.9155225196850392
0
LINE
8
BLACK
6
CONTINUOUS
10
1.4659133858267717
20
2.9155225196850392
11
1.465832440944882
21
2.915456062992126
0
LINE
8
BLACK
6
CONTINUOUS
10
1.465832440944882
20
2.915456062992126
11
1.4657604724409448
21
2.9154262598425196
0
LINE
8
BLACK
6
CONTINUOUS
10
1.4657604724409448
20
2.9154262598425196
11
1.4655124803149606
21
2.915270157480315
0
LINE
8
BLACK
6
CONTINUOUS
10
1.4655124803149606
20
2.915270157480315
11
1.4617629527559055
21
2.9133953937007875
0
LINE
8
BLACK
6
CONTINUOUS
10
1.4617629527559055
20
2.9133953937007875
11
1.4612223228346457
21
2.913188503937008
0
LINE
8
BLACK
6
CONTINUOUS
10
1.4612223228346457
20
2.913188503937008
11
1.4611164960629921
21
2.9131810236220472
0
LINE
8
BLACK
6
CONTINUOUS
10
1.4611164960629921
20
2.9131810236220472
11
1.4610185039370078
21
2.9131403937007874
0
LINE
8
BLACK
6
CONTINUOUS
10
1.4610185039370078
20
2.9131403937007874
11
1.460442440944882
21
2.9130836614173226
0
LINE
8
BLACK
6
CONTINUOUS
10
1.460442440944882
20
2.9130836614173226
11
1.4491938582677164
21
2.9130836614173226
0
LINE
8
BLACK
6
CONTINUOUS
10
1.4491938582677164
20
2.9130836614173226
11
1.4486177952755905
21
2.9131403937007874
0
LINE
8
BLACK
6
CONTINUOUS
10
1.4486177952755905
20
2.9131403937007874
11
1.4485198031496063
21
2.9131809842519685
0
LINE
8
BLACK
6
CONTINUOUS
10
1.4485198031496063
20
2.9131809842519685
11
1.4484139370078739
21
2.913188503937008
0
LINE
8
BLACK
6
CONTINUOUS
10
1.4484139370078739
20
2.913188503937008
11
1.4478733464566929
21
2.9133953937007875
0
LINE
8
BLACK
6
CONTINUOUS
10
1.4478733464566929
20
2.9133953937007875
11
1.4441238188976377
21
2.915270157480315
0
LINE
8
BLACK
6
CONTINUOUS
10
1.4441238188976377
20
2.915270157480315
11
1.4438757874015749
21
2.9154262598425196
0
LINE
8
BLACK
6
CONTINUOUS
10
1.4438757874015749
20
2.9154262598425196
11
1.4438038582677164
21
2.915456062992126
0
LINE
8
BLACK
6
CONTINUOUS
10
1.4438038582677164
20
2.915456062992126
11
1.4437228740157479
21
2.9155225196850392
0
LINE
8
BLACK
6
CONTINUOUS
10
1.4437228740157479
20
2.9155225196850392
11
1.4436339370078739
21
2.9155785039370077
0
LINE
8
BLACK
6
CONTINUOUS
10
1.4436339370078739
20
2.9155785039370077
11
1.4435827165354331
21
2.915637559055118
0
LINE
8
BLACK
6
CONTINUOUS
10
1.4435827165354331
20
2.915637559055118
11
1.4433563779527558
21
2.915823307086614
0
LINE
8
BLACK
6
CONTINUOUS
10
1.4433563779527558
20
2.915823307086614
11
1.4414816141732283
21
2.9176981102362203
0
LINE
8
BLACK
6
CONTINUOUS
10
1.4414816141732283
20
2.9176981102362203
11
1.4411144094488189
21
2.9181455511811021
0
LINE
8
BLACK
6
CONTINUOUS
10
1.4411144094488189
20
2.9181455511811021
11
1.4406735433070865
21
2.9192099606299213
0
LINE
8
BLACK
6
CONTINUOUS
10
1.4406735433070865
20
2.9192099606299213
11
1.4406735433070865
21
2.9203620472440943
0
LINE
8
BLACK
6
CONTINUOUS
10
1.4406735433070865
20
2.9203620472440943
11
1.4411144488188976
21
2.9214264566929131
0
LINE
8
BLACK
6
CONTINUOUS
10
1.4411144488188976
20
2.9214264566929131
11
1.4419291338582676
21
2.9222411417322833
0
LINE
8
BLACK
6
CONTINUOUS
10
1.4419291338582676
20
2.9222411417322833
11
1.4429935433070866
21
2.9226820078740157
0
LINE
8
BLACK
6
CONTINUOUS
10
1.4429935433070866
20
2.9226820078740157
11
1.4441456299212598
21
2.9226820078740157
0
LINE
8
BLACK
6
CONTINUOUS
10
1.4441456299212598
20
2.9226820078740157
11
1.4452100393700786
21
2.9222411023622046
0
LINE
8
BLACK
6
CONTINUOUS
10
1.4452100393700786
20
2.9222411023622046
11
1.4456575196850394
21
2.9218738582677166
0
LINE
8
BLACK
6
CONTINUOUS
10
1.4456575196850394
20
2.9218738582677166
11
1.4471934251968503
21
2.9203379133858265
0
LINE
8
BLACK
6
CONTINUOUS
10
1.4471934251968503
20
2.9203379133858265
11
1.449890905511811
21
2.9189891732283466
0
LINE
8
BLACK
6
CONTINUOUS
10
1.449890905511811
20
2.9189891732283466
11
1.4597453937007874
21
2.9189891732283466
0
LINE
8
BLACK
6
CONTINUOUS
10
1.4597453937007874
20
2.9189891732283466
11
1.4624428346456693
21
2.9203379133858265
0
LINE
8
BLACK
6
CONTINUOUS
10
1.4624428346456693
20
2.9203379133858265
11
1.4636399606299213
21
2.9215350787401575
0
LINE
8
BLACK
6
CONTINUOUS
10
1.4636399606299213
20
2.9215350787401575
11
1.4649887401574804
21
2.9242325590551181
0
LINE
8
BLACK
6
CONTINUOUS
10
1.4649887401574804
20
2.9242325590551181
11
1.4649887401574804
21
2.9322122834645667
0
LINE
8
BLACK
6
CONTINUOUS
10
1.4649887401574804
20
2.9322122834645667
11
1.4636400000000001
21
2.9349097637795274
0
LINE
8
BLACK
6
CONTINUOUS
10
1.4636400000000001
20
2.9349097637795274
11
1.462442874015748
21
2.9361068897637796
0
LINE
8
BLACK
6
CONTINUOUS
10
1.462442874015748
20
2.9361068897637796
11
1.4597453937007874
21
2.93745562992126
0
LINE
8
BLACK
6
CONTINUOUS
10
1.4597453937007874
20
2.93745562992126
11
1.4548181496062991
21
2.93745562992126
0
LINE
8
BLACK
6
CONTINUOUS
10
1.4548181496062991
20
2.93745562992126
11
1.4545134645669291
21
2.9374856692913385
0
LINE
8
BLACK
6
CONTINUOUS
10
1.4545134645669291
20
2.9374856692913385
11
1.4544360236220473
21
2.9374804724409449
0
LINE
8
BLACK
6
CONTINUOUS
10
1.4544360236220473
20
2.9374804724409449
11
1.4543826377952755
21
2.9374985433070866
0
LINE
8
BLACK
6
CONTINUOUS
10
1.4543826377952755
20
2.9374985433070866
11
1.4542420866141732
21
2.9375123622047243
0
LINE
8
BLACK
6
CONTINUOUS
10
1.4542420866141732
20
2.9375123622047243
11
1.4537988582677166
21
2.9376959842519685
0
LINE
8
BLACK
6
CONTINUOUS
10
1.4537988582677166
20
2.9376959842519685
11
1.4533446456692913
21
2.9378495669291338
0
LINE
8
BLACK
6
CONTINUOUS
10
1.4533446456692913
20
2.9378495669291338
11
1.4532696456692913
21
2.9379151574803148
0
LINE
8
BLACK
6
CONTINUOUS
10
1.4532696456692913
20
2.9379151574803148
11
1.4531776771653544
21
2.9379532677165354
0
LINE
8
BLACK
6
CONTINUOUS
10
1.4531776771653544
20
2.9379532677165354
11
1.4528386614173228
21
2.9382922834645671
0
LINE
8
BLACK
6
CONTINUOUS
10
1.4528386614173228
20
2.9382922834645671
11
1.452477559055118
21
2.9386082283464567
0
LINE
8
BLACK
6
CONTINUOUS
10
1.452477559055118
20
2.9386082283464567
11
1.452433346456693
21
2.9386975984251968
0
LINE
8
BLACK
6
CONTINUOUS
10
1.452433346456693
20
2.9386975984251968
11
1.4523630314960629
21
2.9387679133858269
0
LINE
8
BLACK
6
CONTINUOUS
10
1.4523630314960629
20
2.9387679133858269
11
1.452179527559055
21
2.9392108661417322
0
LINE
8
BLACK
6
CONTINUOUS
10
1.452179527559055
20
2.9392108661417322
11
1.4519668503937007
21
2.9396409842519686
0
LINE
8
BLACK
6
CONTINUOUS
10
1.4519668503937007
20
2.9396409842519686
11
1.4519601968503937
21
2.9397403543307088
0
LINE
8
BLACK
6
CONTINUOUS
10
1.4519601968503937
20
2.9397403543307088
11
1.4519221259842519
21
2.9398323228346457
0
LINE
8
BLACK
6
CONTINUOUS
10
1.4519221259842519
20
2.9398323228346457
11
1.4519221259842519
21
2.9403120472440945
0
LINE
8
BLACK
6
CONTINUOUS
10
1.4519221259842519
20
2.9403120472440945
11
1.4518902362204724
21
2.9407905118110236
0
LINE
8
BLACK
6
CONTINUOUS
10
1.4518902362204724
20
2.9407905118110236
11
1.4519221259842519
21
2.9408848425196852
0
LINE
8
BLACK
6
CONTINUOUS
10
1.4519221259842519
20
2.9408848425196852
11
1.4519221259842519
21
2.9409844488188974
0
LINE
8
BLACK
6
CONTINUOUS
10
1.4519221259842519
20
2.9409844488188974
11
1.4520047637795275
21
2.9411839370078741
0
LINE
8
BLACK
6
CONTINUOUS
10
1.4520047637795275
20
2.9411839370078741
11
1.4331718897637795
21
2.9411839370078741
0
LINE
8
BLACK
6
CONTINUOUS
10
1.4331718897637795
20
2.9411839370078741
11
1.4330872047244094
21
2.9409626377952756
0
LINE
8
BLACK
6
CONTINUOUS
10
1.4330872047244094
20
2.9409626377952756
11
1.4312124409448819
21
2.9372131102362204
0
LINE
8
BLACK
6
CONTINUOUS
10
1.4312124409448819
20
2.9372131102362204
11
1.4310563385826771
21
2.9369651181102361
0
LINE
8
BLACK
6
CONTINUOUS
10
1.4310563385826771
20
2.9369651181102361
11
1.4310265354330709
21
2.9368931496062993
0
LINE
8
BLACK
6
CONTINUOUS
10
1.4310265354330709
20
2.9368931496062993
11
1.4309600393700788
21
2.9368122047244092
0
LINE
8
BLACK
6
CONTINUOUS
10
1.4309600393700788
20
2.9368122047244092
11
1.430904094488189
21
2.9367232283464566
0
LINE
8
BLACK
6
CONTINUOUS
10
1.430904094488189
20
2.9367232283464566
11
1.4308450787401574
21
2.9366720866141733
0
LINE
8
BLACK
6
CONTINUOUS
10
1.4308450787401574
20
2.9366720866141733
11
1.4306593307086615
21
2.9364457086614171
0
LINE
8
BLACK
6
CONTINUOUS
10
1.4306593307086615
20
2.9364457086614171
11
1.4287845669291339
21
2.9345709448818895
0
LINE
8
BLACK
6
CONTINUOUS
10
1.4287845669291339
20
2.9345709448818895
11
1.4285581889763779
21
2.9343851968503936
0
LINE
8
BLACK
6
CONTINUOUS
10
1.4285581889763779
20
2.9343851968503936
11
1.4285070472440944
21
2.934326181102362
0
LINE
8
BLACK
6
CONTINUOUS
10
1.4285070472440944
20
2.934326181102362
11
1.4284180708661418
21
2.9342702362204722
0
LINE
8
BLACK
6
CONTINUOUS
10
1.4284180708661418
20
2.9342702362204722
11
1.4283371259842519
21
2.9342037401574803
0
LINE
8
BLACK
6
CONTINUOUS
10
1.4283371259842519
20
2.9342037401574803
11
1.4282651574803149
21
2.9341739370078739
0
LINE
8
BLACK
6
CONTINUOUS
10
1.4282651574803149
20
2.9341739370078739
11
1.4280171653543308
21
2.9340178346456693
0
LINE
8
BLACK
6
CONTINUOUS
10
1.4280171653543308
20
2.9340178346456693
11
1.4242676377952757
21
2.9321430708661418
0
LINE
8
BLACK
6
CONTINUOUS
10
1.4242676377952757
20
2.9321430708661418
11
1.4237270078740156
21
2.9319361811023623
0
LINE
8
BLACK
6
CONTINUOUS
10
1.4237270078740156
20
2.9319361811023623
11
1.4236211811023622
21
2.9319287007874015
0
LINE
8
BLACK
6
CONTINUOUS
10
1.4236211811023622
20
2.9319287007874015
11
1.423523188976378
21
2.9318880708661417
0
LINE
8
BLACK
6
CONTINUOUS
10
1.423523188976378
20
2.9318880708661417
11
1.4229910236220471
21
2.9318356692913383
0
LINE
8
BLACK
6
CONTINUOUS
10
1.4229910236220471
20
2.9318356692913383
11
1.4328651968503936
21
2.9177296850393701
0
LINE
8
BLACK
6
CONTINUOUS
10
1.4328651968503936
20
2.9177296850393701
11
1.4331490551181103
21
2.9172252362204723
0
LINE
8
BLACK
6
CONTINUOUS
10
1.4331490551181103
20
2.9172252362204723
11
1.4333982283464566
21
2.9161003937007872
0
LINE
8
BLACK
6
CONTINUOUS
10
1.4333982283464566
20
2.9161003937007872
11
1.4331980314960631
21
2.9149658267716534
0
LINE
8
BLACK
6
CONTINUOUS
10
1.4331980314960631
20
2.9149658267716534
11
1.4325788582677166
21
2.913994251968504
0
LINE
8
BLACK
6
CONTINUOUS
10
1.4325788582677166
20
2.913994251968504
11
1.431635
21
2.9133335433070866
0
LINE
8
BLACK
6
CONTINUOUS
10
1.431635
20
2.9133335433070866
11
1.430510157480315
21
2.9130843307086614
0
LINE
8
BLACK
6
CONTINUOUS
10
1.430510157480315
20
2.9130843307086614
11
1.4293756299212599
21
2.9132845669291338
0
LINE
8
BLACK
6
CONTINUOUS
10
1.4293756299212599
20
2.9132845669291338
11
1.4284040157480316
21
2.9139037401574801
0
LINE
8
BLACK
6
CONTINUOUS
10
1.4284040157480316
20
2.9139037401574801
11
1.4280272047244094
21
2.9143431102362203
0
LINE
8
BLACK
6
CONTINUOUS
10
1.4280272047244094
20
2.9143431102362203
11
1.4157854724409449
21
2.9318313385826773
0
LINE
8
BLACK
6
CONTINUOUS
10
1.4157854724409449
20
2.9318313385826773
11
1.4109017716535432
21
2.9318313385826773
0
LINE
8
BLACK
6
CONTINUOUS
10
1.4109017716535432
20
2.9318313385826773
11
1.4109017716535432
21
2.9160364173228346
0
LINE
8
BLACK
6
CONTINUOUS
10
1.4109017716535432
20
2.9160364173228346
11
1.4108450393700787
21
2.9154603543307087
0
LINE
8
BLACK
6
CONTINUOUS
10
1.4108450393700787
20
2.9154603543307087
11
1.4104041338582678
21
2.9143959448818899
0
LINE
8
BLACK
6
CONTINUOUS
10
1.4104041338582678
20
2.9143959448818899
11
1.4095894881889763
21
2.9135812992125985
0
LINE
8
BLACK
6
CONTINUOUS
10
1.4095894881889763
20
2.9135812992125985
11
1.4085250787401575
21
2.9131403937007874
0
LINE
8
BLACK
6
CONTINUOUS
10
1.4085250787401575
20
2.9131403937007874
11
1.4073729527559056
21
2.9131403937007874
0
LINE
8
BLACK
6
CONTINUOUS
10
1.4073729527559056
20
2.9131403937007874
11
1.4063085433070865
21
2.9135812992125985
0
LINE
8
BLACK
6
CONTINUOUS
10
1.4063085433070865
20
2.9135812992125985
11
1.4054938976377953
21
2.9143959448818899
0
LINE
8
BLACK
6
CONTINUOUS
10
1.4054938976377953
20
2.9143959448818899
11
1.4050529921259842
21
2.9154603543307087
0
LINE
8
BLACK
6
CONTINUOUS
10
1.4050529921259842
20
2.9154603543307087
11
1.4049962598425196
21
2.9160364173228346
0
LINE
8
BLACK
6
CONTINUOUS
10
1.4049962598425196
20
2.9160364173228346
11
1.4049962598425196
21
2.9411839370078741
0
LINE
8
BLACK
6
CONTINUOUS
10
1.4049962598425196
20
2.9411839370078741
11
1.1763779527559055
21
2.9411839370078741
0
LINE
8
BLACK
6
CONTINUOUS
10
1.1763779527559055
20
2.9411839370078741
11
1.1754739763779527
21
2.9413637401574801
0
LINE
8
BLACK
6
CONTINUOUS
10
1.1754739763779527
20
2.9413637401574801
11
1.1741955511811024
21
2.9426421653543304
0
LINE
8
BLACK
6
CONTINUOUS
10
1.1741955511811024
20
2.9426421653543304
11
1.1740157480314961
21
2.9435461417322832
0
LINE
8
BLACK
6
CONTINUOUS
10
1.1740157480314961
20
2.9435461417322832
11
1.1740157480314961
21
3.3073256692913384
0
LINE
8
BLACK
6
CONTINUOUS
10
1.1740157480314961
20
3.3073256692913384
11
1.1741955511811024
21
3.3082296456692912
0
LINE
8
BLACK
6
CONTINUOUS
10
1.1741955511811024
20
3.3082296456692912
11
1.1754739763779527
21
3.3095080708661415
0
LINE
8
BLACK
6
CONTINUOUS
10
1.1754739763779527
20
3.3095080708661415
11
1.1763779527559055
21
3.309687874015748
0
LINE
8
BLACK
6
CONTINUOUS
10
1.1763779527559055
20
3.309687874015748
11
1.6976377952755906
21
3.309687874015748
0
LINE
8
BLACK
6
CONTINUOUS
10
1.6976377952755906
20
3.309687874015748
11
1.6985417716535434
21
3.3095080708661415
0
LINE
8
BLACK
6
CONTINUOUS
10
1.4109017716535432
20
2.9411839370078741
11
1.4109017716535432
21
2.9377368503937009
0
LINE
8
BLACK
6
CONTINUOUS
10
1.4109017716535432
20
2.9377368503937009
11
1.4222500787401575
21
2.9377368503937009
0
LINE
8
BLACK
6
CONTINUOUS
10
1.4222500787401575
20
2.9377368503937009
11
1.4249475590551182
21
2.9390855905511812
0
LINE
8
BLACK
6
CONTINUOUS
10
1.4249475590551182
20
2.9390855905511812
11
1.42614468503937
21
2.940282716535433
0
LINE
8
BLACK
6
CONTINUOUS
10
1.42614468503937
20
2.940282716535433
11
1.4265953149606299
21
2.9411839370078741
0
LINE
8
BLACK
6
CONTINUOUS
10
1.4265953149606299
20
2.9411839370078741
11
1.4109017716535432
21
2.9411839370078741
0
LINE
8
BLACK
6
CONTINUOUS
10
1.1787401574803149
20
3.3049634645669292
11
1.1787401574803149
21
2.9459083464566929
0
LINE
8
BLACK
6
CONTINUOUS
10
1.1787401574803149
20
2.9459083464566929
11
1.2181102362204723
21
2.9459083464566929
0
LINE
8
BLACK
6
CONTINUOUS
10
1.2181102362204723
20
2.9459083464566929
11
1.2181102362204723
21
3.3049634645669292
0
LINE
8
BLACK
6
CONTINUOUS
10
1.2181102362204723
20
3.3049634645669292
11
1.1787401574803149
21
3.3049634645669292
0
LINE
8
BLACK
6
CONTINUOUS
10
1.2228346456692913
20
3.3049634645669292
11
1.2228346456692913
21
2.9459083464566929
0
LINE
8
BLACK
6
CONTINUOUS
10
1.2228346456692913
20
2.9459083464566929
11
1.4049962598425196
21
2.9459083464566929
0
LINE
8
BLACK
6
CONTINUOUS
10
1.4049962598425196
20
2.9459083464566929
11
1.4049962598425196
21
2.955406496062992
0
LINE
8
BLACK
6
CONTINUOUS
10
1.4049962598425196
20
2.955406496062992
11
1.4050529921259842
21
2.9559825590551179
0
LINE
8
BLACK
6
CONTINUOUS
10
1.4050529921259842
20
2.9559825590551179
11
1.4054938976377953
21
2.9570469685039371
0
LINE
8
BLACK
6
CONTINUOUS
10
1.4054938976377953
20
2.9570469685039371
11
1.4063085433070865
21
2.9578616141732281
0
LINE
8
BLACK
6
CONTINUOUS
10
1.4063085433070865
20
2.9578616141732281
11
1.4073729527559056
21
2.9583025196850392
0
LINE
8
BLACK
6
CONTINUOUS
10
1.4073729527559056
20
2.9583025196850392
11
1.4079490157480314
21
2.958359251968504
0
LINE
8
BLACK
6
CONTINUOUS
10
1.4079490157480314
20
2.958359251968504
11
1.4229471259842519
21
2.958359251968504
0
LINE
8
BLACK
6
CONTINUOUS
10
1.4229471259842519
20
2.958359251968504
11
1.423523188976378
21
2.9583025196850392
0
LINE
8
BLACK
6
CONTINUOUS
10
1.423523188976378
20
2.9583025196850392
11
1.4236211811023622
21
2.9582619291338581
0
LINE
8
BLACK
6
CONTINUOUS
10
1.4236211811023622
20
2.9582619291338581
11
1.4237270078740156
21
2.958254409448819
0
LINE
8
BLACK
6
CONTINUOUS
10
1.4237270078740156
20
2.958254409448819
11
1.4242676377952757
21
2.9580475196850391
0
LINE
8
BLACK
6
CONTINUOUS
10
1.4242676377952757
20
2.9580475196850391
11
1.4280171653543308
21
2.9561727559055115
0
LINE
8
BLACK
6
CONTINUOUS
10
1.4280171653543308
20
2.9561727559055115
11
1.4282651574803149
21
2.9560166929133858
0
LINE
8
BLACK
6
CONTINUOUS
10
1.4282651574803149
20
2.9560166929133858
11
1.4283371259842519
21
2.9559868503937006
0
LINE
8
BLACK
6
CONTINUOUS
10
1.4283371259842519
20
2.9559868503937006
11
1.4284180708661418
21
2.9559203937007874
0
LINE
8
BLACK
6
CONTINUOUS
10
1.4284180708661418
20
2.9559203937007874
11
1.4285070472440944
21
2.9558644094488189
0
LINE
8
BLACK
6
CONTINUOUS
10
1.4285070472440944
20
2.9558644094488189
11
1.4285581889763779
21
2.9558054330708661
0
LINE
8
BLACK
6
CONTINUOUS
10
1.4285581889763779
20
2.9558054330708661
11
1.4287845669291339
21
2.9556196456692914
0
LINE
8
BLACK
6
CONTINUOUS
10
1.4287845669291339
20
2.9556196456692914
11
1.4306593307086615
21
2.9537448818897638
0
LINE
8
BLACK
6
CONTINUOUS
10
1.4306593307086615
20
2.9537448818897638
11
1.4308450787401574
21
2.9535185433070867
0
LINE
8
BLACK
6
CONTINUOUS
10
1.4308450787401574
20
2.9535185433070867
11
1.430904094488189
21
2.9534673622047243
0
LINE
8
BLACK
6
CONTINUOUS
10
1.430904094488189
20
2.9534673622047243
11
1.4309600393700788
21
2.9533784251968505
0
LINE
8
BLACK
6
CONTINUOUS
10
1.4309600393700788
20
2.9533784251968505
11
1.4310265354330709
21
2.953297440944882
0
LINE
8
BLACK
6
CONTINUOUS
10
1.4310265354330709
20
2.953297440944882
11
1.4310563385826771
21
2.9532255118110236
0
LINE
8
BLACK
6
CONTINUOUS
10
1.4310563385826771
20
2.9532255118110236
11
1.4312124409448819
21
2.9529774803149604
0
LINE
8
BLACK
6
CONTINUOUS
10
1.4312124409448819
20
2.9529774803149604
11
1.4330872047244094
21
2.9492279527559053
0
LINE
8
BLACK
6
CONTINUOUS
10
1.4330872047244094
20
2.9492279527559053
11
1.4332940944881889
21
2.9486873622047245
0
LINE
8
BLACK
6
CONTINUOUS
10
1.4332940944881889
20
2.9486873622047245
11
1.4333016141732282
21
2.9485814960629919
0
LINE
8
BLACK
6
CONTINUOUS
10
1.4333016141732282
20
2.9485814960629919
11
1.4333422047244093
21
2.9484835039370076
0
LINE
8
BLACK
6
CONTINUOUS
10
1.4333422047244093
20
2.9484835039370076
11
1.4333989370078739
21
2.9479074409448818
0
LINE
8
BLACK
6
CONTINUOUS
10
1.4333989370078739
20
2.9479074409448818
11
1.4333989370078739
21
2.9459083464566929
0
LINE
8
BLACK
6
CONTINUOUS
10
1.4333989370078739
20
2.9459083464566929
11
1.4557070866141733
21
2.9459083464566929
0
LINE
8
BLACK
6
CONTINUOUS
10
1.4557070866141733
20
2.9459083464566929
11
1.4614343307086615
21
2.9524537401574804
0
LINE
8
BLACK
6
CONTINUOUS
10
1.4614343307086615
20
2.9524537401574804
11
1.4435695669291337
21
2.9524537401574804
0
LINE
8
BLACK
6
CONTINUOUS
10
1.4435695669291337
20
2.9524537401574804
11
1.4429935039370079
21
2.9525104724409448
0
LINE
8
BLACK
6
CONTINUOUS
10
1.4429935039370079
20
2.9525104724409448
11
1.4419290944881888
21
2.9529513779527559
0
LINE
8
BLACK
6
CONTINUOUS
10
1.4419290944881888
20
2.9529513779527559
11
1.4411144488188976
21
2.9537660236220473
0
LINE
8
BLACK
6
CONTINUOUS
10
1.4411144488188976
20
2.9537660236220473
11
1.4406735433070865
21
2.9548304330708661
0
LINE
8
BLACK
6
CONTINUOUS
10
1.4406735433070865
20
2.9548304330708661
11
1.4406735433070865
21
2.9559825590551179
0
LINE
8
BLACK
6
CONTINUOUS
10
1.4406735433070865
20
2.9559825590551179
11
1.4411144488188976
21
2.9570469685039371
0
LINE
8
BLACK
6
CONTINUOUS
10
1.4411144488188976
20
2.9570469685039371
11
1.4419290944881888
21
2.9578616141732281
0
LINE
8
BLACK
6
CONTINUOUS
10
1.4419290944881888
20
2.9578616141732281
11
1.4429935039370079
21
2.9583025196850392
0
LINE
8
BLACK
6
CONTINUOUS
10
1.4429935039370079
20
2.9583025196850392
11
1.4435695669291337
21
2.958359251968504
0
LINE
8
BLACK
6
CONTINUOUS
10
1.4435695669291337
20
2.958359251968504
11
1.4679414960629922
21
2.958359251968504
0
LINE
8
BLACK
6
CONTINUOUS
10
1.4679414960629922
20
2.958359251968504
11
1.4682461417322834
21
2.9583292519685038
0
LINE
8
BLACK
6
CONTINUOUS
10
1.4682461417322834
20
2.9583292519685038
11
1.468323622047244
21
2.9583344094488186
0
LINE
8
BLACK
6
CONTINUOUS
10
1.468323622047244
20
2.9583344094488186
11
1.468376968503937
21
2.9583163779527557
0
LINE
8
BLACK
6
CONTINUOUS
10
1.468376968503937
20
2.9583163779527557
11
1.468517559055118
21
2.9583025196850392
0
LINE
8
BLACK
6
CONTINUOUS
10
1.468517559055118
20
2.9583025196850392
11
1.4689607480314961
21
2.9581189370078738
0
LINE
8
BLACK
6
CONTINUOUS
10
1.4689607480314961
20
2.9581189370078738
11
1.4694149999999999
21
2.9579653149606298
0
LINE
8
BLACK
6
CONTINUOUS
10
1.4694149999999999
20
2.9579653149606298
11
1.4694899606299212
21
2.9578997637795275
0
LINE
8
BLACK
6
CONTINUOUS
10
1.4694899606299212
20
2.9578997637795275
11
1.4695819685039371
21
2.9578616141732281
0
LINE
8
BLACK
6
CONTINUOUS
10
1.4695819685039371
20
2.9578616141732281
11
1.4699209448818897
21
2.9575226377952757
0
LINE
8
BLACK
6
CONTINUOUS
10
1.4699209448818897
20
2.9575226377952757
11
1.4702820866141733
21
2.9572066535433068
0
LINE
8
BLACK
6
CONTINUOUS
10
1.4702820866141733
20
2.9572066535433068
11
1.4703262598425197
21
2.9571173228346455
0
LINE
8
BLACK
6
CONTINUOUS
10
1.4703262598425197
20
2.9571173228346455
11
1.4703966141732283
21
2.9570469685039371
0
LINE
8
BLACK
6
CONTINUOUS
10
1.4703966141732283
20
2.9570469685039371
11
1.4705800787401575
21
2.9566040551181101
0
LINE
8
BLACK
6
CONTINUOUS
10
1.4705800787401575
20
2.9566040551181101
11
1.4707927952755906
21
2.9561738976377954
0
LINE
8
BLACK
6
CONTINUOUS
10
1.4707927952755906
20
2.9561738976377954
11
1.4707994094488188
21
2.956074566929134
0
LINE
8
BLACK
6
CONTINUOUS
10
1.4707994094488188
20
2.956074566929134
11
1.4708375196850394
21
2.9559825590551179
0
LINE
8
BLACK
6
CONTINUOUS
10
1.4708375196850394
20
2.9559825590551179
11
1.4708375196850394
21
2.9555028740157478
0
LINE
8
BLACK
6
CONTINUOUS
10
1.4708375196850394
20
2.9555028740157478
11
1.4708694094488188
21
2.95502437007874
0
LINE
8
BLACK
6
CONTINUOUS
10
1.4708694094488188
20
2.95502437007874
11
1.4708375196850394
21
2.9549300787401576
0
LINE
8
BLACK
6
CONTINUOUS
10
1.4708375196850394
20
2.9549300787401576
11
1.4708375196850394
21
2.9548304330708661
0
LINE
8
BLACK
6
CONTINUOUS
10
1.4708375196850394
20
2.9548304330708661
11
1.4706538976377952
21
2.9543872440944883
0
LINE
8
BLACK
6
CONTINUOUS
10
1.4706538976377952
20
2.9543872440944883
11
1.4705003149606299
21
2.953932992125984
0
LINE
8
BLACK
6
CONTINUOUS
10
1.4705003149606299
20
2.953932992125984
11
1.4704181889763779
21
2.953818149606299
0
LINE
8
BLACK
6
CONTINUOUS
10
1.4704181889763779
20
2.953818149606299
11
1.4703966141732283
21
2.9537660236220473
0
LINE
8
BLACK
6
CONTINUOUS
10
1.4703966141732283
20
2.9537660236220473
11
1.4703416535433071
21
2.9537111023622047
0
LINE
8
BLACK
6
CONTINUOUS
10
1.4703416535433071
20
2.9537111023622047
11
1.4701636614173228
21
2.9534620866141732
0
LINE
8
BLACK
6
CONTINUOUS
10
1.4701636614173228
20
2.9534620866141732
11
1.4635541338582676
21
2.9459083464566929
0
LINE
8
BLACK
6
CONTINUOUS
10
1.4635541338582676
20
2.9459083464566929
11
1.6511811023622047
21
2.9459083464566929
0
LINE
8
BLACK
6
CONTINUOUS
10
1.6511811023622047
20
2.9459083464566929
11
1.6511811023622047
21
3.3049634645669292
0
LINE
8
BLACK
6
CONTINUOUS
10
1.6511811023622047
20
3.3049634645669292
11
1.2228346456692913
21
3.3049634645669292
0
LINE
8
BLACK
6
CONTINUOUS
10
1.4109017716535432
20
2.9459083464566929
11
1.4274934251968503
21
2.9459083464566929
0
LINE
8
BLACK
6
CONTINUOUS
10
1.4274934251968503
20
2.9459083464566929
11
1.4274934251968503
21
2.9472103937007872
0
LINE
8
BLACK
6
CONTINUOUS
10
1.4274934251968503
20
2.9472103937007872
11
1.42614468503937
21
2.9499078740157478
0
LINE
8
BLACK
6
CONTINUOUS
10
1.42614468503937
20
2.9499078740157478
11
1.4249475590551182
21
2.9511050000000001
0
LINE
8
BLACK
6
CONTINUOUS
10
1.4249475590551182
20
2.9511050000000001
11
1.4222500787401575
21
2.9524537401574804
0
LINE
8
BLACK
6
CONTINUOUS
10
1.4222500787401575
20
2.9524537401574804
11
1.4109017716535432
21
2.9524537401574804
0
LINE
8
BLACK
6
CONTINUOUS
10
1.4109017716535432
20
2.9524537401574804
11
1.4109017716535432
21
2.9459083464566929
0
LINE
8
BLACK
6
CONTINUOUS
10
1.6559055118110235
20
3.3049634645669292
11
1.6559055118110235
21
2.9459083464566929
0
LINE
8
BLACK
6
CONTINUOUS
10
1.6559055118110235
20
2.9459083464566929
11
1.6952755905511812
21
2.9459083464566929
0
LINE
8
BLACK
6
CONTINUOUS
10
1.6952755905511812
20
2.9459083464566929
11
1.6952755905511812
21
3.3049634645669292
0
LINE
8
BLACK
6
CONTINUOUS
10
1.6952755905511812
20
3.3049634645669292
11
1.6559055118110235
21
3.3049634645669292
0
LINE
8
BLACK
6
CONTINUOUS
10
2.3194900000000001
20
2.9570579921259843
11
2.3195879921259843
21
2.9570174015748032
0
LINE
8
BLACK
6
CONTINUOUS
10
2.3195879921259843
20
2.9570174015748032
11
2.3196938188976377
21
2.9570098818897637
0
LINE
8
BLACK
6
CONTINUOUS
10
2.3196938188976377
20
2.9570098818897637
11
2.3202344488188977
21
2.9568029921259842
0
LINE
8
BLACK
6
CONTINUOUS
10
2.3202344488188977
20
2.9568029921259842
11
2.3258587401574804
21
2.9539908661417322
0
LINE
8
BLACK
6
CONTINUOUS
10
2.3258587401574804
20
2.9539908661417322
11
2.3261067322834643
21
2.9538348031496064
0
LINE
8
BLACK
6
CONTINUOUS
10
2.3261067322834643
20
2.9538348031496064
11
2.3261787007874015
21
2.9538049606299213
0
LINE
8
BLACK
6
CONTINUOUS
10
2.3261787007874015
20
2.9538049606299213
11
2.3262596456692912
21
2.9537385039370077
0
LINE
8
BLACK
6
CONTINUOUS
10
2.3262596456692912
20
2.9537385039370077
11
2.3263486220472442
21
2.9536825196850391
0
LINE
8
BLACK
6
CONTINUOUS
10
2.3263486220472442
20
2.9536825196850391
11
2.3263997637795275
21
2.9536235433070868
0
LINE
8
BLACK
6
CONTINUOUS
10
2.3263997637795275
20
2.9536235433070868
11
2.3266261417322833
21
2.9534377559055116
0
LINE
8
BLACK
6
CONTINUOUS
10
2.3266261417322833
20
2.9534377559055116
11
2.329438307086614
21
2.9506255905511809
0
LINE
8
BLACK
6
CONTINUOUS
10
2.329438307086614
20
2.9506255905511809
11
2.3296241338582675
21
2.9503992125984251
0
LINE
8
BLACK
6
CONTINUOUS
10
2.3296241338582675
20
2.9503992125984251
11
2.3296830708661416
21
2.9503480708661418
0
LINE
8
BLACK
6
CONTINUOUS
10
2.3296830708661416
20
2.9503480708661418
11
2.3297389370078738
21
2.9502593307086613
0
LINE
8
BLACK
6
CONTINUOUS
10
2.3297389370078738
20
2.9502593307086613
11
2.3298055511811024
21
2.9501781496062991
0
LINE
8
BLACK
6
CONTINUOUS
10
2.3298055511811024
20
2.9501781496062991
11
2.3298353937007872
21
2.9501060236220473
0
LINE
8
BLACK
6
CONTINUOUS
10
2.3298353937007872
20
2.9501060236220473
11
2.3299914173228347
21
2.949858188976378
0
LINE
8
BLACK
6
CONTINUOUS
10
2.3299914173228347
20
2.949858188976378
11
2.3328035433070866
21
2.9442338976377953
0
LINE
8
BLACK
6
CONTINUOUS
10
2.3328035433070866
20
2.9442338976377953
11
2.3330104330708661
21
2.9436932677165353
0
LINE
8
BLACK
6
CONTINUOUS
10
2.3330104330708661
20
2.9436932677165353
11
2.3330179133858269
21
2.9435874803149606
0
LINE
8
BLACK
6
CONTINUOUS
10
2.3330179133858269
20
2.9435874803149606
11
2.3330585433070867
21
2.9434894488188976
0
LINE
8
BLACK
6
CONTINUOUS
10
2.3330585433070867
20
2.9434894488188976
11
2.3331152755905511
21
2.9429133858267718
0
LINE
8
BLACK
6
CONTINUOUS
10
2.3331152755905511
20
2.9429133858267718
11
2.3331152755905511
21
2.9344769291338584
0
LINE
8
BLACK
6
CONTINUOUS
10
2.3331152755905511
20
2.9344769291338584
11
2.3330585433070867
21
2.9339008661417321
0
LINE
8
BLACK
6
CONTINUOUS
10
2.3330585433070867
20
2.9339008661417321
11
2.3330179133858269
21
2.9338028740157478
0
LINE
8
BLACK
6
CONTINUOUS
10
2.3330179133858269
20
2.9338028740157478
11
2.3330104330708661
21
2.9336970472440944
0
LINE
8
BLACK
6
CONTINUOUS
10
2.3330104330708661
20
2.9336970472440944
11
2.3328035433070866
21
2.9331564173228344
0
LINE
8
BLACK
6
CONTINUOUS
10
2.3328035433070866
20
2.9331564173228344
11
2.3299914173228347
21
2.9275321259842517
0
LINE
8
BLACK
6
CONTINUOUS
10
2.3299914173228347
20
2.9275321259842517
11
2.3296830708661416
21
2.9270422440944883
0
LINE
8
BLACK
6
CONTINUOUS
10
2.3296830708661416
20
2.9270422440944883
11
2.3288126771653541
21
2.926287401574803
0
LINE
8
BLACK
6
CONTINUOUS
10
2.3288126771653541
20
2.926287401574803
11
2.327719724409449
21
2.9259230708661415
0
LINE
8
BLACK
6
CONTINUOUS
10
2.327719724409449
20
2.9259230708661415
11
2.3265705118110236
21
2.9260047244094487
0
LINE
8
BLACK
6
CONTINUOUS
10
2.3265705118110236
20
2.9260047244094487
11
2.3255400000000002
21
2.9265199606299213
0
LINE
8
BLACK
6
CONTINUOUS
10
2.3255400000000002
20
2.9265199606299213
11
2.3247851574803149
21
2.9273903543307087
0
LINE
8
BLACK
6
CONTINUOUS
10
2.3247851574803149
20
2.9273903543307087
11
2.3244208267716533
21
2.9284833070866143
0
LINE
8
BLACK
6
CONTINUOUS
10
2.3244208267716533
20
2.9284833070866143
11
2.3245024803149605
21
2.9296325196850392
0
LINE
8
BLACK
6
CONTINUOUS
10
2.3245024803149605
20
2.9296325196850392
11
2.32470937007874
21
2.9301731496062993
0
LINE
8
BLACK
6
CONTINUOUS
10
2.32470937007874
20
2.9301731496062993
11
2.3272097637795275
21
2.9351739763779525
0
LINE
8
BLACK
6
CONTINUOUS
10
2.3272097637795275
20
2.9351739763779525
11
2.3272097637795275
21
2.9422163779527559
0
LINE
8
BLACK
6
CONTINUOUS
10
2.3272097637795275
20
2.9422163779527559
11
2.324923622047244
21
2.9467886220472441
0
LINE
8
BLACK
6
CONTINUOUS
10
2.324923622047244
20
2.9467886220472441
11
2.3227891338582678
21
2.9489231102362203
0
LINE
8
BLACK
6
CONTINUOUS
10
2.3227891338582678
20
2.9489231102362203
11
2.3182168897637796
21
2.9512092125984251
0
LINE
8
BLACK
6
CONTINUOUS
10
2.3182168897637796
20
2.9512092125984251
11
2.3124429921259844
21
2.9512092125984251
0
LINE
8
BLACK
6
CONTINUOUS
10
2.3124429921259844
20
2.9512092125984251
11
2.3131185039370079
21
2.949858188976378
0
LINE
8
BLACK
6
CONTINUOUS
10
2.3131185039370079
20
2.949858188976378
11
2.3133253937007874
21
2.9493175590551179
0
LINE
8
BLACK
6
CONTINUOUS
10
2.3133253937007874
20
2.9493175590551179
11
2.3133328740157482
21
2.9492117716535433
0
LINE
8
BLACK
6
CONTINUOUS
10
2.3133328740157482
20
2.9492117716535433
11
2.313373503937008
21
2.9491137401574803
0
LINE
8
BLACK
6
CONTINUOUS
10
2.313373503937008
20
2.9491137401574803
11
2.3134302362204724
21
2.9485376771653544
0
LINE
8
BLACK
6
CONTINUOUS
10
2.3134302362204724
20
2.9485376771653544
11
2.3134302362204724
21
2.9372890944881891
0
LINE
8
BLACK
6
CONTINUOUS
10
2.3134302362204724
20
2.9372890944881891
11
2.313373503937008
21
2.9367130314960628
0
LINE
8
BLACK
6
CONTINUOUS
10
2.313373503937008
20
2.9367130314960628
11
2.3133328740157482
21
2.9366150393700785
0
LINE
8
BLACK
6
CONTINUOUS
10
2.3133328740157482
20
2.9366150393700785
11
2.3133253937007874
21
2.9365092125984251
0
LINE
8
BLACK
6
CONTINUOUS
10
2.3133253937007874
20
2.9365092125984251
11
2.3131185039370079
21
2.9359685826771651
0
LINE
8
BLACK
6
CONTINUOUS
10
2.3131185039370079
20
2.9359685826771651
11
2.310306377952756
21
2.9303442913385824
0
LINE
8
BLACK
6
CONTINUOUS
10
2.310306377952756
20
2.9303442913385824
11
2.3101503543307085
21
2.9300964960629923
0
LINE
8
BLACK
6
CONTINUOUS
10
2.3101503543307085
20
2.9300964960629923
11
2.3101205118110237
21
2.9300243307086613
0
LINE
8
BLACK
6
CONTINUOUS
10
2.3101205118110237
20
2.9300243307086613
11
2.3100538976377951
21
2.9299431889763778
0
LINE
8
BLACK
6
CONTINUOUS
10
2.3100538976377951
20
2.9299431889763778
11
2.3099980314960629
21
2.929854409448819
0
LINE
8
BLACK
6
CONTINUOUS
10
2.3099980314960629
20
2.929854409448819
11
2.3099390944881888
21
2.9298033070866141
0
LINE
8
BLACK
6
CONTINUOUS
10
2.3099390944881888
20
2.9298033070866141
11
2.3097532677165353
21
2.9295768897637795
0
LINE
8
BLACK
6
CONTINUOUS
10
2.3097532677165353
20
2.9295768897637795
11
2.3069411023622046
21
2.9267647244094488
0
LINE
8
BLACK
6
CONTINUOUS
10
2.3069411023622046
20
2.9267647244094488
11
2.3067147244094488
21
2.9265789763779528
0
LINE
8
BLACK
6
CONTINUOUS
10
2.3067147244094488
20
2.9265789763779528
11
2.3066635826771651
21
2.9265199606299213
0
LINE
8
BLACK
6
CONTINUOUS
10
2.3066635826771651
20
2.9265199606299213
11
2.3065746062992125
21
2.9264640157480315
0
LINE
8
BLACK
6
CONTINUOUS
10
2.3065746062992125
20
2.9264640157480315
11
2.3064936614173228
21
2.9263975196850391
0
LINE
8
BLACK
6
CONTINUOUS
10
2.3064936614173228
20
2.9263975196850391
11
2.3064216929133856
21
2.9263677165354331
0
LINE
8
BLACK
6
CONTINUOUS
10
2.3064216929133856
20
2.9263677165354331
11
2.3061737007874017
21
2.9262116141732282
0
LINE
8
BLACK
6
CONTINUOUS
10
2.3061737007874017
20
2.9262116141732282
11
2.300549409448819
21
2.9233994881889762
0
LINE
8
BLACK
6
CONTINUOUS
10
2.300549409448819
20
2.9233994881889762
11
2.300008779527559
21
2.9231925984251967
0
LINE
8
BLACK
6
CONTINUOUS
10
2.300008779527559
20
2.9231925984251967
11
2.2999029527559056
21
2.923185118110236
0
LINE
8
BLACK
6
CONTINUOUS
10
2.2999029527559056
20
2.923185118110236
11
2.2998049606299213
21
2.9231444881889761
0
LINE
8
BLACK
6
CONTINUOUS
10
2.2998049606299213
20
2.9231444881889761
11
2.299228897637795
21
2.9230877559055117
0
LINE
8
BLACK
6
CONTINUOUS
10
2.299228897637795
20
2.9230877559055117
11
2.2823559842519683
21
2.9230877559055117
0
LINE
8
BLACK
6
CONTINUOUS
10
2.2823559842519683
20
2.9230877559055117
11
2.2817799212598424
21
2.9231444881889761
0
LINE
8
BLACK
6
CONTINUOUS
10
2.2817799212598424
20
2.9231444881889761
11
2.2816818897637794
21
2.923185118110236
0
LINE
8
BLACK
6
CONTINUOUS
10
2.2816818897637794
20
2.923185118110236
11
2.2815761023622048
21
2.9231925984251967
0
LINE
8
BLACK
6
CONTINUOUS
10
2.2815761023622048
20
2.9231925984251967
11
2.2810354724409447
21
2.9233994881889762
0
LINE
8
BLACK
6
CONTINUOUS
10
2.2810354724409447
20
2.9233994881889762
11
2.2754111811023621
21
2.9262116141732282
0
LINE
8
BLACK
6
CONTINUOUS
10
2.2754111811023621
20
2.9262116141732282
11
2.275163149606299
21
2.9263677165354331
0
LINE
8
BLACK
6
CONTINUOUS
10
2.275163149606299
20
2.9263677165354331
11
2.2750912204724409
21
2.9263975196850391
0
LINE
8
BLACK
6
CONTINUOUS
10
2.2750912204724409
20
2.9263975196850391
11
2.2750102362204725
21
2.9264640157480315
0
LINE
8
BLACK
6
CONTINUOUS
10
2.2750102362204725
20
2.9264640157480315
11
2.2749212992125982
21
2.9265199606299213
0
LINE
8
BLACK
6
CONTINUOUS
10
2.2749212992125982
20
2.9265199606299213
11
2.2748701181102362
21
2.9265789763779528
0
LINE
8
BLACK
6
CONTINUOUS
10
2.2748701181102362
20
2.9265789763779528
11
2.2746437795275591
21
2.9267647244094488
0
LINE
8
BLACK
6
CONTINUOUS
10
2.2746437795275591
20
2.9267647244094488
11
2.2718316535433072
21
2.9295768897637795
0
LINE
8
BLACK
6
CONTINUOUS
10
2.2718316535433072
20
2.9295768897637795
11
2.271645866141732
21
2.9298032677165353
0
LINE
8
BLACK
6
CONTINUOUS
10
2.271645866141732
20
2.9298032677165353
11
2.2715868897637796
21
2.929854409448819
0
LINE
8
BLACK
6
CONTINUOUS
10
2.2715868897637796
20
2.929854409448819
11
2.2715309055118111
21
2.9299433464566929
0
LINE
8
BLACK
6
CONTINUOUS
10
2.2715309055118111
20
2.9299433464566929
11
2.2714644094488188
21
2.9300243700787401
0
LINE
8
BLACK
6
CONTINUOUS
10
2.2714644094488188
20
2.9300243700787401
11
2.2714345669291336
21
2.9300964173228348
0
LINE
8
BLACK
6
CONTINUOUS
10
2.2714345669291336
20
2.9300964173228348
11
2.2712785433070866
21
2.9303442913385824
0
LINE
8
BLACK
6
CONTINUOUS
10
2.2712785433070866
20
2.9303442913385824
11
2.2684663779527559
21
2.9359685826771651
0
LINE
8
BLACK
6
CONTINUOUS
10
2.2684663779527559
20
2.9359685826771651
11
2.2682594881889764
21
2.9365091732283464
0
LINE
8
BLACK
6
CONTINUOUS
10
2.2682594881889764
20
2.9365091732283464
11
2.2682519291338581
21
2.9366150787401573
0
LINE
8
BLACK
6
CONTINUOUS
10
2.2682519291338581
20
2.9366150787401573
11
2.2682113779527557
21
2.9367130314960628
0
LINE
8
BLACK
6
CONTINUOUS
10
2.2682113779527557
20
2.9367130314960628
11
2.2681546456692914
21
2.9372890944881891
0
LINE
8
BLACK
6
CONTINUOUS
10
2.2681546456692914
20
2.9372890944881891
11
2.2681546456692914
21
2.9485376771653544
0
LINE
8
BLACK
6
CONTINUOUS
10
2.2681546456692914
20
2.9485376771653544
11
2.2682113779527557
21
2.9491137401574803
0
LINE
8
BLACK
6
CONTINUOUS
10
2.2682113779527557
20
2.9491137401574803
11
2.2682519291338581
21
2.9492117322834646
0
LINE
8
BLACK
6
CONTINUOUS
10
2.2682519291338581
20
2.9492117322834646
11
2.2682594881889764
21
2.9493175984251967
0
LINE
8
BLACK
6
CONTINUOUS
10
2.2682594881889764
20
2.9493175984251967
11
2.2684663779527559
21
2.949858188976378
0
LINE
8
BLACK
6
CONTINUOUS
10
2.2684663779527559
20
2.949858188976378
11
2.2694161023622046
21
2.9517576771653542
0
LINE
8
BLACK
6
CONTINUOUS
10
2.2694161023622046
20
2.9517576771653542
11
2.2686522834645668
21
2.952521496062992
0
LINE
8
BLACK
6
CONTINUOUS
10
2.2686522834645668
20
2.952521496062992
11
2.2682113779527557
21
2.9535859055118108
0
LINE
8
BLACK
6
CONTINUOUS
10
2.2682113779527557
20
2.9535859055118108
11
2.2682113779527557
21
2.954738031496063
0
LINE
8
BLACK
6
CONTINUOUS
10
2.2682113779527557
20
2.954738031496063
11
2.2686522834645668
21
2.9558024409448818
0
LINE
8
BLACK
6
CONTINUOUS
10
2.2686522834645668
20
2.9558024409448818
11
2.2694669291338583
21
2.9566170866141732
0
LINE
8
BLACK
6
CONTINUOUS
10
2.2694669291338583
20
2.9566170866141732
11
2.2705313385826771
21
2.9570579921259843
0
LINE
8
BLACK
6
CONTINUOUS
10
2.2705313385826771
20
2.9570579921259843
11
2.271107401574803
21
2.9571147244094487
0
LINE
8
BLACK
6
CONTINUOUS
10
2.271107401574803
20
2.9571147244094487
11
2.3189139370078742
21
2.9571147244094487
0
LINE
8
BLACK
6
CONTINUOUS
10
2.3189139370078742
20
2.9571147244094487
11
2.3194900000000001
21
2.9570579921259843
0
LINE
8
BLACK
6
CONTINUOUS
10
2.274060157480315
20
2.9478406299212598
11
2.274060157480315
21
2.937986181102362
0
LINE
8
BLACK
6
CONTINUOUS
10
2.274060157480315
20
2.937986181102362
11
2.2763462992125985
21
2.933413897637795
0
LINE
8
BLACK
6
CONTINUOUS
10
2.2763462992125985
20
2.933413897637795
11
2.2784807874015747
21
2.9312793700787401
0
LINE
8
BLACK
6
CONTINUOUS
10
2.2784807874015747
20
2.9312793700787401
11
2.2830530314960629
21
2.9289932677165353
0
LINE
8
BLACK
6
CONTINUOUS
10
2.2830530314960629
20
2.9289932677165353
11
2.2985318503937009
21
2.9289932677165353
0
LINE
8
BLACK
6
CONTINUOUS
10
2.2985318503937009
20
2.9289932677165353
11
2.3031040944881891
21
2.9312794094488188
0
LINE
8
BLACK
6
CONTINUOUS
10
2.3031040944881891
20
2.9312794094488188
11
2.3052385826771653
21
2.933413897637795
0
LINE
8
BLACK
6
CONTINUOUS
10
2.3052385826771653
20
2.933413897637795
11
2.3075247244094488
21
2.9379861417322832
0
LINE
8
BLACK
6
CONTINUOUS
10
2.3075247244094488
20
2.9379861417322832
11
2.3075247244094488
21
2.9478406692913386
0
LINE
8
BLACK
6
CONTINUOUS
10
2.3075247244094488
20
2.9478406692913386
11
2.3058404330708662
21
2.9512092125984251
0
LINE
8
BLACK
6
CONTINUOUS
10
2.3058404330708662
20
2.9512092125984251
11
2.2757444488188976
21
2.9512092125984251
0
LINE
8
BLACK
6
CONTINUOUS
10
2.2757444488188976
20
2.9512092125984251
11
2.274060157480315
21
2.9478406299212598
0
LINE
8
BLACK
6
CONTINUOUS
10
2.3110535433070867
20
3.0104888188976378
11
2.3121179527559055
21
3.0100479133858267
0
LINE
8
BLACK
6
CONTINUOUS
10
2.3121179527559055
20
3.0100479133858267
11
2.3129325984251969
21
3.0092332677165352
0
LINE
8
BLACK
6
CONTINUOUS
10
2.3129325984251969
20
3.0092332677165352
11
2.313373503937008
21
3.0081688582677164
0
LINE
8
BLACK
6
CONTINUOUS
10
2.313373503937008
20
3.0081688582677164
11
2.313373503937008
21
3.0070167322834647
0
LINE
8
BLACK
6
CONTINUOUS
10
2.313373503937008
20
3.0070167322834647
11
2.3129325984251969
21
3.0059523228346454
0
LINE
8
BLACK
6
CONTINUOUS
10
2.3129325984251969
20
3.0059523228346454
11
2.3121179527559055
21
3.0051376771653544
0
LINE
8
BLACK
6
CONTINUOUS
10
2.3121179527559055
20
3.0051376771653544
11
2.3110535433070867
21
3.0046967716535433
0
LINE
8
BLACK
6
CONTINUOUS
10
2.3110535433070867
20
3.0046967716535433
11
2.3104774803149604
21
3.0046400393700785
0
LINE
8
BLACK
6
CONTINUOUS
10
2.3104774803149604
20
3.0046400393700785
11
2.2802409055118109
21
3.0046400393700785
0
LINE
8
BLACK
6
CONTINUOUS
10
2.2802409055118109
20
3.0046400393700785
11
2.2761203937007872
21
3.002579842519685
0
LINE
8
BLACK
6
CONTINUOUS
10
2.2761203937007872
20
3.002579842519685
11
2.274060157480315
21
2.9984593307086613
0
LINE
8
BLACK
6
CONTINUOUS
10
2.274060157480315
20
2.9984593307086613
11
2.274060157480315
21
2.9914170078740159
0
LINE
8
BLACK
6
CONTINUOUS
10
2.274060157480315
20
2.9914170078740159
11
2.2763462992125985
21
2.9868447244094489
0
LINE
8
BLACK
6
CONTINUOUS
10
2.2763462992125985
20
2.9868447244094489
11
2.2779547637795274
21
2.9852362204724407
0
LINE
8
BLACK
6
CONTINUOUS
10
2.2779547637795274
20
2.9852362204724407
11
2.3104774803149604
21
2.9852362204724407
0
LINE
8
BLACK
6
CONTINUOUS
10
2.3104774803149604
20
2.9852362204724407
11
2.3110535433070867
21
2.9851794881889764
0
LINE
8
BLACK
6
CONTINUOUS
10
2.3110535433070867
20
2.9851794881889764
11
2.3121179527559055
21
2.9847385826771653
0
LINE
8
BLACK
6
CONTINUOUS
10
2.3121179527559055
20
2.9847385826771653
11
2.3129325984251969
21
2.9839239370078738
0
LINE
8
BLACK
6
CONTINUOUS
10
2.3129325984251969
20
2.9839239370078738
11
2.313373503937008
21
2.982859527559055
0
LINE
8
BLACK
6
CONTINUOUS
10
2.313373503937008
20
2.982859527559055
11
2.313373503937008
21
2.9817074015748033
0
LINE
8
BLACK
6
CONTINUOUS
10
2.313373503937008
20
2.9817074015748033
11
2.3129325984251969
21
2.980642992125984
0
LINE
8
BLACK
6
CONTINUOUS
10
2.3129325984251969
20
2.980642992125984
11
2.3121179527559055
21
2.979828346456693
0
LINE
8
BLACK
6
CONTINUOUS
10
2.3121179527559055
20
2.979828346456693
11
2.3110535433070867
21
2.9793874409448819
0
LINE
8
BLACK
6
CONTINUOUS
10
2.3110535433070867
20
2.9793874409448819
11
2.3104774803149604
21
2.9793307086614171
0
LINE
8
BLACK
6
CONTINUOUS
10
2.3104774803149604
20
2.9793307086614171
11
2.271107401574803
21
2.9793307086614171
0
LINE
8
BLACK
6
CONTINUOUS
10
2.271107401574803
20
2.9793307086614171
11
2.2705313385826771
21
2.9793874409448819
0
LINE
8
BLACK
6
CONTINUOUS
10
2.2705313385826771
20
2.9793874409448819
11
2.2694669291338583
21
2.979828346456693
0
LINE
8
BLACK
6
CONTINUOUS
10
2.2694669291338583
20
2.979828346456693
11
2.2686522834645668
21
2.980642992125984
0
LINE
8
BLACK
6
CONTINUOUS
10
2.2686522834645668
20
2.980642992125984
11
2.2682113779527557
21
2.9817074015748033
0
LINE
8
BLACK
6
CONTINUOUS
10
2.2682113779527557
20
2.9817074015748033
11
2.2682113779527557
21
2.982859527559055
0
LINE
8
BLACK
6
CONTINUOUS
10
2.2682113779527557
20
2.982859527559055
11
2.2686522834645668
21
2.9839239370078738
0
LINE
8
BLACK
6
CONTINUOUS
10
2.2686522834645668
20
2.9839239370078738
11
2.2694669291338583
21
2.9847385826771653
0
LINE
8
BLACK
6
CONTINUOUS
10
2.2694669291338583
20
2.9847385826771653
11
2.2705313385826771
21
2.9851794881889764
0
LINE
8
BLACK
6
CONTINUOUS
10
2.2705313385826771
20
2.9851794881889764
11
2.270574212598425
21
2.9851837401574803
0
LINE
8
BLACK
6
CONTINUOUS
10
2.270574212598425
20
2.9851837401574803
11
2.2684663779527559
21
2.989399409448819
0
LINE
8
BLACK
6
CONTINUOUS
10
2.2684663779527559
20
2.989399409448819
11
2.2682594881889764
21
2.9899399999999998
0
LINE
8
BLACK
6
CONTINUOUS
10
2.2682594881889764
20
2.9899399999999998
11
2.2682519291338581
21
2.9900459055118112
0
LINE
8
BLACK
6
CONTINUOUS
10
2.2682519291338581
20
2.9900459055118112
11
2.2682113779527557
21
2.9901438582677167
0
LINE
8
BLACK
6
CONTINUOUS
10
2.2682113779527557
20
2.9901438582677167
11
2.2681546456692914
21
2.9907199212598425
0
LINE
8
BLACK
6
CONTINUOUS
10
2.2681546456692914
20
2.9907199212598425
11
2.2681546456692914
21
2.9991563779527559
0
LINE
8
BLACK
6
CONTINUOUS
10
2.2681546456692914
20
2.9991563779527559
11
2.2682113779527557
21
2.9997324409448818
0
LINE
8
BLACK
6
CONTINUOUS
10
2.2682113779527557
20
2.9997324409448818
11
2.2682519291338581
21
2.9998304330708661
0
LINE
8
BLACK
6
CONTINUOUS
10
2.2682519291338581
20
2.9998304330708661
11
2.2682594881889764
21
2.9999362992125982
0
LINE
8
BLACK
6
CONTINUOUS
10
2.2682594881889764
20
2.9999362992125982
11
2.2684663779527559
21
3.0004768897637795
0
LINE
8
BLACK
6
CONTINUOUS
10
2.2684663779527559
20
3.0004768897637795
11
2.2712785433070866
21
3.0061011811023621
0
LINE
8
BLACK
6
CONTINUOUS
10
2.2712785433070866
20
3.0061011811023621
11
2.2713391732283466
21
3.006197559055118
0
LINE
8
BLACK
6
CONTINUOUS
10
2.2713391732283466
20
3.006197559055118
11
2.2713543307086614
21
3.0062429527559056
0
LINE
8
BLACK
6
CONTINUOUS
10
2.2713543307086614
20
3.0062429527559056
11
2.271403346456693
21
3.0062995275590549
0
LINE
8
BLACK
6
CONTINUOUS
10
2.271403346456693
20
3.0062995275590549
11
2.2715868897637796
21
3.006591062992126
0
LINE
8
BLACK
6
CONTINUOUS
10
2.2715868897637796
20
3.006591062992126
11
2.2718665748031497
21
3.0068336614173226
0
LINE
8
BLACK
6
CONTINUOUS
10
2.2718665748031497
20
3.0068336614173226
11
2.2721091732283463
21
3.007113346456693
0
LINE
8
BLACK
6
CONTINUOUS
10
2.2721091732283463
20
3.007113346456693
11
2.2724007086614173
21
3.0072968897637793
0
LINE
8
BLACK
6
CONTINUOUS
10
2.2724007086614173
20
3.0072968897637793
11
2.2724572834645667
21
3.0073459055118108
0
LINE
8
BLACK
6
CONTINUOUS
10
2.2724572834645667
20
3.0073459055118108
11
2.2725026771653543
21
3.0073610629921261
0
LINE
8
BLACK
6
CONTINUOUS
10
2.2725026771653543
20
3.0073610629921261
11
2.2725990551181101
21
3.0074216929133857
0
LINE
8
BLACK
6
CONTINUOUS
10
2.2725990551181101
20
3.0074216929133857
11
2.2782233464566928
21
3.0102338188976376
0
LINE
8
BLACK
6
CONTINUOUS
10
2.2782233464566928
20
3.0102338188976376
11
2.2787639763779528
21
3.0104407086614171
0
LINE
8
BLACK
6
CONTINUOUS
10
2.2787639763779528
20
3.0104407086614171
11
2.2788697637795274
21
3.0104482283464566
0
LINE
8
BLACK
6
CONTINUOUS
10
2.2788697637795274
20
3.0104482283464566
11
2.2789677952755905
21
3.0104888188976378
0
LINE
8
BLACK
6
CONTINUOUS
10
2.2789677952755905
20
3.0104888188976378
11
2.2795438582677163
21
3.0105455511811021
0
LINE
8
BLACK
6
CONTINUOUS
10
2.2795438582677163
20
3.0105455511811021
11
2.3104774803149604
21
3.0105455511811021
0
LINE
8
BLACK
6
CONTINUOUS
10
2.3104774803149604
20
3.0105455511811021
11
2.3110535433070867
21
3.0104888188976378
0
LINE
8
BLACK
6
CONTINUOUS
10
2.3110535433070867
20
3.0639196456692912
11
2.3121179527559055
21
3.0634787401574801
0
LINE
8
BLACK
6
CONTINUOUS
10
2.3121179527559055
20
3.0634787401574801
11
2.3129325984251969
21
3.0626640944881891
0
LINE
8
BLACK
6
CONTINUOUS
10
2.3129325984251969
20
3.0626640944881891
11
2.313373503937008
21
3.0615996850393699
0
LINE
8
BLACK
6
CONTINUOUS
10
2.313373503937008
20
3.0615996850393699
11
2.313373503937008
21
3.0604475590551181
0
LINE
8
BLACK
6
CONTINUOUS
10
2.313373503937008
20
3.0604475590551181
11
2.3129325984251969
21
3.0593831496062993
0
LINE
8
BLACK
6
CONTINUOUS
10
2.3129325984251969
20
3.0593831496062993
11
2.3121687401574804
21
3.0586193307086615
0
LINE
8
BLACK
6
CONTINUOUS
10
2.3121687401574804
20
3.0586193307086615
11
2.3131185039370079
21
3.0567198425196849
0
LINE
8
BLACK
6
CONTINUOUS
10
2.3131185039370079
20
3.0567198425196849
11
2.3133253937007874
21
3.0561792125984253
0
LINE
8
BLACK
6
CONTINUOUS
10
2.3133253937007874
20
3.0561792125984253
11
2.3133328740157482
21
3.0560734251968502
0
LINE
8
BLACK
6
CONTINUOUS
10
2.3133328740157482
20
3.0560734251968502
11
2.313373503937008
21
3.0559753937007872
0
LINE
8
BLACK
6
CONTINUOUS
10
2.313373503937008
20
3.0559753937007872
11
2.3134302362204724
21
3.0553993307086613
0
LINE
8
BLACK
6
CONTINUOUS
10
2.3134302362204724
20
3.0553993307086613
11
2.3134302362204724
21
3.0413385826771653
0
LINE
8
BLACK
6
CONTINUOUS
10
2.3134302362204724
20
3.0413385826771653
11
2.313373503937008
21
3.0407625196850394
0
LINE
8
BLACK
6
CONTINUOUS
10
2.313373503937008
20
3.0407625196850394
11
2.3133328740157482
21
3.0406645275590551
0
LINE
8
BLACK
6
CONTINUOUS
10
2.3133328740157482
20
3.0406645275590551
11
2.3133253937007874
21
3.0405587007874013
0
LINE
8
BLACK
6
CONTINUOUS
10
2.3133253937007874
20
3.0405587007874013
11
2.3131185039370079
21
3.0400180708661417
0
LINE
8
BLACK
6
CONTINUOUS
10
2.3131185039370079
20
3.0400180708661417
11
2.310306377952756
21
3.0343937795275591
0
LINE
8
BLACK
6
CONTINUOUS
10
2.310306377952756
20
3.0343937795275591
11
2.3102457086614172
21
3.034297440944882
0
LINE
8
BLACK
6
CONTINUOUS
10
2.3102457086614172
20
3.034297440944882
11
2.3102305905511811
21
3.0342520078740156
0
LINE
8
BLACK
6
CONTINUOUS
10
2.3102305905511811
20
3.0342520078740156
11
2.3101815354330708
21
3.034195472440945
0
LINE
8
BLACK
6
CONTINUOUS
10
2.3101815354330708
20
3.034195472440945
11
2.3099980314960629
21
3.0339038976377952
0
LINE
8
BLACK
6
CONTINUOUS
10
2.3099980314960629
20
3.0339038976377952
11
2.3097183070866141
21
3.0336613385826769
0
LINE
8
BLACK
6
CONTINUOUS
10
2.3097183070866141
20
3.0336613385826769
11
2.3094757480314958
21
3.0333816141732282
0
LINE
8
BLACK
6
CONTINUOUS
10
2.3094757480314958
20
3.0333816141732282
11
2.3091841732283465
21
3.0331981102362202
0
LINE
8
BLACK
6
CONTINUOUS
10
2.3091841732283465
20
3.0331981102362202
11
2.3091276377952754
21
3.0331490551181099
0
LINE
8
BLACK
6
CONTINUOUS
10
2.3091276377952754
20
3.0331490551181099
11
2.3090822047244095
21
3.0331339370078738
0
LINE
8
BLACK
6
CONTINUOUS
10
2.3090822047244095
20
3.0331339370078738
11
2.3089858661417324
21
3.0330732677165355
0
LINE
8
BLACK
6
CONTINUOUS
10
2.3089858661417324
20
3.0330732677165355
11
2.303361535433071
21
3.0302611417322836
0
LINE
8
BLACK
6
CONTINUOUS
10
2.303361535433071
20
3.0302611417322836
11
2.302820905511811
21
3.0300542519685041
0
LINE
8
BLACK
6
CONTINUOUS
10
2.302820905511811
20
3.0300542519685041
11
2.3027150787401576
21
3.0300467716535433
0
LINE
8
BLACK
6
CONTINUOUS
10
2.3027150787401576
20
3.0300467716535433
11
2.3026170866141733
21
3.0300061417322834
0
LINE
8
BLACK
6
CONTINUOUS
10
2.3026170866141733
20
3.0300061417322834
11
2.302041023622047
21
3.0299494094488186
0
LINE
8
BLACK
6
CONTINUOUS
10
2.302041023622047
20
3.0299494094488186
11
2.2964167322834643
21
3.0299494094488186
0
LINE
8
BLACK
6
CONTINUOUS
10
2.2964167322834643
20
3.0299494094488186
11
2.2958406692913385
21
3.0300061417322834
0
LINE
8
BLACK
6
CONTINUOUS
10
2.2958406692913385
20
3.0300061417322834
11
2.2957426377952754
21
3.0300467716535433
0
LINE
8
BLACK
6
CONTINUOUS
10
2.2957426377952754
20
3.0300467716535433
11
2.2956368503937008
21
3.0300542519685041
0
LINE
8
BLACK
6
CONTINUOUS
10
2.2956368503937008
20
3.0300542519685041
11
2.2950962204724408
21
3.0302611417322836
0
LINE
8
BLACK
6
CONTINUOUS
10
2.2950962204724408
20
3.0302611417322836
11
2.2894719291338581
21
3.0330732677165355
0
LINE
8
BLACK
6
CONTINUOUS
10
2.2894719291338581
20
3.0330732677165355
11
2.2893755511811023
21
3.0331339370078738
0
LINE
8
BLACK
6
CONTINUOUS
10
2.2893755511811023
20
3.0331339370078738
11
2.2893301574803151
21
3.0331490551181099
0
LINE
8
BLACK
6
CONTINUOUS
10
2.2893301574803151
20
3.0331490551181099
11
2.2892735826771653
21
3.0331981102362202
0
LINE
8
BLACK
6
CONTINUOUS
10
2.2892735826771653
20
3.0331981102362202
11
2.2889820472440943
21
3.0333816141732282
0
LINE
8
BLACK
6
CONTINUOUS
10
2.2889820472440943
20
3.0333816141732282
11
2.2887394488188977
21
3.0336613385826769
0
LINE
8
BLACK
6
CONTINUOUS
10
2.2887394488188977
20
3.0336613385826769
11
2.2884597637795276
21
3.0339038976377952
0
LINE
8
BLACK
6
CONTINUOUS
10
2.2884597637795276
20
3.0339038976377952
11
2.2882762204724409
21
3.034195472440945
0
LINE
8
BLACK
6
CONTINUOUS
10
2.2882762204724409
20
3.034195472440945
11
2.2882272047244094
21
3.0342520078740156
0
LINE
8
BLACK
6
CONTINUOUS
10
2.2882272047244094
20
3.0342520078740156
11
2.2882120472440945
21
3.034297440944882
0
LINE
8
BLACK
6
CONTINUOUS
10
2.2882120472440945
20
3.034297440944882
11
2.2881514173228346
21
3.0343937795275591
0
LINE
8
BLACK
6
CONTINUOUS
10
2.2881514173228346
20
3.0343937795275591
11
2.2853392913385826
21
3.0400180708661417
0
LINE
8
BLACK
6
CONTINUOUS
10
2.2853392913385826
20
3.0400180708661417
11
2.2851324015748031
21
3.0405587007874013
0
LINE
8
BLACK
6
CONTINUOUS
10
2.2851324015748031
20
3.0405587007874013
11
2.2851248818897636
21
3.0406645275590551
0
LINE
8
BLACK
6
CONTINUOUS
10
2.2851248818897636
20
3.0406645275590551
11
2.2850842913385825
21
3.0407625196850394
0
LINE
8
BLACK
6
CONTINUOUS
10
2.2850842913385825
20
3.0407625196850394
11
2.2850275590551181
21
3.0413385826771653
0
LINE
8
BLACK
6
CONTINUOUS
10
2.2850275590551181
20
3.0413385826771653
11
2.2850275590551181
21
3.0547022834645667
0
LINE
8
BLACK
6
CONTINUOUS
10
2.2850275590551181
20
3.0547022834645667
11
2.2833432677165355
21
3.0580708661417324
0
LINE
8
BLACK
6
CONTINUOUS
10
2.2833432677165355
20
3.0580708661417324
11
2.2802409055118109
21
3.0580708661417324
0
LINE
8
BLACK
6
CONTINUOUS
10
2.2802409055118109
20
3.0580708661417324
11
2.2761203937007872
21
3.0560106692913385
0
LINE
8
BLACK
6
CONTINUOUS
10
2.2761203937007872
20
3.0560106692913385
11
2.274060157480315
21
3.0518901574803148
0
LINE
8
BLACK
6
CONTINUOUS
10
2.274060157480315
20
3.0518901574803148
11
2.274060157480315
21
3.0420356692913386
0
LINE
8
BLACK
6
CONTINUOUS
10
2.274060157480315
20
3.0420356692913386
11
2.2765605905511812
21
3.0370348031496062
0
LINE
8
BLACK
6
CONTINUOUS
10
2.2765605905511812
20
3.0370348031496062
11
2.2767674803149607
21
3.0364942125984253
0
LINE
8
BLACK
6
CONTINUOUS
10
2.2767674803149607
20
3.0364942125984253
11
2.2768491338582675
21
3.035345
0
LINE
8
BLACK
6
CONTINUOUS
10
2.2768491338582675
20
3.035345
11
2.2764848031496063
21
3.0342520078740156
0
LINE
8
BLACK
6
CONTINUOUS
10
2.2764848031496063
20
3.0342520078740156
11
2.2757299606299211
21
3.0333816535433069
0
LINE
8
BLACK
6
CONTINUOUS
10
2.2757299606299211
20
3.0333816535433069
11
2.2746994488188976
21
3.032866377952756
0
LINE
8
BLACK
6
CONTINUOUS
10
2.2746994488188976
20
3.032866377952756
11
2.2735502362204723
21
3.0327847244094488
0
LINE
8
BLACK
6
CONTINUOUS
10
2.2735502362204723
20
3.0327847244094488
11
2.2724572834645667
21
3.0331490551181099
0
LINE
8
BLACK
6
CONTINUOUS
10
2.2724572834645667
20
3.0331490551181099
11
2.2715868897637796
21
3.0339038976377952
0
LINE
8
BLACK
6
CONTINUOUS
10
2.2715868897637796
20
3.0339038976377952
11
2.2712785433070866
21
3.0343937795275591
0
LINE
8
BLACK
6
CONTINUOUS
10
2.2712785433070866
20
3.0343937795275591
11
2.2684663779527559
21
3.0400180708661417
0
LINE
8
BLACK
6
CONTINUOUS
10
2.2684663779527559
20
3.0400180708661417
11
2.2682594881889764
21
3.0405586614173226
0
LINE
8
BLACK
6
CONTINUOUS
10
2.2682594881889764
20
3.0405586614173226
11
2.2682519291338581
21
3.0406645669291339
0
LINE
8
BLACK
6
CONTINUOUS
10
2.2682519291338581
20
3.0406645669291339
11
2.2682113779527557
21
3.0407625196850394
0
LINE
8
BLACK
6
CONTINUOUS
10
2.2682113779527557
20
3.0407625196850394
11
2.2681546456692914
21
3.0413385826771653
0
LINE
8
BLACK
6
CONTINUOUS
10
2.2681546456692914
20
3.0413385826771653
11
2.2681546456692914
21
3.0525872047244094
0
LINE
8
BLACK
6
CONTINUOUS
10
2.2681546456692914
20
3.0525872047244094
11
2.2682113779527557
21
3.0531632677165352
0
LINE
8
BLACK
6
CONTINUOUS
10
2.2682113779527557
20
3.0531632677165352
11
2.2682519291338581
21
3.0532612598425195
0
LINE
8
BLACK
6
CONTINUOUS
10
2.2682519291338581
20
3.0532612598425195
11
2.2682594881889764
21
3.0533671259842521
0
LINE
8
BLACK
6
CONTINUOUS
10
2.2682594881889764
20
3.0533671259842521
11
2.2684663779527559
21
3.0539077165354329
0
LINE
8
BLACK
6
CONTINUOUS
10
2.2684663779527559
20
3.0539077165354329
11
2.2712785433070866
21
3.0595320078740156
0
LINE
8
BLACK
6
CONTINUOUS
10
2.2712785433070866
20
3.0595320078740156
11
2.2713391732283466
21
3.0596283858267714
0
LINE
8
BLACK
6
CONTINUOUS
10
2.2713391732283466
20
3.0596283858267714
11
2.2713543307086614
21
3.059673779527559
0
LINE
8
BLACK
6
CONTINUOUS
10
2.2713543307086614
20
3.059673779527559
11
2.271403346456693
21
3.0597303543307084
0
LINE
8
BLACK
6
CONTINUOUS
10
2.271403346456693
20
3.0597303543307084
11
2.2715868897637796
21
3.0600218897637794
0
LINE
8
BLACK
6
CONTINUOUS
10
2.2715868897637796
20
3.0600218897637794
11
2.2718665748031497
21
3.0602644881889765
0
LINE
8
BLACK
6
CONTINUOUS
10
2.2718665748031497
20
3.0602644881889765
11
2.2721091732283463
21
3.0605441732283465
0
LINE
8
BLACK
6
CONTINUOUS
10
2.2721091732283463
20
3.0605441732283465
11
2.2724007086614173
21
3.0607277165354332
0
LINE
8
BLACK
6
CONTINUOUS
10
2.2724007086614173
20
3.0607277165354332
11
2.2724572834645667
21
3.0607767322834647
0
LINE
8
BLACK
6
CONTINUOUS
10
2.2724572834645667
20
3.0607767322834647
11
2.2725026771653543
21
3.0607918897637796
0
LINE
8
BLACK
6
CONTINUOUS
10
2.2725026771653543
20
3.0607918897637796
11
2.2725990551181101
21
3.0608525196850391
0
LINE
8
BLACK
6
CONTINUOUS
10
2.2725990551181101
20
3.0608525196850391
11
2.2782233464566928
21
3.0636646456692911
0
LINE
8
BLACK
6
CONTINUOUS
10
2.2782233464566928
20
3.0636646456692911
11
2.2787639763779528
21
3.063871535433071
0
LINE
8
BLACK
6
CONTINUOUS
10
2.2787639763779528
20
3.063871535433071
11
2.2788697637795274
21
3.0638790551181101
0
LINE
8
BLACK
6
CONTINUOUS
10
2.2788697637795274
20
3.0638790551181101
11
2.2789677952755905
21
3.0639196456692912
0
LINE
8
BLACK
6
CONTINUOUS
10
2.2789677952755905
20
3.0639196456692912
11
2.2795438582677163
21
3.063976377952756
0
LINE
8
BLACK
6
CONTINUOUS
10
2.2795438582677163
20
3.063976377952756
11
2.3104774803149604
21
3.063976377952756
0
LINE
8
BLACK
6
CONTINUOUS
10
2.3104774803149604
20
3.063976377952756
11
2.3110535433070867
21
3.0639196456692912
0
LINE
8
BLACK
6
CONTINUOUS
10
2.2906213385826772
20
3.0567198425196849
11
2.2908282283464567
21
3.056179251968504
0
LINE
8
BLACK
6
CONTINUOUS
10
2.2908282283464567
20
3.056179251968504
11
2.2908357480314958
21
3.0560733858267715
0
LINE
8
BLACK
6
CONTINUOUS
10
2.2908357480314958
20
3.0560733858267715
11
2.2908763385826769
21
3.0559753937007872
0
LINE
8
BLACK
6
CONTINUOUS
10
2.2908763385826769
20
3.0559753937007872
11
2.2909330708661417
21
3.0553993307086613
0
LINE
8
BLACK
6
CONTINUOUS
10
2.2909330708661417
20
3.0553993307086613
11
2.2909330708661417
21
3.0420356299212599
0
LINE
8
BLACK
6
CONTINUOUS
10
2.2909330708661417
20
3.0420356299212599
11
2.2929932677165352
21
3.0379151574803149
0
LINE
8
BLACK
6
CONTINUOUS
10
2.2929932677165352
20
3.0379151574803149
11
2.2971137795275589
21
3.0358549212598422
0
LINE
8
BLACK
6
CONTINUOUS
10
2.2971137795275589
20
3.0358549212598422
11
2.3013439763779528
21
3.0358549212598422
0
LINE
8
BLACK
6
CONTINUOUS
10
2.3013439763779528
20
3.0358549212598422
11
2.3054644881889765
21
3.0379151574803149
0
LINE
8
BLACK
6
CONTINUOUS
10
2.3054644881889765
20
3.0379151574803149
11
2.3075247244094488
21
3.0420356299212599
0
LINE
8
BLACK
6
CONTINUOUS
10
2.3075247244094488
20
3.0420356299212599
11
2.3075247244094488
21
3.0547023228346455
0
LINE
8
BLACK
6
CONTINUOUS
10
2.3075247244094488
20
3.0547023228346455
11
2.3058404330708662
21
3.0580708661417324
0
LINE
8
BLACK
6
CONTINUOUS
10
2.3058404330708662
20
3.0580708661417324
11
2.2899458267716537
21
3.0580708661417324
0
LINE
8
BLACK
6
CONTINUOUS
10
2.2899458267716537
20
3.0580708661417324
11
2.2906213385826772
21
3.0567198425196849
0
LINE
8
BLACK
6
CONTINUOUS
10
2.3112573622047243
20
3.1004294881889765
11
2.3122878740157478
21
3.0999142519685039
0
LINE
8
BLACK
6
CONTINUOUS
10
2.3122878740157478
20
3.0999142519685039
11
2.313042716535433
21
3.0990438582677164
0
LINE
8
BLACK
6
CONTINUOUS
10
2.313042716535433
20
3.0990438582677164
11
2.3134070472440946
21
3.0979509055118108
0
LINE
8
BLACK
6
CONTINUOUS
10
2.3134070472440946
20
3.0979509055118108
11
2.3133253937007874
21
3.0968016929133859
0
LINE
8
BLACK
6
CONTINUOUS
10
2.3133253937007874
20
3.0968016929133859
11
2.3131185039370079
21
3.0962610629921259
0
LINE
8
BLACK
6
CONTINUOUS
10
2.3131185039370079
20
3.0962610629921259
11
2.310306377952756
21
3.0906367716535432
0
LINE
8
BLACK
6
CONTINUOUS
10
2.310306377952756
20
3.0906367716535432
11
2.3102457086614172
21
3.0905404330708661
0
LINE
8
BLACK
6
CONTINUOUS
10
2.3102457086614172
20
3.0905404330708661
11
2.3102305905511811
21
3.0904949999999998
0
LINE
8
BLACK
6
CONTINUOUS
10
2.3102305905511811
20
3.0904949999999998
11
2.3101815354330708
21
3.0904384645669292
0
LINE
8
BLACK
6
CONTINUOUS
10
2.3101815354330708
20
3.0904384645669292
11
2.3099980314960629
21
3.0901468897637794
0
LINE
8
BLACK
6
CONTINUOUS
10
2.3099980314960629
20
3.0901468897637794
11
2.3097183070866141
21
3.0899043307086616
0
LINE
8
BLACK
6
CONTINUOUS
10
2.3097183070866141
20
3.0899043307086616
11
2.3094757480314958
21
3.0896246062992123
0
LINE
8
BLACK
6
CONTINUOUS
10
2.3094757480314958
20
3.0896246062992123
11
2.3091841732283465
21
3.0894411023622048
0
LINE
8
BLACK
6
CONTINUOUS
10
2.3091841732283465
20
3.0894411023622048
11
2.3091276377952754
21
3.0893920472440946
0
LINE
8
BLACK
6
CONTINUOUS
10
2.3091276377952754
20
3.0893920472440946
11
2.3090822047244095
21
3.0893769291338584
0
LINE
8
BLACK
6
CONTINUOUS
10
2.3090822047244095
20
3.0893769291338584
11
2.3089858661417324
21
3.0893162598425197
0
LINE
8
BLACK
6
CONTINUOUS
10
2.3089858661417324
20
3.0893162598425197
11
2.303361535433071
21
3.086504094488189
0
LINE
8
BLACK
6
CONTINUOUS
10
2.303361535433071
20
3.086504094488189
11
2.302820905511811
21
3.0862972047244095
0
LINE
8
BLACK
6
CONTINUOUS
10
2.302820905511811
20
3.0862972047244095
11
2.3027150787401576
21
3.0862897244094487
0
LINE
8
BLACK
6
CONTINUOUS
10
2.3027150787401576
20
3.0862897244094487
11
2.3026170866141733
21
3.0862490944881888
0
LINE
8
BLACK
6
CONTINUOUS
10
2.3026170866141733
20
3.0862490944881888
11
2.302041023622047
21
3.0861923622047245
0
LINE
8
BLACK
6
CONTINUOUS
10
2.302041023622047
20
3.0861923622047245
11
2.2514223622047242
21
3.0861923622047245
0
LINE
8
BLACK
6
CONTINUOUS
10
2.2514223622047242
20
3.0861923622047245
11
2.2508462992125984
21
3.0862490944881888
0
LINE
8
BLACK
6
CONTINUOUS
10
2.2508462992125984
20
3.0862490944881888
11
2.2497818897637796
21
3.0866899999999999
0
LINE
8
BLACK
6
CONTINUOUS
10
2.2497818897637796
20
3.0866899999999999
11
2.2489672440944881
21
3.0875046456692914
0
LINE
8
BLACK
6
CONTINUOUS
10
2.2489672440944881
20
3.0875046456692914
11
2.248526338582677
21
3.0885690551181102
0
LINE
8
BLACK
6
CONTINUOUS
10
2.248526338582677
20
3.0885690551181102
11
2.248526338582677
21
3.0897211811023619
0
LINE
8
BLACK
6
CONTINUOUS
10
2.248526338582677
20
3.0897211811023619
11
2.2489672440944881
21
3.0907855905511812
0
LINE
8
BLACK
6
CONTINUOUS
10
2.2489672440944881
20
3.0907855905511812
11
2.2497818897637796
21
3.0916002362204722
0
LINE
8
BLACK
6
CONTINUOUS
10
2.2497818897637796
20
3.0916002362204722
11
2.2508462992125984
21
3.0920411417322833
0
LINE
8
BLACK
6
CONTINUOUS
10
2.2508462992125984
20
3.0920411417322833
11
2.2514223622047242
21
3.0920978740157481
0
LINE
8
BLACK
6
CONTINUOUS
10
2.2514223622047242
20
3.0920978740157481
11
2.3013439763779528
21
3.0920978740157481
0
LINE
8
BLACK
6
CONTINUOUS
10
2.3013439763779528
20
3.0920978740157481
11
2.3054644881889765
21
3.0941581496062991
0
LINE
8
BLACK
6
CONTINUOUS
10
2.3054644881889765
20
3.0941581496062991
11
2.3078364566929133
21
3.098902086614173
0
LINE
8
BLACK
6
CONTINUOUS
10
2.3078364566929133
20
3.098902086614173
11
2.3081448031496063
21
3.0993919685039368
0
LINE
8
BLACK
6
CONTINUOUS
10
2.3081448031496063
20
3.0993919685039368
11
2.3090151968503938
21
3.1001468110236221
0
LINE
8
BLACK
6
CONTINUOUS
10
2.3090151968503938
20
3.1001468110236221
11
2.310108149606299
21
3.1005111417322833
0
LINE
8
BLACK
6
CONTINUOUS
10
2.310108149606299
20
3.1005111417322833
11
2.3112573622047243
21
3.1004294881889765
0
LINE
8
BLACK
6
CONTINUOUS
10
2.3026170866141733
20
3.1454719685039367
11
2.3027150787401576
21
3.1454313779527556
0
LINE
8
BLACK
6
CONTINUOUS
10
2.3027150787401576
20
3.1454313779527556
11
2.302820905511811
21
3.1454238582677165
0
LINE
8
BLACK
6
CONTINUOUS
10
2.302820905511811
20
3.1454238582677165
11
2.303361535433071
21
3.1452169685039371
0
LINE
8
BLACK
6
CONTINUOUS
10
2.303361535433071
20
3.1452169685039371
11
2.3089858661417324
21
3.1424048031496064
0
LINE
8
BLACK
6
CONTINUOUS
10
2.3089858661417324
20
3.1424048031496064
11
2.3090822047244095
21
3.1423441732283464
0
LINE
8
BLACK
6
CONTINUOUS
10
2.3090822047244095
20
3.1423441732283464
11
2.3091276377952754
21
3.1423290157480315
0
LINE
8
BLACK
6
CONTINUOUS
10
2.3091276377952754
20
3.1423290157480315
11
2.3091841732283465
21
3.14228
0
LINE
8
BLACK
6
CONTINUOUS
10
2.3091841732283465
20
3.14228
11
2.3094757480314958
21
3.1420964566929133
0
LINE
8
BLACK
6
CONTINUOUS
10
2.3094757480314958
20
3.1420964566929133
11
2.3097183070866141
21
3.1418167716535432
0
LINE
8
BLACK
6
CONTINUOUS
10
2.3097183070866141
20
3.1418167716535432
11
2.3099980314960629
21
3.1415741732283462
0
LINE
8
BLACK
6
CONTINUOUS
10
2.3099980314960629
20
3.1415741732283462
11
2.3101815354330708
21
3.1412826377952756
0
LINE
8
BLACK
6
CONTINUOUS
10
2.3101815354330708
20
3.1412826377952756
11
2.3102305905511811
21
3.1412260629921258
0
LINE
8
BLACK
6
CONTINUOUS
10
2.3102305905511811
20
3.1412260629921258
11
2.3102457086614172
21
3.1411806692913387
0
LINE
8
BLACK
6
CONTINUOUS
10
2.3102457086614172
20
3.1411806692913387
11
2.310306377952756
21
3.1410842913385828
0
LINE
8
BLACK
6
CONTINUOUS
10
2.310306377952756
20
3.1410842913385828
11
2.3131185039370079
21
3.1354600000000001
0
LINE
8
BLACK
6
CONTINUOUS
10
2.3131185039370079
20
3.1354600000000001
11
2.3133253937007874
21
3.1349193700787401
0
LINE
8
BLACK
6
CONTINUOUS
10
2.3133253937007874
20
3.1349193700787401
11
2.3133328740157482
21
3.1348135826771655
0
LINE
8
BLACK
6
CONTINUOUS
10
2.3133328740157482
20
3.1348135826771655
11
2.313373503937008
21
3.1347155511811025
0
LINE
8
BLACK
6
CONTINUOUS
10
2.313373503937008
20
3.1347155511811025
11
2.3134302362204724
21
3.1341394881889761
0
LINE
8
BLACK
6
CONTINUOUS
10
2.3134302362204724
20
3.1341394881889761
11
2.3134302362204724
21
3.1228909055118108
0
LINE
8
BLACK
6
CONTINUOUS
10
2.3134302362204724
20
3.1228909055118108
11
2.313373503937008
21
3.1223148425196849
0
LINE
8
BLACK
6
CONTINUOUS
10
2.313373503937008
20
3.1223148425196849
11
2.3133328740157482
21
3.1222168503937007
0
LINE
8
BLACK
6
CONTINUOUS
10
2.3133328740157482
20
3.1222168503937007
11
2.3133253937007874
21
3.1221110236220473
0
LINE
8
BLACK
6
CONTINUOUS
10
2.3133253937007874
20
3.1221110236220473
11
2.3131185039370079
21
3.1215703937007873
0
LINE
8
BLACK
6
CONTINUOUS
10
2.3131185039370079
20
3.1215703937007873
11
2.310306377952756
21
3.1159461023622046
0
LINE
8
BLACK
6
CONTINUOUS
10
2.310306377952756
20
3.1159461023622046
11
2.3099980314960629
21
3.1154562204724408
0
LINE
8
BLACK
6
CONTINUOUS
10
2.3099980314960629
20
3.1154562204724408
11
2.3091276377952754
21
3.1147013779527559
0
LINE
8
BLACK
6
CONTINUOUS
10
2.3091276377952754
20
3.1147013779527559
11
2.3080346850393698
21
3.1143370472440943
0
LINE
8
BLACK
6
CONTINUOUS
10
2.3080346850393698
20
3.1143370472440943
11
2.3068854724409449
21
3.1144187007874016
0
LINE
8
BLACK
6
CONTINUOUS
10
2.3068854724409449
20
3.1144187007874016
11
2.305854960629921
21
3.1149339370078741
0
LINE
8
BLACK
6
CONTINUOUS
10
2.305854960629921
20
3.1149339370078741
11
2.3051001181102362
21
3.1158043307086611
0
LINE
8
BLACK
6
CONTINUOUS
10
2.3051001181102362
20
3.1158043307086611
11
2.3047357874015746
21
3.1168972834645667
0
LINE
8
BLACK
6
CONTINUOUS
10
2.3047357874015746
20
3.1168972834645667
11
2.3048174409448818
21
3.1180464960629921
0
LINE
8
BLACK
6
CONTINUOUS
10
2.3048174409448818
20
3.1180464960629921
11
2.3050243307086613
21
3.1185871259842517
0
LINE
8
BLACK
6
CONTINUOUS
10
2.3050243307086613
20
3.1185871259842517
11
2.3075247244094488
21
3.1235879527559054
0
LINE
8
BLACK
6
CONTINUOUS
10
2.3075247244094488
20
3.1235879527559054
11
2.3075247244094488
21
3.1334424803149608
0
LINE
8
BLACK
6
CONTINUOUS
10
2.3075247244094488
20
3.1334424803149608
11
2.3054644881889765
21
3.1375629527559052
0
LINE
8
BLACK
6
CONTINUOUS
10
2.3054644881889765
20
3.1375629527559052
11
2.3013439763779528
21
3.1396231889763779
0
LINE
8
BLACK
6
CONTINUOUS
10
2.3013439763779528
20
3.1396231889763779
11
2.2999259448818896
21
3.1396231889763779
0
LINE
8
BLACK
6
CONTINUOUS
10
2.2999259448818896
20
3.1396231889763779
11
2.2958054330708659
21
3.1375629527559052
0
LINE
8
BLACK
6
CONTINUOUS
10
2.2958054330708659
20
3.1375629527559052
11
2.2937451968503937
21
3.133442440944882
0
LINE
8
BLACK
6
CONTINUOUS
10
2.2937451968503937
20
3.133442440944882
11
2.2937451968503937
21
3.1257030314960628
0
LINE
8
BLACK
6
CONTINUOUS
10
2.2937451968503937
20
3.1257030314960628
11
2.2936884645669289
21
3.1251269685039369
0
LINE
8
BLACK
6
CONTINUOUS
10
2.2936884645669289
20
3.1251269685039369
11
2.2936478346456695
21
3.1250289763779526
0
LINE
8
BLACK
6
CONTINUOUS
10
2.2936478346456695
20
3.1250289763779526
11
2.2936403543307087
21
3.1249231496062992
0
LINE
8
BLACK
6
CONTINUOUS
10
2.2936403543307087
20
3.1249231496062992
11
2.2934334645669292
21
3.1243825196850392
0
LINE
8
BLACK
6
CONTINUOUS
10
2.2934334645669292
20
3.1243825196850392
11
2.2906213385826772
21
3.1187582283464566
0
LINE
8
BLACK
6
CONTINUOUS
10
2.2906213385826772
20
3.1187582283464566
11
2.2905606692913385
21
3.1186618897637794
0
LINE
8
BLACK
6
CONTINUOUS
10
2.2905606692913385
20
3.1186618897637794
11
2.2905455511811024
21
3.1186164566929131
0
LINE
8
BLACK
6
CONTINUOUS
10
2.2905455511811024
20
3.1186164566929131
11
2.2904964960629921
21
3.1185599212598425
0
LINE
8
BLACK
6
CONTINUOUS
10
2.2904964960629921
20
3.1185599212598425
11
2.2903129921259842
21
3.1182683464566927
0
LINE
8
BLACK
6
CONTINUOUS
10
2.2903129921259842
20
3.1182683464566927
11
2.2900332677165354
21
3.1180257874015749
0
LINE
8
BLACK
6
CONTINUOUS
10
2.2900332677165354
20
3.1180257874015749
11
2.2897907086614171
21
3.1177460629921261
0
LINE
8
BLACK
6
CONTINUOUS
10
2.2897907086614171
20
3.1177460629921261
11
2.2894991338582678
21
3.1175625590551181
0
LINE
8
BLACK
6
CONTINUOUS
10
2.2894991338582678
20
3.1175625590551181
11
2.2894425984251967
21
3.1175135039370079
0
LINE
8
BLACK
6
CONTINUOUS
10
2.2894425984251967
20
3.1175135039370079
11
2.2893971653543308
21
3.1174983858267717
0
LINE
8
BLACK
6
CONTINUOUS
10
2.2893971653543308
20
3.1174983858267717
11
2.2893008267716537
21
3.117437716535433
0
LINE
8
BLACK
6
CONTINUOUS
10
2.2893008267716537
20
3.117437716535433
11
2.2836764960629923
21
3.114625590551181
0
LINE
8
BLACK
6
CONTINUOUS
10
2.2836764960629923
20
3.114625590551181
11
2.2831358661417323
21
3.1144187007874016
0
LINE
8
BLACK
6
CONTINUOUS
10
2.2831358661417323
20
3.1144187007874016
11
2.2830300393700789
21
3.1144112204724408
0
LINE
8
BLACK
6
CONTINUOUS
10
2.2830300393700789
20
3.1144112204724408
11
2.2829320472440946
21
3.1143705905511809
0
LINE
8
BLACK
6
CONTINUOUS
10
2.2829320472440946
20
3.1143705905511809
11
2.2823559842519683
21
3.1143138582677166
0
LINE
8
BLACK
6
CONTINUOUS
10
2.2823559842519683
20
3.1143138582677166
11
2.2795438582677163
21
3.1143138582677166
0
LINE
8
BLACK
6
CONTINUOUS
10
2.2795438582677163
20
3.1143138582677166
11
2.2789677952755905
21
3.1143705905511809
0
LINE
8
BLACK
6
CONTINUOUS
10
2.2789677952755905
20
3.1143705905511809
11
2.2788697637795274
21
3.1144112204724408
0
LINE
8
BLACK
6
CONTINUOUS
10
2.2788697637795274
20
3.1144112204724408
11
2.2787639763779528
21
3.1144187007874016
0
LINE
8
BLACK
6
CONTINUOUS
10
2.2787639763779528
20
3.1144187007874016
11
2.2782233464566928
21
3.114625590551181
0
LINE
8
BLACK
6
CONTINUOUS
10
2.2782233464566928
20
3.114625590551181
11
2.2725990551181101
21
3.117437716535433
0
LINE
8
BLACK
6
CONTINUOUS
10
2.2725990551181101
20
3.117437716535433
11
2.2725026771653543
21
3.1174983858267717
0
LINE
8
BLACK
6
CONTINUOUS
10
2.2725026771653543
20
3.1174983858267717
11
2.2724572834645667
21
3.1175135039370079
0
LINE
8
BLACK
6
CONTINUOUS
10
2.2724572834645667
20
3.1175135039370079
11
2.2724007086614173
21
3.1175625590551181
0
LINE
8
BLACK
6
CONTINUOUS
10
2.2724007086614173
20
3.1175625590551181
11
2.2721091732283463
21
3.1177460629921261
0
LINE
8
BLACK
6
CONTINUOUS
10
2.2721091732283463
20
3.1177460629921261
11
2.2718665748031497
21
3.1180257874015749
0
LINE
8
BLACK
6
CONTINUOUS
10
2.2718665748031497
20
3.1180257874015749
11
2.2715868897637796
21
3.1182683464566927
0
LINE
8
BLACK
6
CONTINUOUS
10
2.2715868897637796
20
3.1182683464566927
11
2.271403346456693
21
3.1185599212598425
0
LINE
8
BLACK
6
CONTINUOUS
10
2.271403346456693
20
3.1185599212598425
11
2.2713543307086614
21
3.1186164566929131
0
LINE
8
BLACK
6
CONTINUOUS
10
2.2713543307086614
20
3.1186164566929131
11
2.2713391732283466
21
3.1186618897637794
0
LINE
8
BLACK
6
CONTINUOUS
10
2.2713391732283466
20
3.1186618897637794
11
2.2712785433070866
21
3.1187582283464566
0
LINE
8
BLACK
6
CONTINUOUS
10
2.2712785433070866
20
3.1187582283464566
11
2.2684663779527559
21
3.1243825196850392
0
LINE
8
BLACK
6
CONTINUOUS
10
2.2684663779527559
20
3.1243825196850392
11
2.2682594881889764
21
3.1249231102362205
0
LINE
8
BLACK
6
CONTINUOUS
10
2.2682594881889764
20
3.1249231102362205
11
2.2682519291338581
21
3.1250290157480314
0
LINE
8
BLACK
6
CONTINUOUS
10
2.2682519291338581
20
3.1250290157480314
11
2.2682113779527557
21
3.1251269685039369
0
LINE
8
BLACK
6
CONTINUOUS
10
2.2682113779527557
20
3.1251269685039369
11
2.2681546456692914
21
3.1257030314960628
0
LINE
8
BLACK
6
CONTINUOUS
10
2.2681546456692914
20
3.1257030314960628
11
2.2681546456692914
21
3.1341394881889761
0
LINE
8
BLACK
6
CONTINUOUS
10
2.2681546456692914
20
3.1341394881889761
11
2.2682113779527557
21
3.1347155511811025
0
LINE
8
BLACK
6
CONTINUOUS
10
2.2682113779527557
20
3.1347155511811025
11
2.2682519291338581
21
3.1348135433070867
0
LINE
8
BLACK
6
CONTINUOUS
10
2.2682519291338581
20
3.1348135433070867
11
2.2682594881889764
21
3.1349194094488189
0
LINE
8
BLACK
6
CONTINUOUS
10
2.2682594881889764
20
3.1349194094488189
11
2.2684663779527559
21
3.1354600000000001
0
LINE
8
BLACK
6
CONTINUOUS
10
2.2684663779527559
20
3.1354600000000001
11
2.2712785433070866
21
3.1410842913385828
0
LINE
8
BLACK
6
CONTINUOUS
10
2.2712785433070866
20
3.1410842913385828
11
2.2715868897637796
21
3.1415741732283462
0
LINE
8
BLACK
6
CONTINUOUS
10
2.2715868897637796
20
3.1415741732283462
11
2.2724572834645667
21
3.1423290157480315
0
LINE
8
BLACK
6
CONTINUOUS
10
2.2724572834645667
20
3.1423290157480315
11
2.2735502362204723
21
3.1426933464566926
0
LINE
8
BLACK
6
CONTINUOUS
10
2.2735502362204723
20
3.1426933464566926
11
2.2746994488188976
21
3.1426116929133858
0
LINE
8
BLACK
6
CONTINUOUS
10
2.2746994488188976
20
3.1426116929133858
11
2.2757299606299211
21
3.1420964173228345
0
LINE
8
BLACK
6
CONTINUOUS
10
2.2757299606299211
20
3.1420964173228345
11
2.2764848031496063
21
3.1412260629921258
0
LINE
8
BLACK
6
CONTINUOUS
10
2.2764848031496063
20
3.1412260629921258
11
2.2768491338582675
21
3.1401330708661415
0
LINE
8
BLACK
6
CONTINUOUS
10
2.2768491338582675
20
3.1401330708661415
11
2.2767674803149607
21
3.1389838582677165
0
LINE
8
BLACK
6
CONTINUOUS
10
2.2767674803149607
20
3.1389838582677165
11
2.2765605905511812
21
3.1384432677165353
0
LINE
8
BLACK
6
CONTINUOUS
10
2.2765605905511812
20
3.1384432677165353
11
2.274060157480315
21
3.133442440944882
0
LINE
8
BLACK
6
CONTINUOUS
10
2.274060157480315
20
3.133442440944882
11
2.274060157480315
21
3.1264001181102361
0
LINE
8
BLACK
6
CONTINUOUS
10
2.274060157480315
20
3.1264001181102361
11
2.2761203937007872
21
3.1222796062992124
0
LINE
8
BLACK
6
CONTINUOUS
10
2.2761203937007872
20
3.1222796062992124
11
2.2802409055118109
21
3.1202193700787402
0
LINE
8
BLACK
6
CONTINUOUS
10
2.2802409055118109
20
3.1202193700787402
11
2.2816589370078741
21
3.1202193700787402
0
LINE
8
BLACK
6
CONTINUOUS
10
2.2816589370078741
20
3.1202193700787402
11
2.2857794488188974
21
3.1222796062992124
0
LINE
8
BLACK
6
CONTINUOUS
10
2.2857794488188974
20
3.1222796062992124
11
2.2878396850393701
21
3.1264000787401574
0
LINE
8
BLACK
6
CONTINUOUS
10
2.2878396850393701
20
3.1264000787401574
11
2.2878396850393701
21
3.1341394881889761
0
LINE
8
BLACK
6
CONTINUOUS
10
2.2878396850393701
20
3.1341394881889761
11
2.2878964173228344
21
3.1347155511811025
0
LINE
8
BLACK
6
CONTINUOUS
10
2.2878964173228344
20
3.1347155511811025
11
2.2879369685039368
21
3.1348135433070867
0
LINE
8
BLACK
6
CONTINUOUS
10
2.2879369685039368
20
3.1348135433070867
11
2.2879445275590551
21
3.1349194094488189
0
LINE
8
BLACK
6
CONTINUOUS
10
2.2879445275590551
20
3.1349194094488189
11
2.2881514173228346
21
3.1354600000000001
0
LINE
8
BLACK
6
CONTINUOUS
10
2.2881514173228346
20
3.1354600000000001
11
2.2909635826771653
21
3.1410842913385828
0
LINE
8
BLACK
6
CONTINUOUS
10
2.2909635826771653
20
3.1410842913385828
11
2.2910242125984253
21
3.1411806692913387
0
LINE
8
BLACK
6
CONTINUOUS
10
2.2910242125984253
20
3.1411806692913387
11
2.2910393700787401
21
3.1412260629921258
0
LINE
8
BLACK
6
CONTINUOUS
10
2.2910393700787401
20
3.1412260629921258
11
2.2910883858267717
21
3.1412826377952756
0
LINE
8
BLACK
6
CONTINUOUS
10
2.2910883858267717
20
3.1412826377952756
11
2.2912719291338584
21
3.1415741732283462
0
LINE
8
BLACK
6
CONTINUOUS
10
2.2912719291338584
20
3.1415741732283462
11
2.2915516929133859
21
3.1418168503937007
0
LINE
8
BLACK
6
CONTINUOUS
10
2.2915516929133859
20
3.1418168503937007
11
2.291794212598425
21
3.1420964173228345
0
LINE
8
BLACK
6
CONTINUOUS
10
2.291794212598425
20
3.1420964173228345
11
2.2920856692913385
21
3.1422799212598425
0
LINE
8
BLACK
6
CONTINUOUS
10
2.2920856692913385
20
3.1422799212598425
11
2.2921423228346458
21
3.1423290157480315
0
LINE
8
BLACK
6
CONTINUOUS
10
2.2921423228346458
20
3.1423290157480315
11
2.2921877559055117
21
3.1423441732283464
0
LINE
8
BLACK
6
CONTINUOUS
10
2.2921877559055117
20
3.1423441732283464
11
2.2922840944881888
21
3.1424048031496064
0
LINE
8
BLACK
6
CONTINUOUS
10
2.2922840944881888
20
3.1424048031496064
11
2.2979083858267715
21
3.1452169685039371
0
LINE
8
BLACK
6
CONTINUOUS
10
2.2979083858267715
20
3.1452169685039371
11
2.2984489763779528
21
3.1454238582677165
0
LINE
8
BLACK
6
CONTINUOUS
10
2.2984489763779528
20
3.1454238582677165
11
2.2985548425196849
21
3.1454314173228344
0
LINE
8
BLACK
6
CONTINUOUS
10
2.2985548425196849
20
3.1454314173228344
11
2.2986528346456692
21
3.1454719685039367
0
LINE
8
BLACK
6
CONTINUOUS
10
2.2986528346456692
20
3.1454719685039367
11
2.299228897637795
21
3.1455287007874015
0
LINE
8
BLACK
6
CONTINUOUS
10
2.299228897637795
20
3.1455287007874015
11
2.302041023622047
21
3.1455287007874015
0
LINE
8
BLACK
6
CONTINUOUS
10
2.302041023622047
20
3.1455287007874015
11
2.3026170866141733
21
3.1454719685039367
0
LINE
8
BLACK
6
CONTINUOUS
10
1.6985417716535434
20
3.7273792519685038
11
1.6998201968503936
21
3.7261008267716536
0
LINE
8
BLACK
6
CONTINUOUS
10
1.6998201968503936
20
3.7261008267716536
11
1.7
21
3.7251968503937007
0
LINE
8
BLACK
6
CONTINUOUS
10
1.7
20
3.7251968503937007
11
1.7
21
3.3614173228346456
0
LINE
8
BLACK
6
CONTINUOUS
10
1.7
20
3.3614173228346456
11
1.6998201968503936
21
3.3605133464566928
0
LINE
8
BLACK
6
CONTINUOUS
10
1.6998201968503936
20
3.3605133464566928
11
1.6985417716535434
21
3.3592349212598425
0
LINE
8
BLACK
6
CONTINUOUS
10
1.6985417716535434
20
3.3592349212598425
11
1.6976377952755906
21
3.3590551181102359
0
LINE
8
BLACK
6
CONTINUOUS
10
1.6976377952755906
20
3.3590551181102359
11
1.4700626377952755
21
3.3590551181102359
0
LINE
8
BLACK
6
CONTINUOUS
10
1.4700626377952755
20
3.3590551181102359
11
1.4688679527559054
21
3.3554710629921258
0
LINE
8
BLACK
6
CONTINUOUS
10
1.4688679527559054
20
3.3554710629921258
11
1.4686319685039371
21
3.3549424803149606
0
LINE
8
BLACK
6
CONTINUOUS
10
1.4686319685039371
20
3.3549424803149606
11
1.4685624803149606
21
3.354862401574803
0
LINE
8
BLACK
6
CONTINUOUS
10
1.4685624803149606
20
3.354862401574803
11
1.4685218897637795
21
3.3547643307086612
0
LINE
8
BLACK
6
CONTINUOUS
10
1.4685218897637795
20
3.3547643307086612
11
1.4681546456692913
21
3.3543168897637794
0
LINE
8
BLACK
6
CONTINUOUS
10
1.4681546456692913
20
3.3543168897637794
11
1.4506981496062992
21
3.3368603543307085
0
LINE
8
BLACK
6
CONTINUOUS
10
1.4506981496062992
20
3.3368603543307085
11
1.4679414960629922
21
3.3368603543307085
0
LINE
8
BLACK
6
CONTINUOUS
10
1.4679414960629922
20
3.3368603543307085
11
1.468517559055118
21
3.3368036220472441
0
LINE
8
BLACK
6
CONTINUOUS
10
1.468517559055118
20
3.3368036220472441
11
1.4695819685039371
21
3.336362716535433
0
LINE
8
BLACK
6
CONTINUOUS
10
1.4695819685039371
20
3.336362716535433
11
1.4703966141732283
21
3.3355480708661416
0
LINE
8
BLACK
6
CONTINUOUS
10
1.4703966141732283
20
3.3355480708661416
11
1.4708375196850394
21
3.3344836614173228
0
LINE
8
BLACK
6
CONTINUOUS
10
1.4708375196850394
20
3.3344836614173228
11
1.4708375196850394
21
3.3333315354330706
0
LINE
8
BLACK
6
CONTINUOUS
10
1.4708375196850394
20
3.3333315354330706
11
1.4703966141732283
21
3.3322671259842518
0
LINE
8
BLACK
6
CONTINUOUS
10
1.4703966141732283
20
3.3322671259842518
11
1.4695819685039371
21
3.3314524803149608
0
LINE
8
BLACK
6
CONTINUOUS
10
1.4695819685039371
20
3.3314524803149608
11
1.468517559055118
21
3.3310115748031497
0
LINE
8
BLACK
6
CONTINUOUS
10
1.468517559055118
20
3.3310115748031497
11
1.4679414960629922
21
3.3309548425196849
0
LINE
8
BLACK
6
CONTINUOUS
10
1.4679414960629922
20
3.3309548425196849
11
1.4435695669291337
21
3.3309548425196849
0
LINE
8
BLACK
6
CONTINUOUS
10
1.4435695669291337
20
3.3309548425196849
11
1.4429935039370079
21
3.3310115748031497
0
LINE
8
BLACK
6
CONTINUOUS
10
1.4429935039370079
20
3.3310115748031497
11
1.4419290944881888
21
3.3314524803149608
0
LINE
8
BLACK
6
CONTINUOUS
10
1.4419290944881888
20
3.3314524803149608
11
1.4411144488188976
21
3.3322671259842518
0
LINE
8
BLACK
6
CONTINUOUS
10
1.4411144488188976
20
3.3322671259842518
11
1.4406735433070865
21
3.3333315354330706
0
LINE
8
BLACK
6
CONTINUOUS
10
1.4406735433070865
20
3.3333315354330706
11
1.4406735433070865
21
3.3344836614173228
0
LINE
8
BLACK
6
CONTINUOUS
10
1.4406735433070865
20
3.3344836614173228
11
1.4411144488188976
21
3.3355480708661416
0
LINE
8
BLACK
6
CONTINUOUS
10
1.4411144488188976
20
3.3355480708661416
11
1.441481653543307
21
3.3359955118110234
0
LINE
8
BLACK
6
CONTINUOUS
10
1.441481653543307
20
3.3359955118110234
11
1.463485905511811
21
3.3579998425196851
0
LINE
8
BLACK
6
CONTINUOUS
10
1.463485905511811
20
3.3579998425196851
11
1.4638376771653543
21
3.3590551181102359
0
LINE
8
BLACK
6
CONTINUOUS
10
1.4638376771653543
20
3.3590551181102359
11
1.4331718897637795
21
3.3590551181102359
0
LINE
8
BLACK
6
CONTINUOUS
10
1.4331718897637795
20
3.3590551181102359
11
1.4330872047244094
21
3.3588338188976379
0
LINE
8
BLACK
6
CONTINUOUS
10
1.4330872047244094
20
3.3588338188976379
11
1.4312124409448819
21
3.3550842913385828
0
LINE
8
BLACK
6
CONTINUOUS
10
1.4312124409448819
20
3.3550842913385828
11
1.4310563385826771
21
3.3548362992125984
0
LINE
8
BLACK
6
CONTINUOUS
10
1.4310563385826771
20
3.3548362992125984
11
1.4310265354330709
21
3.3547643307086612
0
LINE
8
BLACK
6
CONTINUOUS
10
1.4310265354330709
20
3.3547643307086612
11
1.4309600393700788
21
3.3546833858267715
0
LINE
8
BLACK
6
CONTINUOUS
10
1.4309600393700788
20
3.3546833858267715
11
1.430904094488189
21
3.3545944094488189
0
LINE
8
BLACK
6
CONTINUOUS
10
1.430904094488189
20
3.3545944094488189
11
1.4308450787401574
21
3.3545432677165352
0
LINE
8
BLACK
6
CONTINUOUS
10
1.4308450787401574
20
3.3545432677165352
11
1.4306593307086615
21
3.3543168897637794
0
LINE
8
BLACK
6
CONTINUOUS
10
1.4306593307086615
20
3.3543168897637794
11
1.4287845669291339
21
3.3524421259842518
0
LINE
8
BLACK
6
CONTINUOUS
10
1.4287845669291339
20
3.3524421259842518
11
1.4285581889763779
21
3.3522563779527559
0
LINE
8
BLACK
6
CONTINUOUS
10
1.4285581889763779
20
3.3522563779527559
11
1.4285070472440944
21
3.3521973622047243
0
LINE
8
BLACK
6
CONTINUOUS
10
1.4285070472440944
20
3.3521973622047243
11
1.4284180708661418
21
3.3521414173228345
0
LINE
8
BLACK
6
CONTINUOUS
10
1.4284180708661418
20
3.3521414173228345
11
1.4283371259842519
21
3.3520749212598426
0
LINE
8
BLACK
6
CONTINUOUS
10
1.4283371259842519
20
3.3520749212598426
11
1.4282651574803149
21
3.3520451181102362
0
LINE
8
BLACK
6
CONTINUOUS
10
1.4282651574803149
20
3.3520451181102362
11
1.4280171653543308
21
3.3518890157480312
0
LINE
8
BLACK
6
CONTINUOUS
10
1.4280171653543308
20
3.3518890157480312
11
1.4242676377952757
21
3.3500142519685037
0
LINE
8
BLACK
6
CONTINUOUS
10
1.4242676377952757
20
3.3500142519685037
11
1.4237270078740156
21
3.3498073622047242
0
LINE
8
BLACK
6
CONTINUOUS
10
1.4237270078740156
20
3.3498073622047242
11
1.4236211811023622
21
3.3497998818897639
0
LINE
8
BLACK
6
CONTINUOUS
10
1.4236211811023622
20
3.3497998818897639
11
1.423523188976378
21
3.349759251968504
0
LINE
8
BLACK
6
CONTINUOUS
10
1.423523188976378
20
3.349759251968504
11
1.4229910236220471
21
3.3497068503937006
0
LINE
8
BLACK
6
CONTINUOUS
10
1.4229910236220471
20
3.3497068503937006
11
1.4328651968503936
21
3.335600866141732
0
LINE
8
BLACK
6
CONTINUOUS
10
1.4328651968503936
20
3.335600866141732
11
1.4331490551181103
21
3.3350964173228346
0
LINE
8
BLACK
6
CONTINUOUS
10
1.4331490551181103
20
3.3350964173228346
11
1.4333982283464566
21
3.3339715748031495
0
LINE
8
BLACK
6
CONTINUOUS
10
1.4333982283464566
20
3.3339715748031495
11
1.4331980314960631
21
3.3328370078740157
0
LINE
8
BLACK
6
CONTINUOUS
10
1.4331980314960631
20
3.3328370078740157
11
1.4325788582677166
21
3.3318654330708659
0
LINE
8
BLACK
6
CONTINUOUS
10
1.4325788582677166
20
3.3318654330708659
11
1.431635
21
3.3312047244094489
0
LINE
8
BLACK
6
CONTINUOUS
10
1.431635
20
3.3312047244094489
11
1.430510157480315
21
3.3309555118110237
0
LINE
8
BLACK
6
CONTINUOUS
10
1.430510157480315
20
3.3309555118110237
11
1.4293756299212599
21
3.3311557480314962
0
LINE
8
BLACK
6
CONTINUOUS
10
1.4293756299212599
20
3.3311557480314962
11
1.4284040157480316
21
3.3317749212598424
0
LINE
8
BLACK
6
CONTINUOUS
10
1.4284040157480316
20
3.3317749212598424
11
1.4280272047244094
21
3.3322142913385826
0
LINE
8
BLACK
6
CONTINUOUS
10
1.4280272047244094
20
3.3322142913385826
11
1.4157854724409449
21
3.3497025196850392
0
LINE
8
BLACK
6
CONTINUOUS
10
1.4157854724409449
20
3.3497025196850392
11
1.4109017716535432
21
3.3497025196850392
0
LINE
8
BLACK
6
CONTINUOUS
10
1.4109017716535432
20
3.3497025196850392
11
1.4109017716535432
21
3.3339075984251969
0
LINE
8
BLACK
6
CONTINUOUS
10
1.4109017716535432
20
3.3339075984251969
11
1.4108450393700787
21
3.3333315354330706
0
LINE
8
BLACK
6
CONTINUOUS
10
1.4108450393700787
20
3.3333315354330706
11
1.4104041338582678
21
3.3322671259842518
0
LINE
8
BLACK
6
CONTINUOUS
10
1.4104041338582678
20
3.3322671259842518
11
1.4095894881889763
21
3.3314524803149608
0
LINE
8
BLACK
6
CONTINUOUS
10
1.4095894881889763
20
3.3314524803149608
11
1.4085250787401575
21
3.3310115748031497
0
LINE
8
BLACK
6
CONTINUOUS
10
1.4085250787401575
20
3.3310115748031497
11
1.4073729527559056
21
3.3310115748031497
0
LINE
8
BLACK
6
CONTINUOUS
10
1.4073729527559056
20
3.3310115748031497
11
1.4063085433070865
21
3.3314524803149608
0
LINE
8
BLACK
6
CONTINUOUS
10
1.4063085433070865
20
3.3314524803149608
11
1.4054938976377953
21
3.3322671259842518
0
LINE
8
BLACK
6
CONTINUOUS
10
1.4054938976377953
20
3.3322671259842518
11
1.4050529921259842
21
3.3333315354330706
0
LINE
8
BLACK
6
CONTINUOUS
10
1.4050529921259842
20
3.3333315354330706
11
1.4049962598425196
21
3.3339075984251969
0
LINE
8
BLACK
6
CONTINUOUS
10
1.4049962598425196
20
3.3339075984251969
11
1.4049962598425196
21
3.3590551181102359
0
LINE
8
BLACK
6
CONTINUOUS
10
1.4049962598425196
20
3.3590551181102359
11
1.1763779527559055
21
3.3590551181102359
0
LINE
8
BLACK
6
CONTINUOUS
10
1.1763779527559055
20
3.3590551181102359
11
1.1754739763779527
21
3.3592349212598425
0
LINE
8
BLACK
6
CONTINUOUS
10
1.1754739763779527
20
3.3592349212598425
11
1.1741955511811024
21
3.3605133464566928
0
LINE
8
BLACK
6
CONTINUOUS
10
1.1741955511811024
20
3.3605133464566928
11
1.1740157480314961
21
3.3614173228346456
0
LINE
8
BLACK
6
CONTINUOUS
10
1.1740157480314961
20
3.3614173228346456
11
1.1740157480314961
21
3.7251968503937007
0
LINE
8
BLACK
6
CONTINUOUS
10
1.1740157480314961
20
3.7251968503937007
11
1.1741955511811024
21
3.7261008267716536
0
LINE
8
BLACK
6
CONTINUOUS
10
1.1741955511811024
20
3.7261008267716536
11
1.1754739763779527
21
3.7273792519685038
0
LINE
8
BLACK
6
CONTINUOUS
10
1.1754739763779527
20
3.7273792519685038
11
1.1763779527559055
21
3.7275590551181104
0
LINE
8
BLACK
6
CONTINUOUS
10
1.1763779527559055
20
3.7275590551181104
11
1.6976377952755906
21
3.7275590551181104
0
LINE
8
BLACK
6
CONTINUOUS
10
1.6976377952755906
20
3.7275590551181104
11
1.6985417716535434
21
3.7273792519685038
0
LINE
8
BLACK
6
CONTINUOUS
10
1.4109017716535432
20
3.3590551181102359
11
1.4109017716535432
21
3.3556080314960628
0
LINE
8
BLACK
6
CONTINUOUS
10
1.4109017716535432
20
3.3556080314960628
11
1.4222500787401575
21
3.3556080314960628
0
LINE
8
BLACK
6
CONTINUOUS
10
1.4222500787401575
20
3.3556080314960628
11
1.4249475590551182
21
3.3569567716535431
0
LINE
8
BLACK
6
CONTINUOUS
10
1.4249475590551182
20
3.3569567716535431
11
1.42614468503937
21
3.3581538976377954
0
LINE
8
BLACK
6
CONTINUOUS
10
1.42614468503937
20
3.3581538976377954
11
1.4265953149606299
21
3.3590551181102359
0
LINE
8
BLACK
6
CONTINUOUS
10
1.4265953149606299
20
3.3590551181102359
11
1.4109017716535432
21
3.3590551181102359
0
LINE
8
BLACK
6
CONTINUOUS
10
1.1787401574803149
20
3.7228346456692911
11
1.1787401574803149
21
3.3637795275590552
0
LINE
8
BLACK
6
CONTINUOUS
10
1.1787401574803149
20
3.3637795275590552
11
1.2181102362204723
21
3.3637795275590552
0
LINE
8
BLACK
6
CONTINUOUS
10
1.2181102362204723
20
3.3637795275590552
11
1.2181102362204723
21
3.7228346456692911
0
LINE
8
BLACK
6
CONTINUOUS
10
1.2181102362204723
20
3.7228346456692911
11
1.1787401574803149
21
3.7228346456692911
0
LINE
8
BLACK
6
CONTINUOUS
10
1.2228346456692913
20
3.7228346456692911
11
1.2228346456692913
21
3.3637795275590552
0
LINE
8
BLACK
6
CONTINUOUS
10
1.2228346456692913
20
3.3637795275590552
11
1.4049962598425196
21
3.3637795275590552
0
LINE
8
BLACK
6
CONTINUOUS
10
1.4049962598425196
20
3.3637795275590552
11
1.4049962598425196
21
3.3732776771653543
0
LINE
8
BLACK
6
CONTINUOUS
10
1.4049962598425196
20
3.3732776771653543
11
1.4050529921259842
21
3.3738537401574802
0
LINE
8
BLACK
6
CONTINUOUS
10
1.4050529921259842
20
3.3738537401574802
11
1.4054938976377953
21
3.374918149606299
0
LINE
8
BLACK
6
CONTINUOUS
10
1.4054938976377953
20
3.374918149606299
11
1.4063085433070865
21
3.3757327952755904
0
LINE
8
BLACK
6
CONTINUOUS
10
1.4063085433070865
20
3.3757327952755904
11
1.4073729527559056
21
3.3761737007874015
0
LINE
8
BLACK
6
CONTINUOUS
10
1.4073729527559056
20
3.3761737007874015
11
1.4079490157480314
21
3.3762304330708659
0
LINE
8
BLACK
6
CONTINUOUS
10
1.4079490157480314
20
3.3762304330708659
11
1.4229471259842519
21
3.3762304330708659
0
LINE
8
BLACK
6
CONTINUOUS
10
1.4229471259842519
20
3.3762304330708659
11
1.423523188976378
21
3.3761737007874015
0
LINE
8
BLACK
6
CONTINUOUS
10
1.423523188976378
20
3.3761737007874015
11
1.4236211811023622
21
3.3761331102362204
0
LINE
8
BLACK
6
CONTINUOUS
10
1.4236211811023622
20
3.3761331102362204
11
1.4237270078740156
21
3.3761255905511809
0
LINE
8
BLACK
6
CONTINUOUS
10
1.4237270078740156
20
3.3761255905511809
11
1.4242676377952757
21
3.3759187007874014
0
LINE
8
BLACK
6
CONTINUOUS
10
1.4242676377952757
20
3.3759187007874014
11
1.4280171653543308
21
3.3740439370078739
0
LINE
8
BLACK
6
CONTINUOUS
10
1.4280171653543308
20
3.3740439370078739
11
1.4282651574803149
21
3.3738878740157481
0
LINE
8
BLACK
6
CONTINUOUS
10
1.4282651574803149
20
3.3738878740157481
11
1.4283371259842519
21
3.3738580314960629
0
LINE
8
BLACK
6
CONTINUOUS
10
1.4283371259842519
20
3.3738580314960629
11
1.4284180708661418
21
3.3737915748031497
0
LINE
8
BLACK
6
CONTINUOUS
10
1.4284180708661418
20
3.3737915748031497
11
1.4285070472440944
21
3.3737355905511812
0
LINE
8
BLACK
6
CONTINUOUS
10
1.4285070472440944
20
3.3737355905511812
11
1.4285581889763779
21
3.3736766141732284
0
LINE
8
BLACK
6
CONTINUOUS
10
1.4285581889763779
20
3.3736766141732284
11
1.4287845669291339
21
3.3734908267716537
0
LINE
8
BLACK
6
CONTINUOUS
10
1.4287845669291339
20
3.3734908267716537
11
1.4306593307086615
21
3.3716160629921261
0
LINE
8
BLACK
6
CONTINUOUS
10
1.4306593307086615
20
3.3716160629921261
11
1.4308450787401574
21
3.3713897244094486
0
LINE
8
BLACK
6
CONTINUOUS
10
1.4308450787401574
20
3.3713897244094486
11
1.430904094488189
21
3.3713385433070866
0
LINE
8
BLACK
6
CONTINUOUS
10
1.430904094488189
20
3.3713385433070866
11
1.4309600393700788
21
3.3712496062992123
0
LINE
8
BLACK
6
CONTINUOUS
10
1.4309600393700788
20
3.3712496062992123
11
1.4310265354330709
21
3.3711686220472439
0
LINE
8
BLACK
6
CONTINUOUS
10
1.4310265354330709
20
3.3711686220472439
11
1.4310563385826771
21
3.3710966929133859
0
LINE
8
BLACK
6
CONTINUOUS
10
1.4310563385826771
20
3.3710966929133859
11
1.4312124409448819
21
3.3708486614173228
0
LINE
8
BLACK
6
CONTINUOUS
10
1.4312124409448819
20
3.3708486614173228
11
1.4330872047244094
21
3.3670991338582676
0
LINE
8
BLACK
6
CONTINUOUS
10
1.4330872047244094
20
3.3670991338582676
11
1.4332940944881889
21
3.3665585433070864
0
LINE
8
BLACK
6
CONTINUOUS
10
1.4332940944881889
20
3.3665585433070864
11
1.4333016141732282
21
3.3664526771653542
0
LINE
8
BLACK
6
CONTINUOUS
10
1.4333016141732282
20
3.3664526771653542
11
1.4333422047244093
21
3.36635468503937
0
LINE
8
BLACK
6
CONTINUOUS
10
1.4333422047244093
20
3.36635468503937
11
1.4333989370078739
21
3.3657786220472441
0
LINE
8
BLACK
6
CONTINUOUS
10
1.4333989370078739
20
3.3657786220472441
11
1.4333989370078739
21
3.3637795275590552
0
LINE
8
BLACK
6
CONTINUOUS
10
1.4333989370078739
20
3.3637795275590552
11
1.4649887401574804
21
3.3637795275590552
0
LINE
8
BLACK
6
CONTINUOUS
10
1.4649887401574804
20
3.3637795275590552
11
1.4649887401574804
21
3.3650815748031495
0
LINE
8
BLACK
6
CONTINUOUS
10
1.4649887401574804
20
3.3650815748031495
11
1.4636400000000001
21
3.3677790551181102
0
LINE
8
BLACK
6
CONTINUOUS
10
1.4636400000000001
20
3.3677790551181102
11
1.462442874015748
21
3.368976181102362
0
LINE
8
BLACK
6
CONTINUOUS
10
1.462442874015748
20
3.368976181102362
11
1.4597453937007874
21
3.3703249212598423
0
LINE
8
BLACK
6
CONTINUOUS
10
1.4597453937007874
20
3.3703249212598423
11
1.4517656692913385
21
3.3703249212598423
0
LINE
8
BLACK
6
CONTINUOUS
10
1.4517656692913385
20
3.3703249212598423
11
1.4490681889763779
21
3.368976181102362
0
LINE
8
BLACK
6
CONTINUOUS
10
1.4490681889763779
20
3.368976181102362
11
1.4475322440944882
21
3.3674402362204723
0
LINE
8
BLACK
6
CONTINUOUS
10
1.4475322440944882
20
3.3674402362204723
11
1.4470848031496062
21
3.3670730314960631
0
LINE
8
BLACK
6
CONTINUOUS
10
1.4470848031496062
20
3.3670730314960631
11
1.4460203543307086
21
3.366632125984252
0
LINE
8
BLACK
6
CONTINUOUS
10
1.4460203543307086
20
3.366632125984252
11
1.4448683070866142
21
3.366632125984252
0
LINE
8
BLACK
6
CONTINUOUS
10
1.4448683070866142
20
3.366632125984252
11
1.4438038582677164
21
3.3670730314960631
0
LINE
8
BLACK
6
CONTINUOUS
10
1.4438038582677164
20
3.3670730314960631
11
1.4429892125984252
21
3.3678876771653541
0
LINE
8
BLACK
6
CONTINUOUS
10
1.4429892125984252
20
3.3678876771653541
11
1.4425483070866141
21
3.3689521259842521
0
LINE
8
BLACK
6
CONTINUOUS
10
1.4425483070866141
20
3.3689521259842521
11
1.4425483070866141
21
3.3701041732283463
0
LINE
8
BLACK
6
CONTINUOUS
10
1.4425483070866141
20
3.3701041732283463
11
1.4429892125984252
21
3.3711686220472439
0
LINE
8
BLACK
6
CONTINUOUS
10
1.4429892125984252
20
3.3711686220472439
11
1.4433564173228346
21
3.3716160629921261
0
LINE
8
BLACK
6
CONTINUOUS
10
1.4433564173228346
20
3.3716160629921261
11
1.4452311811023622
21
3.3734908267716537
0
LINE
8
BLACK
6
CONTINUOUS
10
1.4452311811023622
20
3.3734908267716537
11
1.4454575196850394
21
3.3736766141732284
0
LINE
8
BLACK
6
CONTINUOUS
10
1.4454575196850394
20
3.3736766141732284
11
1.4455087007874015
21
3.3737355905511812
0
LINE
8
BLACK
6
CONTINUOUS
10
1.4455087007874015
20
3.3737355905511812
11
1.4455976377952755
21
3.3737915748031497
0
LINE
8
BLACK
6
CONTINUOUS
10
1.4455976377952755
20
3.3737915748031497
11
1.445678622047244
21
3.3738580314960629
0
LINE
8
BLACK
6
CONTINUOUS
10
1.445678622047244
20
3.3738580314960629
11
1.4457505511811024
21
3.3738878740157481
0
LINE
8
BLACK
6
CONTINUOUS
10
1.4457505511811024
20
3.3738878740157481
11
1.4459985826771653
21
3.3740439370078739
0
LINE
8
BLACK
6
CONTINUOUS
10
1.4459985826771653
20
3.3740439370078739
11
1.4497481102362204
21
3.3759187007874014
0
LINE
8
BLACK
6
CONTINUOUS
10
1.4497481102362204
20
3.3759187007874014
11
1.4502887007874015
21
3.3761255905511809
0
LINE
8
BLACK
6
CONTINUOUS
10
1.4502887007874015
20
3.3761255905511809
11
1.4503945669291338
21
3.3761331496062992
0
LINE
8
BLACK
6
CONTINUOUS
10
1.4503945669291338
20
3.3761331496062992
11
1.4504925590551181
21
3.3761737007874015
0
LINE
8
BLACK
6
CONTINUOUS
10
1.4504925590551181
20
3.3761737007874015
11
1.451068622047244
21
3.3762304330708659
0
LINE
8
BLACK
6
CONTINUOUS
10
1.451068622047244
20
3.3762304330708659
11
1.460442440944882
21
3.3762304330708659
0
LINE
8
BLACK
6
CONTINUOUS
10
1.460442440944882
20
3.3762304330708659
11
1.4610185039370078
21
3.3761737007874015
0
LINE
8
BLACK
6
CONTINUOUS
10
1.4610185039370078
20
3.3761737007874015
11
1.4611164960629921
21
3.3761331102362204
0
LINE
8
BLACK
6
CONTINUOUS
10
1.4611164960629921
20
3.3761331102362204
11
1.4612223228346457
21
3.3761255905511809
0
LINE
8
BLACK
6
CONTINUOUS
10
1.4612223228346457
20
3.3761255905511809
11
1.4617629527559055
21
3.3759187007874014
0
LINE
8
BLACK
6
CONTINUOUS
10
1.4617629527559055
20
3.3759187007874014
11
1.4655124803149606
21
3.3740439370078739
0
LINE
8
BLACK
6
CONTINUOUS
10
1.4655124803149606
20
3.3740439370078739
11
1.4657604724409448
21
3.3738878740157481
0
LINE
8
BLACK
6
CONTINUOUS
10
1.4657604724409448
20
3.3738878740157481
11
1.465832440944882
21
3.3738580314960629
0
LINE
8
BLACK
6
CONTINUOUS
10
1.465832440944882
20
3.3738580314960629
11
1.4659133858267717
21
3.3737915748031497
0
LINE
8
BLACK
6
CONTINUOUS
10
1.4659133858267717
20
3.3737915748031497
11
1.4660023622047245
21
3.3737355905511812
0
LINE
8
BLACK
6
CONTINUOUS
10
1.4660023622047245
20
3.3737355905511812
11
1.466053503937008
21
3.3736766141732284
0
LINE
8
BLACK
6
CONTINUOUS
10
1.466053503937008
20
3.3736766141732284
11
1.4662798818897638
21
3.3734908267716537
0
LINE
8
BLACK
6
CONTINUOUS
10
1.4662798818897638
20
3.3734908267716537
11
1.4681546456692913
21
3.3716160629921261
0
LINE
8
BLACK
6
CONTINUOUS
10
1.4681546456692913
20
3.3716160629921261
11
1.4683403937007873
21
3.3713897244094486
0
LINE
8
BLACK
6
CONTINUOUS
10
1.4683403937007873
20
3.3713897244094486
11
1.4683994094488189
21
3.3713385433070866
0
LINE
8
BLACK
6
CONTINUOUS
10
1.4683994094488189
20
3.3713385433070866
11
1.4684553543307086
21
3.3712496062992123
0
LINE
8
BLACK
6
CONTINUOUS
10
1.4684553543307086
20
3.3712496062992123
11
1.4685218503937008
21
3.3711686220472439
0
LINE
8
BLACK
6
CONTINUOUS
10
1.4685218503937008
20
3.3711686220472439
11
1.468551653543307
21
3.3710966929133859
0
LINE
8
BLACK
6
CONTINUOUS
10
1.468551653543307
20
3.3710966929133859
11
1.4687077559055117
21
3.3708486614173228
0
LINE
8
BLACK
6
CONTINUOUS
10
1.4687077559055117
20
3.3708486614173228
11
1.4705825196850393
21
3.3670991338582676
0
LINE
8
BLACK
6
CONTINUOUS
10
1.4705825196850393
20
3.3670991338582676
11
1.470789409448819
21
3.3665585433070864
0
LINE
8
BLACK
6
CONTINUOUS
10
1.470789409448819
20
3.3665585433070864
11
1.4707969291338583
21
3.3664526771653542
0
LINE
8
BLACK
6
CONTINUOUS
10
1.4707969291338583
20
3.3664526771653542
11
1.4708375196850394
21
3.36635468503937
0
LINE
8
BLACK
6
CONTINUOUS
10
1.4708375196850394
20
3.36635468503937
11
1.470894251968504
21
3.3657786220472441
0
LINE
8
BLACK
6
CONTINUOUS
10
1.470894251968504
20
3.3657786220472441
11
1.470894251968504
21
3.3637795275590552
0
LINE
8
BLACK
6
CONTINUOUS
10
1.470894251968504
20
3.3637795275590552
11
1.6511811023622047
21
3.3637795275590552
0
LINE
8
BLACK
6
CONTINUOUS
10
1.6511811023622047
20
3.3637795275590552
11
1.6511811023622047
21
3.7228346456692911
0
LINE
8
BLACK
6
CONTINUOUS
10
1.6511811023622047
20
3.7228346456692911
11
1.2228346456692913
21
3.7228346456692911
0
LINE
8
BLACK
6
CONTINUOUS
10
1.4109017716535432
20
3.3637795275590552
11
1.4274934251968503
21
3.3637795275590552
0
LINE
8
BLACK
6
CONTINUOUS
10
1.4274934251968503
20
3.3637795275590552
11
1.4274934251968503
21
3.3650815748031495
0
LINE
8
BLACK
6
CONTINUOUS
10
1.4274934251968503
20
3.3650815748031495
11
1.42614468503937
21
3.3677790551181102
0
LINE
8
BLACK
6
CONTINUOUS
10
1.42614468503937
20
3.3677790551181102
11
1.4249475590551182
21
3.368976181102362
0
LINE
8
BLACK
6
CONTINUOUS
10
1.4249475590551182
20
3.368976181102362
11
1.4222500787401575
21
3.3703249212598423
0
LINE
8
BLACK
6
CONTINUOUS
10
1.4222500787401575
20
3.3703249212598423
11
1.4109017716535432
21
3.3703249212598423
0
LINE
8
BLACK
6
CONTINUOUS
10
1.4109017716535432
20
3.3703249212598423
11
1.4109017716535432
21
3.3637795275590552
0
LINE
8
BLACK
6
CONTINUOUS
10
1.6559055118110235
20
3.7228346456692911
11
1.6559055118110235
21
3.3637795275590552
0
LINE
8
BLACK
6
CONTINUOUS
10
1.6559055118110235
20
3.3637795275590552
11
1.6952755905511812
21
3.3637795275590552
0
LINE
8
BLACK
6
CONTINUOUS
10
1.6952755905511812
20
3.3637795275590552
11
1.6952755905511812
21
3.7228346456692911
0
LINE
8
BLACK
6
CONTINUOUS
10
1.6952755905511812
20
3.7228346456692911
11
1.6559055118110235
21
3.7228346456692911
0
LINE
8
BLACK
6
CONTINUOUS
10
1.4569765748031496
20
3.7940448818897639
11
1.4572689763779527
21
3.7940448818897639
0
LINE
8
BLACK
6
CONTINUOUS
10
1.4572689763779527
20
3.7940448818897639
11
1.4575362204724409
21
3.7939341732283465
0
LINE
8
BLACK
6
CONTINUOUS
10
1.4575362204724409
20
3.7939341732283465
11
1.4578200393700786
21
3.793878031496063
0
LINE
8
BLACK
6
CONTINUOUS
10
1.4578200393700786
20
3.793878031496063
11
1.4580633070866142
21
3.7937158661417323
0
LINE
8
BLACK
6
CONTINUOUS
10
1.4580633070866142
20
3.7937158661417323
11
1.4583333858267715
21
3.7936039763779528
0
LINE
8
BLACK
6
CONTINUOUS
10
1.4583333858267715
20
3.7936039763779528
11
1.4585378346456692
21
3.7933995275590551
0
LINE
8
BLACK
6
CONTINUOUS
10
1.4585378346456692
20
3.7933995275590551
11
1.4587786614173228
21
3.7932389763779528
0
LINE
8
BLACK
6
CONTINUOUS
10
1.4587786614173228
20
3.7932389763779528
11
1.4589413779527558
21
3.7929959842519683
0
LINE
8
BLACK
6
CONTINUOUS
10
1.4589413779527558
20
3.7929959842519683
11
1.459148031496063
21
3.7927893307086613
0
LINE
8
BLACK
6
CONTINUOUS
10
1.459148031496063
20
3.7927893307086613
11
1.4592587007874016
21
3.7925221259842519
0
LINE
8
BLACK
6
CONTINUOUS
10
1.4592587007874016
20
3.7925221259842519
11
1.4594197244094489
21
3.7922816929133858
0
LINE
8
BLACK
6
CONTINUOUS
10
1.4594197244094489
20
3.7922816929133858
11
1.4594770472440945
21
3.7919950393700788
0
LINE
8
BLACK
6
CONTINUOUS
10
1.4594770472440945
20
3.7919950393700788
11
1.4595889370078741
21
3.7917249212598425
0
LINE
8
BLACK
6
CONTINUOUS
10
1.4595889370078741
20
3.7917249212598425
11
1.4596450393700786
21
3.7911549999999998
0
LINE
8
BLACK
6
CONTINUOUS
10
1.4596450393700786
20
3.7911549999999998
11
1.4596456692913387
21
3.7911519685039368
0
LINE
8
BLACK
6
CONTINUOUS
10
1.4596456692913387
20
3.7911519685039368
11
1.4596454330708661
21
3.7911509448818896
0
LINE
8
BLACK
6
CONTINUOUS
10
1.4596454330708661
20
3.7911509448818896
11
1.4596456692913387
21
3.7911488582677166
0
LINE
8
BLACK
6
CONTINUOUS
10
1.4596456692913387
20
3.7911488582677166
11
1.4596456692913387
21
3.7547315354330708
0
LINE
8
BLACK
6
CONTINUOUS
10
1.4596456692913387
20
3.7547315354330708
11
1.4679414960629922
21
3.7547315354330708
0
LINE
8
BLACK
6
CONTINUOUS
10
1.4679414960629922
20
3.7547315354330708
11
1.468517559055118
21
3.754674803149606
0
LINE
8
BLACK
6
CONTINUOUS
10
1.468517559055118
20
3.754674803149606
11
1.4695819685039371
21
3.7542338976377954
0
LINE
8
BLACK
6
CONTINUOUS
10
1.4695819685039371
20
3.7542338976377954
11
1.4703966141732283
21
3.7534192519685039
0
LINE
8
BLACK
6
CONTINUOUS
10
1.4703966141732283
20
3.7534192519685039
11
1.4708375196850394
21
3.7523548425196851
0
LINE
8
BLACK
6
CONTINUOUS
10
1.4708375196850394
20
3.7523548425196851
11
1.4708375196850394
21
3.7512027165354329
0
LINE
8
BLACK
6
CONTINUOUS
10
1.4708375196850394
20
3.7512027165354329
11
1.4703966141732283
21
3.7501383070866141
0
LINE
8
BLACK
6
CONTINUOUS
10
1.4703966141732283
20
3.7501383070866141
11
1.4695819685039371
21
3.7493236614173227
0
LINE
8
BLACK
6
CONTINUOUS
10
1.4695819685039371
20
3.7493236614173227
11
1.468517559055118
21
3.7488827559055116
0
LINE
8
BLACK
6
CONTINUOUS
10
1.468517559055118
20
3.7488827559055116
11
1.4679414960629922
21
3.7488260236220472
0
LINE
8
BLACK
6
CONTINUOUS
10
1.4679414960629922
20
3.7488260236220472
11
1.4454443307086613
21
3.7488260236220472
0
LINE
8
BLACK
6
CONTINUOUS
10
1.4454443307086613
20
3.7488260236220472
11
1.4448682677165354
21
3.7488827559055116
0
LINE
8
BLACK
6
CONTINUOUS
10
1.4448682677165354
20
3.7488827559055116
11
1.4438038582677164
21
3.7493236614173227
0
LINE
8
BLACK
6
CONTINUOUS
10
1.4438038582677164
20
3.7493236614173227
11
1.4429892125984252
21
3.7501383070866141
0
LINE
8
BLACK
6
CONTINUOUS
10
1.4429892125984252
20
3.7501383070866141
11
1.4425483070866141
21
3.7512027165354329
0
LINE
8
BLACK
6
CONTINUOUS
10
1.4425483070866141
20
3.7512027165354329
11
1.4425483070866141
21
3.7523548425196851
0
LINE
8
BLACK
6
CONTINUOUS
10
1.4425483070866141
20
3.7523548425196851
11
1.4429892125984252
21
3.7534192519685039
0
LINE
8
BLACK
6
CONTINUOUS
10
1.4429892125984252
20
3.7534192519685039
11
1.4438038582677164
21
3.7542338976377954
0
LINE
8
BLACK
6
CONTINUOUS
10
1.4438038582677164
20
3.7542338976377954
11
1.4448682677165354
21
3.754674803149606
0
LINE
8
BLACK
6
CONTINUOUS
10
1.4448682677165354
20
3.754674803149606
11
1.4454443307086613
21
3.7547315354330708
0
LINE
8
BLACK
6
CONTINUOUS
10
1.4454443307086613
20
3.7547315354330708
11
1.4537401574803148
21
3.7547315354330708
0
LINE
8
BLACK
6
CONTINUOUS
10
1.4537401574803148
20
3.7547315354330708
11
1.4537401574803148
21
3.7821455118110237
0
LINE
8
BLACK
6
CONTINUOUS
10
1.4537401574803148
20
3.7821455118110237
11
1.4512817716535433
21
3.7796871259842519
0
LINE
8
BLACK
6
CONTINUOUS
10
1.4512817716535433
20
3.7796871259842519
11
1.4510553937007873
21
3.779501377952756
0
LINE
8
BLACK
6
CONTINUOUS
10
1.4510553937007873
20
3.779501377952756
11
1.4510042519685038
21
3.7794423622047244
0
LINE
8
BLACK
6
CONTINUOUS
10
1.4510042519685038
20
3.7794423622047244
11
1.4509152755905512
21
3.7793864173228346
0
LINE
8
BLACK
6
CONTINUOUS
10
1.4509152755905512
20
3.7793864173228346
11
1.4508343307086613
21
3.7793199212598423
0
LINE
8
BLACK
6
CONTINUOUS
10
1.4508343307086613
20
3.7793199212598423
11
1.4507623622047243
21
3.7792901181102363
0
LINE
8
BLACK
6
CONTINUOUS
10
1.4507623622047243
20
3.7792901181102363
11
1.4505143700787402
21
3.7791340157480313
0
LINE
8
BLACK
6
CONTINUOUS
10
1.4505143700787402
20
3.7791340157480313
11
1.4467648425196851
21
3.7772592519685038
0
LINE
8
BLACK
6
CONTINUOUS
10
1.4467648425196851
20
3.7772592519685038
11
1.4462242125984253
21
3.7770523622047243
0
LINE
8
BLACK
6
CONTINUOUS
10
1.4462242125984253
20
3.7770523622047243
11
1.4450749999999999
21
3.776970708661417
0
LINE
8
BLACK
6
CONTINUOUS
10
1.4450749999999999
20
3.776970708661417
11
1.4439820472440945
21
3.7773350393700786
0
LINE
8
BLACK
6
CONTINUOUS
10
1.4439820472440945
20
3.7773350393700786
11
1.4431116535433071
21
3.7780898818897639
0
LINE
8
BLACK
6
CONTINUOUS
10
1.4431116535433071
20
3.7780898818897639
11
1.4425964173228347
21
3.7791203937007873
0
LINE
8
BLACK
6
CONTINUOUS
10
1.4425964173228347
20
3.7791203937007873
11
1.4425147637795275
21
3.7802696062992127
0
LINE
8
BLACK
6
CONTINUOUS
10
1.4425147637795275
20
3.7802696062992127
11
1.4428790944881889
21
3.7813625590551179
0
LINE
8
BLACK
6
CONTINUOUS
10
1.4428790944881889
20
3.7813625590551179
11
1.4436339370078739
21
3.7822329527559053
0
LINE
8
BLACK
6
CONTINUOUS
10
1.4436339370078739
20
3.7822329527559053
11
1.4441238188976377
21
3.7825412992125984
0
LINE
8
BLACK
6
CONTINUOUS
10
1.4441238188976377
20
3.7825412992125984
11
1.4474447637795276
21
3.7842017716535432
0
LINE
8
BLACK
6
CONTINUOUS
10
1.4474447637795276
20
3.7842017716535432
11
1.4506486614173228
21
3.7874056692913385
0
LINE
8
BLACK
6
CONTINUOUS
10
1.4506486614173228
20
3.7874056692913385
11
1.454236062992126
21
3.7927867716535433
0
LINE
8
BLACK
6
CONTINUOUS
10
1.454236062992126
20
3.7927867716535433
11
1.4542374015748032
21
3.7927884645669292
0
LINE
8
BLACK
6
CONTINUOUS
10
1.4542374015748032
20
3.7927884645669292
11
1.4542377952755905
21
3.7927893307086613
0
LINE
8
BLACK
6
CONTINUOUS
10
1.4542377952755905
20
3.7927893307086613
11
1.4542398031496062
21
3.792791377952756
0
LINE
8
BLACK
6
CONTINUOUS
10
1.4542398031496062
20
3.792791377952756
11
1.4546028346456692
21
3.7932346062992126
0
LINE
8
BLACK
6
CONTINUOUS
10
1.4546028346456692
20
3.7932346062992126
11
1.4548457086614173
21
3.7933972834645671
0
LINE
8
BLACK
6
CONTINUOUS
10
1.4548457086614173
20
3.7933972834645671
11
1.455052440944882
21
3.7936039763779528
0
LINE
8
BLACK
6
CONTINUOUS
10
1.455052440944882
20
3.7936039763779528
11
1.4553197244094487
21
3.7937147244094489
0
LINE
8
BLACK
6
CONTINUOUS
10
1.4553197244094487
20
3.7937147244094489
11
1.4555601181102362
21
3.7938756692913387
0
LINE
8
BLACK
6
CONTINUOUS
10
1.4555601181102362
20
3.7938756692913387
11
1.4558467322834645
21
3.7939330314960631
0
LINE
8
BLACK
6
CONTINUOUS
10
1.4558467322834645
20
3.7939330314960631
11
1.4561168503937008
21
3.7940448818897639
0
LINE
8
BLACK
6
CONTINUOUS
10
1.4561168503937008
20
3.7940448818897639
11
1.4564061417322833
21
3.7940448818897639
0
LINE
8
BLACK
6
CONTINUOUS
10
1.4564061417322833
20
3.7940448818897639
11
1.4566898031496063
21
3.7941016141732282
0
LINE
8
BLACK
6
CONTINUOUS
10
1.4566898031496063
20
3.7941016141732282
11
1.4569765748031496
21
3.7940448818897639
0
LINE
8
BLACK
6
CONTINUOUS
10
1.423523188976378
20
3.7940448818897639
11
1.4236211811023622
21
3.7940042913385827
0
LINE
8
BLACK
6
CONTINUOUS
10
1.4236211811023622
20
3.7940042913385827
11
1.4237270078740156
21
3.7939967716535432
0
LINE
8
BLACK
6
CONTINUOUS
10
1.4237270078740156
20
3.7939967716535432
11
1.4242676377952757
21
3.7937898818897637
0
LINE
8
BLACK
6
CONTINUOUS
10
1.4242676377952757
20
3.7937898818897637
11
1.4280171653543308
21
3.7919151181102362
0
LINE
8
BLACK
6
CONTINUOUS
10
1.4280171653543308
20
3.7919151181102362
11
1.4282651574803149
21
3.79175905511811
0
LINE
8
BLACK
6
CONTINUOUS
10
1.4282651574803149
20
3.79175905511811
11
1.4283371259842519
21
3.7917292125984252
0
LINE
8
BLACK
6
CONTINUOUS
10
1.4283371259842519
20
3.7917292125984252
11
1.4284180708661418
21
3.7916627559055116
0
LINE
8
BLACK
6
CONTINUOUS
10
1.4284180708661418
20
3.7916627559055116
11
1.4285070472440944
21
3.7916067716535431
0
LINE
8
BLACK
6
CONTINUOUS
10
1.4285070472440944
20
3.7916067716535431
11
1.4285581889763779
21
3.7915477952755903
0
LINE
8
BLACK
6
CONTINUOUS
10
1.4285581889763779
20
3.7915477952755903
11
1.4287845669291339
21
3.7913620078740156
0
LINE
8
BLACK
6
CONTINUOUS
10
1.4287845669291339
20
3.7913620078740156
11
1.4306593307086615
21
3.789487244094488
0
LINE
8
BLACK
6
CONTINUOUS
10
1.4306593307086615
20
3.789487244094488
11
1.4308450787401574
21
3.7892609055118109
0
LINE
8
BLACK
6
CONTINUOUS
10
1.4308450787401574
20
3.7892609055118109
11
1.430904094488189
21
3.7892097244094489
0
LINE
8
BLACK
6
CONTINUOUS
10
1.430904094488189
20
3.7892097244094489
11
1.4309600393700788
21
3.7891207874015747
0
LINE
8
BLACK
6
CONTINUOUS
10
1.4309600393700788
20
3.7891207874015747
11
1.4310265354330709
21
3.7890398031496062
0
LINE
8
BLACK
6
CONTINUOUS
10
1.4310265354330709
20
3.7890398031496062
11
1.4310563385826771
21
3.7889678740157477
0
LINE
8
BLACK
6
CONTINUOUS
10
1.4310563385826771
20
3.7889678740157477
11
1.4312124409448819
21
3.7887198425196851
0
LINE
8
BLACK
6
CONTINUOUS
10
1.4312124409448819
20
3.7887198425196851
11
1.4330872047244094
21
3.78497031496063
0
LINE
8
BLACK
6
CONTINUOUS
10
1.4330872047244094
20
3.78497031496063
11
1.4332940944881889
21
3.7844297244094487
0
LINE
8
BLACK
6
CONTINUOUS
10
1.4332940944881889
20
3.7844297244094487
11
1.4333016141732282
21
3.7843238582677166
0
LINE
8
BLACK
6
CONTINUOUS
10
1.4333016141732282
20
3.7843238582677166
11
1.4333422047244093
21
3.7842258661417323
0
LINE
8
BLACK
6
CONTINUOUS
10
1.4333422047244093
20
3.7842258661417323
11
1.4333989370078739
21
3.7836498031496064
0
LINE
8
BLACK
6
CONTINUOUS
10
1.4333989370078739
20
3.7836498031496064
11
1.4333989370078739
21
3.7780255118110238
0
LINE
8
BLACK
6
CONTINUOUS
10
1.4333989370078739
20
3.7780255118110238
11
1.4333422047244093
21
3.7774494488188974
0
LINE
8
BLACK
6
CONTINUOUS
10
1.4333422047244093
20
3.7774494488188974
11
1.4333016141732282
21
3.7773514960629919
0
LINE
8
BLACK
6
CONTINUOUS
10
1.4333016141732282
20
3.7773514960629919
11
1.4332940944881889
21
3.777245590551181
0
LINE
8
BLACK
6
CONTINUOUS
10
1.4332940944881889
20
3.777245590551181
11
1.4330872047244094
21
3.7767049999999998
0
LINE
8
BLACK
6
CONTINUOUS
10
1.4330872047244094
20
3.7767049999999998
11
1.4312124409448819
21
3.7729554724409446
0
LINE
8
BLACK
6
CONTINUOUS
10
1.4312124409448819
20
3.7729554724409446
11
1.4310563385826771
21
3.7727074803149607
0
LINE
8
BLACK
6
CONTINUOUS
10
1.4310563385826771
20
3.7727074803149607
11
1.4310265354330709
21
3.7726355118110235
0
LINE
8
BLACK
6
CONTINUOUS
10
1.4310265354330709
20
3.7726355118110235
11
1.4309600393700788
21
3.7725545669291338
0
LINE
8
BLACK
6
CONTINUOUS
10
1.4309600393700788
20
3.7725545669291338
11
1.430904094488189
21
3.7724655905511808
0
LINE
8
BLACK
6
CONTINUOUS
10
1.430904094488189
20
3.7724655905511808
11
1.4308450787401574
21
3.7724144488188975
0
LINE
8
BLACK
6
CONTINUOUS
10
1.4308450787401574
20
3.7724144488188975
11
1.4306593307086615
21
3.7721880708661417
0
LINE
8
BLACK
6
CONTINUOUS
10
1.4306593307086615
20
3.7721880708661417
11
1.4287845669291339
21
3.7703133070866142
0
LINE
8
BLACK
6
CONTINUOUS
10
1.4287845669291339
20
3.7703133070866142
11
1.4285581889763779
21
3.7701275590551182
0
LINE
8
BLACK
6
CONTINUOUS
10
1.4285581889763779
20
3.7701275590551182
11
1.4285070472440944
21
3.7700685433070866
0
LINE
8
BLACK
6
CONTINUOUS
10
1.4285070472440944
20
3.7700685433070866
11
1.4284180708661418
21
3.7700125984251969
0
LINE
8
BLACK
6
CONTINUOUS
10
1.4284180708661418
20
3.7700125984251969
11
1.4283371259842519
21
3.7699461023622045
0
LINE
8
BLACK
6
CONTINUOUS
10
1.4283371259842519
20
3.7699461023622045
11
1.4282651574803149
21
3.7699162992125985
0
LINE
8
BLACK
6
CONTINUOUS
10
1.4282651574803149
20
3.7699162992125985
11
1.4280171653543308
21
3.7697601968503935
0
LINE
8
BLACK
6
CONTINUOUS
10
1.4280171653543308
20
3.7697601968503935
11
1.4242676377952757
21
3.767885433070866
0
LINE
8
BLACK
6
CONTINUOUS
10
1.4242676377952757
20
3.767885433070866
11
1.4237270078740156
21
3.7676785433070865
0
LINE
8
BLACK
6
CONTINUOUS
10
1.4237270078740156
20
3.7676785433070865
11
1.4236211811023622
21
3.7676710629921257
0
LINE
8
BLACK
6
CONTINUOUS
10
1.4236211811023622
20
3.7676710629921257
11
1.423523188976378
21
3.7676304330708659
0
LINE
8
BLACK
6
CONTINUOUS
10
1.423523188976378
20
3.7676304330708659
11
1.4229910236220471
21
3.767578031496063
0
LINE
8
BLACK
6
CONTINUOUS
10
1.4229910236220471
20
3.767578031496063
11
1.4328651968503936
21
3.7534720472440943
0
LINE
8
BLACK
6
CONTINUOUS
10
1.4328651968503936
20
3.7534720472440943
11
1.4331490551181103
21
3.7529675984251969
0
LINE
8
BLACK
6
CONTINUOUS
10
1.4331490551181103
20
3.7529675984251969
11
1.4333982283464566
21
3.7518427559055119
0
LINE
8
BLACK
6
CONTINUOUS
10
1.4333982283464566
20
3.7518427559055119
11
1.4331980314960631
21
3.750708188976378
0
LINE
8
BLACK
6
CONTINUOUS
10
1.4331980314960631
20
3.750708188976378
11
1.4325788582677166
21
3.7497366141732282
0
LINE
8
BLACK
6
CONTINUOUS
10
1.4325788582677166
20
3.7497366141732282
11
1.431635
21
3.7490759055118108
0
LINE
8
BLACK
6
CONTINUOUS
10
1.431635
20
3.7490759055118108
11
1.430510157480315
21
3.7488266929133855
0
LINE
8
BLACK
6
CONTINUOUS
10
1.430510157480315
20
3.7488266929133855
11
1.4293756299212599
21
3.749026929133858
0
LINE
8
BLACK
6
CONTINUOUS
10
1.4293756299212599
20
3.749026929133858
11
1.4284040157480316
21
3.7496461023622047
0
LINE
8
BLACK
6
CONTINUOUS
10
1.4284040157480316
20
3.7496461023622047
11
1.4280272047244094
21
3.7500854724409449
0
LINE
8
BLACK
6
CONTINUOUS
10
1.4280272047244094
20
3.7500854724409449
11
1.4157854724409449
21
3.7675737007874015
0
LINE
8
BLACK
6
CONTINUOUS
10
1.4157854724409449
20
3.7675737007874015
11
1.4109017716535432
21
3.7675737007874015
0
LINE
8
BLACK
6
CONTINUOUS
10
1.4109017716535432
20
3.7675737007874015
11
1.4109017716535432
21
3.7517787795275588
0
LINE
8
BLACK
6
CONTINUOUS
10
1.4109017716535432
20
3.7517787795275588
11
1.4108450393700787
21
3.7512027165354329
0
LINE
8
BLACK
6
CONTINUOUS
10
1.4108450393700787
20
3.7512027165354329
11
1.4104041338582678
21
3.7501383070866141
0
LINE
8
BLACK
6
CONTINUOUS
10
1.4104041338582678
20
3.7501383070866141
11
1.4095894881889763
21
3.7493236614173227
0
LINE
8
BLACK
6
CONTINUOUS
10
1.4095894881889763
20
3.7493236614173227
11
1.4085250787401575
21
3.7488827559055116
0
LINE
8
BLACK
6
CONTINUOUS
10
1.4085250787401575
20
3.7488827559055116
11
1.4073729527559056
21
3.7488827559055116
0
LINE
8
BLACK
6
CONTINUOUS
10
1.4073729527559056
20
3.7488827559055116
11
1.4063085433070865
21
3.7493236614173227
0
LINE
8
BLACK
6
CONTINUOUS
10
1.4063085433070865
20
3.7493236614173227
11
1.4054938976377953
21
3.7501383070866141
0
LINE
8
BLACK
6
CONTINUOUS
10
1.4054938976377953
20
3.7501383070866141
11
1.4050529921259842
21
3.7512027165354329
0
LINE
8
BLACK
6
CONTINUOUS
10
1.4050529921259842
20
3.7512027165354329
11
1.4049962598425196
21
3.7517787795275588
0
LINE
8
BLACK
6
CONTINUOUS
10
1.4049962598425196
20
3.7517787795275588
11
1.4049962598425196
21
3.7911488582677166
0
LINE
8
BLACK
6
CONTINUOUS
10
1.4049962598425196
20
3.7911488582677166
11
1.4050529921259842
21
3.7917249212598425
0
LINE
8
BLACK
6
CONTINUOUS
10
1.4050529921259842
20
3.7917249212598425
11
1.4054938976377953
21
3.7927893307086613
0
LINE
8
BLACK
6
CONTINUOUS
10
1.4054938976377953
20
3.7927893307086613
11
1.4063085433070865
21
3.7936039763779528
0
LINE
8
BLACK
6
CONTINUOUS
10
1.4063085433070865
20
3.7936039763779528
11
1.4073729527559056
21
3.7940448818897639
0
LINE
8
BLACK
6
CONTINUOUS
10
1.4073729527559056
20
3.7940448818897639
11
1.4079490157480314
21
3.7941016141732282
0
LINE
8
BLACK
6
CONTINUOUS
10
1.4079490157480314
20
3.7941016141732282
11
1.4229471259842519
21
3.7941016141732282
0
LINE
8
BLACK
6
CONTINUOUS
10
1.4229471259842519
20
3.7941016141732282
11
1.423523188976378
21
3.7940448818897639
0
LINE
8
BLACK
6
CONTINUOUS
10
1.4109017716535432
20
3.7734792125984251
11
1.4222500787401575
21
3.7734792125984251
0
LINE
8
BLACK
6
CONTINUOUS
10
1.4222500787401575
20
3.7734792125984251
11
1.4249475590551182
21
3.7748279527559054
0
LINE
8
BLACK
6
CONTINUOUS
10
1.4249475590551182
20
3.7748279527559054
11
1.42614468503937
21
3.7760250787401572
0
LINE
8
BLACK
6
CONTINUOUS
10
1.42614468503937
20
3.7760250787401572
11
1.4274934251968503
21
3.7787225590551179
0
LINE
8
BLACK
6
CONTINUOUS
10
1.4274934251968503
20
3.7787225590551179
11
1.4274934251968503
21
3.7829527559055118
0
LINE
8
BLACK
6
CONTINUOUS
10
1.4274934251968503
20
3.7829527559055118
11
1.42614468503937
21
3.7856502362204725
0
LINE
8
BLACK
6
CONTINUOUS
10
1.42614468503937
20
3.7856502362204725
11
1.4249475590551182
21
3.7868473622047243
0
LINE
8
BLACK
6
CONTINUOUS
10
1.4249475590551182
20
3.7868473622047243
11
1.4222500787401575
21
3.7881961023622046
0
LINE
8
BLACK
6
CONTINUOUS
10
1.4222500787401575
20
3.7881961023622046
11
1.4109017716535432
21
3.7881961023622046
0
LINE
8
BLACK
6
CONTINUOUS
10
1.4109017716535432
20
3.7881961023622046
11
1.4109017716535432
21
3.7734792125984251
0
CIRCLE
8
BLACK
10
0.430240157480315
20
2.8954330708661415
40
0.0068897637795276
0
CIRCLE
8
BLACK
10
0.6270905511811024
20
2.8954330708661415
40
0.0068897637795276
0
CIRCLE
8
BLACK
10
2.7999999999999998
20
3.6000000000000001
40
0.0068897637795276
0
CIRCLE
8
BLACK
10
0.430240157480315
20
2.698582677165354
40
0.0068897637795276
0
CIRCLE
8
BLACK
10
0.6270905511811024
20
2.698582677165354
40
0.0068897637795276
0
CIRCLE
8
BLACK
10
2.7999999999999998
20
0.4
40
0.0068897637795276
0
CIRCLE
8
BLACK
10
2.7794389763779526
20
0.8154330708661417
40
0.0068897637795276
0
CIRCLE
8
BLACK
10
2.5825885826771655
20
0.8154330708661417
40
0.0068897637795276
0
CIRCLE
8
BLACK
10
1.3385826771653544
20
1.8718223622047243
40
0.0068897637795276
0
CIRCLE
8
BLACK
10
1.5354330708661417
20
1.8718223622047243
40
0.0068897637795276
0
CIRCLE
8
BLACK
10
0.430240157480315
20
3.2891338582677165
40
0.0068897637795276
0
CIRCLE
8
BLACK
10
0.6270905511811024
20
3.2891338582677165
40
0.0068897637795276
0
CIRCLE
8
BLACK
10
2.7794389763779526
20
1.0122834645669292
40
0.0068897637795276
0
CIRCLE
8
BLACK
10
2.5825885826771655
20
1.0122834645669292
40
0.0068897637795276
0
CIRCLE
8
BLACK
10
0.430240157480315
20
2.108031496062992
40
0.0068897637795276
0
CIRCLE
8
BLACK
10
0.6270905511811024
20
2.108031496062992
40
0.0068897637795276
0
CIRCLE
8
BLACK
10
0.878267716535433
20
0.6369291338582677
40
0.0068897637795276
0
CIRCLE
8
BLACK
10
0.878267716535433
20
0.5030708661417322
40
0.0068897637795276
0
CIRCLE
8
BLACK
10
1.261732283464567
20
0.6369291338582677
40
0.0068897637795276
0
CIRCLE
8
BLACK
10
1.261732283464567
20
0.5030708661417322
40
0.0068897637795276
0
CIRCLE
8
BLACK
10
0.430240157480315
20
1.1237795275590552
40
0.0068897637795276
0
CIRCLE
8
BLACK
10
0.6270905511811024
20
1.1237795275590552
40
0.0068897637795276
0
CIRCLE
8
BLACK
10
1.3385826771653544
20
3.1254359055118108
40
0.0068897637795276
0
CIRCLE
8
BLACK
10
1.5354330708661417
20
3.1254359055118108
40
0.0068897637795276
0
CIRCLE
8
BLACK
10
2.7825590551181101
20
1.2130708661417322
40
0.0068897637795276
0
CIRCLE
8
BLACK
10
2.5857086614173226
20
1.2130708661417322
40
0.0068897637795276
0
CIRCLE
8
BLACK
10
2.4100000000000001
20
3.3100000000000001
40
0.0068897637795276
0
CIRCLE
8
BLACK
10
2.5099999999999998
20
3.3100000000000001
40
0.0068897637795276
0
CIRCLE
8
BLACK
10
2.4100000000000001
20
3.21
40
0.0068897637795276
0
CIRCLE
8
BLACK
10
2.5099999999999998
20
3.21
40
0.0068897637795276
0
CIRCLE
8
BLACK
10
2.4100000000000001
20
3.1099999999999999
40
0.0068897637795276
0
CIRCLE
8
BLACK
10
2.5099999999999998
20
3.1099999999999999
40
0.0068897637795276
0
CIRCLE
8
BLACK
10
2.4100000000000001
20
3.0099999999999998
40
0.0068897637795276
0
CIRCLE
8
BLACK
10
2.5099999999999998
20
3.0099999999999998
40
0.0068897637795276
0
CIRCLE
8
BLACK
10
2.4100000000000001
20
2.9100000000000001
40
0.0068897637795276
0
CIRCLE
8
BLACK
10
2.5099999999999998
20
2.9100000000000001
40
0.0068897637795276
0
CIRCLE
8
BLACK
10
2.4100000000000001
20
2.8100000000000001
40
0.0068897637795276
0
CIRCLE
8
BLACK
10
2.5099999999999998
20
2.8100000000000001
40
0.0068897637795276
0
CIRCLE
8
BLACK
10
2.4100000000000001
20
2.71
40
0.0068897637795276
0
CIRCLE
8
BLACK
10
2.5099999999999998
20
2.71
40
0.0068897637795276
0
CIRCLE
8
BLACK
10
0.430240157480315
20
2.501732283464567
40
0.0068897637795276
0
CIRCLE
8
BLACK
10
0.6270905511811024
20
2.501732283464567
40
0.0068897637795276
0
CIRCLE
8
BLACK
10
0.430240157480315
20
1.7143307086614172
40
0.0068897637795276
0
CIRCLE
8
BLACK
10
0.6270905511811024
20
1.7143307086614172
40
0.0068897637795276
0
CIRCLE
8
BLACK
10
0.4
20
0.4
40
0.0068897637795276
0
CIRCLE
8
BLACK
10
1.3385826771653544
20
1.4539511811023622
40
0.0068897637795276
0
CIRCLE
8
BLACK
10
1.5354330708661417
20
1.4539511811023622
40
0.0068897637795276
0
CIRCLE
8
BLACK
10
2.7825590551181101
20
1.4099212598425197
40
0.0068897637795276
0
CIRCLE
8
BLACK
10
2.5857086614173226
20
1.4099212598425197
40
0.0068897637795276
0
CIRCLE
8
BLACK
10
1.3385826771653544
20
3.5433070866141732
40
0.0068897637795276
0
CIRCLE
8
BLACK
10
1.5354330708661417
20
3.5433070866141732
40
0.0068897637795276
0
CIRCLE
8
BLACK
10
0.430240157480315
20
1.51748031496063
40
0.0068897637795276
0
CIRCLE
8
BLACK
10
0.6270905511811024
20
1.51748031496063
40
0.0068897637795276
0
CIRCLE
8
BLACK
10
0.4
20
3.6000000000000001
40
0.0068897637795276
0
CIRCLE
8
BLACK
10
0.430240157480315
20
3.092283464566929
40
0.0068897637795276
0
CIRCLE
8
BLACK
10
0.6270905511811024
20
3.092283464566929
40
0.0068897637795276
0
CIRCLE
8
BLACK
10
1.981732283464567
20
0.5030708661417322
40
0.0068897637795276
0
CIRCLE
8
BLACK
10
1.981732283464567
20
0.6369291338582677
40
0.0068897637795276
0
CIRCLE
8
BLACK
10
1.5982677165354331
20
0.5030708661417322
40
0.0068897637795276
0
CIRCLE
8
BLACK
10
1.5982677165354331
20
0.6369291338582677
40
0.0068897637795276
0
CIRCLE
8
BLACK
10
1.3385826771653544
20
2.707564724409449
40
0.0068897637795276
0
CIRCLE
8
BLACK
10
1.5354330708661417
20
2.707564724409449
40
0.0068897637795276
0
CIRCLE
8
BLACK
10
2.7059055118110233
20
2.3153543307086615
40
0.0068897637795276
0
CIRCLE
8
BLACK
10
2.8059055118110234
20
2.3153543307086615
40
0.0068897637795276
0
CIRCLE
8
BLACK
10
2.7059055118110233
20
2.2153543307086614
40
0.0068897637795276
0
CIRCLE
8
BLACK
10
2.8059055118110234
20
2.2153543307086614
40
0.0068897637795276
0
CIRCLE
8
BLACK
10
2.7059055118110233
20
2.1153543307086613
40
0.0068897637795276
0
CIRCLE
8
BLACK
10
2.8059055118110234
20
2.1153543307086613
40
0.0068897637795276
0
CIRCLE
8
BLACK
10
2.7059055118110233
20
2.0153543307086612
40
0.0068897637795276
0
CIRCLE
8
BLACK
10
2.8059055118110234
20
2.0153543307086612
40
0.0068897637795276
0
CIRCLE
8
BLACK
10
1.3385826771653544
20
1.0360799999999999
40
0.0068897637795276
0
CIRCLE
8
BLACK
10
1.5354330708661417
20
1.0360799999999999
40
0.0068897637795276
0
CIRCLE
8
BLACK
10
0.430240157480315
20
2.3048818897637795
40
0.0068897637795276
0
CIRCLE
8
BLACK
10
0.6270905511811024
20
2.3048818897637795
40
0.0068897637795276
0
CIRCLE
8
BLACK
10
2.4696850393700789
20
2.3153543307086615
40
0.0068897637795276
0
CIRCLE
8
BLACK
10
2.5696850393700785
20
2.3153543307086615
40
0.0068897637795276
0
CIRCLE
8
BLACK
10
2.4696850393700789
20
2.2153543307086614
40
0.0068897637795276
0
CIRCLE
8
BLACK
10
2.5696850393700785
20
2.2153543307086614
40
0.0068897637795276
0
CIRCLE
8
BLACK
10
2.4696850393700789
20
2.1153543307086613
40
0.0068897637795276
0
CIRCLE
8
BLACK
10
2.5696850393700785
20
2.1153543307086613
40
0.0068897637795276
0
CIRCLE
8
BLACK
10
2.4696850393700789
20
2.0153543307086612
40
0.0068897637795276
0
CIRCLE
8
BLACK
10
2.5696850393700785
20
2.0153543307086612
40
0.0068897637795276
0
CIRCLE
8
BLACK
10
0.430240157480315
20
1.3206299212598425
40
0.0068897637795276
0
CIRCLE
8
BLACK
10
0.6270905511811024
20
1.3206299212598425
40
0.0068897637795276
0
CIRCLE
8
BLACK
10
1.3385826771653544
20
2.2896935433070866
40
0.0068897637795276
0
CIRCLE
8
BLACK
10
1.5354330708661417
20
2.2896935433070866
40
0.0068897637795276
0
CIRCLE
8
BLACK
10
0.430240157480315
20
1.9111811023622047
40
0.0068897637795276
0
CIRCLE
8
BLACK
10
0.6270905511811024
20
1.9111811023622047
40
0.0068897637795276
0
CIRCLE
8
BLACK
10
2.9100000000000001
20
2.9399999999999999
40
0.0068897637795276
0
CIRCLE
8
BLACK
10
2.8100000000000001
20
2.9399999999999999
40
0.0068897637795276
0
CIRCLE
8
BLACK
10
2.9100000000000001
20
3.04
40
0.0068897637795276
0
CIRCLE
8
BLACK
10
2.8100000000000001
20
3.04
40
0.0068897637795276
0
CIRCLE
8
BLACK
10
2.9100000000000001
20
3.1400000000000001
40
0.0068897637795276
0
CIRCLE
8
BLACK
10
2.8100000000000001
20
3.1400000000000001
40
0.0068897637795276
0
CIRCLE
8
BLACK
10
1.8799999999999999
20
2.1699999999999999
40
0.0068897637795276
0
CIRCLE
8
BLACK
10
2.4149015748031495
20
1.2268503937007873
40
0.0068897637795276
0
CIRCLE
8
BLACK
10
2.3823129921259842
20
0.8396062992125984
40
0.0068897637795276
0
CIRCLE
8
BLACK
10
1.8799999999999999
20
3.0099999999999998
40
0.0068897637795276
0
CIRCLE
8
BLACK
10
1.8799999999999999
20
0.91
40
0.0068897637795276
0
CIRCLE
8
BLACK
10
1.8799999999999999
20
1.3300000000000001
40
0.0068897637795276
0
CIRCLE
8
BLACK
10
1.8799999999999999
20
2.5899999999999999
40
0.0068897637795276
0
CIRCLE
8
BLACK
10
1.8799999999999999
20
1.75
40
0.0068897637795276
0
CIRCLE
8
BLACK
10
1.8799999999999999
20
3.4299999999999997
40
0.0068897637795276
0
CIRCLE
8
BLACK
10
0.430240157480315
20
2.8954330708661415
40
0.0068897637795276
0
CIRCLE
8
BLACK
10
0.6270905511811024
20
2.8954330708661415
40
0.0068897637795276
0
CIRCLE
8
BLACK
10
2.7999999999999998
20
3.6000000000000001
40
0.0068897637795276
0
CIRCLE
8
BLACK
10
0.430240157480315
20
2.698582677165354
40
0.0068897637795276
0
CIRCLE
8
BLACK
10
0.6270905511811024
20
2.698582677165354
40
0.0068897637795276
0
CIRCLE
8
BLACK
10
2.7999999999999998
20
0.4
40
0.0068897637795276
0
CIRCLE
8
BLACK
10
2.7794389763779526
20
0.8154330708661417
40
0.0068897637795276
0
CIRCLE
8
BLACK
10
2.5825885826771655
20
0.8154330708661417
40
0.0068897637795276
0
CIRCLE
8
BLACK
10
1.3385826771653544
20
1.8718223622047243
40
0.0068897637795276
0
CIRCLE
8
BLACK
10
1.5354330708661417
20
1.8718223622047243
40
0.0068897637795276
0
CIRCLE
8
BLACK
10
0.430240157480315
20
3.2891338582677165
40
0.0068897637795276
0
CIRCLE
8
BLACK
10
0.6270905511811024
20
3.2891338582677165
40
0.0068897637795276
0
CIRCLE
8
BLACK
10
2.7794389763779526
20
1.0122834645669292
40
0.0068897637795276
0
CIRCLE
8
BLACK
10
2.5825885826771655
20
1.0122834645669292
40
0.0068897637795276
0
CIRCLE
8
BLACK
10
0.430240157480315
20
2.108031496062992
40
0.0068897637795276
0
CIRCLE
8
BLACK
10
0.6270905511811024
20
2.108031496062992
40
0.0068897637795276
0
CIRCLE
8
BLACK
10
0.878267716535433
20
0.6369291338582677
40
0.0068897637795276
0
CIRCLE
8
BLACK
10
0.878267716535433
20
0.5030708661417322
40
0.0068897637795276
0
CIRCLE
8
BLACK
10
1.261732283464567
20
0.6369291338582677
40
0.0068897637795276
0
CIRCLE
8
BLACK
10
1.261732283464567
20
0.5030708661417322
40
0.0068897637795276
0
CIRCLE
8
BLACK
10
0.430240157480315
20
1.1237795275590552
40
0.0068897637795276
0
CIRCLE
8
BLACK
10
0.6270905511811024
20
1.1237795275590552
40
0.0068897637795276
0
CIRCLE
8
BLACK
10
1.3385826771653544
20
3.1254359055118108
40
0.0068897637795276
0
CIRCLE
8
BLACK
10
1.5354330708661417
20
3.1254359055118108
40
0.0068897637795276
0
CIRCLE
8
BLACK
10
2.7825590551181101
20
1.2130708661417322
40
0.0068897637795276
0
CIRCLE
8
BLACK
10
2.5857086614173226
20
1.2130708661417322
40
0.0068897637795276
0
CIRCLE
8
WHITE
10
2.4100000000000001
20
3.3100000000000001
40
0.0068897637795276
0
CIRCLE
8
WHITE
10
2.5099999999999998
20
3.3100000000000001
40
0.0068897637795276
0
CIRCLE
8
WHITE
10
2.4100000000000001
20
3.21
40
0.0068897637795276
0
CIRCLE
8
WHITE
10
2.5099999999999998
20
3.21
40
0.0068897637795276
0
CIRCLE
8
WHITE
10
2.4100000000000001
20
3.1099999999999999
40
0.0068897637795276
0
CIRCLE
8
WHITE
10
2.5099999999999998
20
3.1099999999999999
40
0.0068897637795276
0
CIRCLE
8
WHITE
10
2.4100000000000001
20
3.0099999999999998
40
0.0068897637795276
0
CIRCLE
8
WHITE
10
2.5099999999999998
20
3.0099999999999998
40
0.0068897637795276
0
CIRCLE
8
WHITE
10
2.4100000000000001
20
2.9100000000000001
40
0.0068897637795276
0
CIRCLE
8
WHITE
10
2.5099999999999998
20
2.9100000000000001
40
0.0068897637795276
0
CIRCLE
8
WHITE
10
2.4100000000000001
20
2.8100000000000001
40
0.0068897637795276
0
CIRCLE
8
WHITE
10
2.5099999999999998
20
2.8100000000000001
40
0.0068897637795276
0
CIRCLE
8
WHITE
10
2.4100000000000001
20
2.71
40
0.0068897637795276
0
CIRCLE
8
WHITE
10
2.5099999999999998
20
2.71
40
0.0068897637795276
0
CIRCLE
8
BLACK
10
0.430240157480315
20
2.501732283464567
40
0.0068897637795276
0
CIRCLE
8
BLACK
10
0.6270905511811024
20
2.501732283464567
40
0.0068897637795276
0
CIRCLE
8
BLACK
10
0.430240157480315
20
1.7143307086614172
40
0.0068897637795276
0
CIRCLE
8
BLACK
10
0.6270905511811024
20
1.7143307086614172
40
0.0068897637795276
0
CIRCLE
8
BLACK
10
0.4
20
0.4
40
0.0068897637795276
0
CIRCLE
8
BLACK
10
1.3385826771653544
20
1.4539511811023622
40
0.0068897637795276
0
CIRCLE
8
BLACK
10
1.5354330708661417
20
1.4539511811023622
40
0.0068897637795276
0
CIRCLE
8
BLACK
10
2.7825590551181101
20
1.4099212598425197
40
0.0068897637795276
0
CIRCLE
8
BLACK
10
2.5857086614173226
20
1.4099212598425197
40
0.0068897637795276
0
CIRCLE
8
BLACK
10
1.3385826771653544
20
3.5433070866141732
40
0.0068897637795276
0
CIRCLE
8
BLACK
10
1.5354330708661417
20
3.5433070866141732
40
0.0068897637795276
0
CIRCLE
8
BLACK
10
0.430240157480315
20
1.51748031496063
40
0.0068897637795276
0
CIRCLE
8
BLACK
10
0.6270905511811024
20
1.51748031496063
40
0.0068897637795276
0
CIRCLE
8
BLACK
10
0.4
20
3.6000000000000001
40
0.0068897637795276
0
CIRCLE
8
BLACK
10
0.430240157480315
20
3.092283464566929
40
0.0068897637795276
0
CIRCLE
8
BLACK
10
0.6270905511811024
20
3.092283464566929
40
0.0068897637795276
0
CIRCLE
8
BLACK
10
1.981732283464567
20
0.5030708661417322
40
0.0068897637795276
0
CIRCLE
8
BLACK
10
1.981732283464567
20
0.6369291338582677
40
0.0068897637795276
0
CIRCLE
8
BLACK
10
1.5982677165354331
20
0.5030708661417322
40
0.0068897637795276
0
CIRCLE
8
BLACK
10
1.5982677165354331
20
0.6369291338582677
40
0.0068897637795276
0
CIRCLE
8
BLACK
10
1.3385826771653544
20
2.707564724409449
40
0.0068897637795276
0
CIRCLE
8
BLACK
10
1.5354330708661417
20
2.707564724409449
40
0.0068897637795276
0
CIRCLE
8
WHITE
10
2.7059055118110233
20
2.3153543307086615
40
0.0068897637795276
0
CIRCLE
8
WHITE
10
2.8059055118110234
20
2.3153543307086615
40
0.0068897637795276
0
CIRCLE
8
WHITE
10
2.7059055118110233
20
2.2153543307086614
40
0.0068897637795276
0
CIRCLE
8
WHITE
10
2.8059055118110234
20
2.2153543307086614
40
0.0068897637795276
0
CIRCLE
8
WHITE
10
2.7059055118110233
20
2.1153543307086613
40
0.0068897637795276
0
CIRCLE
8
WHITE
10
2.8059055118110234
20
2.1153543307086613
40
0.0068897637795276
0
CIRCLE
8
WHITE
10
2.7059055118110233
20
2.0153543307086612
40
0.0068897637795276
0
CIRCLE
8
WHITE
10
2.8059055118110234
20
2.0153543307086612
40
0.0068897637795276
0
CIRCLE
8
BLACK
10
1.3385826771653544
20
1.0360799999999999
40
0.0068897637795276
0
CIRCLE
8
BLACK
10
1.5354330708661417
20
1.0360799999999999
40
0.0068897637795276
0
CIRCLE
8
BLACK
10
0.430240157480315
20
2.3048818897637795
40
0.0068897637795276
0
CIRCLE
8
BLACK
10
0.6270905511811024
20
2.3048818897637795
40
0.0068897637795276
0
CIRCLE
8
WHITE
10
2.4696850393700789
20
2.3153543307086615
40
0.0068897637795276
0
CIRCLE
8
WHITE
10
2.5696850393700785
20
2.3153543307086615
40
0.0068897637795276
0
CIRCLE
8
WHITE
10
2.4696850393700789
20
2.2153543307086614
40
0.0068897637795276
0
CIRCLE
8
WHITE
10
2.5696850393700785
20
2.2153543307086614
40
0.0068897637795276
0
CIRCLE
8
WHITE
10
2.4696850393700789
20
2.1153543307086613
40
0.0068897637795276
0
CIRCLE
8
WHITE
10
2.5696850393700785
20
2.1153543307086613
40
0.0068897637795276
0
CIRCLE
8
WHITE
10
2.4696850393700789
20
2.0153543307086612
40
0.0068897637795276
0
CIRCLE
8
WHITE
10
2.5696850393700785
20
2.0153543307086612
40
0.0068897637795276
0
CIRCLE
8
BLACK
10
0.430240157480315
20
1.3206299212598425
40
0.0068897637795276
0
CIRCLE
8
BLACK
10
0.6270905511811024
20
1.3206299212598425
40
0.0068897637795276
0
CIRCLE
8
BLACK
10
1.3385826771653544
20
2.2896935433070866
40
0.0068897637795276
0
CIRCLE
8
BLACK
10
1.5354330708661417
20
2.2896935433070866
40
0.0068897637795276
0
CIRCLE
8
BLACK
10
0.430240157480315
20
1.9111811023622047
40
0.0068897637795276
0
CIRCLE
8
BLACK
10
0.6270905511811024
20
1.9111811023622047
40
0.0068897637795276
0
CIRCLE
8
BLACK
10
2.9100000000000001
20
2.9399999999999999
40
0.0068897637795276
0
CIRCLE
8
BLACK
10
2.8100000000000001
20
2.9399999999999999
40
0.0068897637795276
0
CIRCLE
8
BLACK
10
2.9100000000000001
20
3.04
40
0.0068897637795276
0
CIRCLE
8
BLACK
10
2.8100000000000001
20
3.04
40
0.0068897637795276
0
CIRCLE
8
BLACK
10
2.9100000000000001
20
3.1400000000000001
40
0.0068897637795276
0
CIRCLE
8
BLACK
10
2.8100000000000001
20
3.1400000000000001
40
0.0068897637795276
0
CIRCLE
8
BLACK
10
1.8799999999999999
20
2.1699999999999999
40
0.0068897637795276
0
CIRCLE
8
BLACK
10
2.4149015748031495
20
1.2268503937007873
40
0.0068897637795276
0
CIRCLE
8
BLACK
10
2.3823129921259842
20
0.8396062992125984
40
0.0068897637795276
0
CIRCLE
8
BLACK
10
1.8799999999999999
20
3.0099999999999998
40
0.0068897637795276
0
CIRCLE
8
BLACK
10
1.8799999999999999
20
0.91
40
0.0068897637795276
0
CIRCLE
8
BLACK
10
1.8799999999999999
20
1.3300000000000001
40
0.0068897637795276
0
CIRCLE
8
BLACK
10
1.8799999999999999
20
2.5899999999999999
40
0.0068897637795276
0
CIRCLE
8
BLACK
10
1.8799999999999999
20
1.75
40
0.0068897637795276
0
CIRCLE
8
BLACK
10
1.8799999999999999
20
3.4299999999999997
40
0.0068897637795276
  0
ENDSEC
  0
EOF
